entity_id,territory_id,cluster,region_code,region_name,municipal_district_type,intracity_moscow_petersburg,oktmo,oktmo8,rosstat_status,rosstat_name,population_2024_rosstat,urban_population_2024_rosstat,urban_share_2024,bdpmo_population_status,bdpmo_population_name,population_2023_bdpmo,above_working_age_share_2023,population,population_source,wage_status,wage_2023,headcount_status,headcount_2023,jobs_per_1000,share_agriculture,share_mining,share_manufacturing,share_trade,share_hospitality,share_public_services
tid_1,1,2,1,Республика Адыгея,городской округ,False,79-701-000-000,79701000,matched,Городской округ - Город Майкоп,161898,137965,0.852172,matched,Город Майкоп,163766,0.2541,161898,rosstat_2024,matched,48392.4,matched,35318,215.66137,0.004559,,0.08868,0.060621,0.006569,0.565661
tid_10,10,2,4,Республика Алтай,городской округ,False,84-701-000-000,84701000,matched,Городской округ - г Горно-Алтайск,64508,64508,1,matched,Город Горно-Алтайск,64957,0.169451,64508,rosstat_2024,matched,61211.1,matched,16212,249.580492,0.00697,,0.003701,0.058352,0.007464,0.670799
tid_1001,1001,0,33,Владимирская область,муниципальный район,False,17-646-000-000,17646000,matched,Петушинский муниципальный район,58074,46370,0.798464,matched,Петушинский муниципальный район,58851,0.279859,58074,rosstat_2024,matched,68462.1,matched,11920,202.545411,,,0.416023,0.061074,0.011409,0.316107
tid_1002,1002,1,33,Владимирская область,муниципальный район,False,17-648-000-000,17648000,matched,Селивановский муниципальный район,16758,7764,0.463301,matched,Селивановский муниципальный район,16791,0.299923,16758,rosstat_2024,matched,43500.1,matched,2099,125.007444,,,,0.054788,,0.545498
tid_1003,1003,1,33,Владимирская область,муниципальный район,False,17-650-000-000,17650000,matched,Собинский муниципальный район,48500,35511,0.732186,matched,Собинский муниципальный район,49313,0.289173,48500,rosstat_2024,matched,59855.3,matched,11826,239.815059,0.074412,,0.358194,0.042618,0.004397,0.265348
tid_1004,1004,1,33,Владимирская область,муниципальный район,False,17-652-000-000,17652000,matched,Судогодский муниципальный район,34005,10020,0.294663,matched,Судогодский муниципальный район,34595,0.278682,34005,rosstat_2024,matched,45776.5,matched,5703,164.850412,0.021918,,0.277398,0.057163,0.034017,0.371734
tid_1005,1005,1,33,Владимирская область,муниципальный район,False,17-654-000-000,17654000,matched,Суздальский муниципальный район,46532,8932,0.191954,matched,Суздальский муниципальный район,46468,0.284368,46532,rosstat_2024,matched,51039.7,matched,6173,132.844108,0.054755,,0.140774,0.082456,0.031751,0.455208
tid_1006,1006,1,33,Владимирская область,муниципальный район,False,17-656-000-000,17656000,matched,Юрьев-Польский муниципальный район,30784,16624,0.540021,matched,Юрьев-Польский муниципальный район,31345,0.289903,30784,rosstat_2024,matched,49084.8,matched,5114,163.152018,0.148025,,0.296441,0.048299,0.002151,
tid_1007,1007,2,34,Волгоградская область,городской округ,False,18-701-000-000,18701000,matched,Городской округ город-герой Волгоград,1018898,1018898,1,matched,Город-герой Волгоград,1025662,0.254434,1018898,rosstat_2024,matched,59328.7,matched,225688,220.0413,0.006132,0.002778,0.157616,0.119076,0.009739,0.382019
tid_1008,1008,0,34,Волгоградская область,городской округ,False,18-710-000-000,18710000,matched,Городской округ город Волжский,315220,315220,1,matched,Город Волжский,316544,0.254072,315220,rosstat_2024,matched,57695.2,matched,56328,177.946826,0.016759,0.006178,0.454694,0.083919,0.001935,0.26912
tid_1009,1009,0,34,Волгоградская область,городской округ,False,18-715-000-000,18715000,matched,Городской округ город Камышин,105187,105187,1,matched,Город Камышин,105471,0.254696,105187,rosstat_2024,matched,42500.5,matched,17922,169.923486,0.008872,,0.305825,0.059536,0.011271,0.381821
tid_1010,1010,0,34,Волгоградская область,городской округ,False,18-720-000-000,18720000,matched,Городской округ город Михайловка,82402,59590,0.723162,matched,Город Михайловка,82970,0.262034,82402,rosstat_2024,matched,44342.3,matched,12121,146.088948,0.037951,,0.16789,0.079861,0.00297,0.422242
tid_1011,1011,0,34,Волгоградская область,городской округ,False,18-725-000-000,18725000,matched,Городской округ город Урюпинск,35085,35085,1,matched,Город Урюпинск,35449,0.277525,35085,rosstat_2024,matched,40781.2,matched,6992,197.241107,0.011585,,0.109411,0.070509,0.002574,0.472397
tid_1012,1012,1,34,Волгоградская область,городской округ,False,18-728-000-000,18728000,matched,Городской округ город Фролово,34173,34173,1,matched,Город Фролово,34494,0.272453,34173,rosstat_2024,matched,43909.9,matched,5595,162.202122,,0.073458,0.077569,0.064343,,0.400357
tid_1013,1013,1,34,Волгоградская область,муниципальный район,False,18-602-000-000,18602000,matched,Алексеевский муниципальный район,14771,0,0,matched,Алексеевский муниципальный район,14873,0.28508,14771,rosstat_2024,matched,47446.1,matched,2859,192.227526,0.180832,,,0.044071,,0.447709
tid_1014,1014,1,34,Волгоградская область,муниципальный район,False,18-604-000-000,18604000,matched,Быковский муниципальный район,24854,7230,0.290899,matched,Быковский муниципальный район,24781,0.241758,24854,rosstat_2024,matched,40147,matched,2212,89.261935,0.09358,0.05651,,0.051989,,0.627486
tid_1015,1015,1,34,Волгоградская область,муниципальный район,False,18-605-000-000,18605000,matched,Городищенский муниципальный район,59927,35246,0.588149,matched,Городищенский муниципальный район,59337,0.2323,59927,rosstat_2024,matched,53591.1,matched,10052,169.405261,0.067449,,0.183347,0.186431,,0.266017
tid_1016,1016,1,34,Волгоградская область,муниципальный район,False,18-606-000-000,18606000,matched,Даниловский муниципальный район,12175,3977,0.326653,matched,Даниловский муниципальный район,12515,0.320895,12175,rosstat_2024,matched,38757.1,matched,1643,131.282461,,,,0.03591,,0.571516
tid_1017,1017,1,34,Волгоградская область,муниципальный район,False,18-608-000-000,18608000,matched,Дубовский муниципальный район,28637,14490,0.505989,matched,Дубовский муниципальный район,28817,0.263143,28637,rosstat_2024,matched,56717.5,matched,2942,102.092515,,,,0.061863,,0.486404
tid_1018,1018,0,34,Волгоградская область,муниципальный район,False,18-610-000-000,18610000,matched,Еланский муниципальный район,27976,13675,0.488812,matched,Еланский муниципальный район,28360,0.27969,27976,rosstat_2024,matched,44298.1,matched,4125,145.45134,0.125576,,0.233939,0.043879,,0.442909
tid_1019,1019,1,34,Волгоградская область,муниципальный район,False,18-612-000-000,18612000,matched,Жирновский муниципальный район,35986,27061,0.751987,matched,Жирновский муниципальный район,36278,0.27926,35986,rosstat_2024,matched,47690.6,matched,5724,157.781576,0.027952,0.067785,0.036688,0.043676,0.004892,0.414046
tid_1020,1020,0,34,Волгоградская область,муниципальный район,False,18-614-000-000,18614000,matched,Иловлинский муниципальный район,30650,10091,0.329233,matched,Иловлинский муниципальный район,31190,0.263546,30650,rosstat_2024,matched,46818.3,matched,3471,111.285668,0.168539,,0.143475,0.048113,,0.433016
tid_1021,1021,0,34,Волгоградская область,муниципальный район,False,18-616-000-000,18616000,matched,Калачевский муниципальный район,50507,23578,0.466826,matched,Калачевский муниципальный район,51061,0.276904,50507,rosstat_2024,matched,42881.6,matched,6936,135.837528,0.099048,,0.006055,0.055363,,0.481257
tid_1023,1023,1,34,Волгоградская область,муниципальный район,False,18-620-000-000,18620000,matched,Киквидзенский муниципальный район,14536,0,0,matched,Киквидзенский муниципальный район,14639,0.289296,14536,rosstat_2024,matched,38124.7,matched,1460,99.733588,,,,0.050685,,0.669863
tid_1024,1024,1,34,Волгоградская область,муниципальный район,False,18-622-000-000,18622000,matched,Клетский муниципальный район,15893,0,0,matched,Клетский муниципальный район,16093,0.269869,15893,rosstat_2024,matched,45363.7,matched,2391,148.573914,0.335843,,0.025931,0.024676,0.002928,0.488499
tid_1025,1025,1,34,Волгоградская область,муниципальный район,False,18-624-000-000,18624000,matched,Котельниковский муниципальный район,36842,21950,0.595787,matched,Котельниковский муниципальный район,36949,0.213456,36842,rosstat_2024,matched,69754.6,matched,7216,195.296219,0.004989,,0.324695,0.0352,,0.305848
tid_1026,1026,1,34,Волгоградская область,муниципальный район,False,18-626-000-000,18626000,matched,Котовский муниципальный район,28608,20116,0.70316,matched,Котовский муниципальный район,29296,0.272768,28608,rosstat_2024,matched,47446.2,matched,4981,170.023211,0.015459,0.083919,0.095764,0.047581,,0.47621
tid_1027,1027,1,34,Волгоградская область,муниципальный район,False,18-646-000-000,18646000,matched,Кумылженский муниципальный район,17511,0,0,matched,Кумылженский муниципальный район,17758,0.297274,17511,rosstat_2024,matched,38756.9,matched,1599,90.043924,,,,0.043777,,0.683552
tid_1028,1028,1,34,Волгоградская область,муниципальный район,False,18-630-000-000,18630000,matched,Ленинский муниципальный район,27111,12860,0.474346,matched,Ленинский муниципальный район,27375,0.242703,27111,rosstat_2024,matched,35943.1,matched,3115,113.789954,0.032103,,0.123917,0.04366,,0.707544
tid_1029,1029,1,34,Волгоградская область,муниципальный район,False,18-634-000-000,18634000,matched,Нехаевский муниципальный район,12813,0,0,matched,Нехаевский муниципальный район,13014,0.323805,12813,rosstat_2024,matched,39969.5,matched,1190,91.439988,0.105042,,,0.036975,,0.721849
tid_1030,1030,1,34,Волгоградская область,муниципальный район,False,18-636-000-000,18636000,matched,Николаевский муниципальный район,28193,13183,0.467598,matched,Николаевский муниципальный район,28467,0.234974,28193,rosstat_2024,matched,40479.4,matched,3727,130.923525,0.23853,,0.012074,0.037295,,0.469815
tid_1031,1031,0,34,Волгоградская область,муниципальный район,False,18-638-000-000,18638000,matched,Новоаннинский муниципальный район,31431,14759,0.469568,matched,Новоаннинский муниципальный район,31911,0.250697,31431,rosstat_2024,matched,42393.3,matched,4346,136.191282,0.112057,,0.062816,0.062126,0.012425,0.468707
tid_1032,1032,1,34,Волгоградская область,муниципальный район,False,18-640-000-000,18640000,matched,Новониколаевский муниципальный район,19463,8860,0.455223,matched,Новониколаевский муниципальный район,19675,0.258247,19463,rosstat_2024,matched,43787.3,matched,2503,127.217281,0.161406,,,0.05034,0.013584,0.487815
tid_1033,1033,1,34,Волгоградская область,муниципальный район,False,18-642-000-000,18642000,matched,Октябрьский муниципальный район,20005,6037,0.301775,matched,Октябрьский муниципальный район,20105,0.261975,20005,rosstat_2024,matched,44882.8,matched,1917,95.349416,,,,0.052686,,0.638498
tid_1034,1034,1,34,Волгоградская область,муниципальный район,False,18-643-000-000,18643000,matched,Ольховский муниципальный район,15780,0,0,matched,Ольховский муниципальный район,15994,0.275416,15780,rosstat_2024,matched,53710,matched,2018,126.172315,,0.00892,,0.063925,,0.49554
tid_1035,1035,1,34,Волгоградская область,муниципальный район,False,18-645-000-000,18645000,matched,Палласовский муниципальный район,37911,14558,0.384005,matched,Палласовский муниципальный район,38309,0.212457,37911,rosstat_2024,matched,38905.2,matched,3982,103.944243,0.12004,,,0.044199,,0.568559
tid_1036,1036,1,34,Волгоградская область,муниципальный район,False,18-647-000-000,18647000,matched,Руднянский муниципальный район,14070,5802,0.412367,matched,Руднянский муниципальный район,14298,0.353406,14070,rosstat_2024,matched,38424.7,matched,1813,126.800951,0.132377,,,0.041919,,0.485383
tid_1037,1037,1,34,Волгоградская область,муниципальный район,False,18-649-000-000,18649000,matched,Светлоярский муниципальный район,33189,10790,0.325108,matched,Светлоярский муниципальный район,33712,0.242733,33189,rosstat_2024,matched,50467.1,matched,3523,104.502848,0.076923,,0.183366,0.061028,,0.457565
tid_1038,1038,1,34,Волгоградская область,муниципальный район,False,18-650-000-000,18650000,matched,Серафимовичский муниципальный район,21811,8488,0.389161,matched,Серафимовичский муниципальный район,22132,0.295048,21811,rosstat_2024,matched,39081.3,matched,2056,92.897162,,,,0.044261,,0.677529
tid_1039,1039,0,34,Волгоградская область,муниципальный район,False,18-651-000-000,18651000,matched,Среднеахтубинский муниципальный район,61526,30712,0.499171,matched,Среднеахтубинский муниципальный район,61206,0.267,61526,rosstat_2024,matched,55501.8,matched,6234,101.85276,0.107636,,0.301893,0.066089,,0.373436
tid_1040,1040,0,34,Волгоградская область,муниципальный район,False,18-652-000-000,18652000,matched,Старополтавский муниципальный район,16630,0,0,matched,Старополтавский муниципальный район,16794,0.250327,16630,rosstat_2024,matched,39385.9,matched,1775,105.692509,0.120563,,,0.03662,,0.698592
tid_1041,1041,1,34,Волгоградская область,муниципальный район,False,18-653-000-000,18653000,matched,Суровикинский муниципальный район,33010,18824,0.570251,matched,Суровикинский муниципальный район,32730,0.251176,33010,rosstat_2024,matched,36634.3,matched,4804,146.776658,0.048293,,0.067652,0.050999,,0.527061
tid_1044,1044,1,34,Волгоградская область,муниципальный район,False,18-658-000-000,18658000,matched,Чернышковский муниципальный район,12986,3389,0.260973,matched,Чернышковский муниципальный район,13146,0.26761,12986,rosstat_2024,matched,40694,matched,1619,123.155332,0.158122,,,0.052502,,0.536133
tid_1047,1047,1,35,Вологодская область,муниципальный округ,False,19-505-000-000,19505000,matched,Бабаевский муниципальный округ,18827,11719,0.622457,no_code_match,,,,18827,rosstat_2024,matched,60549.3,matched,4689,249.057205,0.065046,,0.013222,0.03071,,0.324163
tid_1048,1048,0,35,Вологодская область,муниципальный округ,False,19-508-000-000,19508000,matched,Бабушкинский муниципальный округ,9515,0,0,no_code_match,,,,9515,rosstat_2024,matched,46377.2,matched,1174,123.38413,,,,0.03833,,0.611584
tid_1049,1049,0,35,Вологодская область,муниципальный округ,False,19-510-000-000,19510000,matched,Белозерский муниципальный округ,13265,8062,0.607765,no_code_match,,,,13265,rosstat_2024,matched,49311.6,matched,2894,218.168112,0.143746,,0.155149,0.035936,,0.47754
tid_1051,1051,0,35,Вологодская область,муниципальный округ,False,19-514-000-000,19514000,matched,Великоустюгский муниципальный округ,49167,34055,0.692639,no_code_match,,,,49167,rosstat_2024,matched,47792.4,matched,9893,201.212195,0.064894,,0.136864,0.040837,,0.515718
tid_1052,1052,1,35,Вологодская область,муниципальный округ,False,19-516-000-000,19516000,matched,Верховажский муниципальный округ,12428,0,0,no_code_match,,,,12428,rosstat_2024,matched,46414.8,matched,1850,148.857419,0.101081,,,0.064865,,0.523243
tid_1053,1053,1,35,Вологодская область,муниципальный округ,False,19-518-000-000,19518000,matched,Вожегодский муниципальный округ,13654,5990,0.438699,no_code_match,,,,13654,rosstat_2024,matched,51194.7,matched,1634,119.671891,,,,0.034884,,0.471236
tid_1054,1054,0,35,Вологодская область,муниципальный округ,False,19-520-000-000,19520000,matched,Вологодский муниципальный округ,52112,0,0,no_code_match,,,,52112,rosstat_2024,matched,52374.6,matched,7633,146.472981,0.375082,,0.028167,0.026595,0.001179,0.355168
tid_1055,1055,1,35,Вологодская область,муниципальный район,False,19-622-000-000,19622000,matched,Вытегорский муниципальный район,21919,10195,0.465122,matched,Вытегорский муниципальный район,22200,0.274189,21919,rosstat_2024,matched,57707.6,matched,5011,225.720721,0.29555,,,0.036719,,0.310716
tid_1056,1056,1,35,Вологодская область,муниципальный округ,False,19-524-000-000,19524000,matched,Грязовецкий муниципальный округ,31660,19587,0.618667,no_code_match,,,,31660,rosstat_2024,matched,60791.6,matched,7597,239.95578,0.151376,,0.128735,0.021851,0.00158,0.259181
tid_1057,1057,1,35,Вологодская область,муниципальный округ,False,19-526-000-000,19526000,matched,Кадуйский муниципальный округ,16433,13429,0.817197,no_code_match,,,,16433,rosstat_2024,matched,64212.2,matched,2885,175.56137,0.04714,,0.086308,0.041594,0.041248,0.367071
tid_1058,1058,1,35,Вологодская область,муниципальный район,False,19-628-000-000,19628000,no_code_match,,,,,matched,Кирилловский муниципальный район,14088,0.318498,14088,bdpmo_2023,matched,47364.2,matched,2717,192.859171,0.11336,,,0.082076,0.012882,0.496503
tid_1059,1059,0,35,Вологодская область,муниципальный округ,False,19-530-000-000,19530000,matched,Кичменгско-Городецкий муниципальный округ,14278,0,0,no_code_match,,,,14278,rosstat_2024,matched,41364.8,matched,1685,118.013727,,,,0.058754,,0.576855
tid_1060,1060,1,35,Вологодская область,муниципальный округ,False,19-532-000-000,19532000,matched,Междуреченский муниципальный округ,4834,0,0,no_code_match,,,,4834,rosstat_2024,matched,43424.2,matched,812,167.976831,0.197044,,,,,0.513547
tid_1061,1061,0,35,Вологодская область,муниципальный район,False,19-634-000-000,19634000,no_code_match,,,,,matched,Никольский муниципальный район,18845,0.242186,18845,bdpmo_2023,matched,41036.5,matched,2673,141.841337,0.133184,,,0.06734,,0.529368
tid_1062,1062,1,35,Вологодская область,муниципальный округ,False,19-536-000-000,19536000,matched,Нюксенский муниципальный округ,8427,0,0,no_code_match,,,,8427,rosstat_2024,matched,65125.5,matched,1792,212.649816,,,,0.029576,,0.37221
tid_1063,1063,1,35,Вологодская область,муниципальный округ,False,19-538-000-000,19538000,matched,Сокольский муниципальный округ,44621,37919,0.849802,no_code_match,,,,44621,rosstat_2024,matched,51232.8,matched,9979,223.639094,0.016234,,0.34783,0.043291,,0.406153
tid_1064,1064,1,35,Вологодская область,муниципальный округ,False,19-540-000-000,19540000,matched,Сямженский муниципальный округ,8005,0,0,no_code_match,,,,8005,rosstat_2024,matched,51772.7,matched,1257,157.026858,0.177407,,,0.046937,,0.4821
tid_1065,1065,1,35,Вологодская область,муниципальный округ,False,19-542-000-000,19542000,matched,Тарногский муниципальный округ,10381,0,0,no_code_match,,,,10381,rosstat_2024,matched,46248.5,matched,1399,134.765437,0.055754,,,0.06862,,0.654753
tid_1066,1066,1,35,Вологодская область,муниципальный округ,False,19-546-000-000,19546000,matched,Тотемский муниципальный округ,21923,8637,0.39397,no_code_match,,,,21923,rosstat_2024,matched,53940.3,matched,4312,196.688409,0.143089,,0.046846,0.035019,0.021336,0.398423
tid_1067,1067,1,35,Вологодская область,муниципальный округ,False,19-548-000-000,19548000,matched,Усть-Кубинский муниципальный округ,7282,0,0,no_code_match,,,,7282,rosstat_2024,matched,47032.4,matched,838,115.078275,0.053699,,,0.038186,,0.581146
tid_1068,1068,1,35,Вологодская область,муниципальный округ,False,19-550-000-000,19550000,matched,Устюженский муниципальный округ,15130,7552,0.499141,no_code_match,,,,15130,rosstat_2024,matched,44615.7,matched,1942,128.354263,0.050463,,,0.046344,,0.639547
tid_1069,1069,1,35,Вологодская область,муниципальный округ,False,19-552-000-000,19552000,matched,Харовский муниципальный округ,12814,8305,0.648119,no_code_match,,,,12814,rosstat_2024,matched,47231.8,matched,2168,169.189948,,,,0.035978,,0.467712
tid_1070,1070,1,35,Вологодская область,муниципальный округ,False,19-554-000-000,19554000,matched,Чагодощенский муниципальный округ,10919,8159,0.74723,no_code_match,,,,10919,rosstat_2024,matched,54119.5,matched,2029,185.822878,,,0.368162,0.039428,,0.357319
tid_1071,1071,0,35,Вологодская область,муниципальный район,False,19-656-000-000,19656000,matched,Череповецкий муниципальный район,39202,0,0,matched,Череповецкий муниципальный район,39222,0.309979,39202,rosstat_2024,matched,64616.8,matched,3796,96.782418,0.131454,,0.081401,0.048736,,
tid_1072,1072,1,35,Вологодская область,муниципальный район,False,19-658-000-000,19658000,matched,Шекснинский муниципальный район,28758,15938,0.554211,matched,Шекснинский муниципальный район,29037,0.252505,28758,rosstat_2024,matched,53402.6,matched,7648,263.388091,0.088128,,0.264514,0.024712,0.010853,0.330282
tid_11,11,2,4,Республика Алтай,муниципальный район,False,84-610-000-000,84610000,matched,Кош-Агачский муниципальный район,18620,0,0,matched,Кош-Агачский муниципальный район,18512,0.11317,18620,rosstat_2024,matched,56419.6,matched,2501,135.101556,,,,0.016393,,0.791283
tid_1107,1107,0,37,Ивановская область,городской округ,False,24-701-000-000,24701000,matched,Городской округ Иваново,358437,358437,1,matched,Иваново,360687,0.262161,358437,rosstat_2024,matched,51303.2,matched,77299,214.310469,0.003687,,0.176238,0.095616,0.011967,0.472335
tid_1108,1108,1,37,Ивановская область,городской округ,False,24-703-000-000,24703000,matched,Городской округ Вичуга,29623,29623,1,matched,Вичуга,30010,0.300566,29623,rosstat_2024,matched,32515.6,matched,4210,140.286571,,,,0.060333,,0.567221
tid_1109,1109,0,37,Ивановская область,городской округ,False,24-705-000-000,24705000,matched,Городской округ Кинешма,74804,74804,1,matched,Кинешма,75823,0.290519,74804,rosstat_2024,matched,38188.8,matched,11023,145.378052,,,0.200943,0.061417,0.006804,0.509662
tid_1110,1110,0,37,Ивановская область,городской округ,False,24-706-000-000,24706000,matched,Городской округ Кохма,30181,30181,1,matched,Кохма,30592,0.226922,30181,rosstat_2024,matched,40774.4,matched,2706,88.454498,,,0.309682,0.096452,,0.490022
tid_1111,1111,1,37,Ивановская область,городской округ,False,24-707-000-000,24707000,matched,Городской округ Тейково,30506,30506,1,matched,Тейково,30763,0.240874,30506,rosstat_2024,matched,37174.5,matched,5220,169.684361,,,0.164751,0.049617,,0.520307
tid_1112,1112,0,37,Ивановская область,городской округ,False,24-711-000-000,24711000,matched,Городской округ Шуя,53312,53312,1,matched,Шуя,53910,0.282879,53312,rosstat_2024,matched,44356.1,matched,8792,163.086626,,,0.269336,0.058803,0.003412,0.510009
tid_1113,1113,1,37,Ивановская область,муниципальный район,False,24-601-000-000,24601000,matched,Вичугский муниципальный район,15732,10195,0.648042,matched,Вичугский муниципальный район,15953,0.29775,15732,rosstat_2024,matched,31533.5,matched,1289,80.79985,,,,0.049651,,
tid_1115,1115,1,37,Ивановская область,муниципальный район,False,24-603-000-000,24603000,matched,Гаврилово-Посадский муниципальный район,11865,6947,0.585504,matched,Гаврилово-Посадский муниципальный район,12202,0.33601,11865,rosstat_2024,matched,39552.9,matched,1732,141.943944,0.256351,,,0.034642,,0.430716
tid_1116,1116,1,37,Ивановская область,муниципальный район,False,24-605-000-000,24605000,matched,Заволжский муниципальный район,12153,8376,0.689213,matched,Заволжский муниципальный район,12422,0.351876,12153,rosstat_2024,matched,34564.8,matched,1304,104.975044,,,,0.049847,,0.670245
tid_1117,1117,0,37,Ивановская область,муниципальный район,False,24-607-000-000,24607000,matched,Ивановский муниципальный район,40478,0,0,matched,Ивановский муниципальный район,40427,0.267964,40478,rosstat_2024,matched,52033.2,matched,7718,190.912014,0.015159,,0.27559,0.127624,0.003369,0.269241
tid_1118,1118,1,37,Ивановская область,муниципальный район,False,24-609-000-000,24609000,matched,Ильинский муниципальный район,7336,3262,0.444656,matched,Ильинский муниципальный район,7306,0.351081,7336,rosstat_2024,matched,35612.4,matched,844,115.521489,,,,0.030806,,0.476303
tid_1119,1119,1,37,Ивановская область,муниципальный район,False,24-611-000-000,24611000,matched,Кинешемский муниципальный район,17408,7780,0.446921,matched,Кинешемский муниципальный район,17748,0.313444,17408,rosstat_2024,matched,39095.1,matched,3871,218.109083,,,0.354947,0.0155,,0.472229
tid_1120,1120,1,37,Ивановская область,муниципальный район,False,24-613-000-000,24613000,matched,Комсомольский муниципальный район,19537,8411,0.430516,matched,Комсомольский муниципальный район,19486,0.315611,19537,rosstat_2024,matched,46664.6,matched,1538,78.928461,,,,0.055267,,0.574122
tid_1121,1121,1,37,Ивановская область,муниципальный район,False,24-614-000-000,24614000,matched,Лежневский муниципальный район,14905,7034,0.471922,matched,Лежневский муниципальный район,15124,0.31374,14905,rosstat_2024,matched,47128,matched,2834,187.38429,,,0.082569,0.032463,0.006351,0.303811
tid_1122,1122,1,37,Ивановская область,муниципальный район,False,24-615-000-000,24615000,matched,Лухский муниципальный район,7399,2479,0.335045,matched,Лухский муниципальный район,7523,0.368869,7399,rosstat_2024,matched,35729.8,matched,498,66.196996,,,,0.036145,,0.696787
tid_1123,1123,1,37,Ивановская область,муниципальный район,False,24-617-000-000,24617000,matched,Палехский муниципальный район,8518,4450,0.522423,matched,Палехский муниципальный район,8663,0.343876,8518,rosstat_2024,matched,38909.2,matched,1184,136.673208,,,,0.035473,,0.478885
tid_1124,1124,1,37,Ивановская область,муниципальный район,False,24-619-000-000,24619000,matched,Пестяковский муниципальный район,4744,2952,0.62226,matched,Пестяковский муниципальный район,4854,0.381747,4744,rosstat_2024,matched,36857.2,matched,596,122.785332,,,,0.052013,,0.627517
tid_1125,1125,1,37,Ивановская область,муниципальный район,False,24-620-000-000,24620000,matched,Приволжский муниципальный район,21589,15873,0.735236,matched,Приволжский муниципальный район,21783,0.283432,21589,rosstat_2024,matched,42798.7,matched,3124,143.414589,,,,0.038412,0.010883,0.555698
tid_1126,1126,1,37,Ивановская область,муниципальный район,False,24-621-000-000,24621000,matched,Пучежский муниципальный район,10538,6583,0.624692,matched,Пучежский муниципальный район,10712,0.378734,10538,rosstat_2024,matched,35715.8,matched,1787,166.822255,0.087857,,,0.035255,,0.576945
tid_1127,1127,1,37,Ивановская область,муниципальный район,False,24-623-000-000,24623000,matched,Родниковский муниципальный район,29807,23603,0.791861,matched,Родниковский муниципальный район,30074,0.286227,29807,rosstat_2024,matched,35720.7,matched,3898,129.61362,,,0.275782,0.045151,,0.458953
tid_1128,1128,1,37,Ивановская область,муниципальный район,False,24-625-000-000,24625000,matched,Савинский муниципальный район,9719,4507,0.463731,matched,Савинский муниципальный район,9969,0.33875,9719,rosstat_2024,matched,38868.1,matched,1002,100.511586,,,,0.053892,,0.537924
tid_1129,1129,1,37,Ивановская область,муниципальный район,False,24-629-000-000,24629000,matched,Тейковский муниципальный район,9988,1896,0.189828,matched,Тейковский муниципальный район,10198,0.316042,9988,rosstat_2024,matched,34608.6,matched,589,57.756423,,,,0.027165,,
tid_1130,1130,1,37,Ивановская область,муниципальный район,False,24-631-000-000,24631000,matched,Фурмановский муниципальный район,33630,28926,0.860125,matched,Фурмановский муниципальный район,33904,0.298785,33630,rosstat_2024,matched,44632,matched,5597,165.083766,,,0.413436,0.040379,,0.336788
tid_1131,1131,0,37,Ивановская область,муниципальный район,False,24-633-000-000,24633000,matched,Шуйский муниципальный район,19184,2284,0.119058,matched,Шуйский муниципальный район,19596,0.289243,19184,rosstat_2024,matched,34512.1,matched,1103,56.286997,,,0.207616,0.024479,,
tid_1132,1132,1,37,Ивановская область,муниципальный район,False,24-635-000-000,24635000,matched,Южский муниципальный район,19100,12544,0.656754,matched,Южский муниципальный район,19284,0.304034,19100,rosstat_2024,matched,39999.7,matched,2012,104.3352,,,,0.054175,,0.786779
tid_1133,1133,1,37,Ивановская область,муниципальный район,False,24-637-000-000,24637000,matched,Юрьевецкий муниципальный район,11464,7403,0.645761,matched,Юрьевецкий муниципальный район,11727,0.33845,11464,rosstat_2024,matched,35415.9,matched,1275,108.723459,,,,0.047843,,0.659608
tid_1134,1134,2,38,Иркутская область,городской округ,False,25-701-000-000,25701000,no_code_match,,,,,matched,Город Иркутск,611215,0.22102,611215,bdpmo_2023,matched,86085.3,matched,190163,311.122927,0.004233,0.025988,0.115464,0.108991,0.016176,0.396791
tid_1135,1135,0,38,Иркутская область,городской округ,False,25-703-000-000,25703000,matched,Городской округ  Ангарское,229085,217365,0.94884,matched,Ангарский,230058,0.225465,229085,rosstat_2024,matched,68084.9,matched,52594,228.611915,0.01175,,0.28161,0.071833,0.008347,0.341636
tid_1136,1136,0,38,Иркутская область,городской округ,False,25-714-000-000,25714000,matched,Городской округ г Братск,220097,220097,1,matched,Город Братск,221244,0.247044,220097,rosstat_2024,matched,80434.6,matched,48466,219.061308,0.022779,,0.261689,0.061693,0.001857,0.384538
tid_1137,1137,0,38,Иркутская область,городской округ,False,25-720-000-000,25720000,matched,Городской округ  Зиминское,29877,29877,1,matched,Зиминское,30181,0.192273,29877,rosstat_2024,matched,67145.3,matched,6471,214.406415,0.00649,,0.12162,0.029207,,0.44089
tid_1138,1138,0,38,Иркутская область,городской округ,False,25-726-000-000,25726000,matched,Городской округ г Саянск,35724,35724,1,matched,Город Саянск,35593,0.263816,35724,rosstat_2024,matched,57879.7,matched,11067,310.931925,0.085118,,0.300895,0.0328,,0.403452
tid_1139,1139,0,38,Иркутская область,городской округ,False,25-732-000-000,25732000,matched,Городской округ г Тулун,37583,37583,1,matched,Город Тулун,37847,0.214337,37583,rosstat_2024,matched,60440.7,matched,8314,219.67395,0.007578,,,0.036445,,0.592013
tid_1140,1140,0,38,Иркутская область,городской округ,False,25-736-000-000,25736000,matched,Городской округ г Усолье-Сибирское,72594,72594,1,matched,Город Усолье-Сибирское,73507,0.243215,72594,rosstat_2024,matched,56915.3,matched,12601,171.425851,0.005714,,0.139513,0.054202,0.00992,0.567336
tid_1141,1141,0,38,Иркутская область,городской округ,False,25-738-000-000,25738000,matched,Городской округ г Усть-Илимск,77762,77762,1,matched,Город Усть-Илимск,78445,0.245816,77762,rosstat_2024,matched,78234.3,matched,16203,206.552362,0.018392,,0.264889,0.03092,0.002777,0.404493
tid_1142,1142,0,38,Иркутская область,городской округ,False,25-745-000-000,25745000,matched,Городской округ Черемховское,53160,53160,1,matched,Город Черемхово,53415,0.211813,53160,rosstat_2024,matched,60060.8,matched,11658,218.2533,0.007806,0.138446,0.032681,0.034569,0.001716,0.509007
tid_1143,1143,1,38,Иркутская область,городской округ,False,25-746-000-000,25746000,matched,Городской округ Свирское,15270,15270,1,matched,Город Свирск,15333,0.236679,15270,rosstat_2024,matched,50303.5,matched,2209,144.068349,,,0.375736,0.01675,,
tid_1144,1144,1,38,Иркутская область,муниципальный район,False,25-601-000-000,25601000,matched,Балаганский муниципальный район,8577,0,0,matched,Балаганский муниципальный район,8643,0.19484,8577,rosstat_2024,matched,56063.5,matched,1334,154.344556,0.041979,,,0.014243,,0.755622
tid_1146,1146,1,38,Иркутская область,муниципальный район,False,25-604-000-000,25604000,matched,Братский муниципальный район,47236,21269,0.450271,matched,Братский муниципальный район,47876,0.243483,47236,rosstat_2024,matched,76529.5,matched,9929,207.389924,0.112297,,0.061335,0.022057,,0.412529
tid_1147,1147,0,38,Иркутская область,муниципальный район,False,25-606-000-000,25606000,matched,Жигаловский муниципальный район,9747,5457,0.559865,matched,Жигаловский муниципальный район,8975,0.190641,9747,rosstat_2024,matched,118757.1,matched,21495,2394.986072,0.003861,0.128588,0.005304,0.005955,,
tid_1148,1148,0,38,Иркутская область,муниципальный район,False,25-608-000-000,25608000,matched,Заларинский муниципальный район,26236,13546,0.516313,matched,Заларинский муниципальный район,26414,0.193799,26236,rosstat_2024,matched,56023.3,matched,4757,180.09389,0.01934,,,0.015976,,0.65062
tid_1149,1149,0,38,Иркутская область,муниципальный район,False,25-610-000-000,25610000,matched,Зиминский муниципальный район,12070,0,0,matched,Зиминский муниципальный район,12168,0.21573,12070,rosstat_2024,matched,53170,matched,2238,183.925049,,,,,,
tid_1150,1150,2,38,Иркутская область,муниципальный район,False,25-612-000-000,25612000,matched,Иркутский муниципальный район,167989,43720,0.260255,matched,Иркутский муниципальный район,165480,0.168806,167989,rosstat_2024,matched,55622.4,matched,11953,72.232294,0.027775,0.003765,0.052539,0.052121,0.021083,0.636075
tid_1151,1151,0,38,Иркутская область,муниципальный район,False,25-614-000-000,25614000,matched,Казачинско-Ленский муниципальный район,14910,9541,0.639906,matched,Казачинско-Ленский муниципальный район,15129,0.219446,14910,rosstat_2024,matched,100721.9,matched,11351,750.280917,0.038411,0.042199,0.103075,0.005286,0.024844,0.140781
tid_1152,1152,3,38,Иркутская область,муниципальный район,False,25-616-000-000,25616000,matched,Катангский муниципальный район,3016,0,0,matched,Катангский муниципальный район,3025,0.254876,3016,rosstat_2024,matched,127045,matched,6802,2248.595041,0.013084,0.528521,,,,0.0788
tid_1153,1153,0,38,Иркутская область,муниципальный район,False,25-618-000-000,25618000,matched,Качугский муниципальный район,15044,6321,0.420168,matched,Качугский муниципальный район,15159,0.236295,15044,rosstat_2024,matched,55390.7,matched,2700,178.112013,0.04963,,,,,0.72963
tid_1154,1154,1,38,Иркутская область,муниципальный район,False,25-620-000-000,25620000,matched,Киренский муниципальный район,15936,12512,0.785141,matched,Киренский муниципальный район,15876,0.239796,15936,rosstat_2024,matched,97991.1,matched,7583,477.639204,0.060398,0.145853,0.079124,0.011737,,0.253198
tid_1155,1155,0,38,Иркутская область,муниципальный район,False,25-622-000-000,25622000,matched,Куйтунский муниципальный район,26931,9820,0.364636,matched,Куйтунский муниципальный район,27222,0.203328,26931,rosstat_2024,matched,53008.6,matched,4088,150.172654,0.08684,,,0.015411,,0.697407
tid_1157,1157,1,38,Иркутская область,муниципальный район,False,25-626-000-000,25626000,matched,Нижнеилимский муниципальный район,41873,35903,0.857426,matched,Нижнеилимский муниципальный район,42534,0.248789,41873,rosstat_2024,matched,80748.3,matched,13144,309.02337,0.088862,,0.118761,0.023889,,0.306299
tid_1158,1158,1,38,Иркутская область,муниципальный район,False,25-628-000-000,25628000,matched,Нижнеудинский муниципальный район,51698,38478,0.744284,matched,Нижнеудинский муниципальный район,52307,0.229644,51698,rosstat_2024,matched,63481.5,matched,13520,258.474009,0.017012,0.016938,0.11753,0.013831,,0.452219
tid_1159,1159,0,38,Иркутская область,муниципальный район,False,25-630-000-000,25630000,matched,Ольхонский муниципальный район,10483,0,0,matched,Ольхонский муниципальный район,10459,0.200975,10483,rosstat_2024,matched,54476.2,matched,1282,122.57386,0.060842,,,0.019501,,0.719969
tid_1160,1160,0,38,Иркутская область,муниципальный район,False,25-634-000-000,25634000,matched,Слюдянский муниципальный район,38424,34068,0.886633,matched,Слюдянский муниципальный район,38631,0.256271,38424,rosstat_2024,matched,63667.4,matched,8079,209.132562,0.00458,0.043322,0.03998,0.03441,0.02327,0.410447
tid_1161,1161,0,38,Иркутская область,муниципальный район,False,25-636-000-000,25636000,matched,Тайшетский муниципальный район,69773,54529,0.78152,matched,Тайшетский муниципальный район,70728,0.207301,69773,rosstat_2024,matched,73323.6,matched,17171,242.775139,0.014268,,0.130744,0.070118,0.001514,0.416109
tid_1163,1163,0,38,Иркутская область,муниципальный район,False,25-640-000-000,25640000,matched,Усольский муниципальный район,47850,26628,0.556489,matched,Усольский муниципальный район,48406,0.209995,47850,rosstat_2024,matched,65974.5,matched,8347,172.437301,0.228585,,0.094765,0.044327,0.008027,
tid_1164,1164,1,38,Иркутская область,муниципальный район,False,25-642-000-000,25642000,matched,Муниципальный район - муниципальное образование Усть-Илимский,12734,5695,0.447228,matched,Усть-Илимский муниципальный район,13031,0.266595,12734,rosstat_2024,matched,100369.3,matched,4203,322.538562,0.492505,,,,,
tid_1165,1165,0,38,Иркутская область,муниципальный район,False,25-644-000-000,25644000,matched,Усть-Кутский муниципальный район,41633,37577,0.902577,matched,Усть-Кутский муниципальный район,42502,0.222813,41633,rosstat_2024,matched,111565.5,matched,32847,772.83422,0.037081,0.289311,0.083417,0.012025,0.005054,0.121259
tid_1166,1166,1,38,Иркутская область,муниципальный район,False,25-646-000-000,25646000,matched,Усть-Удинский муниципальный район,13291,0,0,matched,Усть-Удинский муниципальный район,13343,0.196433,13291,rosstat_2024,matched,52037.4,matched,2081,155.961928,0.060548,,,,,0.74964
tid_1167,1167,1,38,Иркутская область,муниципальный район,False,25-648-000-000,25648000,matched,Черемховский муниципальный район,28180,7405,0.262775,matched,Черемховский муниципальный район,28339,0.219662,28180,rosstat_2024,matched,55628.9,matched,3531,124.59861,,,0.058624,0.041914,,
tid_1168,1168,1,38,Иркутская область,муниципальный район,False,25-650-000-000,25650000,matched,Чунский муниципальный район,26448,20200,0.763763,matched,Чунский муниципальный район,27029,0.252729,26448,rosstat_2024,matched,55782,matched,5083,188.057272,0.035412,,0.079481,0.014362,,0.611056
tid_1169,1169,0,38,Иркутская область,муниципальный район,False,25-655-000-000,25655000,matched,Шелеховский муниципальный район,63683,40666,0.638569,matched,Шелеховский муниципальный район,64199,0.23153,63683,rosstat_2024,matched,74924.9,matched,12328,192.027913,0.008517,,0.389276,0.04648,0.002839,0.348151
tid_1170,1170,0,38,Иркутская область,муниципальный район,False,25-605-000-000,25605000,matched,Аларский муниципальный район,22320,0,0,matched,Аларский муниципальный район,22197,0.172095,22320,rosstat_2024,matched,53784.8,matched,3231,145.560211,0.006809,,,0.011142,,0.778087
tid_1171,1171,0,38,Иркутская область,муниципальный район,False,25-607-000-000,25607000,matched,Баяндаевский муниципальный район,11534,0,0,matched,Баяндаевский муниципальный район,11607,0.189024,11534,rosstat_2024,matched,54876,matched,1609,138.623245,0.013052,,,0.010566,,0.820385
tid_1172,1172,0,38,Иркутская область,муниципальный район,False,25-609-000-000,25609000,matched,Боханский муниципальный район,25159,0,0,matched,Боханский муниципальный район,25072,0.175574,25159,rosstat_2024,matched,51166.3,matched,3151,125.678047,0.021898,,,0.01682,,0.814979
tid_1173,1173,0,38,Иркутская область,муниципальный район,False,25-629-000-000,25629000,matched,Нукутский муниципальный район,14902,0,0,matched,Нукутский муниципальный район,15036,0.171389,14902,rosstat_2024,matched,54393.7,matched,2354,156.557595,0.067545,,,,,0.693713
tid_1174,1174,0,38,Иркутская область,муниципальный район,False,25-631-000-000,25631000,matched,Осинский муниципальный район,20704,0,0,matched,Осинский муниципальный район,20829,0.158289,20704,rosstat_2024,matched,53612.8,matched,2537,121.801335,0.020497,,,0.009854,,0.823019
tid_1175,1175,0,38,Иркутская область,муниципальный район,False,25-657-000-000,25657000,matched,Эхирит-Булагатский муниципальный район,29626,0,0,matched,Эхирит-Булагатский муниципальный район,29498,0.186928,29626,rosstat_2024,matched,51495.6,matched,5960,202.047596,0.04245,,0.091275,0.053691,,0.671644
tid_1176,1176,2,39,Калининградская область,городской округ,False,27-701-000-000,27701000,matched,Городской округ город Калининград,489584,489584,1,matched,Город Калининград,489735,0.247395,489584,rosstat_2024,matched,67801.2,matched,113936,232.648269,0.01629,0.004318,0.13942,0.082476,0.007557,0.411178
tid_1178,1178,0,39,Калининградская область,городской округ,False,27-712-000-000,27712000,matched,Мамоновский городской округ,8458,8245,0.974817,matched,Мамоновский,8508,0.243888,8458,rosstat_2024,matched,46436.2,matched,578,67.93606,,,0.193772,0.079585,,
tid_1179,1179,0,39,Калининградская область,городской округ,False,27-717-000-000,27717000,matched,Пионерский городской округ,12928,12928,1,matched,Пионерский,12873,0.272431,12928,rosstat_2024,matched,58816.4,matched,2005,155.75235,,,0.256858,0.038404,,0.547631
tid_1180,1180,0,39,Калининградская область,городской округ,False,27-725-000-000,27725000,matched,Светловский городской округ,27486,20943,0.761952,matched,Светловский,27592,0.261634,27486,rosstat_2024,matched,86483.2,matched,5396,195.563932,,,0.319311,0.049852,,0.21831
tid_1181,1181,0,39,Калининградская область,городской округ,False,27-730-000-000,27730000,matched,Советский городской округ,38474,38474,1,matched,Советский,38614,0.256643,38474,rosstat_2024,matched,47935.7,matched,5835,151.110996,,,0.339674,0.04096,,0.4485
tid_1184,1184,0,39,Калининградская область,городской округ,False,27-705-000-000,27705000,matched,Балтийский городской округ,29289,28671,0.9789,matched,Балтийский,29090,0.235648,29289,rosstat_2024,matched,42064.6,matched,7325,251.804744,,,0.052014,0.025529,,0.696655
tid_1185,1185,3,39,Калининградская область,муниципальный округ,False,27-506-000-000,27506000,matched,Гвардейский муниципальный округ,28931,13877,0.479658,matched,Гвардейский,29256,0.237866,28931,rosstat_2024,matched,49752.6,matched,2824,96.527208,,,0.122521,0.045326,,0.537535
tid_1186,1186,2,39,Калининградская область,муниципальный округ,False,27-507-000-000,27507000,matched,Гурьевский муниципальный округ,110395,28564,0.258744,matched,Гурьевский,107412,0.189429,110395,rosstat_2024,matched,64567.3,matched,10981,102.232525,0.047355,,0.218104,0.137601,,0.295419
tid_1187,1187,0,39,Калининградская область,городской округ,False,27-709-000-000,27709000,matched,Гусевский городской округ,37472,28847,0.769828,matched,Гусевский,37533,0.219407,37472,rosstat_2024,matched,43367.9,matched,5184,138.118456,,,0.179591,0.039545,,0.60108
tid_1188,1188,2,39,Калининградская область,муниципальный округ,False,27-510-000-000,27510000,matched,Зеленоградский муниципальный округ,39588,17164,0.433566,matched,Зеленоградский,39203,0.25697,39588,rosstat_2024,matched,66213.2,matched,5907,150.677244,0.00965,,0.18859,0.036397,0.03335,0.352802
tid_1189,1189,0,39,Калининградская область,муниципальный округ,False,27-513-000-000,27513000,matched,Краснознаменский муниципальный округ,10823,3306,0.305461,matched,Краснознаменский,11016,0.243736,10823,rosstat_2024,matched,55755.8,matched,767,69.625999,,,,0.029987,,0.614081
tid_1190,1190,2,39,Калининградская область,городской округ,False,27-734-000-000,27734000,matched,Светлогорский городской округ,21165,17124,0.809072,matched,Светлогорский,20746,0.300058,21165,rosstat_2024,matched,54860.1,matched,3576,172.370577,,,,0.045302,0.010906,0.696309
tid_1191,1191,0,39,Калининградская область,муниципальный округ,False,27-514-000-000,27514000,matched,Неманский муниципальный округ,15267,9122,0.597498,matched,Неманский,15439,0.277414,15267,rosstat_2024,matched,51568.9,matched,1640,106.224496,,,0.081707,0.028659,,0.613415
tid_1192,1192,0,39,Калининградская область,муниципальный округ,False,27-515-000-000,27515000,matched,Нестеровский муниципальный округ,11632,3320,0.28542,matched,Нестеровский,11791,0.244169,11632,rosstat_2024,matched,50979.2,matched,1575,133.576457,0.215873,0.034921,,0.024127,,0.560635
tid_1193,1193,0,39,Калининградская область,муниципальный округ,False,27-516-000-000,27516000,matched,Озерский муниципальный округ,12553,4319,0.344061,matched,Озерский,12673,0.230095,12553,rosstat_2024,matched,49945.8,matched,1432,112.996134,0.493017,,,0.023743,,0.382682
tid_1194,1194,0,39,Калининградская область,муниципальный округ,False,27-518-000-000,27518000,matched,Полесский муниципальный округ,17007,6934,0.407714,matched,Полесский,17147,0.244999,17007,rosstat_2024,matched,46332.1,matched,1600,93.310783,,,0.175,0.031875,,0.629375
tid_1195,1195,0,39,Калининградская область,муниципальный округ,False,27-519-000-000,27519000,matched,Правдинский муниципальный округ,18045,3899,0.216071,matched,Правдинский,18197,0.228994,18045,rosstat_2024,matched,58706.7,matched,2723,149.640051,0.236137,,0.103195,0.015791,,0.33823
tid_1196,1196,0,39,Калининградская область,муниципальный округ,False,27-527-000-000,27527000,matched,Славский муниципальный округ,15573,3981,0.255635,matched,Славский,15765,0.239708,15573,rosstat_2024,matched,42133.6,matched,1367,86.711069,0.173372,,,0.037308,,0.648135
tid_1197,1197,0,39,Калининградская область,муниципальный округ,False,27-539-000-000,27539000,matched,Черняховский муниципальный округ,45312,35284,0.77869,matched,Черняховский,45874,0.250926,45312,rosstat_2024,matched,49461.9,matched,5874,128.046388,,,0.159517,0.052605,,0.520259
tid_1198,1198,2,40,Калужская область,городской округ,False,29-701-000-000,29701000,matched,Городской округ город Калуга,351103,329673,0.938964,matched,Город Калуга,355488,0.259739,351103,rosstat_2024,matched,65669.2,matched,111525,313.72367,0.004976,1.8e-05,0.301995,0.091298,0.005371,0.331935
tid_12,12,0,4,Республика Алтай,муниципальный район,False,84-615-000-000,84615000,matched,Майминский муниципальный район,30941,0,0,matched,Майминский муниципальный район,30665,0.196152,30941,rosstat_2024,matched,63980.1,matched,6654,216.990054,0.025849,,0.056958,0.038924,0.131199,0.426811
tid_1200,1200,1,40,Калужская область,муниципальный район,False,29-602-000-000,29602000,matched,Бабынинский муниципальный район,20665,10578,0.51188,matched,Бабынинский муниципальный район,20704,0.257052,20665,rosstat_2024,matched,57015.2,matched,3297,159.24459,0.038217,,0.476494,0.046709,,0.347589
tid_1201,1201,1,40,Калужская область,муниципальный район,False,29-604-000-000,29604000,matched,Барятинский муниципальный район,5446,0,0,matched,Барятинский муниципальный район,5393,0.271278,5446,rosstat_2024,matched,51689.2,matched,755,139.996291,,,,0.038411,,
tid_1203,1203,1,40,Калужская область,муниципальный район,False,29-608-000-000,29608000,matched,Дзержинский муниципальный район,56426,38791,0.687467,matched,Дзержинский муниципальный район,56616,0.289194,56426,rosstat_2024,matched,56799.9,matched,10930,193.054967,0.114822,0.047118,0.378317,0.035956,0.006404,0.277127
tid_1204,1204,1,40,Калужская область,муниципальный район,False,29-610-000-000,29610000,matched,Думиничский муниципальный район,13284,5445,0.409892,matched,Думиничский муниципальный район,13299,0.298068,13284,rosstat_2024,matched,36368.2,matched,1183,88.954057,,,0.125106,0.0541,,
tid_1205,1205,1,40,Калужская область,муниципальный район,False,29-612-000-000,29612000,matched,Жиздринский муниципальный район,9807,5393,0.549913,matched,Жиздринский муниципальный район,9857,0.258902,9807,rosstat_2024,matched,37786.9,matched,863,87.551994,,,,0.049826,,
tid_1206,1206,1,40,Калужская область,муниципальный район,False,29-613-000-000,29613000,matched,Жуковский муниципальный район,60240,37498,0.622477,matched,Жуковский муниципальный район,61283,0.254247,60240,rosstat_2024,matched,67526.2,matched,8440,137.721717,0.052725,,0.236611,0.056398,0.025948,0.255213
tid_1207,1207,1,40,Калужская область,муниципальный район,False,29-614-000-000,29614000,matched,Кировский муниципальный район,37540,27422,0.730474,matched,Кировский муниципальный район,37756,0.282737,37540,rosstat_2024,matched,47223.2,matched,6979,184.844793,,,0.269093,0.041267,0.010317,0.40278
tid_1208,1208,1,40,Калужская область,муниципальный район,False,29-615-000-000,29615000,matched,Износковский муниципальный район,6363,0,0,matched,Износковский муниципальный район,6403,0.283305,6363,rosstat_2024,matched,42898.1,matched,486,75.901921,,,,0.063786,,
tid_1209,1209,1,40,Калужская область,муниципальный район,False,29-616-000-000,29616000,matched,Козельский муниципальный район,38129,27877,0.731123,matched,Козельский муниципальный район,38126,0.286078,38129,rosstat_2024,matched,47241.9,matched,6322,165.818601,0.035748,,0.299114,0.037014,0.009016,0.406359
tid_1210,1210,1,40,Калужская область,муниципальный район,False,29-618-000-000,29618000,matched,Куйбышевский муниципальный район,7291,0,0,matched,Куйбышевский муниципальный район,7302,0.28321,7291,rosstat_2024,matched,44320.7,matched,957,131.059984,,,,0.036573,,
tid_1211,1211,1,40,Калужская область,муниципальный район,False,29-620-000-000,29620000,matched,Людиновский муниципальный район,38134,34957,0.916689,matched,Людиновский муниципальный район,38508,0.277786,38134,rosstat_2024,matched,49532.2,matched,9653,250.675184,,,0.396457,0.026624,,0.261059
tid_1212,1212,0,40,Калужская область,муниципальный район,False,29-623-000-000,29623000,matched,Малоярославецкий муниципальный район,69194,42072,0.60803,matched,Малоярославецкий муниципальный район,68087,0.250033,69194,rosstat_2024,matched,63799.8,matched,9903,145.446267,0.029789,,0.439968,0.103201,0.010502,0.270423
tid_1213,1213,1,40,Калужская область,муниципальный район,False,29-625-000-000,29625000,matched,Медынский муниципальный район,12187,8014,0.657586,matched,Медынский муниципальный район,12234,0.269331,12187,rosstat_2024,matched,43497.5,matched,2789,227.971228,,,0.321979,0.084977,,
tid_1214,1214,1,40,Калужская область,муниципальный район,False,29-627-000-000,29627000,matched,Мещовский муниципальный район,11280,3722,0.329965,matched,Мещовский муниципальный район,11300,0.274602,11280,rosstat_2024,matched,40820.5,matched,786,69.557522,,,,0.075064,,0.664122
tid_1215,1215,1,40,Калужская область,муниципальный район,False,29-629-000-000,29629000,matched,Мосальский муниципальный район,9032,4259,0.471546,matched,Мосальский муниципальный район,9077,0.309904,9032,rosstat_2024,matched,41633.8,matched,881,97.0585,0.178207,,,0.047673,,
tid_1217,1217,1,40,Калужская область,муниципальный район,False,29-634-000-000,29634000,matched,Спас-Деменский муниципальный район,7334,4597,0.626807,matched,Спас-Деменский муниципальный район,7326,0.317772,7334,rosstat_2024,matched,41609.6,matched,935,127.627628,,,,0.031016,,
tid_1218,1218,1,40,Калужская область,муниципальный район,False,29-636-000-000,29636000,matched,Сухиничский муниципальный район,22227,16020,0.720745,matched,Сухиничский муниципальный район,22423,0.288498,22227,rosstat_2024,matched,44693.9,matched,3909,174.329929,0.113328,,0.103351,0.043234,,0.470709
tid_1219,1219,1,40,Калужская область,муниципальный район,False,29-638-000-000,29638000,matched,Тарусский муниципальный район,16375,9722,0.59371,matched,Тарусский муниципальный район,16395,0.34419,16375,rosstat_2024,matched,50502.3,matched,1959,119.487649,,,0.086269,0.06636,0.008167,
tid_1220,1220,1,40,Калужская область,муниципальный район,False,29-642-000-000,29642000,matched,Ульяновский муниципальный район,6942,0,0,matched,Ульяновский муниципальный район,6986,0.266533,6942,rosstat_2024,matched,47759.6,matched,600,85.886058,,,,0.053333,,
tid_1221,1221,1,40,Калужская область,муниципальный район,False,29-644-000-000,29644000,matched,Ферзиковский муниципальный район,18112,0,0,matched,Ферзиковский муниципальный район,17806,0.251432,18112,rosstat_2024,matched,58046.4,matched,2228,125.126362,0.287702,,0.199282,0.030072,,
tid_1222,1222,1,40,Калужская область,муниципальный район,False,29-646-000-000,29646000,matched,Хвастовичский муниципальный район,9685,0,0,matched,Хвастовичский муниципальный район,9675,0.26553,9685,rosstat_2024,matched,39380.3,matched,1075,111.111111,0.197209,,,0.04093,,
tid_1223,1223,1,40,Калужская область,муниципальный район,False,29-650-000-000,29650000,matched,Юхновский муниципальный район,12596,6408,0.508733,matched,Юхновский муниципальный район,12709,0.337005,12596,rosstat_2024,matched,41311.2,matched,1545,121.567393,,,,0.047896,,
tid_1224,1224,2,42,Кемеровская область,городской округ,False,32-701-000-000,32701000,matched,Кемеровский городской округ,544600,544600,1,matched,Кемеровский,549362,0.227988,544600,rosstat_2024,matched,77793.8,matched,135830,247.250447,0.000788,0.00787,0.130082,0.108724,0.009409,0.421188
tid_1225,1225,0,42,Кемеровская область,городской округ,False,32-704-000-000,32704000,matched,Анжеро-Судженский городской округ,69293,67844,0.979089,matched,Анжеро-Судженский,70178,0.264998,69293,rosstat_2024,matched,54175.5,matched,13794,196.557326,,0.052269,0.141728,0.047629,0.009787,0.460925
tid_1226,1226,0,42,Кемеровская область,городской округ,False,32-707-000-000,32707000,matched,Беловский городской округ,119175,117533,0.986222,matched,Беловский,120094,0.245125,119175,rosstat_2024,matched,71657.3,matched,28803,239.837128,,0.221991,0.045967,0.07652,0.004687,0.29615
tid_1227,1227,0,42,Кемеровская область,городской округ,False,32-710-000-000,32710000,matched,Березовский городской округ,45757,43649,0.953931,matched,Березовский,45941,0.270913,45757,rosstat_2024,matched,64498.2,matched,7402,161.119697,,0.289246,0.03445,0.050122,0.003513,0.362335
tid_1228,1228,0,42,Кемеровская область,городской округ,False,32-715-000-000,32715000,matched,Калтанский городской округ,29026,21047,0.725109,matched,Калтанский,29370,0.27729,29026,rosstat_2024,matched,70769.5,matched,6230,212.121212,,0.310273,0.023917,0.032745,0.002247,0.339968
tid_1229,1229,0,42,Кемеровская область,городской округ,False,32-716-000-000,32716000,matched,Киселевский городской округ,85300,81055,0.950234,matched,Киселевский,86185,0.265905,85300,rosstat_2024,matched,68025.3,matched,16367,189.905436,,0.262479,0.058044,0.053645,0.004277,0.318323
tid_1230,1230,0,42,Кемеровская область,городской округ,False,32-719-000-000,32719000,matched,Ленинск-Кузнецкий городской округ,90570,89284,0.985801,matched,Ленинск-Кузнецкий,91711,0.254768,90570,rosstat_2024,matched,69133.2,matched,23812,259.641701,,,0.132454,0.052453,0.000378,0.320217
tid_1231,1231,0,42,Кемеровская область,городской округ,False,32-725-000-000,32725000,matched,Междуреченский городской округ,96216,95080,0.988193,matched,Междуреченский,96559,0.248232,96216,rosstat_2024,matched,76520.8,matched,29018,300.520925,,0.336515,0.055621,0.04318,0.010373,0.211214
tid_1232,1232,0,42,Кемеровская область,городской округ,False,32-728-000-000,32728000,matched,Мысковский городской округ,41229,39218,0.951224,matched,Мысковский,41743,0.25657,41229,rosstat_2024,matched,68218.9,matched,9258,221.785689,,0.211925,0.019011,0.04137,0.009073,0.33787
tid_1233,1233,0,42,Кемеровская область,городской округ,False,32-731-000-000,32731000,matched,Новокузнецкий городской округ,531186,531186,1,matched,Новокузнецкий,533565,0.233089,531186,rosstat_2024,matched,71643.2,matched,123095,230.702913,0.001722,0.047768,0.242512,0.078224,0.010374,0.313327
tid_1234,1234,0,42,Кемеровская область,городской округ,False,32-734-000-000,32734000,matched,Осинниковский городской округ,43655,39223,0.898477,matched,Осинниковский,44002,0.267897,43655,rosstat_2024,matched,63422.8,matched,8105,184.196173,,,0.092165,0.049599,,0.409747
tid_1235,1235,0,42,Кемеровская область,городской округ,False,32-732-000-000,32732000,matched,Полысаевский городской округ,27901,25378,0.909573,matched,Полысаевский,28061,0.258259,27901,rosstat_2024,matched,72218.1,matched,5006,178.397064,,0.414303,,0.050739,0.007591,0.307631
tid_1236,1236,0,42,Кемеровская область,городской округ,False,32-737-000-000,32737000,matched,Прокопьевский городской округ,172618,172618,1,matched,Прокопьевский,174859,0.261485,172618,rosstat_2024,matched,57334.1,matched,26038,148.908549,,0.092365,0.04528,0.05972,0.001843,0.464552
tid_1237,1237,0,42,Кемеровская область,городской округ,False,32-740-000-000,32740000,matched,Тайгинский городской округ,23065,21938,0.951138,matched,Тайгинский,23240,0.237565,23065,rosstat_2024,matched,64184.6,matched,5540,238.3821,,,0.009386,0.032671,0.009386,0.269134
tid_1238,1238,0,42,Кемеровская область,городской округ,False,32-749-000-000,32749000,matched,Юргинский городской округ,78009,78009,1,matched,Юргинский,78494,0.25858,78009,rosstat_2024,matched,47192.9,matched,13192,168.063801,0.002122,,0.169345,0.065191,0.014857,0.571862
tid_1240,1240,0,42,Кемеровская область,муниципальный округ,False,32-501-000-000,32501000,matched,Беловский муниципальный округ,24823,0,0,matched,Беловский муниципальный округ,25274,0.240643,24823,rosstat_2024,matched,84135.1,matched,12413,491.137137,,0.566745,0.008056,0.024249,0.008459,0.138162
tid_1241,1241,0,42,Кемеровская область,муниципальный округ,False,32-502-000-000,32502000,matched,Гурьевский муниципальный округ,36402,28535,0.783886,matched,Гурьевский муниципальный округ,36708,0.280239,36402,rosstat_2024,matched,63985.3,matched,6569,178.952817,,0.280865,0.004262,0.044299,0.013244,0.435835
tid_1242,1242,1,42,Кемеровская область,муниципальный округ,False,32-504-000-000,32504000,matched,Ижморский муниципальный округ,9689,4606,0.475384,matched,Ижморский муниципальный округ,9939,0.310494,9689,rosstat_2024,matched,47315.5,matched,1590,159.975853,,,,0.032075,,0.62956
tid_1243,1243,0,42,Кемеровская область,муниципальный округ,False,32-507-000-000,32507000,matched,Кемеровский муниципальный округ,45263,0,0,matched,Кемеровский муниципальный округ,45809,0.255277,45263,rosstat_2024,matched,78691.2,matched,15602,340.588094,0.048135,0.536406,0.016536,0.046532,0.010063,0.178503
tid_1244,1244,1,42,Кемеровская область,муниципальный округ,False,32-510-000-000,32510000,matched,Крапивинский муниципальный округ,21713,12017,0.553447,matched,Крапивинский муниципальный округ,21743,0.277469,21713,rosstat_2024,matched,47217,matched,3125,143.724417,,,,0.04032,0.00608,0.608
tid_1246,1246,0,42,Кемеровская область,муниципальный округ,False,32-516-000-000,32516000,matched,Мариинский муниципальный округ,50597,40266,0.795818,matched,Мариинский муниципальный округ,50952,0.248803,50597,rosstat_2024,matched,45788.2,matched,9634,189.079918,,,0.140544,0.038613,0.01557,0.513598
tid_1249,1249,0,42,Кемеровская область,муниципальный округ,False,32-525-000-000,32525000,matched,Промышленновский муниципальный округ,45477,19278,0.423907,matched,Промышленновский муниципальный округ,45666,0.243573,45477,rosstat_2024,matched,51912.5,matched,6280,137.520256,0.094586,,0.064809,0.037739,0.023089,0.466879
tid_1250,1250,0,42,Кемеровская область,муниципальный район,False,32-627-000-000,32627000,matched,Таштагольский муниципальный район,48876,44184,0.904002,matched,Таштагольский муниципальный район,49596,0.244617,48876,rosstat_2024,matched,60700.5,matched,10590,213.525284,,0.323324,0.009348,0.030689,0.00576,0.378565
tid_1251,1251,1,42,Кемеровская область,муниципальный округ,False,32-528-000-000,32528000,matched,Тисульский муниципальный округ,17957,11507,0.640809,matched,Тисульский муниципальный округ,18309,0.27948,17957,rosstat_2024,matched,58358.3,matched,3473,189.688132,,,,0.026202,0.008062,0.504463
tid_1252,1252,0,42,Кемеровская область,муниципальный округ,False,32-531-000-000,32531000,matched,Топкинский муниципальный округ,40525,26877,0.66322,matched,Топкинский муниципальный округ,40738,0.251019,40525,rosstat_2024,matched,56833.6,matched,7112,174.579017,,,0.233408,0.044994,0.003515,0.358127
tid_1253,1253,1,42,Кемеровская область,муниципальный округ,False,32-534-000-000,32534000,matched,Тяжинский муниципальный округ,18381,11827,0.643436,matched,Тяжинский муниципальный округ,18850,0.300106,18381,rosstat_2024,matched,44868.5,matched,3498,185.570292,,,,0.032304,0.003431,0.601487
tid_1254,1254,0,42,Кемеровская область,муниципальный округ,False,32-537-000-000,32537000,matched,Чебулинский муниципальный округ,12997,5143,0.395707,matched,Чебулинский муниципальный округ,13270,0.251093,12997,rosstat_2024,matched,43965.5,matched,3187,240.165787,0.287418,,0.067148,0.018199,0.006903,0.441167
tid_1256,1256,1,42,Кемеровская область,муниципальный округ,False,32-543-000-000,32543000,matched,Яйский муниципальный округ,15502,9092,0.586505,matched,Яйский муниципальный округ,15662,0.258268,15502,rosstat_2024,matched,47515,matched,3329,212.552675,,,0.091319,0.036047,0.010213,0.52298
tid_1257,1257,1,42,Кемеровская область,муниципальный округ,False,32-546-000-000,32546000,matched,Яшкинский муниципальный округ,26089,12744,0.488482,matched,Яшкинский муниципальный округ,26287,0.261156,26089,rosstat_2024,matched,55554.9,matched,5835,221.972838,0.074207,,0.382177,0.022965,,0.319623
tid_1258,1258,2,43,Кировская область,городской округ,False,33-701-000-000,33701000,matched,Городской округ г Киров,500457,475464,0.95006,matched,Город Киров,496941,0.234183,500457,rosstat_2024,matched,59430.6,matched,133995,269.639655,0.00956,0.000418,0.27657,0.084787,0.011665,0.370738
tid_1259,1259,0,43,Кировская область,городской округ,False,33-704-000-000,33704000,matched,Городской округ г Вятские Поляны,28922,28922,1,matched,Город Вятские Поляны,29227,0.337291,28922,rosstat_2024,matched,44959.4,matched,7531,257.6727,0.00239,,0.404594,0.046209,0.002921,0.348692
tid_1260,1260,0,43,Кировская область,городской округ,False,33-707-000-000,33707000,matched,Городской округ г Кирово-Чепецк,64571,64571,1,matched,Город Кирово-Чепецк,65262,0.338083,64571,rosstat_2024,matched,56079.2,matched,18886,289.387392,0.000371,,0.449804,0.059886,0.00646,0.325267
tid_1261,1261,1,43,Кировская область,городской округ,False,33-710-000-000,33710000,matched,Городской округ г Котельнич,19454,19454,1,matched,Город Котельнич,19631,0.319953,19454,rosstat_2024,matched,40889.9,matched,4956,252.457847,0.005246,,0.154157,0.059322,0.005851,0.479621
tid_1262,1262,0,43,Кировская область,городской округ,False,33-713-000-000,33713000,matched,Городской округ г Слободской,28479,28174,0.98929,matched,Город Слободской,28908,0.316175,28479,rosstat_2024,matched,45984,matched,7638,264.217518,,,0.293925,0.060487,0.014402,0.392773
tid_1264,1264,0,43,Кировская область,муниципальный округ,False,33-502-000-000,33502000,matched,Арбажский муниципальный округ,4257,2434,0.571764,matched,Арбажский,4416,0.42731,4257,rosstat_2024,matched,36843.6,matched,865,195.878623,,,,0.077457,,0.623121
tid_1265,1265,0,43,Кировская область,муниципальный округ,False,33-503-000-000,33503000,matched,Афанасьевский муниципальный округ,10517,3332,0.31682,matched,Афанасьевский,10804,0.268234,10517,rosstat_2024,matched,35727.4,matched,1854,171.60311,,,,0.118123,,0.632686
tid_1266,1266,1,43,Кировская область,муниципальный район,False,33-605-000-000,33605000,matched,Белохолуницкий муниципальный район,15062,9368,0.621963,matched,Белохолуницкий муниципальный район,15331,0.365664,15062,rosstat_2024,matched,37998.9,matched,2445,159.480791,0.024949,,,0.052761,,0.606135
tid_1267,1267,3,43,Кировская область,муниципальный округ,False,33-506-000-000,33506000,matched,Богородский муниципальный округ,3151,2123,0.673754,matched,Богородский,3274,0.452046,3151,rosstat_2024,matched,44539.5,matched,691,211.056811,,,,0.033285,,0.615051
tid_1268,1268,1,43,Кировская область,муниципальный округ,False,33-507-000-000,33507000,matched,Верхнекамский муниципальный округ,19600,16367,0.835051,matched,Верхнекамский,20073,0.303692,19600,rosstat_2024,matched,38390.9,matched,5436,270.811538,0.028514,,0.305004,0.026122,,0.522443
tid_1269,1269,1,43,Кировская область,муниципальный район,False,33-608-000-000,33608000,matched,Верхошижемский муниципальный район,6778,3452,0.509295,matched,Верхошижемский муниципальный район,6931,0.345838,6778,rosstat_2024,matched,41425.2,matched,1134,163.612754,0.185185,,,0.045855,,0.619048
tid_1270,1270,1,43,Кировская область,муниципальный район,False,33-610-000-000,33610000,matched,Вятскополянский муниципальный район,22503,13174,0.585433,matched,Вятскополянский муниципальный район,22790,0.379377,22503,rosstat_2024,matched,36269.1,matched,2429,106.581834,,,,0.047756,,0.506793
tid_1271,1271,1,43,Кировская область,муниципальный район,False,33-612-000-000,33612000,matched,Даровской муниципальный район,8117,5937,0.731428,matched,Даровской муниципальный район,8318,0.386271,8117,rosstat_2024,matched,37379.5,matched,1565,188.146189,0.080511,,0.115655,0.126518,,0.516294
tid_1272,1272,1,43,Кировская область,муниципальный район,False,33-614-000-000,33614000,matched,Зуевский муниципальный район,16435,9404,0.572193,matched,Зуевский муниципальный район,16810,0.382451,16435,rosstat_2024,matched,44463.1,matched,3722,221.415824,0.218431,,0.088393,0.04057,0.008329,0.385545
tid_1273,1273,1,43,Кировская область,муниципальный округ,False,33-516-000-000,33516000,matched,Кикнурский муниципальный округ,6384,3978,0.62312,matched,Кикнурский,6535,0.416373,6384,rosstat_2024,matched,33736.7,matched,960,146.901301,,,,0.092708,,0.595833
tid_1274,1274,0,43,Кировская область,муниципальный район,False,33-617-000-000,33617000,matched,Кильмезский муниципальный район,9573,5233,0.546642,matched,Кильмезский муниципальный район,9726,0.351224,9573,rosstat_2024,matched,35515.5,matched,1338,137.569402,,,0.005979,0.04559,,0.718236
tid_1275,1275,0,43,Кировская область,муниципальный район,False,33-618-000-000,33618000,matched,Кирово-Чепецкий муниципальный район,19898,0,0,matched,Кирово-Чепецкий муниципальный район,19871,0.32872,19898,rosstat_2024,matched,45571.5,matched,3179,159.981883,0.215791,,0.100346,0.019503,0.016043,0.540107
tid_1276,1276,1,43,Кировская область,муниципальный район,False,33-619-000-000,33619000,matched,Котельничский муниципальный район,9945,0,0,matched,Котельничский муниципальный район,10408,0.43726,9945,rosstat_2024,matched,38664.8,matched,1312,126.056879,,,0.092226,0.04497,,
tid_1277,1277,1,43,Кировская область,муниципальный район,False,33-620-000-000,33620000,matched,Куменский муниципальный район,14038,5729,0.408107,matched,Куменский муниципальный район,14363,0.323261,14038,rosstat_2024,matched,48371.8,matched,4157,289.424215,0.364927,,0.061342,0.031273,0.007698,0.427472
tid_1278,1278,1,43,Кировская область,муниципальный округ,False,33-521-000-000,33521000,matched,Лебяжский муниципальный округ,5283,2710,0.512966,matched,Лебяжский,5450,0.430459,5283,rosstat_2024,matched,34858,matched,810,148.623853,,,,0.039506,,0.735802
tid_1279,1279,1,43,Кировская область,муниципальный округ,False,33-522-000-000,33522000,matched,Лузский муниципальный округ,12427,10889,0.876237,matched,Лузский,12773,0.351131,12427,rosstat_2024,matched,39712.7,matched,2132,166.914585,0.027205,,,0.050657,,0.576454
tid_1280,1280,1,43,Кировская область,муниципальный район,False,33-623-000-000,33623000,matched,Малмыжский муниципальный район,19801,6736,0.340185,matched,Малмыжский муниципальный район,20133,0.352357,19801,rosstat_2024,matched,38327,matched,3312,164.506035,0.149758,,,0.027778,0.002114,0.591184
tid_1281,1281,1,43,Кировская область,муниципальный округ,False,33-524-000-000,33524000,matched,Мурашинский муниципальный округ,8746,5339,0.61045,matched,Мурашинский,9036,0.343847,8746,rosstat_2024,matched,54618.2,matched,2891,319.942452,0.11899,,0.267036,0.039779,,0.25147
tid_1282,1282,3,43,Кировская область,муниципальный район,False,33-625-000-000,33625000,matched,Нагорский муниципальный район,6225,3963,0.636627,matched,Нагорский муниципальный район,6480,0.401852,6225,rosstat_2024,matched,38612.5,matched,1021,157.561728,0.03526,,,0.046033,,0.749265
tid_1284,1284,1,43,Кировская область,муниципальный район,False,33-627-000-000,33627000,matched,Нолинский муниципальный район,15213,9301,0.611385,matched,Нолинский муниципальный район,15594,0.33763,15213,rosstat_2024,matched,36952.4,matched,2652,170.06541,0.058069,,0.050151,0.053922,,0.628959
tid_1285,1285,1,43,Кировская область,муниципальный район,False,33-628-000-000,33628000,matched,Омутнинский муниципальный район,33193,27970,0.842648,matched,Омутнинский муниципальный район,33878,0.29559,33193,rosstat_2024,matched,45423.3,matched,9802,289.33231,0.002857,,0.441032,0.029892,0.013059,0.403387
tid_1286,1286,1,43,Кировская область,муниципальный округ,False,33-529-000-000,33529000,matched,Опаринский муниципальный округ,6571,3681,0.560189,matched,Опаринский,6864,0.357809,6571,rosstat_2024,matched,39868.8,matched,1196,174.242424,0.152174,,,0.019231,,0.641304
tid_1287,1287,1,43,Кировская область,муниципальный район,False,33-630-000-000,33630000,matched,Оричевский муниципальный район,24539,15399,0.627532,matched,Оричевский муниципальный район,24751,0.331179,24539,rosstat_2024,matched,41998.7,matched,4839,195.507252,0.141971,,0.157471,0.042777,0.009093,0.464352
tid_1288,1288,1,43,Кировская область,муниципальный район,False,33-645-000-000,33645000,matched,Орловский муниципальный район,9136,5301,0.580232,matched,Орловский муниципальный район,9442,0.349714,9136,rosstat_2024,matched,40906.8,matched,2064,218.597755,0.241764,,0.040698,0.055717,0.013081,0.534399
tid_1289,1289,0,43,Кировская область,муниципальный округ,False,33-531-000-000,33531000,matched,Пижанский муниципальный округ,7903,3533,0.447045,matched,Пижанский,8143,0.364116,7903,rosstat_2024,matched,39568.8,matched,1713,210.36473,0.325744,,0.070053,0.029189,0.001751,0.416813
tid_1290,1290,1,43,Кировская область,муниципальный район,False,33-632-000-000,33632000,matched,Подосиновский муниципальный район,11195,8770,0.783385,matched,Подосиновский муниципальный район,11490,0.383551,11195,rosstat_2024,matched,41294.8,matched,2172,189.033943,,,0.241252,0.019797,,0.538214
tid_1291,1291,1,43,Кировская область,муниципальный округ,False,33-533-000-000,33533000,matched,Санчурский муниципальный округ,6900,3778,0.547536,matched,Санчурский,7035,0.370149,6900,rosstat_2024,matched,34227,matched,1249,177.540867,,,,0.073659,,0.610889
tid_1292,1292,1,43,Кировская область,муниципальный округ,False,33-534-000-000,33534000,matched,Свечинский муниципальный округ,5744,3707,0.645369,matched,Свечинский,5890,0.373514,5744,rosstat_2024,matched,37609.1,matched,844,143.293718,,,,0.052133,,0.67654
tid_1293,1293,1,43,Кировская область,муниципальный район,False,33-635-000-000,33635000,matched,Слободской муниципальный район,32057,8760,0.273263,matched,Слободской муниципальный район,31977,0.314038,32057,rosstat_2024,matched,43945.2,matched,3824,119.585952,0.088651,,0.259937,0.057793,0.019351,0.457113
tid_1294,1294,0,43,Кировская область,муниципальный район,False,33-636-000-000,33636000,matched,Советский муниципальный район,21424,14389,0.67163,matched,Советский муниципальный район,21799,0.324143,21424,rosstat_2024,matched,39694.1,matched,5101,234.00156,0.198,,0.162713,0.042541,,0.446775
tid_1295,1295,1,43,Кировская область,муниципальный район,False,33-637-000-000,33637000,matched,Сунский муниципальный район,4826,1884,0.390385,matched,Сунский муниципальный район,5002,0.387445,4826,rosstat_2024,matched,43673.9,matched,1268,253.498601,0.451104,,0.007098,0.030757,,0.384858
tid_1296,1296,1,43,Кировская область,муниципальный район,False,33-638-000-000,33638000,matched,Тужинский муниципальный район,5475,3853,0.703744,matched,Тужинский муниципальный район,5621,0.401886,5475,rosstat_2024,matched,34531.6,matched,893,158.868529,,,,0.12766,,0.664054
tid_1297,1297,3,43,Кировская область,муниципальный округ,False,33-540-000-000,33540000,no_code_match,,,,,matched,Унинский,5909,0.375867,5909,bdpmo_2023,matched,37662.5,matched,1129,191.064478,0.031887,,0.038973,0.034544,,0.689991
tid_1298,1298,1,43,Кировская область,муниципальный район,False,33-641-000-000,33641000,matched,Уржумский муниципальный район,19396,8245,0.425088,matched,Уржумский муниципальный район,19810,0.343513,19396,rosstat_2024,matched,39628.4,matched,4046,204.240283,0.157687,,0.061789,0.044736,0.010133,0.537815
tid_1299,1299,1,43,Кировская область,муниципальный округ,False,33-543-000-000,33543000,matched,Фаленский муниципальный округ,7168,4043,0.564035,matched,Фаленский,7380,0.396748,7168,rosstat_2024,matched,38699.8,matched,1281,173.577236,0.100703,,0.056987,0.046838,,0.583919
tid_13,13,0,4,Республика Алтай,муниципальный район,False,84-620-000-000,84620000,matched,Онгудайский муниципальный район,14025,0,0,matched,Онгудайский муниципальный район,14049,0.214464,14025,rosstat_2024,matched,38419.1,matched,2406,171.257741,,,,0.025353,,0.716126
tid_1300,1300,1,43,Кировская область,муниципальный район,False,33-647-000-000,33647000,matched,Шабалинский муниципальный район,7140,3920,0.54902,matched,Шабалинский муниципальный район,7388,0.38549,7140,rosstat_2024,matched,37885.4,matched,1132,153.22144,,,,0.061837,,0.651943
tid_1301,1301,1,43,Кировская область,муниципальный район,False,33-649-000-000,33649000,matched,Юрьянский муниципальный район,15836,10781,0.680791,matched,Юрьянский муниципальный район,16154,0.339421,15836,rosstat_2024,matched,49649.2,matched,3539,219.078866,0.042667,,0.127437,0.141848,0.012433,0.498163
tid_1302,1302,0,43,Кировская область,муниципальный район,False,33-650-000-000,33650000,matched,Яранский муниципальный район,19268,13724,0.712269,matched,Яранский муниципальный район,19684,0.363138,19268,rosstat_2024,matched,38166.3,matched,3274,166.327982,0.065058,,0.010079,0.058338,0.012523,0.561087
tid_1303,1303,0,44,Костромская область,городской округ,False,34-701-000-000,34701000,matched,Городской округ город Кострома,265761,265761,1,matched,Город Кострома,265965,0.270618,265761,rosstat_2024,matched,55348.3,matched,64152,241.20467,0.00717,,0.18068,0.076334,0.00968,0.430898
tid_1304,1304,1,44,Костромская область,городской округ,False,34-705-000-000,34705000,matched,Городской округ город Буй,19938,19938,1,matched,Город Буй,20205,0.245335,19938,rosstat_2024,matched,51687.6,matched,6948,343.875278,0.02015,,0.208693,0.027778,0.004893,0.297064
tid_1305,1305,1,44,Костромская область,городской округ,False,34-706-000-000,34706000,matched,Городской округ город Волгореченск,14030,14014,0.99886,matched,Город Волгореченск,14079,0.262519,14030,rosstat_2024,matched,58862.5,matched,5400,383.549968,,,0.490926,0.022593,0.007963,
tid_1306,1306,1,44,Костромская область,городской округ,False,34-708-000-000,34708000,matched,Городской округ город Галич,12488,12488,1,matched,Город Галич,12600,0.258333,12488,rosstat_2024,matched,46317.2,matched,4661,369.920635,0.004076,,0.369663,0.04012,0.008153,0.352285
tid_1308,1308,1,44,Костромская область,городской округ,False,34-730-000-000,34730000,matched,Городской округ город Шарья,30008,29282,0.975806,matched,Город Шарья,30375,0.246123,30008,rosstat_2024,matched,45564.2,matched,6277,206.650206,0.014338,,0.164728,0.056078,,0.494504
tid_1309,1309,1,44,Костромская область,муниципальный район,False,34-602-000-000,34602000,matched,Антроповский муниципальный район,4987,0,0,matched,Антроповский муниципальный район,5105,0.351028,4987,rosstat_2024,matched,37218.7,matched,826,161.802155,,,,0.031477,0.016949,0.564165
tid_1310,1310,1,44,Костромская область,муниципальный район,False,34-604-000-000,34604000,matched,Буйский муниципальный район,8634,3966,0.459347,matched,Буйский муниципальный район,8754,0.340416,8634,rosstat_2024,matched,35140.3,matched,747,85.332419,,,,,0.024096,
tid_1311,1311,1,44,Костромская область,муниципальный район,False,34-606-000-000,34606000,matched,Вохомский муниципальный район,6543,0,0,matched,Вохомский муниципальный район,6698,0.372947,6543,rosstat_2024,matched,35801.9,matched,1450,216.482532,0.012414,,0.006207,0.035862,,0.510345
tid_1312,1312,1,44,Костромская область,муниципальный район,False,34-608-000-000,34608000,matched,Галичский муниципальный район,6258,0,0,matched,Галичский муниципальный район,6412,0.339832,6258,rosstat_2024,matched,50763.1,matched,1045,162.975671,,,,,,
tid_1313,1313,1,44,Костромская область,муниципальный район,False,34-610-000-000,34610000,matched,Кадыйский муниципальный район,5744,2971,0.517235,matched,Кадыйский муниципальный район,5895,0.344529,5744,rosstat_2024,matched,35046.8,matched,945,160.305344,,,,0.05291,,0.707937
tid_1314,1314,1,44,Костромская область,муниципальный округ,False,34-512-000-000,34512000,matched,Кологривский муниципальный округ,3925,2359,0.601019,matched,Кологривский муниципальный округ,4100,0.402195,3925,rosstat_2024,matched,33152.7,matched,797,194.390244,,,,0.026349,,0.713927
tid_1315,1315,0,44,Костромская область,муниципальный район,False,34-614-000-000,34614000,matched,Костромской муниципальный район,40577,0,0,matched,Костромской муниципальный район,41653,0.26968,40577,rosstat_2024,matched,42303.6,matched,5810,139.485751,0.056799,,0.10654,0.09759,0.019793,0.551807
tid_1316,1316,1,44,Костромская область,муниципальный район,False,34-616-000-000,34616000,matched,Красносельский муниципальный район,16012,6967,0.435111,matched,Красносельский муниципальный район,16115,0.24412,16012,rosstat_2024,matched,64271.8,matched,4249,263.667391,,,0.51165,0.064015,0.01012,0.282655
tid_1317,1317,1,44,Костромская область,муниципальный район,False,34-618-000-000,34618000,matched,Макарьевский муниципальный район,9933,5408,0.544448,matched,Макарьевский муниципальный район,10096,0.4063,9933,rosstat_2024,matched,34250.4,matched,1383,136.984945,,,0.002169,0.031092,0.017354,0.696312
tid_1319,1319,1,44,Костромская область,муниципальный округ,False,34-522-000-000,34522000,matched,Межевской муниципальный округ,2703,0,0,matched,Межевской муниципальный округ,2809,0.38163,2703,rosstat_2024,matched,36495.1,matched,470,167.319331,,,,0.031915,,0.659574
tid_1320,1320,1,44,Костромская область,муниципальный округ,False,34-524-000-000,34524000,matched,Нейский муниципальный округ,9904,7544,0.761712,matched,Нейский муниципальный округ,10065,0.342375,9904,rosstat_2024,matched,41381,matched,1925,191.256831,0.073766,,,0.042078,0.007273,0.648312
tid_1321,1321,1,44,Костромская область,муниципальный район,False,34-626-000-000,34626000,matched,Муниципальный район город Нерехта и Нерехтский район,27921,19141,0.685541,matched,Муниципальный район город Нерехта и Нерехтский район,28471,0.316357,27921,rosstat_2024,matched,44505.2,matched,4924,172.947912,0.000812,,0.336109,0.052396,0.013404,0.403534
tid_1322,1322,1,44,Костромская область,муниципальный район,False,34-628-000-000,34628000,matched,Октябрьский муниципальный район,3257,0,0,matched,Октябрьский муниципальный район,3343,0.346695,3257,rosstat_2024,matched,35094,matched,464,138.797487,,,,,0.019397,
tid_1323,1323,1,44,Костромская область,муниципальный район,False,34-630-000-000,34630000,no_code_match,,,,,matched,Островский муниципальный район,8904,0.337376,8904,bdpmo_2023,matched,37307.8,matched,1529,171.720575,,,,0.032701,,0.697842
tid_1324,1324,1,44,Костромская область,муниципальный район,False,34-632-000-000,34632000,no_code_match,,,,,matched,Павинский муниципальный район,3003,0.378954,3003,bdpmo_2023,matched,34064.1,matched,497,165.501166,,,,,,0.684105
tid_1325,1325,1,44,Костромская область,муниципальный округ,False,34-534-000-000,34534000,matched,Парфеньевский муниципальный округ,4283,0,0,matched,Парфеньевский муниципальный округ,4385,0.330901,4283,rosstat_2024,matched,35769.7,matched,670,152.793615,,,,0.01194,,0.735821
tid_1326,1326,3,44,Костромская область,муниципальный округ,False,34-536-000-000,34536000,matched,Поназыревский муниципальный округ,4593,2873,0.625517,no_code_match,,,,4593,rosstat_2024,matched,37363.5,matched,788,171.565426,,,,0.025381,0.021574,
tid_1327,1327,1,44,Костромская область,муниципальный округ,False,34-538-000-000,34538000,matched,Пыщугский муниципальный округ,3269,0,0,no_code_match,,,,3269,rosstat_2024,matched,35698,matched,580,177.424289,,,,0.041379,0.015517,
tid_1328,1328,1,44,Костромская область,муниципальный район,False,34-640-000-000,34640000,no_code_match,,,,,matched,Солигаличский муниципальный район,7721,0.294262,7721,bdpmo_2023,matched,41554.7,matched,1454,188.317575,,,,0.028198,,0.499312
tid_1329,1329,1,44,Костромская область,муниципальный район,False,34-642-000-000,34642000,matched,Судиславский муниципальный район,10748,4100,0.381466,matched,Судиславский муниципальный район,10893,0.293675,10748,rosstat_2024,matched,45955.7,matched,2134,195.905627,0.017338,,0.266167,0.035145,0.019681,0.517338
tid_1330,1330,1,44,Костромская область,муниципальный район,False,34-644-000-000,34644000,matched,Сусанинский муниципальный район,5566,2958,0.531441,matched,Сусанинский муниципальный район,5670,0.354674,5566,rosstat_2024,matched,39964.1,matched,1389,244.973545,0.0036,,,0.010079,0.011519,0.466523
tid_1331,1331,1,44,Костромская область,муниципальный район,False,34-646-000-000,34646000,matched,Чухломский муниципальный район,7653,4111,0.537175,matched,Чухломский муниципальный район,7779,0.312765,7653,rosstat_2024,matched,33380.7,matched,1168,150.147834,,,,0.047089,,0.654966
tid_1333,1333,0,45,Курганская область,городской округ,False,37-701-000-000,37701000,matched,Городской округ г Курган,302354,302354,1,matched,Город Курган,305505,0.270663,302354,rosstat_2024,matched,60705.4,matched,92108,301.494247,0.004288,,0.321764,0.068355,0.006568,0.3648
tid_1334,1334,0,45,Курганская область,городской округ,False,37-705-000-000,37705000,matched,Городской округ г Шадринск,67884,67884,1,matched,Город Шадринск,68102,0.268347,67884,rosstat_2024,matched,52654.7,matched,16864,247.628557,0.004092,,0.334974,0.053843,0.004981,0.399846
tid_1335,1335,1,45,Курганская область,муниципальный округ,False,37-502-000-000,37502000,matched,Альменевский муниципальный округ,7380,0,0,matched,Альменевский муниципальный округ,7642,0.35161,7380,rosstat_2024,matched,35249.4,matched,988,129.285527,,,,0.022267,,0.718623
tid_1336,1336,1,45,Курганская область,муниципальный округ,False,37-504-000-000,37504000,matched,Белозерский муниципальный округ,12696,0,0,no_code_match,,,,12696,rosstat_2024,matched,37578.6,matched,1729,136.184625,,,,0.034124,,0.602082
tid_1337,1337,1,45,Курганская область,муниципальный район,False,37-606-000-000,37606000,no_code_match,,,,,matched,Варгашинский муниципальный район,15728,0.296668,15728,bdpmo_2023,matched,45596.3,matched,2739,174.148016,0.015334,,0.110259,0.042351,,0.454545
tid_1338,1338,1,45,Курганская область,муниципальный район,False,37-608-000-000,37608000,no_code_match,,,,,matched,Далматовский муниципальный район,22530,0.333333,22530,bdpmo_2023,matched,48041.3,matched,4906,217.754106,,,0.105177,0.038524,0.008969,0.448634
tid_1339,1339,1,45,Курганская область,муниципальный округ,False,37-509-000-000,37509000,matched,Звериноголовский муниципальный округ,6573,0,0,no_code_match,,,,6573,rosstat_2024,matched,33807.4,matched,1051,159.896546,,,,0.049477,,0.708849
tid_1340,1340,1,45,Курганская область,муниципальный округ,False,37-510-000-000,37510000,matched,Каргапольский муниципальный округ,25283,11433,0.452201,no_code_match,,,,25283,rosstat_2024,matched,41304,matched,3371,133.330697,0.020765,,0.106497,0.04776,,0.614061
tid_1341,1341,1,45,Курганская область,муниципальный район,False,37-612-000-000,37612000,no_code_match,,,,,matched,Катайский муниципальный район,18844,0.309913,18844,bdpmo_2023,matched,41386.8,matched,3320,176.183401,0.024699,,0.227108,0.048795,,0.506627
tid_1343,1343,1,45,Курганская область,муниципальный округ,False,37-516-000-000,37516000,matched,Куртамышский муниципальный округ,24231,14729,0.607858,matched,Куртамышский муниципальный округ,24519,0.302459,24231,rosstat_2024,matched,38512.8,matched,3778,154.084587,0.141345,,0.004235,0.047115,,0.600582
tid_1344,1344,1,45,Курганская область,муниципальный округ,False,37-518-000-000,37518000,matched,Лебяжьевский муниципальный округ,10941,5361,0.489992,matched,Лебяжьевский муниципальный округ,11131,0.317402,10941,rosstat_2024,matched,38072.7,matched,1540,138.352349,0.005844,,,0.048701,,0.651948
tid_1345,1345,1,45,Курганская область,муниципальный округ,False,37-520-000-000,37520000,matched,Макушинский муниципальный округ,11993,6701,0.558743,matched,Макушинский муниципальный округ,12243,0.288736,11993,rosstat_2024,matched,43644.1,matched,2402,196.193743,,,,0.041216,,0.542465
tid_1346,1346,1,45,Курганская область,муниципальный округ,False,37-522-000-000,37522000,matched,Мишкинский муниципальный округ,12441,6471,0.520135,no_code_match,,,,12441,rosstat_2024,matched,39381.4,matched,2350,188.891568,0.092766,,,0.037021,,0.554894
tid_1347,1347,1,45,Курганская область,муниципальный округ,False,37-524-000-000,37524000,matched,Мокроусовский муниципальный округ,8983,0,0,no_code_match,,,,8983,rosstat_2024,matched,35697.1,matched,1285,143.04798,0.007782,,,0.03035,,0.637354
tid_1348,1348,1,45,Курганская область,муниципальный округ,False,37-526-000-000,37526000,matched,Петуховский муниципальный округ,13666,8342,0.61042,matched,Петуховский муниципальный округ,13881,0.298682,13666,rosstat_2024,matched,39253,matched,2199,158.417981,,,,0.072306,,0.625739
tid_1349,1349,1,45,Курганская область,муниципальный округ,False,37-528-000-000,37528000,matched,Половинский муниципальный округ,7740,0,0,no_code_match,,,,7740,rosstat_2024,matched,35896.8,matched,1311,169.379845,,,,0.039664,,0.657513
tid_1350,1350,1,45,Курганская область,муниципальный район,False,37-630-000-000,37630000,no_code_match,,,,,matched,Притобольный муниципальный район,9866,0.368336,9866,bdpmo_2023,matched,39295.2,matched,1343,136.124062,0.069248,,,0.038719,,0.650037
tid_1351,1351,0,45,Курганская область,муниципальный округ,False,37-532-000-000,37532000,matched,Сафакулевский муниципальный округ,10385,0,0,no_code_match,,,,10385,rosstat_2024,matched,33796.7,matched,1486,143.090997,0.176312,,,0.026918,,0.576716
tid_1352,1352,1,45,Курганская область,муниципальный округ,False,37-534-000-000,37534000,matched,Целинный муниципальный округ,11754,0,0,matched,Целинный муниципальный округ,12006,0.355406,11754,rosstat_2024,matched,34903.4,matched,1608,133.933033,0.084577,,,0.03296,,0.649876
tid_1353,1353,0,45,Курганская область,муниципальный округ,False,37-536-000-000,37536000,matched,Частоозерский муниципальный округ,4540,0,0,no_code_match,,,,4540,rosstat_2024,matched,36129.4,matched,661,145.594714,,,,0.018154,,0.656581
tid_1355,1355,1,45,Курганская область,муниципальный округ,False,37-540-000-000,37540000,matched,Шатровский муниципальный округ,13663,0,0,matched,Шатровский муниципальный округ,13903,0.34489,13663,rosstat_2024,matched,35430.6,matched,1985,142.774941,0.040806,,,0.034761,,0.474055
tid_1356,1356,1,45,Курганская область,муниципальный округ,False,37-542-000-000,37542000,matched,Шумихинский муниципальный округ,23519,16121,0.685446,matched,Шумихинский муниципальный округ,23733,0.297897,23519,rosstat_2024,matched,44076.2,matched,3509,147.8532,,,0.051582,0.054716,,0.472499
tid_1357,1357,1,45,Курганская область,муниципальный округ,False,37-544-000-000,37544000,matched,Щучанский муниципальный округ,15866,7924,0.499433,no_code_match,,,,15866,rosstat_2024,matched,43147.6,matched,3739,235.661162,0.059909,,0.130516,0.030757,,0.554426
tid_1358,1358,1,45,Курганская область,муниципальный округ,False,37-546-000-000,37546000,matched,Юргамышский муниципальный округ,15694,6433,0.409902,no_code_match,,,,15694,rosstat_2024,matched,49800.6,matched,3573,227.666624,0.057655,,0.094039,0.030227,,0.492583
tid_1392,1392,1,47,Ленинградская область,муниципальный район,False,41-603-000-000,41603000,no_code_match,,,,,matched,Бокситогорский муниципальный район,50977,0.293721,50977,bdpmo_2023,matched,63511.6,matched,9693,190.144575,0.029609,,0.361498,0.046219,0.004127,0.324048
tid_1393,1393,1,47,Ленинградская область,муниципальный район,False,41-606-000-000,41606000,no_code_match,,,,,matched,Волосовский муниципальный район,50211,0.259485,50211,bdpmo_2023,matched,57428.7,matched,6640,132.241939,0.136747,,0.145783,0.080422,,0.412952
tid_1394,1394,0,47,Ленинградская область,муниципальный район,False,41-609-000-000,41609000,no_code_match,,,,,matched,Волховский муниципальный район,79417,0.301976,79417,bdpmo_2023,matched,64265,matched,19893,250.487931,0.042226,,0.245212,0.076208,0.005077,0.296888
tid_1395,1395,2,47,Ленинградская область,муниципальный район,False,41-612-000-000,41612000,no_code_match,,,,,matched,Всеволожский муниципальный район,554288,0.185312,554288,bdpmo_2023,matched,81884.5,matched,71751,129.447147,0.023066,0.002564,0.215007,0.217642,0.0137,0.295355
tid_1396,1396,0,47,Ленинградская область,муниципальный район,False,41-615-000-000,41615000,no_code_match,,,,,matched,Выборгский муниципальный район,195374,0.283932,195374,bdpmo_2023,matched,77711.2,matched,41111,210.422062,0.032473,0.049622,0.180292,0.059789,0.009414,0.304176
tid_1397,1397,2,47,Ленинградская область,муниципальный район,False,41-618-000-000,41618000,no_code_match,,,,,matched,Гатчинский муниципальный район,261898,0.275096,261898,bdpmo_2023,matched,69875.3,matched,47082,179.772278,0.022896,0.000149,0.232042,0.078777,0.004545,0.36326
tid_1398,1398,0,47,Ленинградская область,муниципальный район,False,41-621-000-000,41621000,no_code_match,,,,,matched,Кингисеппский муниципальный район,83838,0.263365,83838,bdpmo_2023,matched,99515,matched,32678,389.775519,0.013097,,0.145909,0.048932,0.00765,0.181988
tid_1399,1399,0,47,Ленинградская область,муниципальный район,False,41-624-000-000,41624000,no_code_match,,,,,matched,Киришский муниципальный район,59877,0.284617,59877,bdpmo_2023,matched,73700.4,matched,19604,327.404513,0.017802,,0.364109,0.073556,0.028055,0.226892
tid_14,14,0,4,Республика Алтай,муниципальный район,False,84-625-000-000,84625000,matched,Турочакский муниципальный район,10794,0,0,matched,Турочакский муниципальный район,10960,0.222628,10794,rosstat_2024,matched,46431.3,matched,1934,176.459854,,,,0.033609,,0.68304
tid_1400,1400,0,47,Ленинградская область,муниципальный район,False,41-625-000-000,41625000,no_code_match,,,,,matched,Кировский муниципальный район,108460,0.280841,108460,bdpmo_2023,matched,74531.1,matched,20820,191.96017,0.167579,0.002498,0.228866,0.068876,,0.269116
tid_1401,1401,1,47,Ленинградская область,муниципальный район,False,41-627-000-000,41627000,no_code_match,,,,,matched,Лодейнопольский муниципальный район,27548,0.293706,27548,bdpmo_2023,matched,49754,matched,4945,179.504864,0.06269,,,0.064307,,0.500303
tid_1402,1402,2,47,Ленинградская область,муниципальный район,False,41-630-000-000,41630000,no_code_match,,,,,matched,Ломоносовский муниципальный район,85329,0.23127,85329,bdpmo_2023,matched,98019.2,matched,19497,228.492072,0.052675,,0.372519,0.189414,0.006463,0.173052
tid_1403,1403,0,47,Ленинградская область,муниципальный район,False,41-633-000-000,41633000,no_code_match,,,,,matched,Лужский муниципальный район,75307,0.31592,75307,bdpmo_2023,matched,59305,matched,10088,133.958331,0.057197,,0.182891,0.106959,0.048672,0.480571
tid_1404,1404,1,47,Ленинградская область,муниципальный район,False,41-636-000-000,41636000,no_code_match,,,,,matched,Подпорожский муниципальный район,25508,0.34989,25508,bdpmo_2023,matched,51335.7,matched,3969,155.598244,,,0.132527,0.069791,,0.546485
tid_1405,1405,0,47,Ленинградская область,муниципальный район,False,41-639-000-000,41639000,no_code_match,,,,,matched,Приозерский муниципальный район,57047,0.316826,57047,bdpmo_2023,matched,59358.4,matched,11334,198.678283,0.110552,,0.107552,0.073584,0.012088,0.362802
tid_1406,1406,1,47,Ленинградская область,муниципальный район,False,41-642-000-000,41642000,no_code_match,,,,,matched,Сланцевский муниципальный район,45192,0.291047,45192,bdpmo_2023,matched,61018.6,matched,5849,129.425562,0.050094,,0.213028,0.073175,,0.43922
tid_1407,1407,0,47,Ленинградская область,муниципальный район,False,41-645-000-000,41645000,no_code_match,,,,,matched,Тихвинский муниципальный район,66266,0.306326,66266,bdpmo_2023,matched,63599.6,matched,17883,269.8669,0.019236,,0.48493,0.05413,,0.264609
tid_1408,1408,0,47,Ленинградская область,муниципальный район,False,41-648-000-000,41648000,no_code_match,,,,,matched,Тосненский муниципальный район,133109,0.259509,133109,bdpmo_2023,matched,68022.4,matched,24403,183.330954,0.032619,0.000738,0.240093,0.17756,0.001434,0.270213
tid_1409,1409,2,47,Ленинградская область,городской округ,False,41-754-000-000,41754000,no_code_match,,,,,matched,Сосновоборский,64121,0.284759,64121,bdpmo_2023,matched,103584.8,matched,23721,369.941205,,,0.07213,0.04026,0.020109,0.152945
tid_1410,1410,2,48,Липецкая область,городской округ,False,42-701-000-000,42701000,no_code_match,,,,,matched,Город Липецк,490428,0.254747,490428,bdpmo_2023,matched,64336.9,matched,127940,260.874175,0.007527,,0.320439,0.092309,0.004674,0.3393
tid_1411,1411,0,48,Липецкая область,городской округ,False,42-715-000-000,42715000,no_code_match,,,,,matched,Город Елец,96918,0.263357,96918,bdpmo_2023,matched,50984.5,matched,23136,238.717266,,0.020401,0.283411,0.06103,0.007132,0.367436
tid_1412,1412,1,48,Липецкая область,муниципальный район,False,42-603-000-000,42603000,no_code_match,,,,,matched,Воловский муниципальный район,12561,0.298702,12561,bdpmo_2023,matched,42462.7,matched,1623,129.209458,0.179914,,,0.043746,,0.593962
tid_1413,1413,0,48,Липецкая область,муниципальный район,False,42-606-000-000,42606000,no_code_match,,,,,matched,Грязинский муниципальный район,77162,0.270444,77162,bdpmo_2023,matched,62490.2,matched,14904,193.15207,0.052335,,0.379697,0.049517,0.004831,0.29643
tid_1414,1414,1,48,Липецкая область,муниципальный район,False,42-609-000-000,42609000,no_code_match,,,,,matched,Данковский муниципальный район,31727,0.297633,31727,bdpmo_2023,matched,48452.8,matched,6689,210.829893,0.260428,,0.147855,0.047391,,0.343699
tid_1415,1415,1,48,Липецкая область,муниципальный район,False,42-612-000-000,42612000,no_code_match,,,,,matched,Добринский муниципальный район,32556,0.29503,32556,bdpmo_2023,matched,53817.6,matched,4551,139.7899,0.314217,,,0.034937,,0.422544
tid_1416,1416,1,48,Липецкая область,муниципальный район,False,42-615-000-000,42615000,no_code_match,,,,,matched,Добровский муниципальный район,26851,0.326766,26851,bdpmo_2023,matched,43185.2,matched,3761,140.069271,0.272268,,0.017283,0.047062,0.022866,0.4887
tid_1417,1417,1,48,Липецкая область,муниципальный район,False,42-618-000-000,42618000,no_code_match,,,,,matched,Долгоруковский муниципальный район,16041,0.304844,16041,bdpmo_2023,matched,46928.4,matched,2702,168.443364,0.256107,,,0.035159,,0.46003
tid_1419,1419,1,48,Липецкая область,муниципальный район,False,42-624-000-000,42624000,no_code_match,,,,,matched,Задонский муниципальный район,33711,0.318353,33711,bdpmo_2023,matched,52298.9,matched,5878,174.364451,0.244131,,0.076046,0.046785,0.010888,0.426676
tid_1420,1420,1,48,Липецкая область,муниципальный район,False,42-627-000-000,42627000,no_code_match,,,,,matched,Измалковский муниципальный район,14930,0.304488,14930,bdpmo_2023,matched,44710.7,matched,2372,158.874749,0.245363,,,0.072513,0.01855,
tid_1421,1421,1,48,Липецкая область,муниципальный район,False,42-630-000-000,42630000,no_code_match,,,,,matched,Краснинский муниципальный район,13303,0.28114,13303,bdpmo_2023,matched,52090.7,matched,2413,181.387657,0.210941,,,0.042685,,0.393286
tid_1422,1422,1,48,Липецкая область,муниципальный район,False,42-633-000-000,42633000,no_code_match,,,,,matched,Лебедянский муниципальный район,39264,0.278907,39264,bdpmo_2023,matched,54595.9,matched,10816,275.468623,0.155418,,0.384985,0.104013,0.002866,0.220137
tid_1423,1423,1,48,Липецкая область,муниципальный район,False,42-636-000-000,42636000,no_code_match,,,,,matched,Лев-Толстовский муниципальный район,16391,0.254957,16391,bdpmo_2023,matched,49613.2,matched,2816,171.801598,0.301136,,,0.045099,0.012429,
tid_1425,1425,1,48,Липецкая область,муниципальный район,False,42-642-000-000,42642000,no_code_match,,,,,matched,Становлянский муниципальный район,16432,0.294791,16432,bdpmo_2023,matched,49907.3,matched,2645,160.966407,0.162193,,,0.046125,,
tid_1426,1426,1,48,Липецкая область,муниципальный район,False,42-645-000-000,42645000,no_code_match,,,,,matched,Тербунский муниципальный район,20572,0.270076,20572,bdpmo_2023,matched,50957.1,matched,4598,223.50768,0.174641,,0.250979,0.043715,,
tid_1427,1427,1,48,Липецкая область,муниципальный район,False,42-648-000-000,42648000,no_code_match,,,,,matched,Усманский муниципальный район,49307,0.278013,49307,bdpmo_2023,matched,66275,matched,7177,145.557426,0.284938,,0.066741,0.039989,,0.482653
tid_1428,1428,1,48,Липецкая область,муниципальный район,False,42-652-000-000,42652000,no_code_match,,,,,matched,Хлевенский муниципальный район,18518,0.317043,18518,bdpmo_2023,matched,47635.9,matched,3137,169.402743,0.143768,,,0.083838,,0.424609
tid_1429,1429,1,48,Липецкая область,муниципальный район,False,42-656-000-000,42656000,no_code_match,,,,,matched,Чаплыгинский муниципальный район,30120,0.268625,30120,bdpmo_2023,matched,49601.2,matched,5025,166.832669,0.181095,,0.13592,0.069453,0.01194,0.389851
tid_1430,1430,0,49,Магаданская область,городской округ,False,44-701-000-000,44701000,matched,Городской округ город Магадан,94768,94768,1,matched,Город Магадан,95408,0.193453,94768,rosstat_2024,matched,135145.6,matched,31086,325.821734,0.026668,,0.015956,0.043685,0.013543,0.489288
tid_1431,1431,3,49,Магаданская область,муниципальный округ,False,44-502-000-000,44502000,matched,Ольский муниципальный округ,8658,5704,0.658813,no_code_match,,,,8658,rosstat_2024,matched,99260.3,matched,1931,223.030723,,,,,,0.651476
tid_1438,1438,3,49,Магаданская область,муниципальный округ,False,44-522-000-000,44522000,matched,Ягоднинский муниципальный округ,5934,5925,0.998483,no_code_match,,,,5934,rosstat_2024,matched,148808.2,matched,4529,763.228851,,0.4862,,,,0.224332
tid_1439,1439,2,50,Московская область,городской округ,False,46-704-000-000,46704000,matched,Городской округ Балашиха,554248,530311,0.956812,matched,Балашиха,549846,0.218994,554248,rosstat_2024,matched,86622.4,matched,61641,112.105935,,,0.141691,0.228987,0.00962,0.36015
tid_1440,1440,0,50,Московская область,городской округ,False,46-705-000-000,46705000,matched,Городской округ Бронницы,20981,20981,1,matched,Бронницы,21294,0.227529,20981,rosstat_2024,matched,69765.3,matched,5496,258.100873,,,0.303675,0.119905,0.014556,
tid_1443,1443,2,50,Московская область,городской округ,False,46-711-000-000,46711000,matched,Городской округ Дзержинский,57434,57434,1,matched,Дзержинский,57700,0.216898,57434,rosstat_2024,matched,91279.6,matched,12068,209.15078,,,0.305519,0.138548,0.010938,0.155784
tid_1444,1444,2,50,Московская область,городской округ,False,46-716-000-000,46716000,matched,Городской округ Долгопрудный,119089,119089,1,matched,Долгопрудный,119957,0.226406,119089,rosstat_2024,matched,117128.7,matched,21222,176.913394,,,0.226746,0.228489,0.006456,0.295637
tid_1445,1445,2,50,Московская область,городской округ,False,46-709-000-000,46709000,matched,Городской округ Домодедово,226573,156681,0.691525,matched,Домодедово,222807,0.218584,226573,rosstat_2024,matched,98184.7,matched,65354,293.321125,0.011904,,0.070325,0.238838,0.042369,0.18259
tid_1446,1446,2,50,Московская область,городской округ,False,46-718-000-000,46718000,matched,Городской округ Дубна,74032,74032,1,matched,Дубна,74193,0.298748,74032,rosstat_2024,matched,98390,matched,17702,238.593937,,,0.423907,0.047791,0.005197,0.277991
tid_1447,1447,0,50,Московская область,городской округ,False,46-722-000-000,46722000,matched,Городской округ Егорьевск,111759,73951,0.661701,matched,Егорьевск,111398,0.267779,111759,rosstat_2024,matched,70495.4,matched,20276,182.01404,0.009371,,0.376011,0.064559,0.012182,0.35362
tid_1448,1448,2,50,Московская область,городской округ,False,46-725-000-000,46725000,matched,Городской округ Жуковский,110083,110083,1,matched,Жуковский,110507,0.249423,110083,rosstat_2024,matched,100376.7,matched,27627,250.002262,,,0.087559,0.104463,0.006298,0.248127
tid_1449,1449,0,50,Московская область,городской округ,False,46-729-000-000,46729000,matched,Городской округ Зарайск,36618,20383,0.556639,matched,Зарайск,36534,0.270105,36618,rosstat_2024,matched,54965.2,matched,5449,149.148738,0.156726,,0.141127,0.055239,,0.399156
tid_1453,1453,2,50,Московская область,городской округ,False,46-733-000-000,46733000,matched,Городской округ Истра,171213,70812,0.41359,matched,Истра,172848,0.236051,171213,rosstat_2024,matched,93404.9,matched,36659,212.088077,0.009902,,0.220301,0.24466,0.052784,0.209362
tid_1454,1454,0,50,Московская область,городской округ,False,46-735-000-000,46735000,matched,Городской округ Кашира,65747,44551,0.677613,matched,Кашира,66371,0.252731,65747,rosstat_2024,matched,70270,matched,15165,228.488346,0.102473,,0.23396,0.080382,0.010748,0.248928
tid_1456,1456,2,50,Московская область,городской округ,False,46-734-000-000,46734000,matched,Городской округ Королёв,226007,226007,1,matched,Королев,226936,0.221186,226007,rosstat_2024,matched,100514.8,matched,47612,209.803645,,,0.220617,0.073448,0.015647,0.255146
tid_1457,1457,2,50,Московская область,городской округ,False,46-739-000-000,46739000,matched,Городской округ Котельники,72311,72311,1,matched,Котельники,68758,0.133003,72311,rosstat_2024,matched,103526.5,matched,10858,157.91617,,,0.09569,0.470621,0.033432,0.166605
tid_1459,1459,2,50,Московская область,городской округ,False,46-744-000-000,46744000,matched,Городской округ Красногорск,335991,248575,0.739826,matched,Красногорск,324754,0.188349,335991,rosstat_2024,matched,116060.7,matched,93319,287.352889,,,0.096058,0.166493,0.013384,0.338934
tid_1461,1461,2,50,Московская область,городской округ,False,46-740-000-000,46740000,matched,Городской округ Лобня,81143,81143,1,matched,Лобня,81968,0.209057,81143,rosstat_2024,matched,124486.4,matched,24355,297.128148,,,0.113324,0.106467,0.003777,0.137426
tid_1463,1463,0,50,Московская область,городской округ,False,46-747-000-000,46747000,matched,Городской округ Луховицы,61079,35776,0.585733,matched,Луховицы,60722,0.268667,61079,rosstat_2024,matched,77869.4,matched,14403,237.195745,0.116642,,0.283691,0.055683,0.010762,0.245088
tid_1464,1464,2,50,Московская область,городской округ,False,46-741-000-000,46741000,matched,Городской округ Лыткарино,66526,66526,1,matched,Лыткарино,66079,0.233342,66526,rosstat_2024,matched,93063.4,matched,11618,175.819852,,,0.394818,0.095541,0.013686,0.162679
tid_1465,1465,2,50,Московская область,городской округ,False,46-748-000-000,46748000,matched,Городской округ Люберцы,364888,346198,0.948779,matched,Люберцы,356489,0.23263,364888,rosstat_2024,matched,95882,matched,57859,162.302343,,,0.148793,0.182495,0.008521,0.318498
tid_1467,1467,2,50,Московская область,городской округ,False,46-746-000-000,46746000,matched,Городской округ Мытищи,309564,275313,0.889357,matched,Мытищи,299964,0.190566,309564,rosstat_2024,matched,93877.4,matched,75059,250.226694,0.000493,,0.166989,0.277115,0.017,0.272452
tid_1468,1468,2,50,Московская область,городской округ,False,46-750-000-000,46750000,matched,Наро-Фоминский городской округ,198501,157858,0.79525,matched,Наро-Фоминский,194589,0.19184,198501,rosstat_2024,matched,74749.2,matched,27914,143.451069,0.023787,,0.245504,0.171419,0.019739,0.308591
tid_1472,1472,2,50,Московская область,городской округ,False,46-760-000-000,46760000,matched,Городской округ Подольск,350634,312911,0.892415,matched,Подольск,350268,0.222475,350634,rosstat_2024,matched,147439.8,matched,94640,270.193109,,,0.228128,0.240501,0.015585,0.186866
tid_1473,1473,0,50,Московская область,городской округ,False,46-767-000-000,46767000,matched,Городской округ Протвино,37221,37221,1,matched,Протвино,36985,0.301068,37221,rosstat_2024,matched,74037.2,matched,8069,218.169528,,,0.219482,0.037923,,0.236832
tid_1474,1474,0,50,Московская область,городской округ,False,46-762-000-000,46762000,matched,Городской округ Пущино,19342,19342,1,matched,Пущино,19392,0.320338,19342,rosstat_2024,matched,75689.1,matched,3397,175.17533,,,,0.109214,,
tid_1475,1475,2,50,Московская область,городской округ,False,46-764-000-000,46764000,matched,Городской округ Реутов,112070,112070,1,matched,Реутов,113140,0.223511,112070,rosstat_2024,matched,87814.7,matched,19566,172.936185,,,0.092303,0.173464,0.019115,0.364408
tid_1477,1477,0,50,Московская область,городской округ,False,46-766-000-000,46766000,matched,Рузский городской округ,79874,38384,0.480557,matched,Рузский,79513,0.285601,79874,rosstat_2024,matched,77927.4,matched,16371,205.890861,0.001466,0.050944,0.183373,0.094985,0.014355,0.40474
tid_1478,1478,1,50,Московская область,городской округ,False,46-772-000-000,46772000,matched,Городской округ Серебряные Пруды,23278,8736,0.37529,matched,Серебряные Пруды,23475,0.268541,23278,rosstat_2024,matched,60610.8,matched,4142,176.443024,0.066634,,,0.070739,,
tid_1480,1480,2,50,Московская область,городской округ,False,46-776-000-000,46776000,matched,Городской округ Ступино,118129,80082,0.67792,matched,Ступино,118268,0.262911,118129,rosstat_2024,matched,79652,matched,34265,289.72334,0.022268,,0.384912,0.081249,0.004144,0.233037
tid_1481,1481,2,50,Московская область,городской округ,False,46-780-000-000,46780000,matched,Городской округ Фрязино,58677,58661,0.999727,matched,Фрязино,59622,0.243551,58677,rosstat_2024,matched,109113.8,matched,16515,276.995069,,,0.661399,0.065758,0.007206,0.130306
tid_1483,1483,0,50,Московская область,городской округ,False,46-781-000-000,46781000,matched,Городской округ Черноголовка,21254,18472,0.869107,matched,Черноголовка,21789,0.296572,21254,rosstat_2024,matched,120913.9,matched,9949,456.606545,,,0.145442,0.520253,,0.06674
tid_1484,1484,2,50,Московская область,городской округ,False,46-784-000-000,46784000,matched,Городской округ Чехов,146643,91414,0.623378,matched,Чехов,146908,0.211833,146643,rosstat_2024,matched,75162.3,matched,24876,169.330465,0.007155,,0.215187,0.157622,0.011376,0.377914
tid_1486,1486,0,50,Московская область,городской округ,False,46-787-000-000,46787000,matched,Городской округ Шаховская,29743,12729,0.427966,matched,Шаховская,29700,0.262256,29743,rosstat_2024,matched,62235.9,matched,3397,114.377104,,,0.108037,0.138946,,
tid_1488,1488,2,50,Московская область,городской округ,False,46-790-000-000,46790000,matched,Городской округ Электросталь,150729,141778,0.940615,matched,Электросталь,152190,0.228846,150729,rosstat_2024,matched,118347.4,matched,29142,191.484329,,,0.43638,0.12995,0.020932,0.24638
tid_1489,1489,0,50,Московская область,городской округ,False,46-708-000-000,46708000,matched,Волоколамский городской округ,64721,28886,0.446316,matched,Волоколамский,65122,0.319139,64721,rosstat_2024,matched,66102.7,matched,8876,136.298025,0.077963,,0.120662,0.072443,0.008112,0.42215
tid_1490,1490,0,50,Московская область,городской округ,False,46-710-000-000,46710000,matched,Городской округ Воскресенск,160755,121950,0.758608,matched,Воскресенск,160613,0.245634,160755,rosstat_2024,matched,74513.3,matched,23254,144.782801,0.010837,,0.294573,0.105702,0.005418,0.284381
tid_1491,1491,2,50,Московская область,городской округ,False,46-715-000-000,46715000,matched,Дмитровский городской округ,163081,97516,0.597961,matched,Дмитровский,164318,0.233961,163081,rosstat_2024,matched,76323.5,matched,39110,238.014095,0.041907,,0.272079,0.13976,0.01079,0.250499
tid_1492,1492,0,50,Московская область,городской округ,False,46-737-000-000,46737000,matched,Городской округ Клин,148545,106020,0.713723,matched,Клин,148369,0.27098,148545,rosstat_2024,matched,69842.4,matched,22225,149.795442,,,0.347357,0.092373,0.039055,0.300697
tid_1493,1493,2,50,Московская область,городской округ,False,46-707-000-000,46707000,matched,Ленинский городской округ,327211,195025,0.596022,matched,Ленинский,309204,0.127722,327211,rosstat_2024,matched,99489.7,matched,42214,136.524754,,,0.114559,0.273393,0.013337,0.211423
tid_1494,1494,1,50,Московская область,городской округ,False,46-752-000-000,46752000,matched,Городской округ Лотошино,21886,6160,0.281458,matched,Лотошино,21919,0.292988,21886,rosstat_2024,matched,51628.3,matched,1968,89.785118,0.083841,,,0.07063,,
tid_1495,1495,0,50,Московская область,городской округ,False,46-745-000-000,46745000,matched,Можайский городской округ,92529,36699,0.396622,matched,Можайский,92519,0.272117,92529,rosstat_2024,matched,62005.2,matched,12245,132.351193,0.067783,,0.232748,0.078808,0.018212,0.395263
tid_1496,1496,0,50,Московская область,городской округ,False,46-751-000-000,46751000,matched,Богородский городской округ,220062,168622,0.766248,matched,Богородский,218485,0.277044,220062,rosstat_2024,matched,88119.4,matched,56676,259.404536,0.010728,,0.280119,0.244389,0.025725,0.213794
tid_15,15,0,4,Республика Алтай,муниципальный район,False,84-630-000-000,84630000,matched,Улаганский муниципальный район,11926,0,0,matched,Улаганский муниципальный район,11798,0.131378,11926,rosstat_2024,matched,52337.2,matched,1984,168.164096,,,,0.02873,,0.823589
tid_1500,1500,2,50,Московская область,городской округ,False,46-768-000-000,46768000,matched,Раменский городской округ,338109,176885,0.52316,matched,Раменский,334391,0.249645,338109,rosstat_2024,matched,82690.5,matched,57358,171.529736,0.038199,0.002336,0.211095,0.208567,0.003504,0.227797
tid_1501,1501,2,50,Московская область,городской округ,False,46-728-000-000,46728000,matched,Сергиево-Посадский городской округ,207827,160527,0.772407,matched,Сергиево-Посадский,209616,0.252352,207827,rosstat_2024,matched,75172.2,matched,48783,232.725555,0.004899,,0.292663,0.067831,0.00861,0.295328
tid_1504,1504,0,50,Московская область,городской округ,False,46-778-000-000,46778000,matched,Талдомский городской округ,64165,46051,0.717697,matched,Талдомский,64223,0.296358,64165,rosstat_2024,matched,71718.4,matched,7255,112.96576,0.01213,,0.233218,0.082839,0.019711,0.35162
tid_1506,1506,2,51,Мурманская область,городской округ,False,47-701-000-000,47701000,matched,Городской округ город-герой Мурманск,266681,266681,1,matched,Город-герой Мурманск,267422,0.229289,266681,rosstat_2024,matched,109287.2,matched,84486,315.927635,0.049996,0.011387,0.066366,0.073172,0.01244,0.408648
tid_1507,1507,0,51,Мурманская область,муниципальный округ,False,47-519-000-000,47519000,matched,Муниципальный округ город Апатиты,48277,48262,0.999689,matched,Город Апатиты,48763,0.241802,48277,rosstat_2024,matched,87323,matched,12790,262.289031,,,0.105238,0.059109,0.007662,0.412979
tid_1508,1508,0,51,Мурманская область,муниципальный округ,False,47-522-000-000,47522000,matched,Муниципальный округ город Кировск,25984,23906,0.920028,matched,Город Кировск,26253,0.238373,25984,rosstat_2024,matched,127682,matched,15665,596.693711,,,0.023747,0.027067,0.027514,0.203192
tid_1509,1509,0,51,Мурманская область,муниципальный округ,False,47-524-000-000,47524000,matched,Муниципальный округ город Мончегорск,41427,39203,0.946315,matched,Город Мончегорск,41729,0.242925,41427,rosstat_2024,matched,98750,matched,14682,351.841645,,,,0.036644,0.016483,0.288653
tid_1510,1510,1,51,Мурманская область,муниципальный округ,False,47-526-000-000,47526000,matched,Муниципальный округ город Оленегорск,27867,20695,0.742635,matched,Город Оленегорск,27974,0.203653,27867,rosstat_2024,matched,82524.5,matched,7540,269.535998,,,0.026127,0.052785,,0.418037
tid_1511,1511,0,51,Мурманская область,муниципальный округ,False,47-528-000-000,47528000,matched,Муниципальный округ город Полярные Зори,15634,14013,0.896316,matched,Город Полярные Зори,15726,0.238204,15634,rosstat_2024,matched,132930.5,matched,6659,423.438891,,,,0.029134,,0.255894
tid_1512,1512,1,51,Мурманская область,муниципальный округ,False,47-517-000-000,47517000,matched,Ковдорский муниципальный округ,16803,15489,0.9218,matched,Ковдорский муниципальный округ,16762,0.260589,16803,rosstat_2024,matched,97098.6,matched,6755,402.994869,,,0.028275,0.032124,,0.20903
tid_1518,1518,0,51,Мурманская область,муниципальный район,False,47-608-000-000,47608000,matched,Кандалакшский муниципальный район,39330,31508,0.801119,matched,Кандалакшский муниципальный район,39935,0.268586,39330,rosstat_2024,matched,80232.4,matched,11698,292.926005,,,0.11814,0.048299,,0.412036
tid_1519,1519,0,51,Мурманская область,муниципальный район,False,47-605-000-000,47605000,matched,Кольский муниципальный район,33201,25940,0.781302,matched,Кольский муниципальный район,33510,0.238765,33201,rosstat_2024,matched,120926.2,matched,24644,735.422262,0.045001,,0.034288,0.033355,0.033436,0.210193
tid_1520,1520,1,51,Мурманская область,муниципальный район,False,47-610-000-000,47610000,matched,Ловозерский муниципальный район,8770,6443,0.734664,matched,Ловозерский муниципальный район,8695,0.253594,8770,rosstat_2024,matched,72529.9,matched,3185,366.302473,,,,0.02606,,0.450235
tid_1521,1521,0,51,Мурманская область,муниципальный округ,False,47-515-000-000,47515000,matched,Печенгский муниципальный округ,29632,24977,0.842906,matched,Печенгский муниципальный округ,30591,0.159295,29632,rosstat_2024,matched,95301.2,matched,10042,328.266484,0.026489,,0.14041,0.039136,0.014838,0.301434
tid_1522,1522,1,51,Мурманская область,муниципальный район,False,47-620-000-000,47620000,matched,Терский муниципальный район,4698,4063,0.864836,matched,Терский муниципальный район,4619,0.376705,4698,rosstat_2024,matched,78231.1,matched,1079,233.600346,,,,0.0519,0.065802,0.455051
tid_1523,1523,2,52,Нижегородская область,городской округ,False,22-701-000-000,22701000,matched,Городской округ г Нижний Новгород,1228702,1206968,0.982311,matched,Город Нижний Новгород,1237128,0.262505,1228702,rosstat_2024,matched,76098.7,matched,385703,311.772913,0.002066,,0.196382,0.128197,0.010293,0.299347
tid_1525,1525,0,52,Нижегородская область,городской округ,False,22-712-000-000,22712000,matched,Городской округ г Бор,117552,77320,0.657751,matched,Город Бор,117831,0.271728,117552,rosstat_2024,matched,56674.9,matched,24602,208.790556,0.04585,,0.338306,0.060361,0.002073,0.324323
tid_1526,1526,0,52,Нижегородская область,городской округ,False,22-715-000-000,22715000,matched,Городской округ г Выкса,72393,59209,0.817883,matched,Город Выкса,72979,0.250784,72393,rosstat_2024,matched,74002.4,matched,29518,404.472519,0.012501,,0.549089,0.031201,0.016058,0.178874
tid_1527,1527,0,52,Нижегородская область,городской округ,False,22-721-000-000,22721000,matched,Городской округ г Дзержинск,225251,218417,0.969661,matched,Город Дзержинск,226691,0.263354,225251,rosstat_2024,matched,63929.8,matched,50534,222.920187,0.00277,,0.382376,0.136601,0.009716,0.264871
tid_1528,1528,1,52,Нижегородская область,городской округ,False,22-727-000-000,22727000,matched,Городской округ г Кулебаки,45056,35848,0.795632,matched,Город Кулебаки,45413,0.267677,45056,rosstat_2024,matched,56417.2,matched,9403,207.055248,,,0.549186,0.031267,0.015102,0.285441
tid_1529,1529,1,52,Нижегородская область,городской округ,False,22-730-000-000,22730000,matched,Городской округ Навашинский,20671,14180,0.685985,matched,Навашинский,20982,0.311124,20671,rosstat_2024,matched,54256.6,matched,5085,242.350586,,,0.414553,0.031465,,0.268633
tid_1530,1530,1,52,Нижегородская область,городской округ,False,22-739-000-000,22739000,matched,Городской округ Перевозский,16026,8784,0.548109,matched,Перевозский,16141,0.276377,16026,rosstat_2024,matched,43381.5,matched,2022,125.271049,,,0.034125,0.070722,,0.613254
tid_1532,1532,0,52,Нижегородская область,городской округ,False,22-737-000-000,22737000,matched,Городской округ  Семеновский,45405,29273,0.644709,matched,Семеновский,45539,0.257274,45405,rosstat_2024,matched,41859.8,matched,8100,177.869518,0.018889,,0.238642,0.04679,0.008395,0.49321
tid_1533,1533,1,52,Нижегородская область,городской округ,False,22-758-000-000,22758000,matched,Городской округ г Шахунья,28511,23264,0.815966,matched,Город Шахунья,29014,0.306438,28511,rosstat_2024,matched,42310.1,matched,5722,197.215138,,,0.159734,0.063964,,0.457008
tid_1534,1534,1,52,Нижегородская область,городской округ,False,22-734-000-000,22734000,matched,Городской округ г Первомайск,17117,14168,0.827715,matched,Город Первомайск,17309,0.299209,17117,rosstat_2024,matched,50009.9,matched,5392,311.514241,,,,0.023368,,0.19158
tid_1535,1535,1,52,Нижегородская область,городской округ,False,22-749-000-000,22749000,matched,Городской округ Сокольский,10807,5895,0.54548,matched,Сокольский,10897,0.324218,10807,rosstat_2024,matched,47651.7,matched,2009,184.362669,,,,0.044301,,0.513688
tid_1536,1536,1,52,Нижегородская область,городской округ,False,22-755-000-000,22755000,matched,Городской округ  г Чкаловск,19063,11267,0.59104,matched,Город Чкаловск,19249,0.328848,19063,rosstat_2024,matched,43342.9,matched,3009,156.319809,,,0.24327,0.054835,,0.503157
tid_1537,1537,1,52,Нижегородская область,муниципальный округ,False,22-502-000-000,22502000,matched,Ардатовский муниципальный округ,22161,13175,0.594513,matched,Ардатовский муниципальный округ,22414,0.285,22161,rosstat_2024,matched,45503.9,matched,3836,171.143036,0.070386,,0.165016,0.047445,,0.451773
tid_1539,1539,0,52,Нижегородская область,муниципальный округ,False,22-505-000-000,22505000,matched,Балахнинский муниципальный округ,72219,66622,0.9225,matched,Балахнинский муниципальный округ,72780,0.280407,72219,rosstat_2024,matched,50509.3,matched,14066,193.267381,,,0.431679,0.048699,0.003128,0.333357
tid_1540,1540,0,52,Нижегородская область,муниципальный округ,False,22-507-000-000,22507000,matched,Богородский муниципальный округ,57639,33957,0.589132,matched,Богородский муниципальный округ,58362,0.261129,57639,rosstat_2024,matched,44806.2,matched,7594,130.118913,,,0.223071,0.088096,,0.46945
tid_1541,1541,1,52,Нижегородская область,муниципальный округ,False,22-509-000-000,22509000,matched,Большеболдинский муниципальный округ,10172,0,0,matched,Большеболдинский муниципальный округ,10295,0.292569,10172,rosstat_2024,matched,44374.6,matched,1768,171.733851,0.070701,,,0.033937,,0.519231
tid_1542,1542,1,52,Нижегородская область,муниципальный округ,False,22-510-000-000,22510000,matched,Большемурашкинский муниципальный округ,10258,5488,0.534997,matched,Большемурашкинский муниципальный округ,10307,0.302319,10258,rosstat_2024,matched,44934.2,matched,1737,168.526244,0.198043,,,0.036845,,0.519286
tid_1543,1543,1,52,Нижегородская область,муниципальный округ,False,22-512-000-000,22512000,matched,Бутурлинский муниципальный округ,12910,6794,0.526259,matched,Бутурлинский муниципальный округ,12996,0.313327,12910,rosstat_2024,matched,42892.3,matched,1910,146.968298,,,,0.046073,,0.631414
tid_1544,1544,1,52,Нижегородская область,муниципальный округ,False,22-514-000-000,22514000,matched,Вадский муниципальный округ,13290,0,0,matched,Вадский муниципальный округ,13408,0.269317,13290,rosstat_2024,matched,62346.4,matched,3590,267.750597,0.14429,,,0.018942,,0.418663
tid_1545,1545,1,52,Нижегородская область,муниципальный округ,False,22-515-000-000,22515000,matched,Варнавинский муниципальный округ,9653,3172,0.328603,matched,Варнавинский муниципальный округ,9755,0.265095,9653,rosstat_2024,matched,35441.7,matched,2785,285.494618,,,,0.019749,,0.632316
tid_1546,1546,1,52,Нижегородская область,муниципальный округ,False,22-517-000-000,22517000,matched,Вачский муниципальный округ,16730,5132,0.306754,matched,Вачский муниципальный округ,16832,0.34274,16730,rosstat_2024,matched,39573.6,matched,2031,120.663023,,,,0.05613,,0.591334
tid_1547,1547,1,52,Нижегородская область,муниципальный округ,False,22-518-000-000,22518000,matched,Ветлужский муниципальный округ,12521,9159,0.731491,matched,Ветлужский муниципальный округ,12663,0.290452,12521,rosstat_2024,matched,37144.8,matched,2328,183.842691,,,0.100945,0.051117,,0.647766
tid_1548,1548,1,52,Нижегородская область,муниципальный округ,False,22-519-000-000,22519000,matched,Вознесенский муниципальный округ,14309,5922,0.413865,matched,Вознесенский муниципальный округ,14537,0.302814,14309,rosstat_2024,matched,39256.1,matched,1793,123.340442,,,,0.032906,,0.621305
tid_1549,1549,1,52,Нижегородская область,муниципальный округ,False,22-520-000-000,22520000,matched,Володарский муниципальный округ,47925,29692,0.619551,matched,Володарский муниципальный округ,47967,0.256176,47925,rosstat_2024,matched,50994.8,matched,10167,211.958221,0.110259,,,0.038163,0.01377,0.638733
tid_1550,1550,1,52,Нижегородская область,городской округ,False,22-719-000-000,22719000,matched,Городской округ  Воротынский,13399,6344,0.473468,matched,Воротынский,13643,0.349923,13399,rosstat_2024,matched,44702,matched,2496,182.950964,,,,0.052885,,0.57492
tid_1551,1551,1,52,Нижегородская область,муниципальный округ,False,22-522-000-000,22522000,matched,Воскресенский муниципальный округ,16072,5447,0.338912,matched,Воскресенский муниципальный округ,16216,0.307782,16072,rosstat_2024,matched,39339.1,matched,2050,126.418352,,,,0.05561,,0.625366
tid_1552,1552,1,52,Нижегородская область,муниципальный округ,False,22-526-000-000,22526000,matched,Гагинский муниципальный округ,9681,0,0,matched,Гагинский муниципальный округ,9817,0.342773,9681,rosstat_2024,matched,39867.3,matched,1883,191.810125,0.220924,,0.008497,0.02974,,0.486458
tid_1553,1553,0,52,Нижегородская область,муниципальный округ,False,22-528-000-000,22528000,matched,Городецкий муниципальный округ,80149,65763,0.820509,matched,Городецкий муниципальный округ,80699,0.284068,80149,rosstat_2024,matched,47181.2,matched,19864,246.149271,0.029803,,0.366794,0.047523,0.002014,0.347362
tid_1554,1554,1,52,Нижегородская область,муниципальный округ,False,22-530-000-000,22530000,matched,Дальнеконстантиновский муниципальный округ,20224,4758,0.235265,matched,Дальнеконстантиновский муниципальный округ,20408,0.291405,20224,rosstat_2024,matched,45860.9,matched,2465,120.785966,0.114402,,0.027586,0.055578,0.023935,0.579716
tid_1555,1555,1,52,Нижегородская область,муниципальный округ,False,22-532-000-000,22532000,matched,Дивеевский муниципальный округ,14998,0,0,matched,Дивеевский муниципальный округ,15033,0.315705,14998,rosstat_2024,matched,42746.7,matched,2144,142.61957,0.095616,,,0.053638,,0.60681
tid_1556,1556,1,52,Нижегородская область,муниципальный округ,False,22-533-000-000,22533000,matched,Княгининский муниципальный округ,10775,6409,0.594803,matched,Княгининский муниципальный округ,10869,0.254209,10775,rosstat_2024,matched,49470.6,matched,2836,260.925568,,,0.249295,0.03385,,0.454866
tid_1557,1557,1,52,Нижегородская область,муниципальный округ,False,22-534-000-000,22534000,matched,Ковернинский  муниципальный округ,17091,6896,0.403487,matched,Ковернинский муниципальный округ,17245,0.278052,17091,rosstat_2024,matched,42719.5,matched,3146,182.42969,0.204069,,0.193579,0.03274,,0.433566
tid_1558,1558,0,52,Нижегородская область,муниципальный округ,False,22-535-000-000,22535000,matched,Краснобаковский муниципальный округ,18535,11722,0.632425,matched,Краснобаковский муниципальный округ,18758,0.25685,18535,rosstat_2024,matched,37775.3,matched,3513,187.280094,,,,0.044691,,0.668375
tid_1559,1559,1,52,Нижегородская область,муниципальный округ,False,22-536-000-000,22536000,matched,Краснооктябрьский муниципальный округ,8617,0,0,matched,Краснооктябрьский муниципальный округ,8726,0.365574,8617,rosstat_2024,matched,34375.2,matched,1264,144.854458,,,,0.036392,,0.600475
tid_1560,1560,2,52,Нижегородская область,муниципальный округ,False,22-537-000-000,22537000,matched,Кстовский муниципальный округ,121424,61602,0.50733,matched,Кстовский муниципальный округ,122131,0.242813,121424,rosstat_2024,matched,70340.2,matched,26081,213.549385,0.005905,,0.256509,0.168283,0.010199,0.267474
tid_1561,1561,1,52,Нижегородская область,муниципальный округ,False,22-539-000-000,22539000,matched,Лукояновский муниципальный округ,25751,14447,0.561027,matched,Лукояновский муниципальный округ,26082,0.298405,25751,rosstat_2024,matched,37174.1,matched,4161,159.535312,0.041577,,,0.047825,,0.587839
tid_1562,1562,1,52,Нижегородская область,муниципальный округ,False,22-540-000-000,22540000,matched,Лысковский муниципальный округ,34099,21274,0.623889,matched,Лысковский муниципальный округ,34467,0.298866,34099,rosstat_2024,matched,40693.1,matched,7326,212.551136,0.076577,,0.248976,0.045182,0.000956,0.41537
tid_1563,1563,0,52,Нижегородская область,муниципальный округ,False,22-542-000-000,22542000,matched,Павловский муниципальный округ,91822,74716,0.813705,matched,Павловский муниципальный округ,92555,0.275652,91822,rosstat_2024,matched,58700.8,matched,21150,228.512776,0.063688,,0.423783,0.045296,0.009409,0.296738
tid_1564,1564,1,52,Нижегородская область,муниципальный округ,False,22-545-000-000,22545000,matched,Пильнинский муниципальный округ,18104,6489,0.358429,matched,Пильнинский муниципальный округ,18304,0.344897,18104,rosstat_2024,matched,47631.6,matched,3203,174.989073,0.088042,,0.070559,0.031221,,0.492975
tid_1565,1565,0,52,Нижегородская область,муниципальный округ,False,22-546-000-000,22546000,matched,Починковский муниципальный округ,25420,0,0,matched,Починковский муниципальный округ,25730,0.2993,25420,rosstat_2024,matched,44046.8,matched,4694,182.432958,0.097571,,0.062207,0.087346,0.002343,0.382403
tid_1566,1566,1,52,Нижегородская область,муниципальный округ,False,22-548-000-000,22548000,matched,Сергачский муниципальный округ,26797,19724,0.736053,matched,Сергачский муниципальный округ,27151,0.295643,26797,rosstat_2024,matched,51830,matched,6909,254.465766,0.048777,,0.096251,0.055145,,0.306846
tid_1567,1567,1,52,Нижегородская область,муниципальный округ,False,22-549-000-000,22549000,matched,Сеченовский муниципальный округ,13501,0,0,matched,Сеченовский муниципальный округ,13644,0.285987,13501,rosstat_2024,matched,45891.1,matched,2430,178.100264,0.063374,,,0.033745,,0.53251
tid_1568,1568,1,52,Нижегородская область,муниципальный округ,False,22-550-000-000,22550000,matched,Сосновский муниципальный округ,16175,8395,0.519011,matched,Сосновский муниципальный округ,16339,0.319665,16175,rosstat_2024,matched,43361.1,matched,3051,186.731134,,,,0.032776,0.002294,0.432317
tid_1569,1569,1,52,Нижегородская область,муниципальный округ,False,22-551-000-000,22551000,matched,Спасский муниципальный округ,9400,0,0,matched,Спасский муниципальный округ,9479,0.327883,9400,rosstat_2024,matched,37217.9,matched,1482,156.345606,,,,0.035088,,0.639676
tid_1570,1570,1,52,Нижегородская область,муниципальный округ,False,22-552-000-000,22552000,matched,Тонкинский муниципальный округ,7029,4419,0.628681,matched,Тонкинский муниципальный округ,7107,0.300127,7029,rosstat_2024,matched,37211,matched,1195,168.144083,,,,0.027615,,0.703766
tid_1571,1571,1,52,Нижегородская область,муниципальный округ,False,22-553-000-000,22553000,matched,Тоншаевский муниципальный округ,14347,8654,0.603192,matched,Тоншаевский муниципальный округ,14521,0.226293,14347,rosstat_2024,matched,37418.8,matched,3065,211.073618,0.008483,,0.206525,0.04633,,0.588254
tid_1572,1572,0,52,Нижегородская область,муниципальный округ,False,22-554-000-000,22554000,matched,Уренский муниципальный округ,27897,16985,0.608847,matched,Уренский муниципальный округ,28080,0.249786,27897,rosstat_2024,matched,41856.6,matched,4566,162.606838,0.038546,,0.159877,0.061323,,0.556067
tid_1573,1573,1,52,Нижегородская область,муниципальный округ,False,22-556-000-000,22556000,matched,Шарангский муниципальный округ,11304,6714,0.593949,matched,Шарангский муниципальный округ,11401,0.231909,11304,rosstat_2024,matched,38475.2,matched,1708,149.81142,,,,0.0726,,0.635831
tid_1574,1574,1,52,Нижегородская область,муниципальный округ,False,22-557-000-000,22557000,matched,Шатковский муниципальный округ,22629,9641,0.426046,matched,Шатковский муниципальный округ,22759,0.299969,22629,rosstat_2024,matched,40502.2,matched,3637,159.804912,,,0.119329,0.035469,,0.592796
tid_1575,1575,0,53,Новгородская область,городской округ,False,49-701-000-000,49701000,matched,Городской округ Великий Новгород,222340,222340,1,matched,Великий Новгород,223191,0.258989,222340,rosstat_2024,matched,62694.8,matched,62041,277.972678,0.003385,,0.237617,0.099305,0.008736,0.371029
tid_1577,1577,0,53,Новгородская область,муниципальный район,False,49-606-000-000,49606000,matched,Боровичский муниципальный район,60283,46918,0.778296,matched,Боровичский муниципальный район,60848,0.269918,60283,rosstat_2024,matched,49728,matched,14488,238.101499,,,0.386803,0.049972,0.013805,0.334691
tid_1578,1578,1,53,Новгородская область,муниципальный район,False,49-608-000-000,49608000,matched,Валдайский муниципальный район,21712,13744,0.633014,matched,Валдайский муниципальный район,21976,0.29555,21712,rosstat_2024,matched,50895.4,matched,5424,246.814707,0.040745,,0.102876,0.042588,0.070612,0.348451
tid_1579,1579,1,53,Новгородская область,муниципальный округ,False,49-510-000-000,49510000,matched,Волотовский муниципальный округ,4071,0,0,matched,Волотовский,4116,0.274538,4071,rosstat_2024,matched,41059.2,matched,434,105.442177,,,,0.043779,,0.532258
tid_1580,1580,1,53,Новгородская область,муниципальный район,False,49-612-000-000,49612000,no_code_match,,,,,matched,Демянский муниципальный район,9662,0.3284,9662,bdpmo_2023,matched,42154.1,matched,1499,155.143863,0.06004,,,0.038692,,0.557705
tid_1581,1581,1,53,Новгородская область,муниципальный район,False,49-614-000-000,49614000,no_code_match,,,,,matched,Крестецкий муниципальный район,11386,0.269893,11386,bdpmo_2023,matched,57767.9,matched,2457,215.791323,0.239316,,,0.051689,,0.28897
tid_1582,1582,1,53,Новгородская область,муниципальный район,False,49-616-000-000,49616000,matched,Любытинский муниципальный район,7088,4078,0.575339,matched,Любытинский муниципальный район,7179,0.327762,7088,rosstat_2024,matched,48257.3,matched,1326,184.705391,0.059578,,,0.039216,,0.453243
tid_1583,1583,1,53,Новгородская область,муниципальный район,False,49-620-000-000,49620000,matched,Маловишерский муниципальный район,13111,9677,0.738083,matched,Маловишерский муниципальный район,13275,0.288362,13111,rosstat_2024,matched,51863.5,matched,2157,162.485876,,,,0.052851,,0.503013
tid_1584,1584,1,53,Новгородская область,муниципальный округ,False,49-523-000-000,49523000,matched,Марёвский муниципальный округ,3202,0,0,matched,Марёвский,3260,0.317178,3202,rosstat_2024,matched,38384.7,matched,515,157.97546,,,,,,0.609709
tid_1585,1585,1,53,Новгородская область,муниципальный район,False,49-624-000-000,49624000,no_code_match,,,,,matched,Мошенской муниципальный район,5682,0.335445,5682,bdpmo_2023,matched,37055.3,matched,725,127.595917,,,,0.035862,,0.608276
tid_1586,1586,0,53,Новгородская область,муниципальный район,False,49-625-000-000,49625000,matched,Новгородский муниципальный район,64120,14764,0.230256,matched,Новгородский муниципальный район,64063,0.256919,64120,rosstat_2024,matched,53982.6,matched,8941,139.56574,0.122022,,0.215748,0.179175,0.005592,0.306565
tid_1587,1587,1,53,Новгородская область,муниципальный район,False,49-628-000-000,49628000,matched,Окуловский муниципальный район,18071,13441,0.743788,matched,Окуловский муниципальный район,18528,0.299601,18071,rosstat_2024,matched,53354.9,matched,4508,243.307427,0.011313,,0.366681,0.093168,,0.398846
tid_1588,1588,1,53,Новгородская область,муниципальный район,False,49-630-000-000,49630000,matched,Парфинский муниципальный район,11516,6228,0.540813,matched,Парфинский муниципальный район,11684,0.278501,11516,rosstat_2024,matched,41023.4,matched,2112,180.760014,,,0.321023,0.030303,,0.442235
tid_1589,1589,1,53,Новгородская область,муниципальный район,False,49-632-000-000,49632000,no_code_match,,,,,matched,Пестовский муниципальный район,18377,0.255972,18377,bdpmo_2023,matched,44328.4,matched,2368,128.856723,,,0.008868,0.060811,,0.521959
tid_1590,1590,1,53,Новгородская область,муниципальный район,False,49-634-000-000,49634000,matched,Поддорский муниципальный район,3220,0,0,matched,Поддорский муниципальный район,3266,0.306185,3220,rosstat_2024,matched,38233.6,matched,493,150.949173,,,,0.024341,,0.610548
tid_1591,1591,1,53,Новгородская область,муниципальный округ,False,49-538-000-000,49538000,no_code_match,,,,,matched,Солецкий,10914,0.332325,10914,bdpmo_2023,matched,38609.1,matched,1685,154.388858,,,,0.088427,,0.591691
tid_1592,1592,0,53,Новгородская область,муниципальный район,False,49-639-000-000,49639000,matched,Старорусский муниципальный район,37508,26928,0.717927,matched,Старорусский муниципальный район,37988,0.335079,37508,rosstat_2024,matched,48315.7,matched,7616,200.484363,0.004202,,0.29136,0.040047,0.01011,0.446035
tid_1593,1593,1,53,Новгородская область,муниципальный округ,False,49-545-000-000,49545000,matched,Хвойнинский муниципальный округ,13129,5963,0.454185,matched,Хвойнинский,13321,0.306058,13129,rosstat_2024,matched,49000.8,matched,2590,194.429848,0.064093,,0.037452,0.08417,,0.34556
tid_1594,1594,1,53,Новгородская область,муниципальный район,False,49-647-000-000,49647000,matched,Холмский муниципальный район,4643,3083,0.66401,matched,Холмский муниципальный район,4724,0.312447,4643,rosstat_2024,matched,42670.8,matched,637,134.843353,,,,0.062794,,0.532182
tid_1595,1595,1,53,Новгородская область,муниципальный район,False,49-650-000-000,49650000,matched,Чудовский муниципальный район,18345,13875,0.756337,matched,Чудовский муниципальный район,18546,0.28405,18345,rosstat_2024,matched,56712.2,matched,3402,183.435781,,,0.320694,0.080541,0.005291,0.308642
tid_1596,1596,1,53,Новгородская область,муниципальный район,False,49-655-000-000,49655000,matched,Шимский муниципальный район,9113,3374,0.37024,matched,Шимский муниципальный район,9125,0.332712,9113,rosstat_2024,matched,50678.1,matched,1437,157.479452,,,,0.043145,,0.562283
tid_1597,1597,2,54,Новосибирская область,городской округ,False,50-701-000-000,50701000,matched,Городской округ г Новосибирск,1633851,1633851,1,no_code_match,,,,1633851,rosstat_2024,matched,78754.6,matched,390768,239.169912,0.001786,0.002239,0.160768,0.119849,0.009261,0.341684
tid_1598,1598,2,54,Новосибирская область,городской округ,False,50-708-000-000,50708000,matched,Городской округ г Бердск,102760,102760,1,no_code_match,,,,102760,rosstat_2024,matched,59108.5,matched,15161,147.537953,,,0.248401,0.068531,0.014841,0.399908
tid_1599,1599,0,54,Новосибирская область,городской округ,False,50-712-000-000,50712000,matched,Городской округ г Искитим,56654,56654,1,no_code_match,,,,56654,rosstat_2024,matched,63523.8,matched,12245,216.136548,,0.046876,0.261576,0.057166,0.00392,0.377542
tid_16,16,0,4,Республика Алтай,муниципальный район,False,84-635-000-000,84635000,matched,Усть-Канский муниципальный район,14207,0,0,matched,Усть-Канский муниципальный район,14297,0.182556,14207,rosstat_2024,matched,36998.4,matched,2111,147.653354,,,,0.017054,,0.855519
tid_1600,1600,0,54,Новосибирская область,городской округ,False,50-717-000-000,50717000,matched,Городской округ г Обь,31050,30973,0.99752,no_code_match,,,,31050,rosstat_2024,matched,85436.2,matched,10841,349.146538,,,0.008025,0.052209,0.022415,0.214833
tid_1601,1601,2,54,Новосибирская область,городской округ,False,50-740-000-000,50740000,matched,Городской округ рп Кольцово,20883,20883,1,no_code_match,,,,20883,rosstat_2024,matched,108127.2,matched,6501,311.305847,,,0.132287,0.098908,,0.217505
tid_1602,1602,1,54,Новосибирская область,муниципальный район,False,50-603-000-000,50603000,matched,Баганский муниципальный район,13948,0,0,matched,Баганский муниципальный район,14189,0.252308,13948,rosstat_2024,matched,43568.8,matched,2900,204.383677,0.204828,,,0.018966,,0.538276
tid_1603,1603,0,54,Новосибирская область,муниципальный район,False,50-604-000-000,50604000,matched,Барабинский муниципальный район,38628,27456,0.71078,matched,Барабинский муниципальный район,38921,0.262146,38628,rosstat_2024,matched,54331.7,matched,8789,225.816397,0.013198,,0.052793,0.028103,0.003755,0.381727
tid_1604,1604,0,54,Новосибирская область,муниципальный район,False,50-606-000-000,50606000,matched,Болотнинский муниципальный район,25205,15417,0.611664,matched,Болотнинский муниципальный район,25450,0.24778,25205,rosstat_2024,matched,48692.5,matched,4455,175.049116,,,,0.021773,,0.523681
tid_1605,1605,1,54,Новосибирская область,муниципальный район,False,50-608-000-000,50608000,matched,Венгеровский муниципальный район,14721,0,0,matched,Венгеровский муниципальный район,14978,0.308185,14721,rosstat_2024,matched,44699.4,matched,2865,191.280545,0.161257,,,0.016405,,0.648168
tid_1606,1606,1,54,Новосибирская область,муниципальный район,False,50-610-000-000,50610000,matched,Доволенский муниципальный район,12663,0,0,matched,Доволенский муниципальный район,12894,0.338219,12663,rosstat_2024,matched,41826.5,matched,2593,201.101287,0.064404,,0.0027,0.023139,0.001928,0.656768
tid_1607,1607,1,54,Новосибирская область,муниципальный район,False,50-613-000-000,50613000,matched,Здвинский муниципальный район,11725,0,0,matched,Здвинский муниципальный район,11954,0.344989,11725,rosstat_2024,matched,46176.6,matched,2199,183.955161,0.1005,,0.127785,0.020464,,0.547976
tid_1608,1608,0,54,Новосибирская область,муниципальный район,False,50-615-000-000,50615000,matched,Искитимский муниципальный район,58382,17610,0.301634,matched,Искитимский муниципальный район,58772,0.280014,58382,rosstat_2024,matched,60110.3,matched,12237,208.211393,0.160987,0.117839,0.314211,0.023862,0.007355,0.279072
tid_1609,1609,0,54,Новосибирская область,муниципальный район,False,50-617-000-000,50617000,matched,Карасукский муниципальный район,38279,24733,0.646125,matched,Карасукский муниципальный район,38488,0.250364,38279,rosstat_2024,matched,50870.5,matched,9088,236.125546,0.049406,,0.088798,0.03125,0.017826,0.395136
tid_1610,1610,1,54,Новосибирская область,муниципальный район,False,50-619-000-000,50619000,matched,Каргатский муниципальный район,14001,8216,0.586815,matched,Каргатский муниципальный район,14171,0.309294,14001,rosstat_2024,matched,44773.7,matched,2987,210.782584,0.195179,,0.006026,0.034818,0.0154,0.530968
tid_1611,1611,1,54,Новосибирская область,муниципальный район,False,50-621-000-000,50621000,matched,Колыванский муниципальный район,24293,12423,0.511382,matched,Колыванский муниципальный район,24523,0.265302,24293,rosstat_2024,matched,48725.9,matched,3657,149.125311,0.171179,,0.03883,0.042111,,0.538146
tid_1612,1612,1,54,Новосибирская область,муниципальный район,False,50-623-000-000,50623000,matched,Коченевский муниципальный район,45219,22337,0.493974,matched,Коченевский муниципальный район,45134,0.235277,45219,rosstat_2024,matched,53807.9,matched,5716,126.645101,0.139258,,0.143807,0.044437,0.006123,0.442267
tid_1613,1613,1,54,Новосибирская область,муниципальный район,False,50-625-000-000,50625000,matched,Кочковский муниципальный район,11493,0,0,matched,Кочковский муниципальный район,11625,0.308645,11493,rosstat_2024,matched,46554.6,matched,2106,181.16129,0.189934,,,0.018993,0.006173,0.528965
tid_1614,1614,1,54,Новосибирская область,муниципальный район,False,50-627-000-000,50627000,matched,Краснозерский муниципальный район,27453,8913,0.324664,matched,Краснозерский муниципальный район,27773,0.30364,27453,rosstat_2024,matched,48759.4,matched,4174,150.28985,0.191902,,0.007667,0.030426,,0.586967
tid_1615,1615,0,54,Новосибирская область,муниципальный район,False,50-630-000-000,50630000,matched,Куйбышевский муниципальный район,53654,41494,0.773363,matched,Куйбышевский муниципальный район,54201,0.273039,53654,rosstat_2024,matched,51386.6,matched,9631,177.690449,0.003634,,0.184093,0.036964,0.008307,0.541169
tid_1616,1616,1,54,Новосибирская область,муниципальный район,False,50-632-000-000,50632000,matched,Купинский муниципальный район,25382,14919,0.587779,matched,Купинский муниципальный район,25707,0.273544,25382,rosstat_2024,matched,45843.5,matched,4802,186.79737,0.053936,,0.079134,0.029988,,0.531862
tid_1617,1617,1,54,Новосибирская область,муниципальный район,False,50-634-000-000,50634000,matched,Кыштовский муниципальный район,8984,0,0,matched,Кыштовский муниципальный район,9149,0.302328,8984,rosstat_2024,matched,44944,matched,1595,174.335993,,,,0.024451,,0.789342
tid_1618,1618,1,54,Новосибирская область,муниципальный район,False,50-636-000-000,50636000,matched,Маслянинский муниципальный район,23528,13146,0.558739,matched,Маслянинский муниципальный район,23583,0.256032,23528,rosstat_2024,matched,54424,matched,4230,179.366493,0.314657,,,0.021277,,0.458629
tid_1619,1619,1,54,Новосибирская область,муниципальный район,False,50-638-000-000,50638000,matched,Мошковский муниципальный район,40479,13599,0.335952,matched,Мошковский муниципальный район,40629,0.250511,40479,rosstat_2024,matched,55579.5,matched,5186,127.642817,,,,0.03548,0.001735,0.622831
tid_1620,1620,2,54,Новосибирская область,муниципальный район,False,50-640-000-000,50640000,matched,Новосибирский муниципальный район,170131,29929,0.175917,matched,Новосибирский муниципальный район,166514,0.217874,170131,rosstat_2024,matched,69145.8,matched,31857,191.317247,0.051543,,0.213893,0.313212,0.001789,0.254355
tid_1621,1621,0,54,Новосибирская область,муниципальный район,False,50-642-000-000,50642000,matched,Ордынский муниципальный район,33623,9446,0.280939,matched,Ордынский муниципальный район,33811,0.299873,33623,rosstat_2024,matched,50150.9,matched,5249,155.245334,0.14498,,0.044961,0.040008,0.006668,0.501238
tid_1622,1622,1,54,Новосибирская область,муниципальный район,False,50-644-000-000,50644000,matched,Северный муниципальный район,7319,0,0,matched,Северный муниципальный район,7477,0.295707,7319,rosstat_2024,matched,42768.5,matched,1338,178.948776,,,,0.019432,,0.659193
tid_1623,1623,0,54,Новосибирская область,муниципальный район,False,50-648-000-000,50648000,matched,Сузунский муниципальный район,31042,15403,0.496199,matched,Сузунский муниципальный район,31331,0.258147,31042,rosstat_2024,matched,43292.4,matched,5065,161.660975,0.201382,,0.098914,0.024877,0.001579,0.439684
tid_1624,1624,1,54,Новосибирская область,муниципальный район,False,50-650-000-000,50650000,matched,Татарский муниципальный район,36645,23444,0.63976,matched,Татарский муниципальный район,36987,0.248303,36645,rosstat_2024,matched,48832,matched,6815,184.253927,0.091123,,0.061629,0.040352,,0.447836
tid_1625,1625,0,54,Новосибирская область,муниципальный район,False,50-652-000-000,50652000,matched,Тогучинский муниципальный район,53463,29105,0.544395,matched,Тогучинский муниципальный район,53998,0.260139,53463,rosstat_2024,matched,48823.7,matched,9103,168.580318,0.064704,0.040646,0.199824,0.0301,,0.467758
tid_1626,1626,1,54,Новосибирская область,муниципальный район,False,50-654-000-000,50654000,matched,Убинский муниципальный район,11277,0,0,matched,Убинский муниципальный район,11475,0.320174,11277,rosstat_2024,matched,42038.4,matched,2299,200.348584,0.058286,,,0.020009,,0.628969
tid_1627,1627,1,54,Новосибирская область,муниципальный район,False,50-655-000-000,50655000,matched,Усть-Таркский муниципальный район,10681,0,0,matched,Усть-Таркский муниципальный район,10803,0.264001,10681,rosstat_2024,matched,43499.3,matched,2067,191.33574,0.201258,,0.011611,0.015965,,0.608128
tid_1628,1628,1,54,Новосибирская область,муниципальный район,False,50-656-000-000,50656000,matched,Чановский муниципальный район,20323,7895,0.388476,matched,Чановский муниципальный район,20576,0.26215,20323,rosstat_2024,matched,50346.1,matched,4336,210.730949,0.046125,,,0.024216,,0.62131
tid_1629,1629,1,54,Новосибирская область,муниципальный район,False,50-657-000-000,50657000,matched,Черепановский муниципальный район,49025,28634,0.584069,matched,Черепановский муниципальный район,49264,0.242895,49025,rosstat_2024,matched,49608.5,matched,6807,138.17392,0.078889,,0.110181,0.033936,0.002791,0.475981
tid_1630,1630,0,54,Новосибирская область,муниципальный район,False,50-658-000-000,50658000,matched,Чистоозерный муниципальный район,13809,5317,0.385039,matched,Чистоозерный муниципальный район,13966,0.288486,13809,rosstat_2024,matched,41844.1,matched,2485,177.932121,,,0.017304,0.028571,,0.701811
tid_1631,1631,1,54,Новосибирская область,муниципальный район,False,50-659-000-000,50659000,matched,Чулымский муниципальный район,18959,10885,0.574134,matched,Чулымский муниципальный район,19204,0.286815,18959,rosstat_2024,matched,50802.1,matched,3792,197.458863,,,,0.02558,,0.464135
tid_1632,1632,2,55,Омская область,городской округ,False,52-701-000-000,52701000,matched,Городской округ г Омск,1104485,1104485,1,matched,Город Омск,1110836,0.249841,1104485,rosstat_2024,matched,65738.2,matched,274819,247.398356,0.002733,,0.220673,0.085354,0.006848,0.371637
tid_1633,1633,0,55,Омская область,муниципальный район,False,52-601-000-000,52601000,matched,Азовский немецкий национальный муниципальный район,25339,0,0,matched,Азовский немецкий национальный муниципальный район,25205,0.217219,25339,rosstat_2024,matched,42797.7,matched,3048,120.928387,0.296916,,0.007218,0.027231,0.003937,0.45899
tid_1634,1634,1,55,Омская область,муниципальный район,False,52-603-000-000,52603000,matched,Большереченский муниципальный район,21499,9754,0.453696,matched,Большереченский муниципальный район,21790,0.308628,21499,rosstat_2024,matched,38308.6,matched,3540,162.459844,0.065537,,,0.039266,,0.567514
tid_1635,1635,0,55,Омская область,муниципальный район,False,52-606-000-000,52606000,matched,Большеуковский муниципальный район,5838,0,0,matched,Большеуковский муниципальный район,5942,0.295692,5838,rosstat_2024,matched,37931.5,matched,1201,202.120498,,,,0.03164,,0.648626
tid_1636,1636,1,55,Омская область,муниципальный район,False,52-609-000-000,52609000,matched,Горьковский муниципальный район,18069,4767,0.263822,matched,Горьковский муниципальный район,18361,0.278307,18069,rosstat_2024,matched,38158.6,matched,2131,116.061217,0.056312,,,0.02534,,
tid_1637,1637,1,55,Омская область,муниципальный район,False,52-612-000-000,52612000,matched,Знаменский муниципальный район,9777,0,0,matched,Знаменский муниципальный район,9906,0.259136,9777,rosstat_2024,matched,36328.9,matched,1937,195.538058,,,,0.034073,,0.632421
tid_1638,1638,0,55,Омская область,муниципальный район,False,52-615-000-000,52615000,matched,Исилькульский муниципальный район,35262,19737,0.559724,matched,Исилькульский муниципальный район,35753,0.231505,35262,rosstat_2024,matched,39115.7,matched,6523,182.446228,0.165261,,0.027748,0.034493,,0.470642
tid_1639,1639,1,55,Омская область,муниципальный район,False,52-618-000-000,52618000,matched,Калачинский муниципальный район,35486,20509,0.577946,matched,Калачинский муниципальный район,36093,0.274679,35486,rosstat_2024,matched,44316.1,matched,6382,176.82099,0.023974,,0.152773,0.055625,,0.442965
tid_1640,1640,1,55,Омская область,муниципальный район,False,52-621-000-000,52621000,matched,Колосовский муниципальный район,8763,0,0,matched,Колосовский муниципальный район,8999,0.308812,8763,rosstat_2024,matched,37661.2,matched,1677,186.354039,,,,0.038163,,0.636852
tid_1641,1641,1,55,Омская область,муниципальный район,False,52-623-000-000,52623000,matched,Кормиловский муниципальный район,23179,9098,0.39251,matched,Кормиловский муниципальный район,23330,0.238877,23179,rosstat_2024,matched,43827.5,matched,3740,160.308616,0.236898,,0.071925,0.02754,,0.414439
tid_1642,1642,1,55,Омская область,муниципальный район,False,52-626-000-000,52626000,matched,Крутинский муниципальный район,12735,6682,0.524696,matched,Крутинский муниципальный район,12896,0.296836,12735,rosstat_2024,matched,39091.7,matched,2245,174.084988,0.137194,,,0.024944,,0.571938
tid_1643,1643,1,55,Омская область,муниципальный район,False,52-629-000-000,52629000,matched,Любинский муниципальный район,38168,16377,0.429077,matched,Любинский муниципальный район,38401,0.234004,38168,rosstat_2024,matched,42098.2,matched,5007,130.387229,0.086878,,0.182944,0.033154,,0.495107
tid_1644,1644,1,55,Омская область,муниципальный район,False,52-630-000-000,52630000,matched,Марьяновский муниципальный район,25313,8613,0.34026,matched,Марьяновский муниципальный район,25346,0.220153,25313,rosstat_2024,matched,42555.1,matched,3528,139.193561,0.154478,,0.110261,0.031746,0.003968,0.481293
tid_1645,1645,0,55,Омская область,муниципальный район,False,52-632-000-000,52632000,matched,Москаленский муниципальный район,26392,9016,0.341619,matched,Москаленский муниципальный район,26599,0.214519,26392,rosstat_2024,matched,40236.4,matched,3880,145.870145,0.215979,,0.053866,0.025,,0.487371
tid_1646,1646,1,55,Омская область,муниципальный район,False,52-634-000-000,52634000,matched,Муромцевский муниципальный район,16992,9106,0.535899,matched,Муромцевский муниципальный район,17328,0.311288,16992,rosstat_2024,matched,37206,matched,3003,173.303324,0.064269,,,0.031968,,0.634366
tid_1647,1647,1,55,Омская область,муниципальный район,False,52-636-000-000,52636000,matched,Называевский муниципальный район,17786,10241,0.57579,matched,Называевский муниципальный район,18133,0.265152,17786,rosstat_2024,matched,39803.2,matched,2770,152.760161,0.008664,,0.002527,0.038628,,0.606498
tid_1648,1648,1,55,Омская область,муниципальный район,False,52-639-000-000,52639000,matched,Нижнеомский муниципальный район,12230,0,0,matched,Нижнеомский муниципальный район,12382,0.304232,12230,rosstat_2024,matched,36850.3,matched,1822,147.149087,0.034029,,,0.035126,,
tid_1649,1649,1,55,Омская область,муниципальный район,False,52-641-000-000,52641000,matched,Нововаршавский муниципальный район,20369,8764,0.430262,matched,Нововаршавский муниципальный район,20645,0.256672,20369,rosstat_2024,matched,43091.4,matched,3228,156.357472,0.10347,,,0.031289,0.004647,0.469021
tid_1650,1650,1,55,Омская область,муниципальный район,False,52-642-000-000,52642000,matched,Одесский муниципальный район,15856,0,0,matched,Одесский муниципальный район,16029,0.220538,15856,rosstat_2024,matched,40403.3,matched,2368,147.732235,0.092483,,,0.035051,,0.548986
tid_1651,1651,1,55,Омская область,муниципальный район,False,52-643-000-000,52643000,matched,Оконешниковский муниципальный район,11776,4660,0.39572,matched,Оконешниковский муниципальный район,11914,0.243915,11776,rosstat_2024,matched,38834.5,matched,1625,136.394158,0.073846,,,0.038154,,
tid_1652,1652,0,55,Омская область,муниципальный район,False,52-644-000-000,52644000,matched,Омский муниципальный район,100576,1495,0.014864,matched,Омский муниципальный район,100896,0.249098,100576,rosstat_2024,matched,46499.1,matched,17048,168.966064,0.118489,,0.207708,0.028801,0.007274,0.323557
tid_1653,1653,1,55,Омская область,муниципальный район,False,52-646-000-000,52646000,matched,Павлоградский муниципальный район,17473,7264,0.415727,matched,Павлоградский муниципальный район,17572,0.243797,17473,rosstat_2024,matched,40605.4,matched,3169,180.343729,0.336699,,0.019565,0.024613,0.003156,0.394131
tid_1654,1654,0,55,Омская область,муниципальный район,False,52-648-000-000,52648000,matched,Полтавский муниципальный район,18147,6257,0.344795,matched,Полтавский муниципальный район,18394,0.236979,18147,rosstat_2024,matched,40185.3,matched,2947,160.215288,0.095351,,0.087886,0.032236,,0.508653
tid_1655,1655,1,55,Омская область,муниципальный район,False,52-650-000-000,52650000,matched,Русско-Полянский муниципальный район,15619,6037,0.386516,matched,Русско-Полянский муниципальный район,15831,0.2485,15619,rosstat_2024,matched,37986.9,matched,2730,172.446466,0.219048,,0.005861,0.038828,,0.522344
tid_1656,1656,1,55,Омская область,муниципальный район,False,52-651-000-000,52651000,matched,Саргатский муниципальный район,15815,7540,0.476763,matched,Саргатский муниципальный район,16047,0.279616,15815,rosstat_2024,matched,38608,matched,2154,134.230697,0.034355,,,0.045961,,0.624884
tid_1657,1657,1,55,Омская область,муниципальный район,False,52-652-000-000,52652000,matched,Седельниковский муниципальный район,8137,0,0,matched,Седельниковский муниципальный район,8285,0.289559,8137,rosstat_2024,matched,38022.3,matched,1521,183.584792,0.007232,,,0.039448,,0.677186
tid_1658,1658,0,55,Омская область,муниципальный район,False,52-653-000-000,52653000,matched,Таврический муниципальный район,33312,11614,0.348643,matched,Таврический муниципальный район,33534,0.247927,33312,rosstat_2024,matched,40466.7,matched,4190,124.947814,0.016468,,,0.040573,,0.605967
tid_1659,1659,0,55,Омская область,муниципальный район,False,52-654-000-000,52654000,matched,Тарский муниципальный район,39838,27139,0.681234,matched,Тарский муниципальный район,40239,0.234052,39838,rosstat_2024,matched,42255.4,matched,6898,171.425731,0.005364,,0.020006,0.043056,0.001305,0.61728
tid_1660,1660,1,55,Омская область,муниципальный район,False,52-655-000-000,52655000,matched,Тевризский муниципальный район,11958,6735,0.563221,matched,Тевризский муниципальный район,12174,0.248973,11958,rosstat_2024,matched,38426.7,matched,1970,161.820273,,,,0.029442,,
tid_1661,1661,1,55,Омская область,муниципальный район,False,52-656-000-000,52656000,matched,Тюкалинский муниципальный район,19114,9670,0.505912,matched,Тюкалинский муниципальный район,19472,0.278554,19114,rosstat_2024,matched,39643.1,matched,3092,158.792112,,,,0.033959,,0.597348
tid_1662,1662,3,55,Омская область,муниципальный район,False,52-657-000-000,52657000,matched,Усть-Ишимский муниципальный район,9157,0,0,matched,Усть-Ишимский муниципальный район,9400,0.262872,9157,rosstat_2024,matched,37630.7,matched,1609,171.170213,,,,0.006837,,
tid_1663,1663,1,55,Омская область,муниципальный район,False,52-658-000-000,52658000,matched,Черлакский муниципальный район,24866,9818,0.394836,matched,Черлакский муниципальный район,25357,0.26332,24866,rosstat_2024,matched,38004.7,matched,3079,121.426036,0.064631,,,0.049367,,0.616759
tid_1664,1664,1,55,Омская область,муниципальный район,False,52-659-000-000,52659000,matched,Шербакульский муниципальный район,18767,6471,0.344807,matched,Шербакульский муниципальный район,18975,0.231304,18767,rosstat_2024,matched,39311.5,matched,2866,151.040843,0.205513,,,0.027216,0.004187,0.544313
tid_1665,1665,2,56,Оренбургская область,городской округ,False,53-701-000-000,53701000,matched,Городской округ город Оренбург,550344,536862,0.975503,matched,Город Оренбург,552831,0.24277,550344,rosstat_2024,matched,67632.3,matched,151976,274.904989,0.005573,0.053962,0.100417,0.080335,0.014489,0.433838
tid_1666,1666,0,56,Оренбургская область,городской округ,False,53-704-000-000,53704000,matched,Абдулинский городской округ,23381,16868,0.72144,matched,Абдулинский,23702,0.310944,23381,rosstat_2024,matched,54194.1,matched,4180,176.356426,,,0.079426,0.039713,0.005502,0.380622
tid_1667,1667,0,56,Оренбургская область,городской округ,False,53-708-000-000,53708000,matched,Городской округ город Бугуруслан,42519,42205,0.992615,matched,Город Бугуруслан,43072,0.255665,42519,rosstat_2024,matched,53870.5,matched,7960,184.806835,,0.026633,0.060553,0.047362,0.007538,0.485678
tid_1668,1668,0,56,Оренбургская область,городской округ,False,53-712-000-000,53712000,matched,Городской округ город Бузулук,88339,88339,1,matched,Город Бузулук,88419,0.215033,88339,rosstat_2024,matched,66660.6,matched,27865,315.147197,0.002081,0.434559,0.04084,0.037502,0.017549,0.247192
tid_1669,1669,1,56,Оренбургская область,городской округ,False,53-713-000-000,53713000,matched,Гайский городской округ,39040,32363,0.82897,matched,Гайский,39585,0.271795,39040,rosstat_2024,matched,68250.5,matched,13195,333.333333,,,0.109966,0.026222,0.001819,0.224631
tid_167,167,2,7,Кабардино-Балкарская Республика,городской округ,False,83-701-000-000,83701000,matched,Городской округ г Нальчик,271464,245756,0.905299,matched,Нальчик,271656,0.209898,271464,rosstat_2024,matched,46055.1,matched,54394,200.231175,0.010277,,0.038442,0.027429,0.004596,0.62562
tid_1670,1670,0,56,Оренбургская область,городской округ,False,53-714-000-000,53714000,matched,Кувандыкский городской округ,40357,26398,0.654112,matched,Кувандыкский,40777,0.314736,40357,rosstat_2024,matched,43356.3,matched,4797,117.639846,,,0.068168,0.042944,0.00271,0.43423
tid_1671,1671,1,56,Оренбургская область,городской округ,False,53-715-000-000,53715000,matched,Городской округ город Медногорск,24149,23013,0.952959,matched,Город Медногорск,24531,0.289756,24149,rosstat_2024,matched,52875.3,matched,4470,182.218418,,,0.476063,0.036018,,0.27651
tid_1672,1672,0,56,Оренбургская область,городской округ,False,53-720-000-000,53720000,matched,Городской округ город Новотроицк,79410,74469,0.937779,matched,Город Новотроицк,79946,0.257286,79410,rosstat_2024,matched,62326.5,matched,24601,307.720211,,,0.561603,0.026909,0.011666,0.236738
tid_1673,1673,0,56,Оренбургская область,городской округ,False,53-723-000-000,53723000,matched,Городской округ город Орск,190318,187517,0.985283,matched,Город Орск,190980,0.243078,190318,rosstat_2024,matched,55690.3,matched,39364,206.115824,0.00409,0.035591,0.262575,0.05218,0.002388,0.376054
tid_1674,1674,0,56,Оренбургская область,городской округ,False,53-725-000-000,53725000,matched,Соль-Илецкий городской округ,45181,25416,0.562537,matched,Соль-Илецкий,45870,0.232723,45181,rosstat_2024,matched,42281.7,matched,8468,184.608677,0.013817,,,0.049598,,0.545465
tid_1675,1675,0,56,Оренбургская область,городской округ,False,53-727-000-000,53727000,matched,Сорочинский городской округ,39845,27874,0.699561,matched,Сорочинский,40343,0.240612,39845,rosstat_2024,matched,41547,matched,5713,141.610688,,0.024681,0.071241,0.052862,,0.459303
tid_1676,1676,1,56,Оренбургская область,городской округ,False,53-732-000-000,53732000,matched,Ясненский городской округ,17793,15394,0.865172,matched,Ясненский,17951,0.236087,17793,rosstat_2024,matched,52307.2,matched,4184,233.078937,,,0.01434,0.046606,,0.344407
tid_1678,1678,1,56,Оренбургская область,муниципальный район,False,53-604-000-000,53604000,matched,Адамовский муниципальный район,18976,0,0,matched,Адамовский муниципальный район,19557,0.257248,18976,rosstat_2024,matched,35791.4,matched,2397,122.564811,0.164789,,,0.040884,0.005006,0.540676
tid_1679,1679,1,56,Оренбургская область,муниципальный район,False,53-605-000-000,53605000,matched,Акбулакский муниципальный район,19016,0,0,matched,Акбулакский муниципальный район,19217,0.251184,19016,rosstat_2024,matched,34131.3,matched,2662,138.523183,,,,0.036063,,0.750939
tid_168,168,2,7,Кабардино-Балкарская Республика,городской округ,False,83-703-000-000,83703000,matched,Городской округ г Баксан,61043,40010,0.65544,matched,Баксан,60724,0.162045,61043,rosstat_2024,matched,36964.4,matched,4461,73.46354,,,,0.016588,,0.802286
tid_1680,1680,1,56,Оренбургская область,муниципальный район,False,53-606-000-000,53606000,matched,Александровский муниципальный район,12753,0,0,matched,Александровский муниципальный район,12956,0.285659,12753,rosstat_2024,matched,47189.1,matched,1853,143.022538,,,,0.024825,,0.492715
tid_1681,1681,1,56,Оренбургская область,муниципальный район,False,53-607-000-000,53607000,matched,Асекеевский муниципальный район,15753,0,0,matched,Асекеевский муниципальный район,16050,0.326916,15753,rosstat_2024,matched,42576.3,matched,1677,104.485981,,0.081694,,0.02743,,0.624925
tid_1682,1682,0,56,Оренбургская область,муниципальный район,False,53-610-000-000,53610000,matched,Беляевский муниципальный район,13156,0,0,matched,Беляевский муниципальный район,13393,0.297394,13156,rosstat_2024,matched,40904.8,matched,1676,125.139999,0.103222,,,0.025656,,0.585919
tid_1683,1683,0,56,Оренбургская область,муниципальный район,False,53-611-000-000,53611000,matched,Бугурусланский муниципальный район,16252,0,0,matched,Бугурусланский муниципальный район,16658,0.273982,16252,rosstat_2024,matched,47137.4,matched,1209,72.57774,,,,0.030604,,
tid_1685,1685,1,56,Оренбургская область,муниципальный район,False,53-615-000-000,53615000,matched,Грачёвский муниципальный район,10558,0,0,matched,Грачёвский муниципальный район,10778,0.335498,10558,rosstat_2024,matched,42798.3,matched,1584,146.966042,,,,0.051136,,0.482955
tid_1686,1686,1,56,Оренбургская область,муниципальный район,False,53-617-000-000,53617000,matched,Домбаровский муниципальный район,11105,0,0,matched,Домбаровский муниципальный район,11377,0.258065,11105,rosstat_2024,matched,47076.3,matched,1988,174.738508,,,,0.035211,,0.546781
tid_1687,1687,1,56,Оренбургская область,муниципальный район,False,53-619-000-000,53619000,matched,Илекский муниципальный район,25229,0,0,matched,Илекский муниципальный район,25508,0.250706,25229,rosstat_2024,matched,39659.6,matched,2434,95.421044,0.127773,,,0.035333,,0.651191
tid_1688,1688,1,56,Оренбургская область,муниципальный район,False,53-622-000-000,53622000,matched,Кваркенский муниципальный район,14438,0,0,matched,Кваркенский муниципальный район,14901,0.272532,14438,rosstat_2024,matched,45553.4,matched,1830,122.81055,,,,0.027869,,0.584153
tid_1689,1689,1,56,Оренбургская область,муниципальный район,False,53-623-000-000,53623000,matched,Красногвардейский муниципальный район,16960,0,0,matched,Красногвардейский муниципальный район,17170,0.284683,16960,rosstat_2024,matched,37889.8,matched,1446,84.216657,,,,0.041494,,
tid_169,169,2,7,Кабардино-Балкарская Республика,городской округ,False,83-710-000-000,83710000,matched,Городской округ г Прохладный,60023,60023,1,matched,Прохладный,59778,0.24504,60023,rosstat_2024,matched,41272.9,matched,6236,104.319315,,,0.119147,0.041533,,0.564785
tid_1690,1690,1,56,Оренбургская область,муниципальный район,False,53-625-000-000,53625000,matched,Курманаевский муниципальный район,14152,0,0,matched,Курманаевский муниципальный район,14428,0.314527,14152,rosstat_2024,matched,44895.3,matched,1636,113.390629,,,,0.022616,,0.543399
tid_1691,1691,0,56,Оренбургская область,муниципальный район,False,53-627-000-000,53627000,matched,Матвеевский муниципальный район,8826,0,0,matched,Матвеевский муниципальный район,9034,0.355214,8826,rosstat_2024,matched,36824.1,matched,1095,121.208767,,,,0.028311,,0.69863
tid_1692,1692,1,56,Оренбургская область,муниципальный район,False,53-630-000-000,53630000,matched,Новоорский муниципальный район,23447,0,0,matched,Новоорский муниципальный район,23850,0.279748,23447,rosstat_2024,matched,59217.2,matched,3450,144.654088,0.006087,,,0.05913,,0.472754
tid_1693,1693,0,56,Оренбургская область,муниципальный район,False,53-631-000-000,53631000,matched,Новосергиевский муниципальный район,28827,0,0,matched,Новосергиевский муниципальный район,29332,0.277683,28827,rosstat_2024,matched,48473.3,matched,5340,182.05373,0.075281,,0.038951,0.038015,0.008614,0.420037
tid_1694,1694,0,56,Оренбургская область,муниципальный район,False,53-633-000-000,53633000,matched,Октябрьский муниципальный район,17079,0,0,matched,Октябрьский муниципальный район,17286,0.286359,17079,rosstat_2024,matched,46124.8,matched,3083,178.352424,0.212455,,,0.031463,,0.440156
tid_1696,1696,1,56,Оренбургская область,муниципальный район,False,53-636-000-000,53636000,matched,Первомайский муниципальный район,20575,0,0,matched,Первомайский муниципальный район,21087,0.235216,20575,rosstat_2024,matched,43354,matched,2350,111.443069,,,,0.034894,,0.671064
tid_1697,1697,0,56,Оренбургская область,муниципальный район,False,53-637-000-000,53637000,matched,Переволоцкий муниципальный район,20288,0,0,matched,Переволоцкий муниципальный район,20555,0.304549,20288,rosstat_2024,matched,44425,matched,2917,141.911944,0.105931,0.055879,0.045252,0.041824,0.006514,0.507713
tid_1698,1698,1,56,Оренбургская область,муниципальный район,False,53-638-000-000,53638000,matched,Пономарёвский муниципальный район,12885,0,0,matched,Пономарёвский муниципальный район,13036,0.323105,12885,rosstat_2024,matched,34361.7,matched,1201,92.129488,,,,0.053289,,0.745212
tid_1699,1699,1,56,Оренбургская область,муниципальный район,False,53-640-000-000,53640000,matched,Сакмарский муниципальный район,29252,0,0,matched,Сакмарский муниципальный район,29265,0.253784,29252,rosstat_2024,matched,44228.1,matched,3558,121.578678,0.310568,,,0.034851,,0.490725
tid_17,17,0,4,Республика Алтай,муниципальный район,False,84-640-000-000,84640000,matched,Усть-Коксинский муниципальный район,15634,0,0,matched,Усть-Коксинский муниципальный район,15691,0.184564,15634,rosstat_2024,matched,38885.2,matched,2554,162.768466,0.132733,,0.008614,0.015662,,0.67267
tid_1700,1700,0,56,Оренбургская область,муниципальный район,False,53-641-000-000,53641000,matched,Саракташский муниципальный район,39786,0,0,matched,Саракташский муниципальный район,40080,0.263698,39786,rosstat_2024,matched,42778.3,matched,3984,99.401198,0.136295,,,0.035392,0.002008,0.621737
tid_1701,1701,1,56,Оренбургская область,муниципальный район,False,53-642-000-000,53642000,matched,Светлинский муниципальный район,9689,0,0,matched,Светлинский муниципальный район,9948,0.267491,9689,rosstat_2024,matched,36878.3,matched,1084,108.966626,,,,0.062731,,0.654059
tid_1702,1702,1,56,Оренбургская область,муниципальный район,False,53-643-000-000,53643000,matched,Северный муниципальный район,10754,0,0,matched,Северный муниципальный район,10948,0.326818,10754,rosstat_2024,matched,51159,matched,1898,173.364998,0.226027,,,0.028451,,0.405163
tid_1703,1703,0,56,Оренбургская область,муниципальный район,False,53-651-000-000,53651000,matched,Ташлинский муниципальный район,19856,0,0,matched,Ташлинский муниципальный район,20103,0.262001,19856,rosstat_2024,matched,48508.9,matched,3909,194.44859,0.236122,0.133026,,0.028908,0.005884,0.360706
tid_1704,1704,0,56,Оренбургская область,муниципальный район,False,53-652-000-000,53652000,matched,Тоцкий муниципальный район,30816,0,0,matched,Тоцкий муниципальный район,31220,0.201954,30816,rosstat_2024,matched,38444.7,matched,3156,101.089045,0.01616,,,0.041191,0.02218,0.76616
tid_1705,1705,1,56,Оренбургская область,муниципальный район,False,53-653-000-000,53653000,matched,Тюльганский муниципальный район,17089,0,0,matched,Тюльганский муниципальный район,17316,0.300936,17089,rosstat_2024,matched,35998.4,matched,1994,115.153615,,,,0.024574,,0.707623
tid_1706,1706,0,56,Оренбургская область,муниципальный район,False,53-656-000-000,53656000,matched,Шарлыкский муниципальный район,14855,0,0,matched,Шарлыкский муниципальный район,14948,0.322518,14855,rosstat_2024,matched,40621.4,matched,1743,116.604228,,,,0.056799,,0.691337
tid_1707,1707,0,57,Орловская область,городской округ,False,54-701-000-000,54701000,matched,Городской округ город Орёл,292406,292406,1,matched,Город Орёл,296633,0.279844,292406,rosstat_2024,matched,52693.8,matched,78549,264.801961,0.010821,,0.126914,0.100396,0.006786,0.459357
tid_1708,1708,1,57,Орловская область,городской округ,False,54-705-000-000,54705000,matched,Городской округ город Ливны,42694,42694,1,matched,Город Ливны,42928,0.265118,42694,rosstat_2024,matched,43617.5,matched,12681,295.401603,0.045265,,0.410772,0.045028,,0.325763
tid_1709,1709,0,57,Орловская область,городской округ,False,54-710-000-000,54710000,matched,Городской округ город Мценск,35554,35554,1,matched,Город Мценск,36070,0.297893,35554,rosstat_2024,matched,42411.9,matched,8526,236.373718,0.013957,,0.334154,0.061342,,0.440652
tid_1710,1710,1,57,Орловская область,муниципальный район,False,54-604-000-000,54604000,matched,Болховский муниципальный район,14977,9215,0.615277,matched,Болховский муниципальный район,15224,0.263006,14977,rosstat_2024,matched,38893.9,matched,2704,177.614293,0.035873,,,0.038092,,0.590976
tid_1711,1711,1,57,Орловская область,муниципальный район,False,54-608-000-000,54608000,matched,Верховский муниципальный район,14493,6981,0.481681,matched,Верховский муниципальный район,14730,0.303734,14493,rosstat_2024,matched,43305.6,matched,2439,165.580448,0.109471,,,0.04715,,0.469455
tid_1712,1712,1,57,Орловская область,муниципальный район,False,54-610-000-000,54610000,matched,Глазуновский муниципальный район,10168,4606,0.45299,matched,Глазуновский муниципальный район,10245,0.313812,10168,rosstat_2024,matched,42026.2,matched,1567,152.95266,0.212508,,,0.032546,,0.514359
tid_1714,1714,1,57,Орловская область,муниципальный район,False,54-615-000-000,54615000,matched,Должанский муниципальный район,8587,3478,0.405031,matched,Должанский муниципальный район,8684,0.285698,8587,rosstat_2024,matched,44731.8,matched,1843,212.229387,0.198589,,0.018448,0.024959,,0.453066
tid_1715,1715,1,57,Орловская область,муниципальный район,False,54-618-000-000,54618000,matched,Залегощенский муниципальный район,11724,4392,0.374616,matched,Залегощенский муниципальный район,11725,0.300469,11724,rosstat_2024,matched,40854.5,matched,2137,182.260128,0.265325,,,0.036968,,0.457651
tid_1717,1717,1,57,Орловская область,муниципальный район,False,54-623-000-000,54623000,matched,Колпнянский муниципальный район,12286,5243,0.426746,matched,Колпнянский муниципальный район,12459,0.314311,12286,rosstat_2024,matched,50453.4,matched,1777,142.627819,0.196961,,,0.039392,,0.44063
tid_1718,1718,1,57,Орловская область,муниципальный район,False,54-624-000-000,54624000,matched,Краснозоренский муниципальный район,5084,0,0,matched,Краснозоренский муниципальный район,5146,0.3185,5084,rosstat_2024,matched,45073.1,matched,1195,232.219199,,,,0.020921,,
tid_1719,1719,0,57,Орловская область,муниципальный район,False,54-625-000-000,54625000,matched,Кромской муниципальный район,20537,6989,0.340313,matched,Кромской муниципальный район,20502,0.264706,20537,rosstat_2024,matched,44957.4,matched,4820,235.099015,0.152697,,0.342531,0.022822,,0.344606
tid_1722,1722,1,57,Орловская область,муниципальный район,False,54-632-000-000,54632000,matched,Малоархангельский муниципальный район,9312,3498,0.375644,matched,Малоархангельский муниципальный район,9363,0.28869,9312,rosstat_2024,matched,39875.1,matched,1682,179.643277,0.22176,,,0.072533,0.012485,
tid_1724,1724,1,57,Орловская область,муниципальный район,False,54-639-000-000,54639000,matched,Новодеревеньковский муниципальный район,9028,3842,0.425565,matched,Новодеревеньковский муниципальный район,9076,0.301785,9028,rosstat_2024,matched,44308.7,matched,1775,195.570736,0.350986,,,0.049577,,0.428732
tid_1725,1725,1,57,Орловская область,муниципальный район,False,54-643-000-000,54643000,matched,Новосильский муниципальный район,6534,2867,0.438782,matched,Новосильский муниципальный район,6700,0.288209,6534,rosstat_2024,matched,41340.5,matched,1004,149.850746,0.114542,,,0.047809,,
tid_1726,1726,0,57,Орловская область,муниципальный округ,False,54-501-000-000,54501000,matched,Орловский муниципальный округ,69588,9597,0.137912,matched,Орловский,70123,0.255052,69588,rosstat_2024,matched,56347.1,matched,13169,187.798582,0.121346,,0.222037,0.103121,0.000759,0.292581
tid_1727,1727,1,57,Орловская область,муниципальный район,False,54-650-000-000,54650000,matched,Покровский муниципальный район,11873,3765,0.317106,matched,Покровский муниципальный район,11950,0.289205,11873,rosstat_2024,matched,47609.8,matched,2233,186.861925,0.42275,,,0.030004,,0.430363
tid_1728,1728,1,57,Орловская область,муниципальный район,False,54-652-000-000,54652000,matched,Свердловский муниципальный район,13337,4929,0.369573,matched,Свердловский муниципальный район,13382,0.272231,13337,rosstat_2024,matched,43072,matched,2584,193.095203,0.205108,,,0.065789,,0.387771
tid_173,173,1,7,Кабардино-Балкарская Республика,муниципальный район,False,83-620-000-000,83620000,matched,Майский муниципальный район,37609,26143,0.695126,matched,Майский муниципальный район,37828,0.230068,37609,rosstat_2024,matched,38075.4,matched,3060,80.892461,0.09085,,0.219935,0.02451,,0.588889
tid_1730,1730,1,57,Орловская область,муниципальный район,False,54-654-000-000,54654000,matched,Троснянский муниципальный район,7678,0,0,matched,Троснянский муниципальный район,7739,0.298359,7678,rosstat_2024,matched,50069.5,matched,1291,166.817418,0.366383,,,0.02866,,0.49574
tid_1731,1731,1,57,Орловская область,муниципальный район,False,54-655-000-000,54655000,matched,Урицкий муниципальный район,17284,9350,0.540963,matched,Урицкий муниципальный район,17312,0.252542,17284,rosstat_2024,matched,36234.6,matched,3293,190.21488,0.060735,,0.264804,0.04707,,0.476465
tid_1732,1732,1,57,Орловская область,муниципальный район,False,54-657-000-000,54657000,matched,Хотынецкий муниципальный район,7819,3477,0.444686,matched,Хотынецкий муниципальный район,7911,0.289091,7819,rosstat_2024,matched,45569.6,matched,1490,188.345342,0.271812,,,0.049664,,0.467785
tid_1733,1733,1,57,Орловская область,муниципальный район,False,54-659-000-000,54659000,matched,Шаблыкинский муниципальный район,5835,2764,0.473693,matched,Шаблыкинский муниципальный район,5916,0.318289,5835,rosstat_2024,matched,49676.8,matched,1365,230.730223,0.502564,,,0.01978,,
tid_1737,1737,1,58,Пензенская область,муниципальный район,False,56-603-000-000,56603000,matched,Башмаковский муниципальный район,19102,9367,0.490368,matched,Башмаковский муниципальный район,19237,0.273587,19102,rosstat_2024,matched,51914.5,matched,2783,144.669127,0.288538,,,0.034136,,
tid_1738,1738,1,58,Пензенская область,муниципальный район,False,56-609-000-000,56609000,matched,Бековский муниципальный район,13474,5936,0.440552,matched,Бековский муниципальный район,13678,0.294487,13474,rosstat_2024,matched,39036.6,matched,2631,192.352683,0.266439,,0.327252,0.027746,,0.297225
tid_1739,1739,1,58,Пензенская область,муниципальный район,False,56-612-000-000,56612000,matched,Белинский муниципальный район,23699,8481,0.357863,matched,Белинский муниципальный район,24016,0.330488,23699,rosstat_2024,matched,39640.7,matched,3402,141.655563,0.117578,,0.276896,0.027925,,0.414168
tid_1740,1740,0,58,Пензенская область,муниципальный район,False,56-613-000-000,56613000,matched,Бессоновский муниципальный район,44901,0,0,matched,Бессоновский муниципальный район,45314,0.269608,44901,rosstat_2024,matched,49601.2,matched,6603,145.716556,0.298955,,0.163713,0.05967,0.001212,0.362714
tid_1741,1741,1,58,Пензенская область,муниципальный район,False,56-615-000-000,56615000,matched,Вадинский муниципальный район,7153,0,0,matched,Вадинский муниципальный район,7239,0.337201,7153,rosstat_2024,matched,39653.2,matched,706,97.527283,,,,0.033994,,
tid_1742,1742,0,58,Пензенская область,муниципальный район,False,56-618-000-000,56618000,matched,Городищенский муниципальный район,45419,20383,0.448777,matched,Городищенский муниципальный район,45423,0.269511,45419,rosstat_2024,matched,39753,matched,3360,73.971336,,,0.231548,0.046726,,0.582738
tid_1743,1743,1,58,Пензенская область,муниципальный район,False,56-623-000-000,56623000,matched,Земетчинский муниципальный район,18592,9471,0.509413,matched,Земетчинский муниципальный район,18759,0.335412,18592,rosstat_2024,matched,44156.9,matched,2368,126.232742,0.236909,,0.215372,0.038007,,
tid_1744,1744,1,58,Пензенская область,муниципальный район,False,56-626-000-000,56626000,matched,Иссинский муниципальный район,8268,4819,0.58285,matched,Иссинский муниципальный район,8420,0.359026,8268,rosstat_2024,matched,41724.1,matched,1025,121.733967,0.118049,,,0.075122,,
tid_1745,1745,1,58,Пензенская область,муниципальный район,False,56-629-000-000,56629000,matched,Каменский муниципальный район,48394,32821,0.678204,matched,Каменский муниципальный район,48988,0.315506,48394,rosstat_2024,matched,46619.8,matched,6166,125.867559,0.134934,,0.12131,0.066169,,0.405936
tid_1746,1746,1,58,Пензенская область,муниципальный район,False,56-631-000-000,56631000,matched,Камешкирский муниципальный район,9895,0,0,matched,Камешкирский муниципальный район,10012,0.336097,9895,rosstat_2024,matched,35446.3,matched,971,96.98362,,,,0.048404,,0.726056
tid_1747,1747,1,58,Пензенская область,муниципальный район,False,56-633-000-000,56633000,matched,Колышлейский муниципальный район,20513,7801,0.380295,matched,Колышлейский муниципальный район,20763,0.324712,20513,rosstat_2024,matched,41908.2,matched,2552,122.910947,0.329154,,,0.030172,,0.483542
tid_1749,1749,1,58,Пензенская область,муниципальный район,False,56-642-000-000,56642000,matched,Лопатинский муниципальный район,11327,0,0,matched,Лопатинский муниципальный район,11418,0.346733,11327,rosstat_2024,matched,38739.1,matched,1035,90.646348,,,,0.03285,,
tid_1750,1750,1,58,Пензенская область,муниципальный район,False,56-643-000-000,56643000,matched,Лунинский муниципальный район,15623,7058,0.45177,matched,Лунинский муниципальный район,15887,0.32813,15623,rosstat_2024,matched,38109,matched,1583,99.641216,0.120657,,,0.047378,,
tid_1751,1751,1,58,Пензенская область,муниципальный район,False,56-644-000-000,56644000,matched,Малосердобинский муниципальный район,7959,0,0,matched,Малосердобинский муниципальный район,8054,0.355476,7959,rosstat_2024,matched,35223.4,matched,659,81.822697,,,,0.050076,,
tid_1752,1752,0,58,Пензенская область,муниципальный район,False,56-645-000-000,56645000,matched,Мокшанский муниципальный район,23532,10518,0.446966,matched,Мокшанский муниципальный район,23972,0.30448,23532,rosstat_2024,matched,40374,matched,3134,130.735859,0.137205,,0.19783,0.03829,,0.493937
tid_1753,1753,1,58,Пензенская область,муниципальный район,False,56-647-000-000,56647000,matched,Наровчатский муниципальный район,9756,0,0,matched,Наровчатский муниципальный район,9855,0.310908,9756,rosstat_2024,matched,39938.5,matched,1077,109.284627,0.383473,,,0.041783,,
tid_1754,1754,0,58,Пензенская область,муниципальный район,False,56-649-000-000,56649000,matched,Неверкинский муниципальный район,13081,0,0,matched,Неверкинский муниципальный район,13276,0.328111,13081,rosstat_2024,matched,34240.5,matched,1033,77.809581,,,,0.03969,,
tid_1755,1755,1,58,Пензенская область,муниципальный район,False,56-651-000-000,56651000,matched,Нижнеломовский муниципальный район,35595,20130,0.565529,matched,Нижнеломовский муниципальный район,35895,0.296476,35595,rosstat_2024,matched,53120.5,matched,12595,350.884524,0.340691,,0.254545,0.083605,,0.193966
tid_1756,1756,1,58,Пензенская область,муниципальный район,False,56-653-000-000,56653000,matched,Никольский муниципальный район,27530,20897,0.759063,matched,Никольский муниципальный район,27852,0.333046,27530,rosstat_2024,matched,43257.2,matched,3350,120.278616,0.067761,,0.237313,0.049552,,0.396119
tid_1757,1757,1,58,Пензенская область,муниципальный район,False,56-654-000-000,56654000,matched,Пачелмский муниципальный район,12972,6877,0.530142,matched,Пачелмский муниципальный район,13098,0.316384,12972,rosstat_2024,matched,39618.5,matched,1089,83.142464,0.222222,,,0.043159,,
tid_1758,1758,2,58,Пензенская область,муниципальный район,False,56-655-000-000,56655000,matched,Пензенский муниципальный район,66409,2816,0.042404,matched,Пензенский муниципальный район,66046,0.228765,66409,rosstat_2024,matched,49596.1,matched,7470,113.102989,0.11245,,0.082463,0.143641,,0.425301
tid_1759,1759,1,58,Пензенская область,муниципальный район,False,56-656-000-000,56656000,matched,Сердобский муниципальный район,44283,29472,0.665538,matched,Сердобский муниципальный район,44853,0.295298,44283,rosstat_2024,matched,40958,matched,7172,159.900118,0.118795,,0.095789,0.036392,,0.452454
tid_1760,1760,0,58,Пензенская область,муниципальный район,False,56-657-000-000,56657000,matched,Сосновоборский муниципальный район,13512,5620,0.415927,matched,Сосновоборский муниципальный район,13770,0.325999,13512,rosstat_2024,matched,33115.2,matched,1055,76.615832,,,,0.058768,,
tid_1761,1761,1,58,Пензенская область,муниципальный район,False,56-606-000-000,56606000,matched,Спасский муниципальный район,10833,6864,0.633619,matched,Спасский муниципальный район,11004,0.261814,10833,rosstat_2024,matched,40991.8,matched,1033,93.874955,,,,0.087125,,
tid_1762,1762,1,58,Пензенская область,муниципальный район,False,56-658-000-000,56658000,matched,Тамалинский муниципальный район,12659,6133,0.484477,matched,Тамалинский муниципальный район,12852,0.315904,12659,rosstat_2024,matched,41552.7,matched,1396,108.621226,0.201289,,,0.111032,,
tid_1764,1764,0,60,Псковская область,городской округ,False,58-701-000-000,58701000,matched,Псковский городской округ,187129,187129,1,matched,Город Псков,189315,0.251734,187129,rosstat_2024,matched,54130,matched,51084,269.835988,0.006401,,0.156546,0.097428,0.014094,0.42757
tid_1765,1765,0,60,Псковская область,городской округ,False,58-710-000-000,58710000,matched,Великолукский городской округ,85442,85442,1,matched,Город Великие Луки,85989,0.274803,85442,rosstat_2024,matched,48198.8,matched,27818,323.506495,,,0.4418,0.067978,0.009814,0.267848
tid_1766,1766,1,60,Псковская область,муниципальный район,False,58-604-000-000,58604000,matched,Бежаницкий муниципальный район,9802,4199,0.428382,matched,Бежаницкий муниципальный район,10091,0.343772,9802,rosstat_2024,matched,41114.3,matched,2050,203.151323,0.173171,,,0.136585,,0.371707
tid_1768,1768,1,60,Псковская область,муниципальный район,False,58-608-000-000,58608000,matched,Гдовский муниципальный район,8544,3256,0.381086,matched,Гдовский муниципальный район,8832,0.353601,8544,rosstat_2024,matched,37518.8,matched,1262,142.889493,,,0.03645,0.101426,,0.62599
tid_1769,1769,1,60,Псковская область,муниципальный район,False,58-610-000-000,58610000,matched,Дедовичский муниципальный район,11451,6577,0.57436,matched,Дедовичский муниципальный район,11661,0.325615,11451,rosstat_2024,matched,44571.3,matched,2182,187.119458,,,,0.065078,,0.394134
tid_1770,1770,1,60,Псковская область,муниципальный район,False,58-612-000-000,58612000,matched,Дновский муниципальный район,10547,7626,0.723049,matched,Дновский муниципальный район,10696,0.304787,10547,rosstat_2024,matched,52583.4,matched,3107,290.482423,,,0.337625,0.037657,,0.208883
tid_1771,1771,1,60,Псковская область,муниципальный район,False,58-614-000-000,58614000,no_code_match,,,,,matched,Красногородский муниципальный район,6366,0.337889,6366,bdpmo_2023,matched,32832.3,matched,939,147.502356,,,,0.074547,,0.715655
tid_1773,1773,1,60,Псковская область,муниципальный район,False,58-618-000-000,58618000,no_code_match,,,,,matched,Локнянский муниципальный район,7595,0.350889,7595,bdpmo_2023,matched,34804.6,matched,931,122.580645,,,,0.087003,,0.664876
tid_1774,1774,1,60,Псковская область,муниципальный район,False,58-620-000-000,58620000,no_code_match,,,,,matched,Невельский муниципальный район,20868,0.355808,20868,bdpmo_2023,matched,36928.4,matched,3522,168.775158,,,,0.064168,,0.406871
tid_1775,1775,1,60,Псковская область,муниципальный район,False,58-623-000-000,58623000,no_code_match,,,,,matched,Новоржевский муниципальный район,7785,0.360565,7785,bdpmo_2023,matched,33266.8,matched,948,121.77264,,,,0.117089,,0.518987
tid_1776,1776,1,60,Псковская область,муниципальный район,False,58-626-000-000,58626000,matched,Новосокольнический муниципальный район,11427,6659,0.582743,matched,Новосокольнический муниципальный район,11644,0.3163,11427,rosstat_2024,matched,44148.7,matched,1922,165.063552,0.134235,,,0.078044,0.033819,0.398023
tid_1777,1777,1,60,Псковская область,муниципальный район,False,58-629-000-000,58629000,no_code_match,,,,,matched,Опочецкий муниципальный район,15063,0.341433,15063,bdpmo_2023,matched,37438.7,matched,2423,160.857731,,,,0.108543,,0.640941
tid_1778,1778,0,60,Псковская область,муниципальный район,False,58-633-000-000,58633000,matched,Островский муниципальный район,26618,20773,0.780412,matched,Островский муниципальный район,26776,0.302136,26618,rosstat_2024,matched,39250.9,matched,4494,167.836869,0.038273,,0.123053,0.066978,0.016689,0.509791
tid_1780,1780,1,60,Псковская область,муниципальный район,False,58-640-000-000,58640000,no_code_match,,,,,matched,Печорский муниципальный район,18602,0.302333,18602,bdpmo_2023,matched,44270.1,matched,3188,171.379422,,,,0.062422,0.040151,0.506901
tid_1781,1781,1,60,Псковская область,муниципальный район,False,58-643-000-000,58643000,matched,Плюсский муниципальный район,6131,2982,0.486381,matched,Плюсский муниципальный район,6386,0.386157,6131,rosstat_2024,matched,43154.7,matched,993,155.496398,,,,0.13998,,0.462236
tid_1782,1782,1,60,Псковская область,муниципальный район,False,58-647-000-000,58647000,matched,Порховский муниципальный район,14635,6884,0.470379,matched,Порховский муниципальный район,15065,0.344441,14635,rosstat_2024,matched,39175.3,matched,3284,217.988716,0.065469,,,0.056334,0.005786,0.513094
tid_1783,1783,2,60,Псковская область,муниципальный район,False,58-649-000-000,58649000,matched,Псковский муниципальный район,44749,0,0,matched,Псковский муниципальный район,43640,0.229995,44749,rosstat_2024,matched,44189.9,matched,5570,127.635197,0.250808,,0.091562,0.098025,0.006104,0.417056
tid_1784,1784,1,60,Псковская область,муниципальный район,False,58-650-000-000,58650000,matched,Пустошкинский муниципальный район,7174,3853,0.537078,matched,Пустошкинский муниципальный район,7404,0.367774,7174,rosstat_2024,matched,37889.2,matched,937,126.553214,,,,0.106724,,0.530416
tid_1785,1785,1,60,Псковская область,муниципальный район,False,58-651-000-000,58651000,matched,Пушкиногорский муниципальный район,7103,4226,0.59496,matched,Пушкиногорский муниципальный район,7278,0.361088,7103,rosstat_2024,matched,40762.5,matched,1823,250.480901,,,,0.07186,,0.400987
tid_1786,1786,1,60,Псковская область,муниципальный район,False,58-653-000-000,58653000,no_code_match,,,,,matched,Пыталовский муниципальный район,9603,0.277309,9603,bdpmo_2023,matched,45957.8,matched,1622,168.90555,,,,0.065968,,0.722565
tid_1787,1787,1,60,Псковская область,муниципальный район,False,58-654-000-000,58654000,matched,Себежский муниципальный район,18348,11723,0.638925,matched,Себежский муниципальный район,18606,0.279211,18348,rosstat_2024,matched,44082.8,matched,3000,161.23831,0.011,,,0.110333,,0.634667
tid_1788,1788,1,60,Псковская область,муниципальный район,False,58-656-000-000,58656000,no_code_match,,,,,matched,Струго-Красненский муниципальный район,9758,0.340336,9758,bdpmo_2023,matched,37528.2,matched,1423,145.829063,,,,0.126493,,0.603654
tid_18,18,0,4,Республика Алтай,муниципальный район,False,84-643-000-000,84643000,matched,Чемальский муниципальный район,10557,0,0,matched,Чемальский муниципальный район,10394,0.20483,10557,rosstat_2024,matched,51409.9,matched,1709,164.421782,,,,0.051492,0.06261,0.699239
tid_181,181,1,8,Республика Калмыкия,муниципальный район,False,85-605-000-000,85605000,matched,Городовиковский муниципальный район,13573,8137,0.599499,matched,Городовиковский муниципальный район,13530,0.258832,13573,rosstat_2024,matched,31314.8,matched,1343,99.260902,,,,0.029784,,0.83172
tid_184,184,1,8,Республика Калмыкия,муниципальный район,False,85-615-000-000,85615000,matched,Лаганский муниципальный район,18650,13919,0.746327,matched,Лаганский муниципальный район,18310,0.235008,18650,rosstat_2024,matched,32911.2,matched,1235,67.449481,,,,0.048583,,0.870445
tid_1845,1845,2,62,Рязанская область,городской округ,False,61-701-000-000,61701000,matched,Городской округ город Рязань,520509,520509,1,matched,Город Рязань,523203,0.280771,520509,rosstat_2024,matched,63591.8,matched,148433,283.70059,0.004521,0.001442,0.289221,0.081343,0.008684,0.350953
tid_1846,1846,1,62,Рязанская область,городской округ,False,61-705-000-000,61705000,matched,Городской округ город Касимов,27537,27537,1,matched,Город Касимов,27821,0.253262,27537,rosstat_2024,matched,44889.1,matched,6630,238.309191,,,0.274057,0.066667,,0.48552
tid_1848,1848,1,62,Рязанская область,городской округ,False,61-715-000-000,61715000,matched,Городской округ город Скопин,25424,24394,0.959487,matched,Город Скопин,25708,0.298856,25424,rosstat_2024,matched,41017.1,matched,4724,183.756029,,,0.049534,0.059272,,0.645851
tid_1849,1849,1,62,Рязанская область,муниципальный район,False,61-602-000-000,61602000,matched,Ермишинский муниципальный район,6377,3298,0.517171,matched,Ермишинский муниципальный район,6511,0.35248,6377,rosstat_2024,matched,42973.6,matched,841,129.166027,,,,0.054697,,
tid_185,185,2,8,Республика Калмыкия,муниципальный район,False,85-620-000-000,85620000,matched,Малодербетовский муниципальный район,9256,0,0,matched,Малодербетовский муниципальный район,9207,0.263061,9256,rosstat_2024,matched,31383.4,matched,853,92.646899,,,,0.036342,,0.853458
tid_1850,1850,1,62,Рязанская область,муниципальный район,False,61-604-000-000,61604000,matched,Захаровский муниципальный район,7676,0,0,matched,Захаровский муниципальный район,7831,0.322309,7676,rosstat_2024,matched,42297.1,matched,1056,134.848678,0.324811,,,0.038826,,
tid_1851,1851,1,62,Рязанская область,муниципальный район,False,61-606-000-000,61606000,matched,Кадомский муниципальный район,7264,4949,0.681305,matched,Кадомский муниципальный район,7386,0.325887,7264,rosstat_2024,matched,33649.6,matched,695,94.09694,,,,0.038849,,
tid_1852,1852,1,62,Рязанская область,муниципальный район,False,61-608-000-000,61608000,matched,Касимовский муниципальный район,26914,6532,0.242699,matched,Касимовский муниципальный район,27244,0.321172,26914,rosstat_2024,matched,51666.2,matched,5061,185.765673,0.119937,,0.195614,0.009287,,0.351907
tid_1853,1853,1,62,Рязанская область,муниципальный район,False,61-610-000-000,61610000,matched,Клепиковский муниципальный район,20755,9883,0.476174,matched,Клепиковский муниципальный район,20955,0.335529,20755,rosstat_2024,matched,43462.4,matched,3066,146.313529,0.020222,,,0.047945,,0.597847
tid_1854,1854,1,62,Рязанская область,муниципальный район,False,61-612-000-000,61612000,matched,Кораблинский муниципальный район,21723,9965,0.45873,matched,Кораблинский муниципальный район,21903,0.289047,21723,rosstat_2024,matched,43636.5,matched,2455,112.085102,0.222403,,,0.057026,,
tid_1855,1855,1,62,Рязанская область,муниципальный район,False,61-615-000-000,61615000,matched,Милославский муниципальный район,10602,5295,0.499434,matched,Милославский муниципальный район,10730,0.294501,10602,rosstat_2024,matched,38962.2,matched,1322,123.205965,,,,0.031014,,
tid_1856,1856,1,62,Рязанская область,муниципальный район,False,61-617-000-000,61617000,matched,Михайловский муниципальный район,31192,15781,0.505931,matched,Михайловский муниципальный район,31518,0.283362,31192,rosstat_2024,matched,50677,matched,4279,135.763691,,,0.32975,0.052816,,0.448469
tid_1857,1857,1,62,Рязанская область,муниципальный район,False,61-620-000-000,61620000,matched,Александро-Невский муниципальный район,10428,3544,0.339854,matched,Александро-Невский муниципальный район,10529,0.249596,10428,rosstat_2024,matched,43784,matched,2024,192.230981,0.409091,,0.011858,0.043478,0.005929,
tid_1858,1858,1,62,Рязанская область,муниципальный район,False,61-623-000-000,61623000,matched,Пителинский муниципальный район,4600,1901,0.413261,matched,Пителинский муниципальный район,4629,0.344567,4600,rosstat_2024,matched,45638.6,matched,780,168.502916,,,,0.024359,,
tid_1859,1859,1,62,Рязанская область,муниципальный район,False,61-625-000-000,61625000,matched,Пронский муниципальный район,29852,21330,0.714525,matched,Пронский муниципальный район,30144,0.28135,29852,rosstat_2024,matched,46419.3,matched,5228,173.434183,0.049923,,0.11974,0.037873,,
tid_1860,1860,1,62,Рязанская область,муниципальный район,False,61-626-000-000,61626000,no_code_match,,,,,matched,Путятинский муниципальный район,6884,0.273242,6884,bdpmo_2023,matched,58497.1,matched,830,120.569436,,,,0.051807,,
tid_1861,1861,1,62,Рязанская область,муниципальный район,False,61-627-000-000,61627000,matched,Рыбновский муниципальный район,38941,21268,0.54616,matched,Рыбновский муниципальный район,38973,0.262233,38941,rosstat_2024,matched,66319.4,matched,8620,221.178765,0.114733,,,0.226218,,0.280742
tid_1862,1862,1,62,Рязанская область,муниципальный район,False,61-630-000-000,61630000,no_code_match,,,,,matched,Ряжский муниципальный район,27032,0.253181,27032,bdpmo_2023,matched,40863.6,matched,4814,178.085232,0.0914,,0.266514,0.043415,,0.444329
tid_1863,1863,0,62,Рязанская область,муниципальный район,False,61-634-000-000,61634000,matched,Рязанский муниципальный район,63439,0,0,matched,Рязанский муниципальный район,62396,0.293016,63439,rosstat_2024,matched,57592,matched,10641,170.539778,0.202613,,0.187858,0.096701,0.011089,
tid_1864,1864,1,62,Рязанская область,муниципальный район,False,61-637-000-000,61637000,matched,Сапожковский муниципальный район,8943,2973,0.332439,matched,Сапожковский муниципальный район,9059,0.328513,8943,rosstat_2024,matched,43440.8,matched,1512,166.905839,,,,0.026455,,
tid_1865,1865,1,62,Рязанская область,муниципальный район,False,61-640-000-000,61640000,matched,Сараевский муниципальный район,14373,4835,0.336395,matched,Сараевский муниципальный район,14601,0.316759,14373,rosstat_2024,matched,44262.9,matched,2441,167.18033,0.23515,,,0.027857,,
tid_1868,1868,1,62,Рязанская область,муниципальный район,False,61-646-000-000,61646000,matched,Спасский муниципальный район,24415,5608,0.229695,matched,Спасский муниципальный район,24474,0.340116,24415,rosstat_2024,matched,41006,matched,3193,130.464983,0.048231,,0.176636,0.044785,,0.579079
tid_1869,1869,1,62,Рязанская область,муниципальный район,False,61-648-000-000,61648000,matched,Старожиловский муниципальный район,15533,4887,0.31462,matched,Старожиловский муниципальный район,15692,0.252422,15533,rosstat_2024,matched,47671.4,matched,2888,184.042824,0.333102,,,0.018006,,0.341413
tid_1870,1870,1,62,Рязанская область,муниципальный район,False,61-650-000-000,61650000,matched,Ухоловский муниципальный район,8122,3788,0.466388,matched,Ухоловский муниципальный район,8264,0.311592,8122,rosstat_2024,matched,37109.8,matched,864,104.549855,,,,0.03588,,
tid_1871,1871,1,62,Рязанская область,муниципальный район,False,61-653-000-000,61653000,matched,Чучковский муниципальный район,6634,2539,0.382725,matched,Чучковский муниципальный район,6742,0.297686,6634,rosstat_2024,matched,40250.2,matched,844,125.185405,,,,,,
tid_1872,1872,1,62,Рязанская область,муниципальный район,False,61-656-000-000,61656000,matched,Шацкий муниципальный район,20266,5770,0.284713,matched,Шацкий муниципальный район,20503,0.329415,20266,rosstat_2024,matched,42046.3,matched,3348,163.293177,0.200418,,,0.043309,,0.616786
tid_1873,1873,1,62,Рязанская область,муниципальный район,False,61-658-000-000,61658000,matched,Шиловский муниципальный район,34446,21158,0.614237,matched,Шиловский муниципальный район,34695,0.329039,34446,rosstat_2024,matched,43213.8,matched,5239,151.001585,0.015652,,0.160909,0.046192,0.001145,0.521092
tid_1874,1874,2,63,Самарская область,городской округ,False,36-701-000-000,36701000,matched,Городской округ Самара,1159044,1158952,0.999921,matched,Самара,1163724,0.258904,1159044,rosstat_2024,matched,69148.7,matched,329396,283.05337,0.00313,0.019636,0.192367,0.092126,0.010747,0.314451
tid_1875,1875,0,63,Самарская область,городской округ,False,36-704-000-000,36704000,matched,Городской округ Жигулевск,52171,48564,0.930862,matched,Жигулевск,52957,0.290708,52171,rosstat_2024,matched,51977,matched,10943,206.639349,,,0.324957,0.042493,0.008316,0.307959
tid_1876,1876,0,63,Самарская область,городской округ,False,36-708-000-000,36708000,matched,Городской округ Кинель,57721,57721,1,matched,Кинель,57729,0.211696,57721,rosstat_2024,matched,51658.9,matched,10869,188.276256,0.008096,,0.046738,0.099917,,0.338762
tid_1877,1877,0,63,Самарская область,городской округ,False,36-713-000-000,36713000,matched,Городской округ Новокуйбышевск,98550,96489,0.979087,matched,Новокуйбышевск,99247,0.254446,98550,rosstat_2024,matched,59934.7,matched,27739,279.494594,,,0.335268,0.040304,0.014168,0.229929
tid_1878,1878,1,63,Самарская область,городской округ,False,36-718-000-000,36718000,matched,Городской округ Октябрьск,19887,19887,1,matched,Октябрьск,20190,0.3263,19887,rosstat_2024,matched,54241.1,matched,4341,215.007429,,,,0.023727,,0.298779
tid_1879,1879,0,63,Самарская область,городской округ,False,36-724-000-000,36724000,matched,Городской округ Отрадный,46480,46480,1,matched,Отрадный,46755,0.259373,46480,rosstat_2024,matched,64203.6,matched,12968,277.36071,,0.34855,0.186305,0.031925,,0.220003
tid_188,188,0,8,Республика Калмыкия,муниципальный район,False,85-632-000-000,85632000,matched,Сарпинский муниципальный район,11466,0,0,matched,Сарпинский муниципальный район,11043,0.277189,11466,rosstat_2024,matched,35070.8,matched,1065,96.441184,,,,0.039437,,0.810329
tid_1880,1880,1,63,Самарская область,городской округ,False,36-727-000-000,36727000,matched,Городской округ Похвистнево,27685,26658,0.962904,matched,Похвистнево,27913,0.24236,27685,rosstat_2024,matched,47933,matched,5466,195.822735,0.019393,0.08251,0.016648,0.053604,,0.481705
tid_1881,1881,0,63,Самарская область,городской округ,False,36-735-000-000,36735000,matched,Городской округ Сызрань,162372,161609,0.995301,matched,Сызрань,164066,0.255208,162372,rosstat_2024,matched,54529.4,matched,39500,240.756769,,,0.332405,0.054253,0.010911,0.348861
tid_1883,1883,0,63,Самарская область,городской округ,False,36-750-000-000,36750000,matched,Городской округ Чапаевск,68824,68815,0.999869,matched,Чапаевск,69177,0.272952,68824,rosstat_2024,matched,50026.6,matched,13403,193.749368,,,0.352608,0.049392,0.002835,0.331493
tid_1884,1884,1,63,Самарская область,муниципальный район,False,36-602-000-000,36602000,matched,Муниципальный район Алексеевский,10499,0,0,matched,Алексеевский муниципальный район,10649,0.304536,10499,rosstat_2024,matched,42225,matched,1436,134.848343,,,,0.04039,,0.599582
tid_1885,1885,1,63,Самарская область,муниципальный район,False,36-604-000-000,36604000,matched,Муниципальный район Безенчукский,35844,22462,0.62666,matched,Безенчукский муниципальный район,36495,0.287217,35844,rosstat_2024,matched,49182.6,matched,7437,203.78134,0.096813,,0.171306,0.049751,0.002286,0.331854
tid_1886,1886,1,63,Самарская область,муниципальный район,False,36-606-000-000,36606000,matched,Муниципальный район Богатовский,13052,0,0,matched,Богатовский муниципальный район,13077,0.315669,13052,rosstat_2024,matched,44399.6,matched,2297,175.651908,,,,0.040923,,0.469743
tid_1887,1887,1,63,Самарская область,муниципальный район,False,36-608-000-000,36608000,matched,Муниципальный район Большеглушицкий,17856,0,0,matched,Большеглушицкий муниципальный район,18041,0.281415,17856,rosstat_2024,matched,44128,matched,2668,147.885372,0.128186,,,0.044603,,0.500375
tid_1888,1888,1,63,Самарская область,муниципальный район,False,36-610-000-000,36610000,matched,Муниципальный район Большечерниговский,17085,0,0,matched,Большечерниговский муниципальный район,17336,0.267247,17085,rosstat_2024,matched,44991.3,matched,2888,166.589755,,0.054017,0.079294,0.129501,,0.426939
tid_1889,1889,1,63,Самарская область,муниципальный район,False,36-612-000-000,36612000,matched,Муниципальный район Борский район,22166,0,0,matched,Борский муниципальный район,22484,0.286693,22166,rosstat_2024,matched,40190.3,matched,2459,109.366661,,,,0.04392,,0.665311
tid_1890,1890,0,63,Самарская область,муниципальный район,False,36-614-000-000,36614000,matched,Муниципальный район Волжский,130495,46833,0.358887,matched,Волжский муниципальный район,127070,0.198237,130495,rosstat_2024,matched,62623.7,matched,23033,181.262296,0.004385,,0.253593,0.141883,0.00356,0.271914
tid_1891,1891,1,63,Самарская область,муниципальный район,False,36-615-000-000,36615000,matched,Муниципальный район Елховский,9128,0,0,matched,Елховский муниципальный район,9309,0.301536,9128,rosstat_2024,matched,42812.7,matched,1128,121.173058,,0.072695,,0.033688,,0.723404
tid_1892,1892,1,63,Самарская область,муниципальный район,False,36-616-000-000,36616000,matched,Муниципальный район Исаклинский,12310,0,0,matched,Исаклинский муниципальный район,12390,0.27046,12310,rosstat_2024,matched,37799.6,matched,1660,133.979015,,,,0.034337,,0.633735
tid_1893,1893,0,63,Самарская область,муниципальный район,False,36-617-000-000,36617000,matched,Муниципальный район Камышлинский район,10431,0,0,matched,Камышлинский муниципальный район,10541,0.290959,10431,rosstat_2024,matched,44155.6,matched,1311,124.371502,,,,0.024409,,0.651411
tid_1894,1894,1,63,Самарская область,муниципальный район,False,36-618-000-000,36618000,matched,Муниципальный район Кинельский,30309,0,0,matched,Кинельский муниципальный район,30535,0.285836,30309,rosstat_2024,matched,57438.8,matched,3648,119.469461,0.078673,0.087171,0.265625,0.017544,,
tid_1895,1895,1,63,Самарская область,муниципальный район,False,36-620-000-000,36620000,matched,Муниципальный район Кинель-Черкасский,40596,0,0,matched,Кинель-Черкасский муниципальный район,41008,0.281067,40596,rosstat_2024,matched,47965.1,matched,6303,153.701717,0.147073,0.012851,,0.035063,,0.470094
tid_1896,1896,1,63,Самарская область,муниципальный район,False,36-622-000-000,36622000,matched,Муниципальный район Клявлинский,13967,0,0,matched,Клявлинский муниципальный район,14206,0.28502,13967,rosstat_2024,matched,44425,matched,2086,146.839364,0.105465,,,0.024928,,0.553691
tid_1897,1897,1,63,Самарская область,муниципальный район,False,36-624-000-000,36624000,matched,Муниципальный район Кошкинский,20672,0,0,matched,Кошкинский муниципальный район,21056,0.270897,20672,rosstat_2024,matched,44997.1,matched,3293,156.392477,0.08017,0.126632,0.113878,0.033708,,0.426359
tid_1898,1898,1,63,Самарская область,муниципальный район,False,36-626-000-000,36626000,matched,Муниципальный район Красноармейский,15788,0,0,matched,Красноармейский муниципальный район,16013,0.282333,15788,rosstat_2024,matched,46489.5,matched,2455,153.312933,0.110387,,,0.020367,,0.514868
tid_1899,1899,0,63,Самарская область,муниципальный район,False,36-628-000-000,36628000,matched,Муниципальный район Красноярский,56124,25012,0.445656,matched,Красноярский муниципальный район,56520,0.266154,56124,rosstat_2024,matched,55120.9,matched,9165,162.154989,0.028478,0.024004,0.07736,0.179051,0.001964,0.398036
tid_19,19,1,4,Республика Алтай,муниципальный район,False,84-645-000-000,84645000,matched,Чойский муниципальный район,7439,0,0,matched,Чойский муниципальный район,7471,0.20854,7439,rosstat_2024,matched,45411.1,matched,1406,188.194351,,,,,,
tid_1900,1900,1,63,Самарская область,муниципальный район,False,36-630-000-000,36630000,matched,Муниципальный район Нефтегорский,31958,17854,0.558671,matched,Нефтегорский муниципальный район,32051,0.283548,31958,rosstat_2024,matched,45902.8,matched,6517,203.332189,0.019641,0.143164,0.191653,0.030842,,0.319626
tid_1901,1901,1,63,Самарская область,муниципальный район,False,36-632-000-000,36632000,matched,Муниципальный район Пестравский,14513,0,0,matched,Пестравский муниципальный район,14590,0.307814,14513,rosstat_2024,matched,49520.2,matched,2494,170.938999,,0.051724,,0.022855,,0.536488
tid_1902,1902,1,63,Самарская область,муниципальный район,False,36-634-000-000,36634000,matched,Муниципальный район Похвистневский,25635,0,0,matched,Похвистневский муниципальный район,25962,0.312726,25635,rosstat_2024,matched,40462.9,matched,2073,79.847469,,0.031356,,0.013025,,0.54848
tid_1903,1903,1,63,Самарская область,муниципальный район,False,36-636-000-000,36636000,matched,Муниципальный район Приволжский,21590,0,0,matched,Приволжский муниципальный район,21741,0.276896,21590,rosstat_2024,matched,41899.9,matched,3106,142.863714,0.170316,,,0.044108,,0.591436
tid_1904,1904,0,63,Самарская область,муниципальный район,False,36-638-000-000,36638000,matched,Муниципальный район Сергиевский,43600,13083,0.300069,matched,Сергиевский муниципальный район,44027,0.26168,43600,rosstat_2024,matched,58162,matched,9750,221.455016,0.049744,0.296205,0.008923,0.030154,,0.384103
tid_1905,1905,0,63,Самарская область,муниципальный район,False,36-640-000-000,36640000,matched,Муниципальный район Ставропольский,88162,0,0,matched,Ставропольский муниципальный район,84781,0.259292,88162,rosstat_2024,matched,58785.2,matched,10329,121.831542,0.075806,,0.125956,0.208345,0.012586,0.281441
tid_1906,1906,0,63,Самарская область,муниципальный район,False,36-642-000-000,36642000,matched,Муниципальный район Сызранский,23295,5019,0.215454,matched,Сызранский муниципальный район,23643,0.328216,23295,rosstat_2024,matched,47508.4,matched,3216,136.023347,0.144279,,,0.023943,0.024565,0.453669
tid_1907,1907,1,63,Самарская область,муниципальный район,False,36-644-000-000,36644000,matched,Муниципальный район Хворостянский,15789,0,0,matched,Хворостянский муниципальный район,15910,0.275361,15789,rosstat_2024,matched,44332.4,matched,2141,134.569453,0.095283,,,0.018683,,0.581037
tid_1908,1908,1,63,Самарская область,муниципальный район,False,36-646-000-000,36646000,matched,Муниципальный район Челно-Вершинский,14451,0,0,matched,Челно-Вершинский муниципальный район,14672,0.310115,14451,rosstat_2024,matched,40471.9,matched,2008,136.859324,,,,0.028884,,0.555777
tid_1909,1909,1,63,Самарская область,муниципальный район,False,36-648-000-000,36648000,matched,Муниципальный район Шенталинский,12565,0,0,matched,Шенталинский муниципальный район,12745,0.318478,12565,rosstat_2024,matched,41690,matched,2011,157.787368,0.030333,,,0.02735,,0.596221
tid_191,191,0,8,Республика Калмыкия,муниципальный район,False,85-646-000-000,85646000,matched,Юстинский муниципальный район,8903,0,0,matched,Юстинский муниципальный район,8828,0.245469,8903,rosstat_2024,matched,36811.6,matched,896,101.495242,,,,0.03125,,0.787946
tid_1910,1910,1,63,Самарская область,муниципальный район,False,36-650-000-000,36650000,matched,Муниципальный район Шигонский,19272,0,0,matched,Шигонский муниципальный район,19443,0.320115,19272,rosstat_2024,matched,52768.8,matched,3398,174.767268,0.036198,,,0.028546,,0.531489
tid_1912,1912,1,64,Саратовская область,городской округ,False,63-746-000-000,63746000,matched,Городской округ город Шиханы,4872,4872,1,matched,Город Шиханы,4958,0.362445,4872,rosstat_2024,matched,43044.9,matched,698,140.782574,,,,0.053009,,0.722063
tid_1915,1915,1,64,Саратовская область,муниципальный район,False,63-602-000-000,63602000,matched,Александрово-Гайский муниципальный район,14280,0,0,matched,Александрово-Гайский муниципальный район,14481,0.218562,14280,rosstat_2024,matched,45399.5,matched,1915,132.242248,,,,0.029765,,0.575979
tid_1916,1916,1,64,Саратовская область,муниципальный район,False,63-603-000-000,63603000,matched,Аркадакский муниципальный район,19018,10624,0.558629,matched,Аркадакский муниципальный район,19480,0.339784,19018,rosstat_2024,matched,37719.4,matched,3025,155.287474,0.156033,,,0.029421,,0.53686
tid_1917,1917,1,64,Саратовская область,муниципальный район,False,63-604-000-000,63604000,matched,Аткарский муниципальный район,33425,21675,0.648467,matched,Аткарский муниципальный район,33991,0.301374,33425,rosstat_2024,matched,40987.4,matched,5314,156.335501,0.03519,,,0.066616,0.002823,0.520512
tid_1918,1918,1,64,Саратовская область,муниципальный район,False,63-606-000-000,63606000,matched,Базарно-Карабулакский муниципальный район,24991,10512,0.420631,matched,Базарно-Карабулакский муниципальный район,25590,0.304142,24991,rosstat_2024,matched,36204.5,matched,3682,143.88433,0.026073,,0.038838,0.037751,,0.696361
tid_1919,1919,0,64,Саратовская область,муниципальный район,False,63-607-000-000,63607000,matched,Балаковский муниципальный район,200241,181724,0.907526,matched,Балаковский муниципальный район,201570,0.277958,200241,rosstat_2024,matched,60284.2,matched,42020,208.463561,,,0.268325,0.066302,0.008591,0.304117
tid_1920,1920,0,64,Саратовская область,муниципальный район,False,63-608-000-000,63608000,matched,Балашовский муниципальный район,99921,75839,0.75899,matched,Балашовский муниципальный район,100539,0.295348,99921,rosstat_2024,matched,41031.3,matched,15126,150.449079,0.011305,,,0.059104,0.004694,0.547005
tid_1921,1921,1,64,Саратовская область,муниципальный район,False,63-609-000-000,63609000,matched,Балтайский муниципальный район,9850,0,0,matched,Балтайский муниципальный район,9964,0.291449,9850,rosstat_2024,matched,34958.2,matched,1261,126.5556,0.143537,,,0.025377,,0.666931
tid_1922,1922,0,64,Саратовская область,муниципальный район,False,63-611-000-000,63611000,matched,Вольский муниципальный район,80407,61046,0.759213,matched,Вольский муниципальный район,81103,0.300186,80407,rosstat_2024,matched,42108.7,matched,17483,215.565392,0.007379,,0.126752,0.030658,0.009209,0.568381
tid_1923,1923,1,64,Саратовская область,муниципальный район,False,63-612-000-000,63612000,matched,Воскресенский муниципальный район,10854,0,0,matched,Воскресенский муниципальный район,10951,0.358049,10854,rosstat_2024,matched,40331,matched,1412,128.937997,0.016997,,,0.043201,0.024788,
tid_1924,1924,0,64,Саратовская область,муниципальный район,False,63-613-000-000,63613000,matched,Дергачевский муниципальный район,15660,7227,0.461494,matched,Дергачевский муниципальный район,16058,0.304397,15660,rosstat_2024,matched,35154.5,matched,2825,175.924773,0.186195,,,0.031504,,0.590088
tid_1925,1925,1,64,Саратовская область,муниципальный район,False,63-614-000-000,63614000,matched,Духовницкий муниципальный район,9856,4412,0.447646,matched,Духовницкий муниципальный район,10078,0.32308,9856,rosstat_2024,matched,41515.4,matched,1572,155.98333,,0.25827,,0.020356,,0.547074
tid_1926,1926,1,64,Саратовская область,муниципальный район,False,63-616-000-000,63616000,matched,Екатериновский муниципальный район,16296,5705,0.350086,matched,Екатериновский муниципальный район,16522,0.286648,16296,rosstat_2024,matched,42179.1,matched,2062,124.803293,0.109117,,,0.032978,,
tid_1927,1927,0,64,Саратовская область,муниципальный район,False,63-617-000-000,63617000,matched,Ершовский муниципальный район,30920,17208,0.556533,matched,Ершовский муниципальный район,31635,0.315379,30920,rosstat_2024,matched,45395.4,matched,7908,249.976292,0.117476,0.019727,0.085989,0.027946,,0.355969
tid_1928,1928,1,64,Саратовская область,муниципальный район,False,63-619-000-000,63619000,matched,Ивантеевский муниципальный район,12313,0,0,matched,Ивантеевский муниципальный район,12481,0.278904,12313,rosstat_2024,matched,37699.1,matched,2285,183.078279,0.119912,0.170241,,0.024508,,
tid_1929,1929,1,64,Саратовская область,муниципальный район,False,63-621-000-000,63621000,matched,Калининский муниципальный район,26679,14632,0.548446,matched,Калининский муниципальный район,27229,0.311543,26679,rosstat_2024,matched,40690.1,matched,4324,158.801278,0.231499,,,0.034228,,0.495837
tid_1930,1930,1,64,Саратовская область,муниципальный район,False,63-622-000-000,63622000,matched,Красноармейский муниципальный район,40536,23479,0.579214,matched,Красноармейский муниципальный район,40824,0.277778,40536,rosstat_2024,matched,36243.9,matched,5824,142.66118,0.007727,,0.133242,0.039835,,0.62397
tid_1931,1931,1,64,Саратовская область,муниципальный район,False,63-623-000-000,63623000,matched,Краснокутский муниципальный район,30318,13641,0.449931,matched,Краснокутский муниципальный район,30757,0.247748,30318,rosstat_2024,matched,39527,matched,3904,126.930455,0.035861,,,0.035092,,0.61168
tid_1932,1932,1,64,Саратовская область,муниципальный район,False,63-624-000-000,63624000,matched,Краснопартизанский муниципальный район,8776,4077,0.464562,matched,Краснопартизанский муниципальный район,9070,0.353583,8776,rosstat_2024,matched,35409.7,matched,1403,154.685777,0.120456,,,0.027798,,0.636493
tid_1933,1933,1,64,Саратовская область,муниципальный район,False,63-625-000-000,63625000,matched,Лысогорский муниципальный район,17228,6683,0.387915,matched,Лысогорский муниципальный район,17441,0.282323,17228,rosstat_2024,matched,50600.8,matched,2763,158.419815,0.070214,,,0.028954,,0.501629
tid_1934,1934,0,64,Саратовская область,муниципальный район,False,63-626-000-000,63626000,matched,Марксовский муниципальный район,57354,28429,0.495676,matched,Марксовский муниципальный район,57899,0.263372,57354,rosstat_2024,matched,40444.4,matched,8639,149.208104,0.144114,,0.165413,0.03762,0.005672,0.502141
tid_1935,1935,1,64,Саратовская область,муниципальный район,False,63-629-000-000,63629000,matched,Новобурасский муниципальный район,14824,5716,0.385591,matched,Новобурасский муниципальный район,14983,0.291998,14824,rosstat_2024,matched,39069.8,matched,1711,114.196089,0.208065,,,0.035652,,
tid_1936,1936,0,64,Саратовская область,муниципальный район,False,63-630-000-000,63630000,matched,Новоузенский муниципальный район,26367,14937,0.566504,matched,Новоузенский муниципальный район,26669,0.240279,26367,rosstat_2024,matched,35821.1,matched,3135,117.552214,0.026475,,,0.030941,,0.680702
tid_1937,1937,1,64,Саратовская область,муниципальный район,False,63-632-000-000,63632000,matched,Озинский муниципальный район,14262,7371,0.516828,matched,Озинский муниципальный район,14637,0.255517,14262,rosstat_2024,matched,34080,matched,2033,138.894582,,,,0.039351,0.00787,0.759961
tid_1938,1938,1,64,Саратовская область,муниципальный район,False,63-634-000-000,63634000,matched,Перелюбский муниципальный район,10960,0,0,matched,Перелюбский муниципальный район,11193,0.255159,10960,rosstat_2024,matched,39546.8,matched,2118,189.225409,0.274315,,,0.022663,,
tid_1939,1939,1,64,Саратовская область,муниципальный район,False,63-635-000-000,63635000,matched,Петровский муниципальный район,36094,25564,0.708262,matched,Петровский муниципальный район,36538,0.312633,36094,rosstat_2024,matched,40217.1,matched,4345,118.917292,0.007595,,,0.063982,0.004603,0.55443
tid_194,194,2,9,Карачаево-Черкесская Республика,городской округ,False,91-701-000-000,91701000,matched,Черкесский городской округ,112782,112782,1,matched,Черкесский,112789,0.233143,112782,rosstat_2024,matched,48746.3,matched,28296,250.875529,0.005831,,0.071742,0.059337,0.00364,0.621819
tid_1940,1940,1,64,Саратовская область,муниципальный район,False,63-636-000-000,63636000,matched,Питерский муниципальный район,14503,0,0,matched,Питерский муниципальный район,14646,0.261505,14503,rosstat_2024,matched,33834.5,matched,1495,102.075652,,,,0.021405,,0.768562
tid_1941,1941,1,64,Саратовская область,муниципальный район,False,63-637-000-000,63637000,matched,Пугачевский муниципальный район,54377,39412,0.724792,matched,Пугачевский муниципальный район,54901,0.272308,54377,rosstat_2024,matched,39177.6,matched,9430,171.76372,0.107317,0.012725,0.11421,0.042418,0.000424,0.467338
tid_1942,1942,1,64,Саратовская область,муниципальный район,False,63-639-000-000,63639000,matched,Ровенский муниципальный район,16346,4457,0.272666,matched,Ровенский муниципальный район,16490,0.231777,16346,rosstat_2024,matched,37046.4,matched,1437,87.143723,,,,0.035491,,0.722338
tid_1943,1943,1,64,Саратовская область,муниципальный район,False,63-640-000-000,63640000,matched,Романовский муниципальный район,12117,5695,0.470001,matched,Романовский муниципальный район,12252,0.337088,12117,rosstat_2024,matched,34929.7,matched,1206,98.432909,0.019071,,,0.025705,,
tid_1944,1944,1,64,Саратовская область,муниципальный район,False,63-641-000-000,63641000,matched,Ртищевский муниципальный район,50179,37120,0.739752,matched,Ртищевский муниципальный район,50716,0.298565,50179,rosstat_2024,matched,41810.2,matched,9148,180.377001,0.042742,,0.043179,0.041211,0.006996,0.395278
tid_1945,1945,1,64,Саратовская область,муниципальный район,False,63-642-000-000,63642000,matched,Самойловский муниципальный район,15904,6373,0.400717,matched,Самойловский муниципальный район,16177,0.311121,15904,rosstat_2024,matched,33714.4,matched,1888,116.708908,,,,0.027542,,0.720869
tid_1947,1947,1,64,Саратовская область,муниципальный район,False,63-644-000-000,63644000,matched,Советский муниципальный район,23861,16909,0.708646,matched,Советский муниципальный район,24242,0.281701,23861,rosstat_2024,matched,43821.2,matched,2726,112.449468,,,,0.04182,,0.502935
tid_1948,1948,1,64,Саратовская область,муниципальный район,False,63-646-000-000,63646000,matched,Татищевский муниципальный район,27609,7046,0.255207,matched,Татищевский муниципальный район,27921,0.273486,27609,rosstat_2024,matched,46631.9,matched,4724,169.191648,0.152625,,,0.081499,0.01503,0.372989
tid_1949,1949,1,64,Саратовская область,муниципальный район,False,63-647-000-000,63647000,matched,Турковский муниципальный район,9477,5164,0.544898,matched,Турковский муниципальный район,9644,0.349336,9477,rosstat_2024,matched,33869.7,matched,1205,124.948154,0.025726,,,0.036515,,0.723651
tid_195,195,2,9,Карачаево-Черкесская Республика,городской округ,False,91-705-000-000,91705000,matched,Карачаевский городской округ,41150,36649,0.89062,matched,Карачаевский,41060,0.212275,41150,rosstat_2024,matched,35986.6,matched,4429,107.866537,,,,0.020998,0.008806,0.793633
tid_1950,1950,1,64,Саратовская область,муниципальный район,False,63-648-000-000,63648000,matched,Федоровский муниципальный район,16427,5583,0.339867,matched,Федоровский муниципальный район,16781,0.298373,16427,rosstat_2024,matched,43580.8,matched,1804,107.502533,,,,0.02439,,
tid_1951,1951,1,64,Саратовская область,муниципальный район,False,63-649-000-000,63649000,matched,Хвалынский муниципальный район,20628,11852,0.574559,matched,Хвалынский муниципальный район,20954,0.340221,20628,rosstat_2024,matched,35659.5,matched,2852,136.107664,0.01122,,,0.038219,,0.712833
tid_1952,1952,2,64,Саратовская область,муниципальный район,False,63-650-000-000,63650000,matched,Энгельсский муниципальный район,304713,255161,0.837381,matched,Энгельсский муниципальный район,306051,0.241028,304713,rosstat_2024,matched,50741.5,matched,50183,163.969404,0.011219,0.007134,0.255943,0.095769,0.004922,0.375645
tid_1954,1954,3,65,Сахалинская область,городской округ,False,64-704-000-000,64704000,no_code_match,,,,,matched,Александровск-Сахалинский район,10043,0.295131,10043,bdpmo_2023,matched,81574.6,matched,2125,211.590162,,,,0.006588,0.014118,0.711059
tid_1955,1955,3,65,Сахалинская область,городской округ,False,64-708-000-000,64708000,no_code_match,,,,,matched,Анивский,20946,0.188246,20946,bdpmo_2023,matched,92166.7,matched,3064,146.280913,0.14752,,,0.018603,0.011423,0.56201
tid_1956,1956,3,65,Сахалинская область,городской округ,False,64-712-000-000,64712000,no_code_match,,,,,matched,Долинский,22155,0.250011,22155,bdpmo_2023,matched,89080.2,matched,3396,153.283683,0.065077,,,0.015312,,0.706419
tid_1957,1957,3,65,Сахалинская область,городской округ,False,64-716-000-000,64716000,no_code_match,,,,,matched,Корсаковский,39913,0.224163,39913,bdpmo_2023,matched,112483.4,matched,7085,177.511087,0.030769,,0.048412,0.022442,0.021171,0.545801
tid_1958,1958,3,65,Сахалинская область,городской округ,False,64-720-000-000,64720000,no_code_match,,,,,matched,Курильский,6916,0.121168,6916,bdpmo_2023,matched,128913.4,matched,2743,396.616541,0.145097,,0.107911,0.001094,0.013124,0.278163
tid_1959,1959,3,65,Сахалинская область,городской округ,False,64-724-000-000,64724000,no_code_match,,,,,matched,Макаровский,6939,0.266321,6939,bdpmo_2023,matched,81758.7,matched,1489,214.584234,0.112827,,,,0.01679,0.576226
tid_196,196,2,9,Карачаево-Черкесская Республика,муниципальный район,False,91-601-000-000,91601000,matched,Абазинский муниципальный район,18121,0,0,matched,Абазинский муниципальный район,17867,0.200034,18121,rosstat_2024,matched,34211.4,matched,2419,135.389265,,,,0.013642,,
tid_1960,1960,3,65,Сахалинская область,городской округ,False,64-728-000-000,64728000,no_code_match,,,,,matched,Невельский,15122,0.249702,15122,bdpmo_2023,matched,94381.6,matched,3599,237.997619,0.091692,,,0.010281,0.010003,0.507085
tid_1961,1961,0,65,Сахалинская область,городской округ,False,64-732-000-000,64732000,no_code_match,,,,,matched,Ногликский,11513,0.201251,11513,bdpmo_2023,matched,164427.7,matched,7711,669.764614,,0.196602,0.003112,0.004409,0.059655,0.16042
tid_1962,1962,3,65,Сахалинская область,городской округ,False,64-736-000-000,64736000,no_code_match,,,,,matched,Охинский,21456,0.211223,21456,bdpmo_2023,matched,109610.5,matched,6281,292.738628,0.037414,0.166852,,0.004139,0.038688,0.392453
tid_1963,1963,3,65,Сахалинская область,городской округ,False,64-740-000-000,64740000,no_code_match,,,,,matched,Поронайский,20472,0.263189,20472,bdpmo_2023,matched,78505.5,matched,4223,206.281751,0.019181,,,0.012314,0.018707,0.545821
tid_1965,1965,3,65,Сахалинская область,городской округ,False,64-746-000-000,64746000,no_code_match,,,,,matched,Смирныховский,11348,0.242157,11348,bdpmo_2023,matched,83615.3,matched,2991,263.570673,0.040455,,,0.005684,0.008693,0.524574
tid_1966,1966,3,65,Сахалинская область,городской округ,False,64-748-000-000,64748000,no_code_match,,,,,matched,Томаринский,8300,0.283976,8300,bdpmo_2023,matched,87857.5,matched,2360,284.337349,0.057203,,,,0.005932,0.467373
tid_1967,1967,3,65,Сахалинская область,городской округ,False,64-750-000-000,64750000,no_code_match,,,,,matched,Тымовский,14437,0.242779,14437,bdpmo_2023,matched,84975.2,matched,3132,216.942578,0.029055,,,0.009579,0.012771,0.727011
tid_1968,1968,3,65,Сахалинская область,городской округ,False,64-752-000-000,64752000,no_code_match,,,,,matched,Углегорский,16542,0.289445,16542,bdpmo_2023,matched,125258.8,matched,8155,492.987547,,0.245616,,0.019988,0.033476,0.264623
tid_1969,1969,3,65,Сахалинская область,городской округ,False,64-754-000-000,64754000,no_code_match,,,,,matched,Холмский,33148,0.275974,33148,bdpmo_2023,matched,90235.4,matched,7336,221.310486,0.009133,0.002181,,0.01554,0.010496,0.555752
tid_1970,1970,3,65,Сахалинская область,городской округ,False,64-756-000-000,64756000,no_code_match,,,,,matched,Южно-Курильский,11487,0.123792,11487,bdpmo_2023,matched,129815.1,matched,4217,367.110647,0.217927,,0.26156,0.006403,0.013042,
tid_1971,1971,2,66,Свердловская область,городской округ,False,65-701-000-000,65701000,matched,Муниципальное образование город Екатеринбург,1580109,1536183,0.972201,matched,Город Екатеринбург,1583307,0.236201,1580109,rosstat_2024,matched,84542.6,matched,459281,290.077035,0.005835,0.0042,0.152379,0.160729,0.008509,0.278718
tid_1972,1972,0,66,Свердловская область,городской округ,False,65-728-000-000,65728000,matched,Муниципальное образование город Алапаевск,41048,35934,0.875414,matched,Город Алапаевск,41198,0.267416,41048,rosstat_2024,matched,46683.5,matched,6584,159.813583,,,0.089307,0.074878,0.01048,0.596598
tid_1973,1973,1,66,Свердловская область,городской округ,False,65-703-000-000,65703000,matched,Артемовский городской округ,52119,28655,0.549799,matched,Артемовский,52575,0.284051,52119,rosstat_2024,matched,49140.3,matched,9956,189.36757,,,0.167939,0.054138,,0.435516
tid_1974,1974,0,66,Свердловская область,городской округ,False,65-730-000-000,65730000,matched,Асбестовский городской округ,58293,56139,0.963049,matched,Асбестовский,58683,0.265273,58293,rosstat_2024,matched,51821.6,matched,15443,263.159688,,,0.148028,0.045976,0.009519,0.337305
tid_1975,1975,1,66,Свердловская область,городской округ,False,65-762-000-000,65762000,matched,Малышевский городской округ,9499,8385,0.882724,matched,Малышевский,9539,0.290596,9499,rosstat_2024,matched,56695.3,matched,1484,155.571863,,,,0.042453,,
tid_1976,1976,1,66,Свердловская область,городской округ,False,65-763-000-000,65763000,matched,Городской округ Рефтинский,15137,15137,1,matched,Рефтинский,15084,0.24768,15137,rosstat_2024,matched,69857.3,matched,4731,313.643596,,,,0.034031,,0.217713
tid_1977,1977,2,66,Свердловская область,городской округ,False,65-731-000-000,65731000,matched,Березовский городской округ,76770,60451,0.78743,matched,Березовский,76947,0.21212,76770,rosstat_2024,matched,63297.9,matched,14158,183.996777,0.008758,,0.159556,0.219946,0.008688,0.335853
tid_1978,1978,0,66,Свердловская область,городской округ,False,65-707-000-000,65707000,matched,Городской округ Богданович,43489,29770,0.684541,matched,Богданович,43705,0.254548,43489,rosstat_2024,matched,52454,matched,11268,257.819471,0.111732,,0.300408,0.040202,0.004171,0.331381
tid_1979,1979,2,66,Свердловская область,городской округ,False,65-732-000-000,65732000,matched,Городской округ Верхняя Пышма,90810,76208,0.839203,matched,Верхняя Пышма,88206,0.193434,90810,rosstat_2024,matched,98872.2,matched,21839,247.590867,,,0.439764,0.084528,0.013187,0.266129
tid_198,198,2,9,Карачаево-Черкесская Республика,муниципальный район,False,91-610-000-000,91610000,matched,Зеленчукский муниципальный район,53555,0,0,matched,Зеленчукский муниципальный район,53819,0.197458,53555,rosstat_2024,matched,39234.7,matched,5421,100.726509,0.026563,,,0.023981,0.021767,0.655783
tid_1980,1980,0,66,Свердловская область,городской округ,False,65-757-000-000,65757000,matched,Городской округ Среднеуральск,25139,23891,0.950356,matched,Среднеуральск,24894,0.19808,25139,rosstat_2024,matched,70401.8,matched,3132,125.813449,,,0.144317,0.278736,,0.269157
tid_1981,1981,0,66,Свердловская область,городской округ,False,65-708-000-000,65708000,matched,Верхнесалдинский городской округ,41952,40132,0.956617,matched,Верхнесалдинский,42304,0.265223,41952,rosstat_2024,matched,69699.6,matched,19060,450.548411,,,0.644334,0.042392,0.001102,0.160651
tid_1982,1982,0,66,Свердловская область,городской округ,False,65-737-000-000,65737000,matched,Городской округ Заречный,31897,28626,0.897451,matched,Заречный,31833,0.236893,31897,rosstat_2024,matched,79230.4,matched,9212,289.385229,,,0.061767,0.070452,,0.278984
tid_1983,1983,1,66,Свердловская область,городской округ,False,65-738-000-000,65738000,matched,Ивдельский городской округ,17176,13866,0.807289,matched,Ивдельский,17422,0.199805,17176,rosstat_2024,matched,62935.4,matched,4219,242.165079,,0.142688,,0.046457,,0.473809
tid_1984,1984,1,66,Свердловская область,городской округ,False,65-764-000-000,65764000,matched,Городской округ Пелым,3418,2826,0.826799,matched,Пелым,3450,0.187536,3418,rosstat_2024,matched,89501,matched,1174,340.289855,,,,0.022998,,
tid_1985,1985,0,66,Свердловская область,городской округ,False,65-739-000-000,65739000,matched,"Городской округ ""город Ирбит""",36505,36505,1,matched,Город Ирбит,36587,0.235247,36505,rosstat_2024,matched,48296.5,matched,8583,234.591522,,,0.191308,0.050682,0.018758,0.482116
tid_1986,1986,0,66,Свердловская область,городской округ,False,65-740-000-000,65740000,matched,Каменск-Уральский городской округ,163501,161085,0.985223,matched,Каменск-Уральский,164614,0.237544,163501,rosstat_2024,matched,64968.8,matched,49055,298.00017,,,0.476343,0.055264,0.003629,0.26615
tid_1987,1987,0,66,Свердловская область,городской округ,False,65-741-000-000,65741000,matched,Камышловский городской округ,26765,26765,1,matched,Камышловский,26933,0.206587,26765,rosstat_2024,matched,50541.9,matched,7501,278.505922,,,0.179709,0.050127,0.004266,0.445807
tid_1988,1988,1,66,Свердловская область,городской округ,False,65-742-000-000,65742000,matched,Городской округ Карпинск,26968,25214,0.93496,matched,Карпинск,27146,0.249871,26968,rosstat_2024,matched,54497.4,matched,5155,189.899064,,,0.093501,0.058778,0.00582,0.452376
tid_1989,1989,1,66,Свердловская область,городской округ,False,65-735-000-000,65735000,matched,Волчанский городской округ,8570,8376,0.977363,matched,Волчанский,8587,0.258763,8570,rosstat_2024,matched,46080.2,matched,1832,213.345755,,,,0.043122,,0.380459
tid_1990,1990,0,66,Свердловская область,городской округ,False,65-743-000-000,65743000,matched,Качканарский городской округ,38418,36563,0.951715,matched,Качканарский,38810,0.264906,38418,rosstat_2024,matched,66645.7,matched,12168,313.527441,,0.466469,0.087936,0.040352,0.006903,0.227318
tid_1991,1991,0,66,Свердловская область,городской округ,False,65-744-000-000,65744000,matched,Кировградский городской округ,23721,18339,0.773112,matched,Кировградский,23954,0.281957,23721,rosstat_2024,matched,56555.4,matched,6922,288.970527,,,0.440191,0.035683,,0.362323
tid_1992,1992,1,66,Свердловская область,городской округ,False,65-733-000-000,65733000,matched,Городской округ Верхний Тагил,10991,9879,0.898826,matched,Верхний Тагил,11037,0.294011,10991,rosstat_2024,matched,46275.9,matched,2679,242.729002,0.050019,,,0.038074,,
tid_1993,1993,0,66,Свердловская область,городской округ,False,65-745-000-000,65745000,matched,Городской округ Краснотурьинск,58850,55487,0.942855,matched,Краснотурьинск,59269,0.232212,58850,rosstat_2024,matched,63968.2,matched,16540,279.066628,,0.138513,0.197279,0.041354,0.011185,0.341657
tid_1994,1994,1,66,Свердловская область,городской округ,False,65-746-000-000,65746000,matched,Городской округ Красноуральск,21994,21360,0.971174,matched,Красноуральск,22027,0.258138,21994,rosstat_2024,matched,64475.7,matched,5912,268.397875,,,0.391746,0.041103,,0.334912
tid_1995,1995,0,66,Свердловская область,городской округ,False,65-747-000-000,65747000,matched,Городской округ Красноуфимск,37866,37380,0.987165,matched,Красноуфимск,37806,0.222557,37866,rosstat_2024,matched,55377.7,matched,9725,257.234301,,,0.070231,0.051311,0.013059,0.426324
tid_1996,1996,0,66,Свердловская область,городской округ,False,65-748-000-000,65748000,matched,Кушвинский городской округ,35844,26551,0.740738,matched,Кушвинский,36288,0.288415,35844,rosstat_2024,matched,52515.5,matched,7614,209.821429,,0.139217,0.21119,0.045968,,0.333859
tid_1997,1997,1,66,Свердловская область,городской округ,False,65-734-000-000,65734000,matched,Городской округ Верхняя Тура,8418,8418,1,matched,Верхняя Тура,8465,0.278913,8418,rosstat_2024,matched,65667.5,matched,2668,315.180154,,,0.502999,0.022864,,
tid_1999,1999,0,66,Свердловская область,городской округ,False,65-714-000-000,65714000,matched,Невьянский городской округ,37190,22050,0.592901,matched,Невьянский,37238,0.271013,37190,rosstat_2024,matched,57824.9,matched,8214,220.581127,,0.105673,0.243487,0.048089,0.022036,0.395544
tid_2,2,2,1,Республика Адыгея,городской округ,False,79-703-000-000,79703000,matched,Городской округ - Город Адыгейск,15661,13224,0.844391,matched,Город Адыгейск,15614,0.222108,15661,rosstat_2024,matched,38846.2,matched,1620,103.753042,,,0.034568,0.071605,,0.681481
tid_20,20,0,4,Республика Алтай,муниципальный район,False,84-650-000-000,84650000,matched,Шебалинский муниципальный район,12114,0,0,matched,Шебалинский муниципальный район,11975,0.199582,12114,rosstat_2024,matched,40049.2,matched,1855,154.906054,,,,0.031267,,0.763881
tid_2000,2000,0,66,Свердловская область,городской округ,False,65-751-000-000,65751000,matched,Город Нижний Тагил,333179,330507,0.99198,matched,Город Нижний Тагил,336919,0.238574,333179,rosstat_2024,matched,62554.8,matched,105752,313.879597,0.003187,,0.423784,0.047668,0.014449,0.257603
tid_2001,2001,1,66,Свердловская область,городской округ,False,65-750-000-000,65750000,matched,Городской округ Нижняя Салда,16275,16112,0.989985,matched,Нижняя Салда,16403,0.248186,16275,rosstat_2024,matched,52355.2,matched,3328,202.889715,,,0.166767,0.038762,,0.370793
tid_2002,2002,0,66,Свердловская область,городской округ,False,65-715-000-000,65715000,matched,Нижнетуринский городской округ,21907,17708,0.808326,matched,Нижнетуринский,22272,0.264054,21907,rosstat_2024,matched,57629.1,matched,5101,229.031968,,,0.230543,0.056656,0.010978,0.367575
tid_2004,2004,0,66,Свердловская область,городской округ,False,65-753-000-000,65753000,matched,Городской округ Первоуральск,130039,111751,0.859365,matched,Первоуральск,131408,0.238144,130039,rosstat_2024,matched,63718,matched,33224,252.830878,0.012672,,0.407747,0.096888,0.007555,0.281453
tid_2005,2005,0,66,Свердловская область,городской округ,False,65-754-000-000,65754000,matched,Полевской городской округ,59979,53748,0.896114,matched,Полевской,60688,0.269295,59979,rosstat_2024,matched,63168.3,matched,15564,256.459267,,,0.480596,0.053971,0.014778,0.276985
tid_2006,2006,0,66,Свердловская область,городской округ,False,65-719-000-000,65719000,matched,Городской округ Ревда,60262,59036,0.979656,matched,Ревда,60758,0.238866,60262,rosstat_2024,matched,68928.1,matched,12826,211.099773,,,0.388586,0.088102,0.006315,0.29526
tid_2007,2007,1,66,Свердловская область,городской округ,False,65-736-000-000,65736000,matched,Городской округ Дегтярск,14941,14869,0.995181,matched,Дегтярск,15134,0.264768,14941,rosstat_2024,matched,45631.4,matched,1234,81.538258,,,,0.118314,,
tid_2008,2008,0,66,Свердловская область,городской округ,False,65-720-000-000,65720000,matched,Режевской городской округ,45338,36227,0.799043,matched,Режевской,45362,0.260174,45338,rosstat_2024,matched,52031,matched,7266,160.178123,,,0.097165,0.069089,,0.506193
tid_2009,2009,1,66,Свердловская область,городской округ,False,65-755-000-000,65755000,matched,Североуральский городской округ,35125,23871,0.679601,matched,Североуральский,35375,0.28147,35125,rosstat_2024,matched,62173.8,matched,9198,260.014134,,,0.095564,0.038595,0.015982,0.316482
tid_201,201,2,9,Карачаево-Черкесская Республика,муниципальный район,False,91-623-000-000,91623000,matched,Ногайский муниципальный район,16400,0,0,matched,Ногайский муниципальный район,16443,0.198808,16400,rosstat_2024,matched,29141.1,matched,1003,60.998601,,,,,,0.857428
tid_2010,2010,0,66,Свердловская область,городской округ,False,65-756-000-000,65756000,matched,Серовский городской округ,98415,92349,0.938363,matched,Серовский,99332,0.214644,98415,rosstat_2024,matched,59868.8,matched,22204,223.533202,,,0.352279,0.050531,0.004504,0.340479
tid_2011,2011,0,66,Свердловская область,городской округ,False,65-758-000-000,65758000,matched,Городской округ Сухой Лог,46498,32451,0.697901,matched,Сухой Лог,46570,0.238566,46498,rosstat_2024,matched,60018.6,matched,10888,233.798583,0.051433,,0.376194,0.055566,0.004041,0.343865
tid_2012,2012,0,66,Свердловская область,городской округ,False,65-723-000-000,65723000,matched,Тавдинский городской округ,35602,32056,0.900399,matched,Тавдинский,35940,0.273261,35602,rosstat_2024,matched,42085.3,matched,6041,168.085698,0.008277,,0.172157,0.04337,,0.630359
tid_2015,2015,1,66,Свердловская область,городской округ,False,65-771-000-000,65771000,matched,Муниципальное образование Алапаевское,22842,9368,0.410122,matched,Алапаевское,23107,0.253516,22842,rosstat_2024,matched,47744.1,matched,5121,221.621154,0.150361,,0.30248,0.026753,0.014841,0.339387
tid_2017,2017,0,66,Свердловская область,городской округ,False,65-704-000-000,65704000,matched,Артинский городской округ,24973,11542,0.462179,matched,Артинский,25240,0.297821,24973,rosstat_2024,matched,41819,matched,3934,155.863708,0.105999,,,0.063803,,0.601423
tid_2018,2018,1,66,Свердловская область,городской округ,False,65-705-000-000,65705000,matched,Ачитский городской округ,13693,4601,0.336011,matched,Ачитский,13837,0.294789,13693,rosstat_2024,matched,46336.4,matched,3170,229.095902,,,,0.030915,,0.504416
tid_2019,2019,0,66,Свердловская область,городской округ,False,65-706-000-000,65706000,matched,Белоярский городской округ,33349,12898,0.386758,matched,Белоярский,33553,0.198254,33349,rosstat_2024,matched,53774.7,matched,6148,183.232498,0.114346,,0.079213,0.13419,0.006831,0.508295
tid_2021,2021,0,66,Свердловская область,городской округ,False,65-709-000-000,65709000,matched,Городской округ Верхотурский,13374,6514,0.487064,matched,Верхотурский,13569,0.248508,13374,rosstat_2024,matched,47991.9,matched,2555,188.296853,0.043836,,,0.047358,,0.728767
tid_2022,2022,1,66,Свердловская область,городской округ,False,65-710-000-000,65710000,matched,Гаринский городской округ,2442,1927,0.789107,matched,Гаринский,2501,0.277489,2442,rosstat_2024,matched,70279,matched,927,370.651739,,,,0.015102,,
tid_2023,2023,1,66,Свердловская область,городской округ,False,65-711-000-000,65711000,matched,Ирбитское муниципальное образование,26013,3089,0.118748,matched,Ирбитское,26128,0.25953,26013,rosstat_2024,matched,49221.7,matched,5500,210.502143,0.446182,,0.036182,0.008,0.005273,
tid_2024,2024,0,66,Свердловская область,городской округ,False,65-712-000-000,65712000,matched,Каменский городской округ,26362,3847,0.14593,matched,Каменский,26455,0.279456,26362,rosstat_2024,matched,44596.6,matched,3544,133.963334,0.240406,,0.101016,0.049379,0.006208,0.409142
tid_2025,2025,3,66,Свердловская область,городской округ,False,65-713-000-000,65713000,matched,Муниципальное образование Красноуфимский округ,22803,1481,0.064948,matched,Красноуфимский округ,23031,0.316269,22803,rosstat_2024,matched,40228.4,matched,3033,131.692067,,,,0.018134,,0.576657
tid_2027,2027,1,66,Свердловская область,городской округ,False,65-759-000-000,65759000,matched,Бисертский городской округ,9456,9116,0.964044,matched,Бисертский,9586,0.260588,9456,rosstat_2024,matched,39445.5,matched,1128,117.671604,,,,0.088652,,
tid_2028,2028,1,66,Свердловская область,городской округ,False,65-716-000-000,65716000,matched,Новолялинский городской округ,18687,10521,0.563012,matched,Новолялинский,18753,0.266304,18687,rosstat_2024,matched,40534.8,matched,3762,200.607903,,,,0.047049,,0.514886
tid_203,203,1,9,Карачаево-Черкесская Республика,муниципальный район,False,91-630-000-000,91630000,matched,Урупский муниципальный район,24072,5481,0.227692,matched,Урупский муниципальный район,24282,0.193106,24072,rosstat_2024,matched,47403.7,matched,2349,96.738325,,,,0.013197,,
tid_2030,2030,0,66,Свердловская область,городской округ,False,65-718-000-000,65718000,matched,Пышминский городской округ,18498,9102,0.492053,matched,Пышминский,18624,0.264712,18498,rosstat_2024,matched,43488.5,matched,2952,158.505155,0.204946,,,0.039634,0.013889,0.53252
tid_2031,2031,1,66,Свердловская область,городской округ,False,65-721-000-000,65721000,matched,Сосьвинский городской округ,12459,6852,0.549964,matched,Сосьвинский,12648,0.224067,12459,rosstat_2024,matched,55355.8,matched,1722,136.148008,,,,0.037747,,0.600465
tid_2032,2032,0,66,Свердловская область,городской округ,False,65-722-000-000,65722000,matched,Сысертский городской округ,65368,20403,0.312125,matched,Сысертский,64140,0.259573,65368,rosstat_2024,matched,58300.2,matched,12136,189.211101,0.053807,,0.24588,0.150214,0.029499,0.396506
tid_2033,2033,0,66,Свердловская область,городской округ,False,65-729-000-000,65729000,matched,Арамильский городской округ,23609,20218,0.856368,matched,Арамильский,23157,0.201926,23609,rosstat_2024,matched,64351.8,matched,3846,166.08369,,,0.422777,0.092824,,
tid_2034,2034,0,66,Свердловская область,городской округ,False,65-724-000-000,65724000,matched,Талицкий городской округ,39733,14495,0.36481,matched,Талицкий,40050,0.295156,39733,rosstat_2024,matched,47778.1,matched,7298,182.222222,0.077418,,0.088928,0.04604,,0.519868
tid_2035,2035,1,66,Свердловская область,городской округ,False,65-725-000-000,65725000,matched,Тугулымский городской округ,17096,5150,0.30124,matched,Тугулымский,17402,0.300942,17096,rosstat_2024,matched,41217.8,matched,2727,156.706126,,,,0.041804,,0.780711
tid_2036,2036,1,66,Свердловская область,городской округ,False,65-726-000-000,65726000,matched,Туринский городской округ,23655,16542,0.699302,matched,Туринский,23877,0.267287,23655,rosstat_2024,matched,42659.3,matched,4096,171.545839,0.092041,,,0.059814,,0.488037
tid_2037,2037,1,66,Свердловская область,городской округ,False,65-727-000-000,65727000,matched,Шалинский городской округ,16263,5999,0.368874,matched,Шалинский,16287,0.282127,16263,rosstat_2024,matched,41247.6,matched,2533,155.52281,0.14923,,,0.041453,,0.611133
tid_2039,2039,1,66,Свердловская область,муниципальный район,False,65-608-000-000,65608000,matched,Байкаловский муниципальный район,14422,0,0,matched,Байкаловский муниципальный район,14502,0.280444,14422,rosstat_2024,matched,44837.1,matched,3310,228.24438,0.259517,,,0.021752,,0.480967
tid_204,204,2,9,Карачаево-Черкесская Республика,муниципальный район,False,91-635-000-000,91635000,matched,Усть-Джегутинский муниципальный район,50870,31523,0.619678,matched,Усть-Джегутинский муниципальный район,50777,0.184198,50870,rosstat_2024,matched,42970,matched,5470,107.725939,,,0.209141,0.016819,0.009872,0.555027
tid_2040,2040,0,66,Свердловская область,муниципальный район,False,65-623-000-000,65623000,matched,Камышловский муниципальный район,20537,0,0,matched,Камышловский муниципальный район,20495,0.213467,20537,rosstat_2024,matched,40873.7,matched,3981,194.242498,0.209244,,0.045466,0.021603,0.032906,0.606631
tid_2041,2041,1,66,Свердловская область,муниципальный район,False,65-639-000-000,65639000,matched,Слободо-Туринский муниципальный район,11664,0,0,matched,Слободо-Туринский муниципальный район,11755,0.292216,11664,rosstat_2024,matched,42844.6,matched,1939,164.951085,,,,0.036617,,
tid_2042,2042,1,66,Свердловская область,муниципальный район,False,65-628-000-000,65628000,matched,Нижнесергинский муниципальный район,37356,28829,0.771737,matched,Нижнесергинский муниципальный район,37577,0.30053,37356,rosstat_2024,matched,52201.9,matched,7047,187.534928,,,0.270328,0.035192,0.004257,0.4277
tid_2043,2043,1,66,Свердловская область,муниципальный район,False,65-645-000-000,65645000,matched,Таборинский муниципальный район,2677,0,0,matched,Таборинский муниципальный район,2756,0.271045,2677,rosstat_2024,matched,40815.5,matched,702,254.716981,,,,,,
tid_2044,2044,2,67,Смоленская область,городской округ,False,66-701-000-000,66701000,matched,Городской округ город Смоленск,310645,310645,1,matched,Город Смоленск,312896,0.245877,310645,rosstat_2024,matched,56937.3,matched,88520,282.905502,0.001954,,0.185574,0.080479,0.00906,0.419069
tid_2045,2045,1,67,Смоленская область,городской округ,False,66-710-000-000,66710000,matched,Городской округ город Десногорск,24684,24618,0.997326,matched,Город Десногорск,24956,0.307501,24684,rosstat_2024,matched,74010.2,matched,10794,432.521237,,,0.079581,0.02279,,0.181953
tid_2046,2046,1,67,Смоленская область,муниципальный район,False,66-603-000-000,66603000,matched,Велижский муниципальный район,8848,6005,0.678684,matched,Велижский муниципальный район,8985,0.33734,8848,rosstat_2024,matched,35384.2,matched,1229,136.783528,,,,0.074044,,0.66965
tid_2047,2047,0,67,Смоленская область,муниципальный район,False,66-605-000-000,66605000,matched,Вяземский муниципальный район,69941,50611,0.723624,matched,Вяземский муниципальный район,70668,0.276334,69941,rosstat_2024,matched,49685.6,matched,16212,229.410766,0.012028,,0.323341,0.040279,0.001665,0.31341
tid_2048,2048,0,67,Смоленская область,муниципальный район,False,66-608-000-000,66608000,matched,Гагаринский муниципальный район,39257,25374,0.646356,matched,Гагаринский муниципальный район,40165,0.284925,39257,rosstat_2024,matched,60879.6,matched,8699,216.581601,0.037591,,0.430279,0.054374,,0.281642
tid_2049,2049,1,67,Смоленская область,муниципальный район,False,66-609-000-000,66609000,matched,Глинковский муниципальный район,3397,0,0,matched,Глинковский муниципальный район,3446,0.331689,3397,rosstat_2024,matched,39969.3,matched,604,175.275682,,,,,,
tid_205,205,2,9,Карачаево-Черкесская Республика,муниципальный район,False,91-640-000-000,91640000,matched,Хабезский муниципальный район,31020,0,0,matched,Хабезский муниципальный район,30929,0.200718,31020,rosstat_2024,matched,32970.8,matched,2747,88.816321,,,,0.018566,,
tid_2050,2050,1,67,Смоленская область,муниципальный район,False,66-611-000-000,66611000,matched,Демидовский муниципальный район,10717,7456,0.695717,matched,Демидовский муниципальный район,10837,0.340408,10717,rosstat_2024,matched,33621.2,matched,1766,162.960229,,,,0.043601,,0.645527
tid_2051,2051,1,67,Смоленская область,муниципальный район,False,66-614-000-000,66614000,matched,Дорогобужский муниципальный район,23563,19449,0.825404,matched,Дорогобужский муниципальный район,23997,0.323915,23563,rosstat_2024,matched,53524.7,matched,5596,233.195816,,,0.38867,0.029307,0.017513,0.332916
tid_2052,2052,1,67,Смоленская область,муниципальный район,False,66-616-000-000,66616000,matched,Духовщинский муниципальный район,13641,8629,0.632578,matched,Духовщинский муниципальный район,13909,0.32346,13641,rosstat_2024,matched,42007.3,matched,1932,138.902869,,,,0.05176,,0.450311
tid_2053,2053,1,67,Смоленская область,муниципальный район,False,66-619-000-000,66619000,matched,Ельнинский муниципальный район,10930,7911,0.723788,matched,Ельнинский муниципальный район,11170,0.303312,10930,rosstat_2024,matched,37925.3,matched,1269,113.607878,,,,0.060678,,
tid_2054,2054,1,67,Смоленская область,муниципальный район,False,66-621-000-000,66621000,matched,Ершичский муниципальный район,5052,0,0,matched,Ершичский муниципальный район,5172,0.343001,5052,rosstat_2024,matched,33705.1,matched,738,142.691415,0.059621,,,0.04336,,0.678862
tid_2055,2055,1,67,Смоленская область,муниципальный район,False,66-623-000-000,66623000,matched,Кардымовский муниципальный район,10664,4443,0.416635,matched,Кардымовский муниципальный район,10709,0.298814,10664,rosstat_2024,matched,39938.6,matched,2248,209.916892,,,0.338968,0.038256,,0.329181
tid_2056,2056,1,67,Смоленская область,муниципальный район,False,66-624-000-000,66624000,matched,Краснинский муниципальный район,10187,3424,0.336115,matched,Краснинский муниципальный район,10449,0.352283,10187,rosstat_2024,matched,37947.9,matched,1284,122.882572,,,,0.122274,,
tid_2057,2057,1,67,Смоленская область,муниципальный район,False,66-627-000-000,66627000,matched,Монастырщинский муниципальный район,7769,3127,0.402497,matched,Монастырщинский муниципальный район,7915,0.372963,7769,rosstat_2024,matched,35860.3,matched,1169,147.694251,0.149701,,,0.052181,,
tid_2058,2058,1,67,Смоленская область,муниципальный район,False,66-630-000-000,66630000,matched,Новодугинский муниципальный район,7059,0,0,matched,Новодугинский муниципальный район,7264,0.302313,7059,rosstat_2024,matched,34109.5,matched,1412,194.38326,0.024788,,,0.069405,,0.656516
tid_2059,2059,1,67,Смоленская область,муниципальный район,False,66-633-000-000,66633000,matched,Починковский муниципальный район,24335,7351,0.302075,matched,Починковский муниципальный район,24591,0.322882,24335,rosstat_2024,matched,41145.6,matched,5127,208.490911,0.175346,,0.124439,0.043495,,0.452701
tid_206,206,2,10,Республика Карелия,городской округ,False,86-701-000-000,86701000,matched,Городской округ г Петрозаводск,235694,235694,1,matched,Петрозаводский,235793,0.252073,235694,rosstat_2024,matched,71274.3,matched,65508,277.819952,0.014166,0.00487,0.090096,0.088066,0.00635,0.474232
tid_2060,2060,0,67,Смоленская область,муниципальный район,False,66-636-000-000,66636000,matched,Рославльский муниципальный район,59934,43592,0.727333,matched,Рославльский муниципальный район,60842,0.300138,59934,rosstat_2024,matched,44437.2,matched,11097,182.390454,0.053798,,0.264486,0.066324,0.002163,0.415337
tid_2061,2061,0,67,Смоленская область,муниципальный район,False,66-638-000-000,66638000,matched,Руднянский муниципальный район,20478,11346,0.554058,matched,Руднянский муниципальный район,20861,0.328939,20478,rosstat_2024,matched,36526,matched,3113,149.225828,0.006746,,0.236428,0.046579,,0.441375
tid_2062,2062,0,67,Смоленская область,муниципальный район,False,66-641-000-000,66641000,matched,Сафоновский муниципальный район,49887,37055,0.742779,matched,Сафоновский муниципальный район,50411,0.299835,49887,rosstat_2024,matched,44805.2,matched,10069,199.738152,0.025623,,0.319098,0.064753,0.006853,0.379978
tid_2063,2063,0,67,Смоленская область,муниципальный район,False,66-644-000-000,66644000,matched,Смоленский муниципальный район,61413,0,0,matched,Смоленский муниципальный район,60785,0.227556,61413,rosstat_2024,matched,44464.2,matched,10217,168.084231,0.046491,,0.064696,0.109621,0.000979,0.320348
tid_2064,2064,1,67,Смоленская область,муниципальный район,False,66-646-000-000,66646000,matched,Сычевский муниципальный район,11980,7469,0.623456,matched,Сычевский муниципальный район,12064,0.274784,11980,rosstat_2024,matched,44055.5,matched,2427,201.177056,0.127318,,,0.018953,,0.729295
tid_2065,2065,1,67,Смоленская область,муниципальный район,False,66-648-000-000,66648000,matched,Темкинский муниципальный район,4146,0,0,matched,Темкинский муниципальный район,4250,0.360471,4146,rosstat_2024,matched,35950.3,matched,543,127.764706,,,,0.047882,,
tid_2066,2066,1,67,Смоленская область,муниципальный район,False,66-650-000-000,66650000,matched,Угранский муниципальный район,6524,0,0,matched,Угранский муниципальный район,6699,0.337961,6524,rosstat_2024,matched,37506.1,matched,1013,151.216599,,,,0.058243,,
tid_2067,2067,1,67,Смоленская область,муниципальный район,False,66-652-000-000,66652000,matched,Хиславичский  муниципальный район,6419,3095,0.482162,matched,Хиславичский муниципальный район,6535,0.355011,6419,rosstat_2024,matched,35984.7,matched,983,150.420811,0.116989,,,0.036623,,
tid_2068,2068,1,67,Смоленская область,муниципальный район,False,66-654-000-000,66654000,matched,Холм-Жирковский муниципальный район,7716,3006,0.38958,matched,Холм-Жирковский муниципальный район,7916,0.306594,7716,rosstat_2024,matched,54853.3,matched,1451,183.299646,,,,0.03377,,
tid_2069,2069,1,67,Смоленская область,муниципальный район,False,66-656-000-000,66656000,matched,Шумячский муниципальный район,7974,2995,0.375596,matched,Шумячский муниципальный район,8196,0.366764,7974,rosstat_2024,matched,32910.6,matched,1155,140.922401,,,,0.073593,,0.623377
tid_207,207,0,10,Республика Карелия,городской округ,False,86-706-000-000,86706000,matched,Городской округ г Костомукша,26470,25878,0.977635,matched,Костомукшский,26531,0.262033,26470,rosstat_2024,matched,96103.8,matched,8367,315.366929,0.016971,,0.082108,0.055695,,0.277758
tid_2070,2070,1,67,Смоленская область,муниципальный район,False,66-658-000-000,66658000,matched,Ярцевский муниципальный район,46827,40330,0.861255,matched,Ярцевский муниципальный район,47353,0.329588,46827,rosstat_2024,matched,45845.6,matched,8010,169.155069,0.004619,,0.350187,0.073908,,0.377528
tid_2072,2072,1,68,Тамбовская область,городской округ,False,68-705-000-000,68705000,matched,Городской округ город Кирсанов,15827,15827,1,matched,Город Кирсанов,15982,0.312289,15827,rosstat_2024,matched,43204.1,matched,3246,203.103491,,,0.23968,0.066852,,0.475662
tid_2073,2073,1,68,Тамбовская область,городской округ,False,68-710-000-000,68710000,matched,Городской округ город Котовск,26128,26128,1,matched,Город Котовск,26309,0.336539,26128,rosstat_2024,matched,45516,matched,5919,224.980045,,,0.517993,0.057611,0.005744,
tid_2074,2074,0,68,Тамбовская область,городской округ,False,68-715-000-000,68715000,matched,Городской округ город Мичуринск,88785,88785,1,matched,Город Мичуринск,89262,0.305068,88785,rosstat_2024,matched,49207.6,matched,18755,210.111806,,,0.266915,0.058491,0.012157,0.321408
tid_2075,2075,1,68,Тамбовская область,городской округ,False,68-720-000-000,68720000,matched,Городской округ город Моршанск,38294,38294,1,matched,Город Моршанск,38541,0.324849,38294,rosstat_2024,matched,36781.3,matched,7241,187.877844,0.012982,,0.190305,0.068223,,0.455738
tid_2076,2076,0,68,Тамбовская область,городской округ,False,68-725-000-000,68725000,matched,Городской округ город Рассказово,46633,46633,1,matched,Город Рассказово,46961,0.29056,46633,rosstat_2024,matched,43134.1,matched,6274,133.600221,,,0.231431,0.090373,,0.46876
tid_2077,2077,1,68,Тамбовская область,городской округ,False,68-730-000-000,68730000,matched,Городской округ город Уварово,22986,22986,1,matched,Город Уварово,23162,0.36344,22986,rosstat_2024,matched,40031.2,matched,4326,186.771436,,,,0.060795,0.009015,0.481045
tid_2078,2078,1,68,Тамбовская область,муниципальный район,False,68-602-000-000,68602000,no_code_match,,,,,matched,Бондарский муниципальный район,8332,0.400984,8332,bdpmo_2023,matched,38263.7,matched,1170,140.422468,0.148718,,,0.032479,,
tid_2079,2079,1,68,Тамбовская область,муниципальный район,False,68-603-000-000,68603000,no_code_match,,,,,matched,Гавриловский муниципальный район,9362,0.321619,9362,bdpmo_2023,matched,43312,matched,1356,144.840846,0.371681,,,0.027286,,0.465339
tid_208,208,1,10,Республика Карелия,муниципальный район,False,86-604-000-000,86604000,no_code_match,,,,,matched,Беломорский муниципальный район,12546,0.327276,12546,bdpmo_2023,matched,76949.8,matched,3204,255.380201,0.092072,,,0.05618,,0.422909
tid_2080,2080,1,68,Тамбовская область,муниципальный район,False,68-604-000-000,68604000,no_code_match,,,,,matched,Жердевский муниципальный район,25142,0.30992,25142,bdpmo_2023,matched,55832.9,matched,4444,176.756026,0.394014,,,0.045455,,0.331458
tid_2081,2081,1,68,Тамбовская область,муниципальный район,False,68-606-000-000,68606000,no_code_match,,,,,matched,Знаменский муниципальный район,13969,0.332164,13969,bdpmo_2023,matched,40290.4,matched,2929,209.678574,0.146466,,,0.027654,0.00717,0.504609
tid_2082,2082,1,68,Тамбовская область,муниципальный район,False,68-608-000-000,68608000,no_code_match,,,,,matched,Инжавинский муниципальный район,17225,0.350595,17225,bdpmo_2023,matched,42003.6,matched,4037,234.36865,0.197919,,0.332425,0.024523,0.012385,0.310379
tid_2085,2085,1,68,Тамбовская область,муниципальный район,False,68-614-000-000,68614000,no_code_match,,,,,matched,Мордовский муниципальный район,13553,0.365675,13553,bdpmo_2023,matched,42840.4,matched,1932,142.551465,0.151656,,,0.042961,,0.557971
tid_2087,2087,1,68,Тамбовская область,муниципальный район,False,68-618-000-000,68618000,no_code_match,,,,,matched,Мучкапский муниципальный район,10953,0.38373,10953,bdpmo_2023,matched,39183.5,matched,1368,124.897288,,,,0.039474,,
tid_2088,2088,1,68,Тамбовская область,муниципальный район,False,68-620-000-000,68620000,no_code_match,,,,,matched,Никифоровский муниципальный район,15725,0.33062,15725,bdpmo_2023,matched,41788.6,matched,2335,148.489666,0.128908,,0.226552,0.037259,,0.40985
tid_2089,2089,1,68,Тамбовская область,муниципальный район,False,68-622-000-000,68622000,no_code_match,,,,,matched,Первомайский муниципальный район,23980,0.30392,23980,bdpmo_2023,matched,47137.7,matched,5185,216.221852,0.335776,,0.120154,0.042237,0.009643,0.292382
tid_209,209,1,10,Республика Карелия,муниципальный район,False,86-609-000-000,86609000,matched,Калевальский муниципальный район,5888,3404,0.578125,matched,Калевальский муниципальный район,5939,0.311163,5888,rosstat_2024,matched,60924.8,matched,986,166.021216,0.070994,,,0.043611,,0.70284
tid_2090,2090,1,68,Тамбовская область,муниципальный район,False,68-624-000-000,68624000,no_code_match,,,,,matched,Петровский муниципальный район,13775,0.36951,13775,bdpmo_2023,matched,44898.9,matched,2214,160.725953,0.263776,,,0.105239,,
tid_2091,2091,1,68,Тамбовская область,муниципальный район,False,68-626-000-000,68626000,no_code_match,,,,,matched,Пичаевский муниципальный район,10795,0.320982,10795,bdpmo_2023,matched,39070.9,matched,1367,126.6327,0.270666,,,0.051939,,
tid_2093,2093,0,68,Тамбовская область,муниципальный район,False,68-630-000-000,68630000,no_code_match,,,,,matched,Ржаксинский муниципальный район,14175,0.349136,14175,bdpmo_2023,matched,40024.6,matched,1724,121.622575,0.285383,,,0.037123,,0.441995
tid_2094,2094,1,68,Тамбовская область,муниципальный район,False,68-632-000-000,68632000,no_code_match,,,,,matched,Сампурский муниципальный район,11783,0.306458,11783,bdpmo_2023,matched,41273.6,matched,1560,132.394127,0.288462,,,0.032051,,0.50641
tid_2095,2095,1,68,Тамбовская область,муниципальный район,False,68-634-000-000,68634000,no_code_match,,,,,matched,Сосновский муниципальный район,24728,0.373544,24728,bdpmo_2023,matched,34843.6,matched,3687,149.102232,0.220233,,0.09764,0.042853,0.001899,0.495254
tid_2096,2096,1,68,Тамбовская область,муниципальный район,False,68-636-000-000,68636000,no_code_match,,,,,matched,Староюрьевский муниципальный район,11234,0.344223,11234,bdpmo_2023,matched,44281.5,matched,1424,126.758056,0.321629,,,0.046348,,
tid_2098,2098,1,68,Тамбовская область,муниципальный район,False,68-642-000-000,68642000,no_code_match,,,,,matched,Токарёвский муниципальный район,15179,0.331445,15179,bdpmo_2023,matched,51011.9,matched,4153,273.601687,0.275464,,,0.027932,,0.221527
tid_21,21,2,2,Республика Башкортостан,городской округ,False,80-701-000-000,80701000,matched,Городской округ г Уфа,1186715,1163304,0.980272,matched,Город Уфа,1180979,0.219855,1186715,rosstat_2024,matched,74150.2,matched,303299,256.819977,0.001761,0.019502,0.192572,0.097254,0.01273,0.305468
tid_210,210,1,10,Республика Карелия,муниципальный район,False,86-612-000-000,86612000,matched,Кемский муниципальный район,12493,9580,0.766829,matched,Кемский муниципальный район,12715,0.286591,12493,rosstat_2024,matched,85716.1,matched,4300,338.183248,0.053721,,0.050698,0.037209,0.005349,0.321395
tid_2100,2100,1,68,Тамбовская область,муниципальный район,False,68-646-000-000,68646000,no_code_match,,,,,matched,Умётский муниципальный район,9537,0.331131,9537,bdpmo_2023,matched,40277.2,matched,1073,112.509175,,,,0.031687,,0.576887
tid_2101,2101,2,69,Тверская область,городской округ,False,28-701-000-000,28701000,no_code_match,,,,,matched,Город Тверь,414756,0.276485,414756,bdpmo_2023,matched,65117.7,matched,116604,281.13879,0.002624,,0.227934,0.108641,0.004871,0.358315
tid_2105,2105,1,69,Тверская область,городской округ,False,28-752-000-000,28752000,no_code_match,,,,,matched,Осташковский,21354,0.309638,21354,bdpmo_2023,matched,52059.9,matched,4625,216.587056,0.022486,,0.366703,0.055568,0.012324,
tid_2108,2108,0,69,Тверская область,городской округ,False,28-750-000-000,28750000,no_code_match,,,,,matched,Город Торжок,40172,0.271408,40172,bdpmo_2023,matched,52482.9,matched,10386,258.538285,,,0.32072,0.040246,0.009051,0.358752
tid_2109,2109,1,69,Тверская область,городской округ,False,28-751-000-000,28751000,no_code_match,,,,,matched,Удомельский,30006,0.295041,30006,bdpmo_2023,matched,83991.5,matched,9543,318.036393,,,,0.030913,0.02473,0.241643
tid_211,211,0,10,Республика Карелия,муниципальный район,False,86-615-000-000,86615000,matched,Кондопожский муниципальный район,31368,25040,0.798266,matched,Кондопожский муниципальный район,31671,0.307663,31368,rosstat_2024,matched,61558.3,matched,8926,281.835117,0.020166,0.012099,,0.036971,,0.320972
tid_2110,2110,1,69,Тверская область,муниципальный округ,False,28-502-000-000,28502000,no_code_match,,,,,matched,Андреапольский,10059,0.296252,10059,bdpmo_2023,matched,40828.3,matched,1786,177.552441,,,,0.031915,,0.575588
tid_2111,2111,1,69,Тверская область,муниципальный район,False,28-604-000-000,28604000,no_code_match,,,,,matched,Бежецкий муниципальный район (с 2024 г. преобразован в Бежецкий муниципальный округ),31059,0.268006,31059,bdpmo_2023,matched,46815.9,matched,6608,212.756367,0.196126,,0.139377,0.034806,0.003481,0.41813
tid_2112,2112,1,69,Тверская область,муниципальный округ,False,28-506-000-000,28506000,no_code_match,,,,,matched,Бельский,4940,0.312551,4940,bdpmo_2023,matched,37703.5,matched,670,135.62753,,,,0.032836,,0.686567
tid_2113,2113,1,69,Тверская область,муниципальный район,False,28-608-000-000,28608000,no_code_match,,,,,matched,Бологовский муниципальный район (с 2024 г. преобразован в Бологовский муниципальный округ),30649,0.282065,30649,bdpmo_2023,matched,48969.7,matched,8041,262.357663,,,0.074493,0.026489,,0.325333
tid_2114,2114,1,69,Тверская область,муниципальный округ,False,28-510-000-000,28510000,no_code_match,,,,,matched,Весьегонский,9715,0.345548,9715,bdpmo_2023,matched,37967,matched,1129,116.212043,0.090345,,,0.052259,,0.643933
tid_2116,2116,1,69,Тверская область,муниципальный округ,False,28-514-000-000,28514000,no_code_match,,,,,matched,Жарковский,4073,0.35453,4073,bdpmo_2023,matched,34026.2,matched,675,165.725509,,,,0.031111,,0.586667
tid_2117,2117,1,69,Тверская область,муниципальный округ,False,28-516-000-000,28516000,no_code_match,,,,,matched,Западнодвинский,12137,0.286067,12137,bdpmo_2023,matched,38152.2,matched,2052,169.069787,0.034113,,,0.048733,,0.61501
tid_2118,2118,1,69,Тверская область,муниципальный округ,False,28-518-000-000,28518000,no_code_match,,,,,matched,Зубцовский,14370,0.301392,14370,bdpmo_2023,matched,44647.9,matched,1804,125.539318,0.088137,,,0.059313,,0.562084
tid_2119,2119,0,69,Тверская область,муниципальный район,False,28-620-000-000,28620000,no_code_match,,,,,matched,Калининский муниципальный район (с 2024 г. преобразован в Калининский муниципальный округ),57724,0.258835,57724,bdpmo_2023,matched,60649.5,matched,10519,182.229229,0.100485,,0.322369,0.15781,0.011313,0.278734
tid_212,212,1,10,Республика Карелия,муниципальный район,False,86-618-000-000,86618000,matched,Лахденпохский муниципальный район,10502,5725,0.545134,matched,Лахденпохский муниципальный район,10709,0.318611,10502,rosstat_2024,matched,58670,matched,1807,168.736577,0.167128,,,0.051467,,0.479801
tid_2120,2120,1,69,Тверская область,муниципальный район,False,28-622-000-000,28622000,no_code_match,,,,,matched,Калязинский муниципальный район (с 2024 г. преобразован в Калязинский муниципальный округ),19344,0.28231,19344,bdpmo_2023,matched,42802.7,matched,2334,120.657568,,,0.113111,0.050557,,0.584833
tid_2121,2121,1,69,Тверская область,городской округ,False,28-758-000-000,28758000,no_code_match,,,,,matched,Кашинский,22975,0.324614,22975,bdpmo_2023,matched,44298.4,matched,4505,196.082699,0.013319,,0.188235,0.028857,0.062153,0.480577
tid_2122,2122,1,69,Тверская область,муниципальный округ,False,28-526-000-000,28526000,no_code_match,,,,,matched,Кесовогорский,7303,0.250856,7303,bdpmo_2023,matched,69657.2,matched,5734,785.156785,,,,0.015696,,0.090687
tid_2124,2124,0,69,Тверская область,муниципальный район,False,28-630-000-000,28630000,no_code_match,,,,,matched,Конаковский муниципальный район (с 2024 г. преобразован в Конаковский муниципальный округ),68978,0.307315,68978,bdpmo_2023,matched,59351.2,matched,14320,207.602424,0.071788,,0.293645,0.045251,0.049721,0.334986
tid_2125,2125,1,69,Тверская область,муниципальный округ,False,28-532-000-000,28532000,no_code_match,,,,,matched,Краснохолмский,8654,0.30483,8654,bdpmo_2023,matched,38926.4,matched,1319,152.415068,,,,0.024261,,0.651251
tid_2126,2126,1,69,Тверская область,муниципальный район,False,28-634-000-000,28634000,no_code_match,,,,,matched,Кувшиновский муниципальный район (с 2024 г. преобразован в Кувшиновский муниципальный округ),12747,0.272064,12747,bdpmo_2023,matched,52338.8,matched,1936,151.878873,,,,0.027376,,0.408058
tid_2127,2127,1,69,Тверская область,муниципальный округ,False,28-536-000-000,28536000,no_code_match,,,,,matched,Лесной,3914,0.330097,3914,bdpmo_2023,matched,36594,matched,559,142.820644,,,,,,0.729875
tid_2128,2128,1,69,Тверская область,муниципальный округ,False,28-538-000-000,28538000,no_code_match,,,,,matched,Лихославльский,24715,0.261056,24715,bdpmo_2023,matched,43062.2,matched,3336,134.978758,,,0.372302,0.055156,,0.415168
tid_2129,2129,1,69,Тверская область,муниципальный округ,False,28-540-000-000,28540000,no_code_match,,,,,matched,Максатихинский,14025,0.296542,14025,bdpmo_2023,matched,37841.2,matched,1425,101.604278,,,,0.047719,,0.661754
tid_213,213,1,10,Республика Карелия,муниципальный район,False,86-621-000-000,86621000,matched,Лоухский муниципальный район,10092,7092,0.702735,matched,Лоухский муниципальный район,10289,0.349597,10092,rosstat_2024,matched,85863,matched,2085,202.6436,0.056595,,,0.043165,,0.470504
tid_2130,2130,1,69,Тверская область,муниципальный округ,False,28-542-000-000,28542000,no_code_match,,,,,matched,Молоковский,3747,0.312517,3747,bdpmo_2023,matched,36728.6,matched,480,128.102482,,,,,,0.727083
tid_2131,2131,1,69,Тверская область,городской округ,False,28-759-000-000,28759000,no_code_match,,,,,matched,Нелидовский,23173,0.294998,23173,bdpmo_2023,matched,38418.2,matched,4204,181.41803,,,0.176499,0.058278,,0.515461
tid_2132,2132,1,69,Тверская область,муниципальный округ,False,28-544-000-000,28544000,no_code_match,,,,,matched,Оленинский,11529,0.270015,11529,bdpmo_2023,matched,32232.2,matched,1372,119.00425,0.027697,,,0.053207,,0.600583
tid_2133,2133,1,69,Тверская область,муниципальный округ,False,28-546-000-000,28546000,no_code_match,,,,,matched,Пеновский,5136,0.328855,5136,bdpmo_2023,matched,35791.8,matched,734,142.912773,,,,0.044959,,0.701635
tid_2134,2134,1,69,Тверская область,муниципальный округ,False,28-547-000-000,28547000,no_code_match,,,,,matched,Рамешковский,14847,0.295615,14847,bdpmo_2023,matched,42725.4,matched,1207,81.295885,,,,0.038111,,0.664457
tid_2136,2136,1,69,Тверская область,муниципальный округ,False,28-549-000-000,28549000,no_code_match,,,,,matched,Сандовский,4892,0.330948,4892,bdpmo_2023,matched,37497.3,matched,610,124.693377,,,,0.039344,,0.742623
tid_2137,2137,1,69,Тверская область,муниципальный округ,False,28-550-000-000,28550000,no_code_match,,,,,matched,Селижаровский,10050,0.304776,10050,bdpmo_2023,matched,39613.2,matched,1168,116.218905,,,,0.027397,,0.604452
tid_2138,2138,1,69,Тверская область,муниципальный округ,False,28-551-000-000,28551000,no_code_match,,,,,matched,Сонковский,6525,0.273716,6525,bdpmo_2023,matched,36302.4,matched,907,139.003831,,,,,,0.55237
tid_2139,2139,1,69,Тверская область,муниципальный округ,False,28-552-000-000,28552000,no_code_match,,,,,matched,Спировский,8567,0.280845,8567,bdpmo_2023,matched,35453.5,matched,1157,135.053111,,,,0.027658,,0.656871
tid_214,214,1,10,Республика Карелия,муниципальный район,False,86-624-000-000,86624000,matched,Медвежьегорский муниципальный район,23603,17163,0.727153,matched,Медвежьегорский муниципальный район,23931,0.311228,23603,rosstat_2024,matched,65488.6,matched,5167,215.912415,0.055738,0.022257,,0.048771,,0.490614
tid_2140,2140,1,69,Тверская область,муниципальный округ,False,28-553-000-000,28553000,no_code_match,,,,,matched,Старицкий,21077,0.287754,21077,bdpmo_2023,matched,43060.5,matched,2776,131.707549,0.004683,,,0.052233,,0.483429
tid_2142,2142,1,69,Тверская область,муниципальный район,False,28-655-000-000,28655000,no_code_match,,,,,matched,Торопецкий муниципальный район (с 2024 г. преобразован в Торопецкий муниципальный округ),16439,0.282986,16439,bdpmo_2023,matched,40301,matched,4041,245.817872,,,0.297946,0.037614,,0.516704
tid_2143,2143,1,69,Тверская область,муниципальный район,False,28-657-000-000,28657000,no_code_match,,,,,matched,Фировский муниципальный район (с 2024 г. преобразован в Фировский муниципальный округ),8010,0.283521,8010,bdpmo_2023,matched,36851.8,matched,808,100.873908,,,,0.038366,,0.731436
tid_2144,2144,2,70,Томская область,городской округ,False,69-701-000-000,69701000,matched,Городской округ  г Томск,565753,545391,0.964009,matched,Город Томск,571983,0.221792,565753,rosstat_2024,matched,78099.9,matched,132589,231.80584,0.003937,0.009284,0.158814,0.087157,0.004631,0.419763
tid_2145,2145,1,70,Томская область,городской округ,False,69-707-000-000,69707000,matched,Городской округ г Кедровый,2626,1822,0.693831,matched,Город Кедровый,2634,0.239939,2626,rosstat_2024,matched,67299.4,matched,375,142.369021,,,,,,
tid_2146,2146,0,70,Томская область,городской округ,False,69-710-000-000,69710000,matched,Городской округ г Стрежевой,37478,37478,1,matched,Город Стрежевой,38061,0.20052,37478,rosstat_2024,matched,89803.1,matched,9433,247.838995,,0.166967,0.097106,0.060426,0.0388,0.29895
tid_2148,2148,3,70,Томская область,муниципальный район,False,69-604-000-000,69604000,matched,Муниципальный район Александровский,7233,0,0,matched,Александровский муниципальный район,7392,0.254194,7233,rosstat_2024,matched,109019.4,matched,3365,455.221861,,0.296285,0.038336,0.010401,0.015156,0.248143
tid_2149,2149,1,70,Томская область,муниципальный район,False,69-608-000-000,69608000,matched,Муниципальный район Асиновский,33342,24628,0.738648,matched,Асиновский муниципальный район,33514,0.252551,33342,rosstat_2024,matched,44631.2,matched,6164,183.923137,0.039909,,0.134166,0.03196,0.005029,0.492375
tid_215,215,1,10,Республика Карелия,муниципальный район,False,86-627-000-000,86627000,matched,Муезерский муниципальный район,7695,2445,0.317739,matched,Муезерский муниципальный район,7903,0.367455,7695,rosstat_2024,matched,51447.7,matched,1130,142.983677,0.054867,,,0.045133,,0.760177
tid_2150,2150,1,70,Томская область,муниципальный район,False,69-612-000-000,69612000,matched,Муниципальный район Бакчарский,11191,0,0,matched,Бакчарский муниципальный район,11228,0.233969,11191,rosstat_2024,matched,54545.5,matched,1547,137.780549,,,,0.027149,,0.801551
tid_2151,2151,1,70,Томская область,муниципальный район,False,69-616-000-000,69616000,matched,Муниципальный район Верхнекетский,14438,7730,0.535393,matched,Верхнекетский муниципальный район,14588,0.251028,14438,rosstat_2024,matched,56476,matched,2137,146.490266,,,,0.026205,,
tid_2152,2152,1,70,Томская область,муниципальный район,False,69-620-000-000,69620000,matched,Муниципальный район Зырянский,11051,0,0,matched,Зырянский муниципальный район,11065,0.285314,11051,rosstat_2024,matched,45797.9,matched,1796,162.313601,0.089087,,,0.018374,,0.673719
tid_2153,2153,1,70,Томская область,муниципальный район,False,69-624-000-000,69624000,matched,Муниципальный район Каргасокский,17438,0,0,matched,Каргасокский муниципальный район,17507,0.2499,17438,rosstat_2024,matched,86992.7,matched,8160,466.099275,,0.410049,0.06299,0.008211,0.009559,0.252328
tid_2154,2154,1,70,Томская область,муниципальный район,False,69-628-000-000,69628000,matched,Муниципальный район Кожевниковский,20183,0,0,matched,Кожевниковский муниципальный район,20307,0.26449,20183,rosstat_2024,matched,48051.6,matched,3422,168.513321,0.186441,,0.068673,0.01841,,
tid_2155,2155,1,70,Томская область,муниципальный район,False,69-632-000-000,69632000,matched,Муниципальный район Колпашевский,32143,20099,0.625299,matched,Колпашевский муниципальный район,32570,0.280319,32143,rosstat_2024,matched,68445.1,matched,5768,177.095487,,,,0.036061,,0.636789
tid_2156,2156,1,70,Томская область,муниципальный район,False,69-636-000-000,69636000,matched,Муниципальный район Кривошеинский,12022,0,0,matched,Кривошеинский муниципальный район,12088,0.276059,12022,rosstat_2024,matched,57981.4,matched,1807,149.487095,0.116768,,,0.02601,,
tid_2157,2157,1,70,Томская область,муниципальный район,False,69-640-000-000,69640000,matched,Муниципальный район Молчановский,12103,0,0,matched,Молчановский муниципальный район,12177,0.267636,12103,rosstat_2024,matched,59990.4,matched,2031,166.78985,0.007386,,,0.023141,,0.776465
tid_2158,2158,1,70,Томская область,муниципальный район,False,69-644-000-000,69644000,matched,Муниципальный район Парабельский,11379,0,0,matched,Парабельский муниципальный район,11443,0.23971,11379,rosstat_2024,matched,101427.7,matched,6062,529.756183,,0.425932,0.036622,0.007258,0.008413,0.230287
tid_2159,2159,1,70,Томская область,муниципальный район,False,69-648-000-000,69648000,matched,Муниципальный район Первомайский,16471,0,0,matched,Первомайский муниципальный район,16732,0.251195,16471,rosstat_2024,matched,44867.9,matched,2727,162.981114,0.316832,,0.010268,0.017235,,
tid_216,216,1,10,Республика Карелия,муниципальный район,False,86-630-000-000,86630000,matched,Олонецкий муниципальный район,18460,7541,0.408505,matched,Олонецкий муниципальный район,18662,0.325796,18460,rosstat_2024,matched,53467.8,matched,3117,167.023899,0.176773,,0.072826,0.058389,0.019891,0.554379
tid_2160,2160,1,70,Томская область,муниципальный район,False,69-652-000-000,69652000,matched,Муниципальный район Тегульдетский,6463,0,0,matched,Тегульдетский муниципальный район,6436,0.24161,6463,rosstat_2024,matched,65244.1,matched,1447,224.829086,0.367657,,,0.018659,,
tid_2161,2161,2,70,Томская область,муниципальный район,False,69-654-000-000,69654000,matched,Муниципальный район Томский,89298,0,0,matched,Томский муниципальный район,88838,0.22621,89298,rosstat_2024,matched,55082.5,matched,14034,157.97294,0.233433,,,0.04767,0.005344,0.384139
tid_2162,2162,1,70,Томская область,муниципальный район,False,69-656-000-000,69656000,matched,Муниципальный район Чаинский,11633,0,0,matched,Чаинский муниципальный район,11674,0.254583,11633,rosstat_2024,matched,62104,matched,1338,114.613671,,,,0.035874,,0.807175
tid_2163,2163,1,70,Томская область,муниципальный район,False,69-658-000-000,69658000,matched,Муниципальный район Шегарский,19646,0,0,matched,Шегарский муниципальный район,19895,0.292888,19646,rosstat_2024,matched,43949.4,matched,3021,151.847198,0.061569,,,0.030785,,0.72956
tid_2164,2164,2,71,Тульская область,городской округ,False,70-701-000-000,70701000,matched,Городской округ город Тула,538297,461692,0.85769,matched,Город Тула,542516,0.288102,538297,rosstat_2024,matched,70678.6,matched,177523,327.221686,0.004833,0.002687,0.309036,0.082896,0.007317,0.292942
tid_2165,2165,0,71,Тульская область,городской округ,False,70-706-000-000,70706000,matched,Городской округ город Алексин,69514,59184,0.851397,matched,Город Алексин,70069,0.322268,69514,rosstat_2024,matched,52327.4,matched,22222,317.144529,,,0.328143,0.023895,0.00216,0.181397
tid_2167,2167,0,71,Тульская область,городской округ,False,70-712-000-000,70712000,matched,Городской округ город Донской,62255,62255,1,matched,Город Донской,63038,0.283718,62255,rosstat_2024,matched,47967.1,matched,8847,140.34392,,,0.415056,0.048717,,0.38352
tid_2168,2168,0,71,Тульская область,городской округ,False,70-714-000-000,70714000,matched,Городской округ город Ефремов,56354,35472,0.62945,matched,Город Ефремов,56838,0.3036,56354,rosstat_2024,matched,53704.2,matched,10915,192.037017,0.0623,,0.301237,0.056711,0.004581,0.368484
tid_2169,2169,0,71,Тульская область,городской округ,False,70-724-000-000,70724000,matched,Городской округ город Новомосковск,129639,117175,0.903856,matched,Город Новомосковск,130673,0.288866,129639,rosstat_2024,matched,65574.9,matched,29562,226.228831,0.024322,,0.294195,0.061633,0.005581,0.321629
tid_217,217,1,10,Республика Карелия,муниципальный район,False,86-633-000-000,86633000,no_code_match,,,,,matched,Питкярантский муниципальный район,14735,0.328537,14735,bdpmo_2023,matched,61014.6,matched,3235,219.5453,0.021638,,,0.051314,,0.396909
tid_2171,2171,1,71,Тульская область,муниципальный район,False,70-604-000-000,70604000,matched,Арсеньевский муниципальный район,9159,4685,0.511519,matched,Арсеньевский муниципальный район,9214,0.28283,9159,rosstat_2024,matched,38942.5,matched,795,86.281745,,,,0.045283,,0.665409
tid_2172,2172,1,71,Тульская область,муниципальный район,False,70-606-000-000,70606000,matched,Белевский муниципальный район,18494,12382,0.669514,matched,Белевский муниципальный район,18707,0.308868,18494,rosstat_2024,matched,43494.4,matched,2590,138.450847,0.035521,,0.259846,0.040927,,0.555985
tid_2173,2173,1,71,Тульская область,муниципальный район,False,70-608-000-000,70608000,matched,Богородицкий муниципальный район,49454,29298,0.592429,matched,Богородицкий муниципальный район,49571,0.282585,49454,rosstat_2024,matched,55236.2,matched,6998,141.171249,0.032581,,0.243641,0.053587,,0.414261
tid_2174,2174,1,71,Тульская область,муниципальный район,False,70-612-000-000,70612000,matched,Веневский муниципальный район,33948,12346,0.363674,matched,Веневский муниципальный район,34066,0.329096,33948,rosstat_2024,matched,49883.2,matched,3505,102.888511,0.01883,,0.164051,0.084736,,0.540656
tid_2175,2175,1,71,Тульская область,муниципальный район,False,70-616-000-000,70616000,matched,Воловский муниципальный район,13746,3426,0.249236,matched,Воловский муниципальный район,13824,0.265842,13746,rosstat_2024,matched,56458.1,matched,3002,217.158565,0.304131,,,0.023984,,0.233178
tid_2176,2176,1,71,Тульская область,муниципальный район,False,70-618-000-000,70618000,matched,Дубенский муниципальный район,14743,5826,0.395171,matched,Дубенский муниципальный район,14859,0.320008,14743,rosstat_2024,matched,45143.7,matched,2068,139.174911,,,0.165861,0.032398,,0.483559
tid_2177,2177,0,71,Тульская область,муниципальный район,False,70-622-000-000,70622000,matched,Заокский муниципальный район,26774,6370,0.237917,matched,Заокский муниципальный район,26703,0.339775,26774,rosstat_2024,matched,49905.4,matched,2376,88.978766,0.068603,,,0.079966,,0.545034
tid_2178,2178,1,71,Тульская область,муниципальный район,False,70-624-000-000,70624000,matched,Каменский муниципальный район,8141,0,0,matched,Каменский муниципальный район,8249,0.318948,8141,rosstat_2024,matched,48490.3,matched,1081,131.046187,0.275671,,,,,0.519889
tid_2179,2179,1,71,Тульская область,муниципальный район,False,70-626-000-000,70626000,matched,Кимовский муниципальный район,38587,26114,0.676756,matched,Кимовский муниципальный район,38612,0.314876,38587,rosstat_2024,matched,49605.8,matched,5543,143.556407,,,0.382284,0.049432,,0.438391
tid_218,218,0,10,Республика Карелия,муниципальный район,False,86-636-000-000,86636000,matched,Прионежский муниципальный район,21969,0,0,matched,Прионежский муниципальный район,21994,0.248159,21969,rosstat_2024,matched,72012.5,matched,3421,155.542421,0.064309,0.180649,0.095001,0.031277,0.012862,0.341713
tid_2180,2180,1,71,Тульская область,муниципальный район,False,70-628-000-000,70628000,matched,Киреевский муниципальный район,73376,42923,0.584973,matched,Киреевский муниципальный район,73476,0.292272,73376,rosstat_2024,matched,46512.2,matched,7188,97.827862,0.042571,,0.256678,0.067334,,0.538397
tid_2181,2181,1,71,Тульская область,муниципальный район,False,70-630-000-000,70630000,matched,Куркинский муниципальный район,10641,5333,0.501175,matched,Куркинский муниципальный район,10690,0.301964,10641,rosstat_2024,matched,46610.3,matched,1787,167.165575,0.226077,,,0.02798,,0.340235
tid_2182,2182,1,71,Тульская область,муниципальный район,False,70-636-000-000,70636000,matched,Одоевский муниципальный район,11804,5426,0.459675,matched,Одоевский муниципальный район,11780,0.316978,11804,rosstat_2024,matched,45424.9,matched,1441,122.325976,,,,0.04025,,0.615545
tid_2183,2183,1,71,Тульская область,муниципальный район,False,70-638-000-000,70638000,matched,Плавский муниципальный район,29592,17052,0.576237,matched,Плавский муниципальный район,29516,0.254845,29592,rosstat_2024,matched,50457.7,matched,4532,153.543841,0.19594,,0.181377,0.044793,0.003089,0.397176
tid_2184,2184,1,71,Тульская область,муниципальный район,False,70-640-000-000,70640000,matched,Суворовский муниципальный район,34424,18272,0.530792,matched,Суворовский муниципальный район,35043,0.326256,34424,rosstat_2024,matched,48087.8,matched,4516,128.870245,,,,0.052037,,0.53388
tid_2185,2185,1,71,Тульская область,муниципальный район,False,70-642-000-000,70642000,matched,Тепло-Огаревский муниципальный район,11101,4853,0.437168,matched,Тепло-Огаревский муниципальный район,11154,0.286265,11101,rosstat_2024,matched,41351.9,matched,1192,106.867491,,,,0.062919,,0.579698
tid_2186,2186,0,71,Тульская область,муниципальный район,False,70-644-000-000,70644000,matched,Узловский муниципальный район,75414,47965,0.636022,matched,Узловский муниципальный район,75528,0.292395,75414,rosstat_2024,matched,59321.6,matched,16316,216.025845,0.051299,,0.471255,0.033771,,0.267651
tid_2187,2187,1,71,Тульская область,муниципальный район,False,70-646-000-000,70646000,matched,Чернский муниципальный район,18218,5915,0.324679,matched,Чернский муниципальный район,18375,0.269279,18218,rosstat_2024,matched,46166.8,matched,2451,133.387755,0.206038,,,0.039168,,0.518564
tid_2188,2188,0,71,Тульская область,муниципальный район,False,70-648-000-000,70648000,matched,Щекинский муниципальный район,101699,70189,0.690164,matched,Щекинский муниципальный район,103032,0.289405,101699,rosstat_2024,matched,59991.3,matched,18570,180.235267,0.064351,,0.32084,0.045827,0.007539,0.348681
tid_2189,2189,1,71,Тульская область,муниципальный район,False,70-650-000-000,70650000,matched,Ясногорский муниципальный район,30348,14815,0.488171,matched,Ясногорский муниципальный район,30491,0.298121,30348,rosstat_2024,matched,67502.4,matched,4549,149.191565,0.117388,,0.390855,0.052979,,0.34579
tid_219,219,1,10,Республика Карелия,муниципальный район,False,86-639-000-000,86639000,matched,Пряжинский муниципальный район,12023,2955,0.245779,matched,Пряжинский муниципальный район,12259,0.304674,12023,rosstat_2024,matched,61073.8,matched,3134,255.648911,0.082004,,,0.023931,,0.594129
tid_2190,2190,2,72,Тюменская область,городской округ,False,71-701-000-000,71701000,matched,Городской округ город Тюмень,861098,861098,1,matched,Город Тюмень,855618,0.213059,861098,rosstat_2024,matched,90625.8,matched,210984,246.586678,0.002356,0.034747,0.123578,0.105027,0.013323,0.335338
tid_2191,2191,0,72,Тюменская область,городской округ,False,71-703-000-000,71703000,matched,Городской округ Заводоуковский,47394,27266,0.575305,matched,Заводоуковский,47461,0.247424,47394,rosstat_2024,matched,52897.2,matched,8902,187.564527,0.191305,,0.187149,0.049539,0.00146,0.416985
tid_2192,2192,0,72,Тюменская область,городской округ,False,71-705-000-000,71705000,matched,Городской округ город Ишим,67329,67329,1,matched,Город Ишим,67317,0.234725,67329,rosstat_2024,matched,54901.7,matched,14659,217.760744,0.004843,,0.106419,0.065284,0.002319,0.391159
tid_2193,2193,0,72,Тюменская область,городской округ,False,71-710-000-000,71710000,matched,Городской округ город Тобольск,102733,99454,0.968082,matched,Город Тобольск,103175,0.224337,102733,rosstat_2024,matched,78612.9,matched,25278,245.001212,0.00538,,0.195902,0.065116,0.007872,0.333927
tid_2194,2194,0,72,Тюменская область,городской округ,False,71-715-000-000,71715000,matched,Городской округ город Ялуторовск,38970,38970,1,matched,Город Ялуторовск,38882,0.262667,38970,rosstat_2024,matched,53257.2,matched,6679,171.776143,,,0.110346,0.072915,,0.461446
tid_2195,2195,0,72,Тюменская область,муниципальный район,False,71-603-000-000,71603000,matched,Абатский муниципальный район,18641,0,0,matched,Абатский муниципальный район,18783,0.266251,18641,rosstat_2024,matched,49641,matched,1998,106.372784,0.115115,,,0.055055,,0.636136
tid_2196,2196,1,72,Тюменская область,муниципальный район,False,71-605-000-000,71605000,matched,Армизонский муниципальный район,9306,0,0,matched,Армизонский муниципальный район,9353,0.265904,9306,rosstat_2024,matched,45937.8,matched,970,103.71004,0.061856,,,0.037113,,0.704124
tid_2197,2197,1,72,Тюменская область,муниципальный район,False,71-607-000-000,71607000,matched,Аромашевский муниципальный район,10235,0,0,matched,Аромашевский муниципальный район,10350,0.302319,10235,rosstat_2024,matched,47081.9,matched,1147,110.821256,0.094159,,,0.040105,,
tid_2198,2198,1,72,Тюменская область,муниципальный район,False,71-610-000-000,71610000,matched,Бердюжский муниципальный район,10693,0,0,matched,Бердюжский муниципальный район,10877,0.281144,10693,rosstat_2024,matched,46035.3,matched,1623,149.213938,0.144794,,,0.040049,,0.543438
tid_2199,2199,0,72,Тюменская область,муниципальный район,False,71-613-000-000,71613000,matched,Вагайский муниципальный район,17835,0,0,matched,Вагайский муниципальный район,17943,0.25085,17835,rosstat_2024,matched,50831.1,matched,2574,143.454272,,,,0.036131,,0.636364
tid_22,22,0,2,Республика Башкортостан,городской округ,False,80-703-000-000,80703000,matched,Городской округ г Агидель,13728,13728,1,matched,Город Агидель,14002,0.317526,13728,rosstat_2024,matched,51380.7,matched,1486,106.127696,,,,0.064603,,0.46568
tid_220,220,1,10,Республика Карелия,муниципальный район,False,86-642-000-000,86642000,matched,Пудожский муниципальный район,13907,7104,0.510822,matched,Пудожский муниципальный район,14351,0.31733,13907,rosstat_2024,matched,59111.1,matched,1914,133.370497,,,,0.061129,,0.648903
tid_2200,2200,1,72,Тюменская область,муниципальный район,False,71-615-000-000,71615000,matched,Викуловский муниципальный район,14670,0,0,matched,Викуловский муниципальный район,14843,0.266321,14670,rosstat_2024,matched,45454.7,matched,1702,114.666846,0.09812,,,0.108108,,0.662162
tid_2201,2201,0,72,Тюменская область,городской округ,False,71-702-000-000,71702000,matched,Городской округ Голышмановский,23386,0,0,matched,Голышмановский,23429,0.240172,23386,rosstat_2024,matched,50025.8,matched,4557,194.50254,0.346061,,,0.04718,,0.412333
tid_2202,2202,0,72,Тюменская область,муниципальный район,False,71-624-000-000,71624000,matched,Исетский муниципальный район,25979,0,0,matched,Исетский муниципальный район,26041,0.256135,25979,rosstat_2024,matched,49955.8,matched,3345,128.451288,0.200598,,,0.046637,0.001794,0.536622
tid_2203,2203,0,72,Тюменская область,муниципальный район,False,71-626-000-000,71626000,matched,Ишимский муниципальный район,28178,0,0,matched,Ишимский муниципальный район,28364,0.271682,28178,rosstat_2024,matched,49734.6,matched,2850,100.479481,0.252281,,0.110526,,,0.46
tid_2204,2204,1,72,Тюменская область,муниципальный район,False,71-630-000-000,71630000,matched,Казанский муниципальный район,19959,0,0,matched,Казанский муниципальный район,20047,0.274505,19959,rosstat_2024,matched,47203.8,matched,2490,124.208111,0.246586,,,0.035743,,0.538554
tid_2205,2205,1,72,Тюменская область,муниципальный район,False,71-632-000-000,71632000,matched,Нижнетавдинский муниципальный район,27122,0,0,matched,Нижнетавдинский муниципальный район,27046,0.231088,27122,rosstat_2024,matched,50306.8,matched,2970,109.812911,0.146465,,0.053872,0.046801,,0.530976
tid_2206,2206,0,72,Тюменская область,муниципальный район,False,71-634-000-000,71634000,matched,Омутинский муниципальный район,18399,0,0,matched,Омутинский муниципальный район,18444,0.255476,18399,rosstat_2024,matched,48559.2,matched,2924,158.533941,0.096101,,,0.038988,,0.472298
tid_2207,2207,1,72,Тюменская область,муниципальный район,False,71-636-000-000,71636000,matched,Сладковский муниципальный район,10763,0,0,matched,Сладковский муниципальный район,10860,0.264549,10763,rosstat_2024,matched,47581.2,matched,1442,132.780847,0.20527,,,0.025659,,0.513176
tid_2208,2208,1,72,Тюменская область,муниципальный район,False,71-638-000-000,71638000,matched,Сорокинский муниципальный район,9230,0,0,matched,Сорокинский муниципальный район,9391,0.250346,9230,rosstat_2024,matched,46594.6,matched,1515,161.324673,0.152475,,,0.028383,,0.636304
tid_221,221,1,10,Республика Карелия,муниципальный район,False,86-645-000-000,86645000,no_code_match,,,,,matched,Сегежский муниципальный район,31609,0.291563,31609,bdpmo_2023,matched,65973.2,matched,8914,282.008289,0.105116,,0.274175,0.040498,0.006282,0.335315
tid_2210,2210,2,72,Тюменская область,муниципальный район,False,71-644-000-000,71644000,matched,Тюменский муниципальный район,143580,0,0,matched,Тюменский муниципальный район,140102,0.216863,143580,rosstat_2024,matched,70535.3,matched,17956,128.163766,0.15783,0.011528,0.189073,0.093395,0.001838,0.351025
tid_2211,2211,1,72,Тюменская область,муниципальный район,False,71-648-000-000,71648000,matched,Уватский муниципальный район,18683,0,0,matched,Уватский муниципальный район,18622,0.198314,18683,rosstat_2024,matched,102425.7,matched,10636,571.1524,0.018616,0.382945,0.01053,0.013257,0.034317,0.173185
tid_2212,2212,1,72,Тюменская область,муниципальный район,False,71-650-000-000,71650000,matched,Упоровский муниципальный район,19403,0,0,matched,Упоровский муниципальный район,19348,0.246589,19403,rosstat_2024,matched,46320,matched,3111,160.791813,0.419801,,,0.025394,,0.40405
tid_2213,2213,1,72,Тюменская область,муниципальный район,False,71-653-000-000,71653000,matched,Юргинский муниципальный район,11096,0,0,matched,Юргинский муниципальный район,11138,0.267732,11096,rosstat_2024,matched,46429.2,matched,1785,160.262166,0.22465,,,0.023529,,0.577031
tid_2215,2215,0,72,Тюменская область,муниципальный район,False,71-658-000-000,71658000,matched,Ярковский муниципальный район,23139,0,0,matched,Ярковский муниципальный район,23229,0.235697,23139,rosstat_2024,matched,53605.9,matched,2612,112.44565,0.119832,,0.007274,0.029862,,0.562787
tid_2216,2216,2,86,Ханты-Мансийский автономный округ — Югра,городской округ,False,71-871-000-000,71871000,matched,Городской округ Ханты-Мансийск,111772,111772,1,matched,Ханты-Мансийск,109745,0.12858,111772,rosstat_2024,matched,119189.4,matched,45170,411.590505,0.02008,0.123068,0.003719,0.02847,0.002612,0.479389
tid_2217,2217,0,86,Ханты-Мансийский автономный округ — Югра,городской округ,False,71-883-000-000,71883000,matched,Городской округ Когалым,63963,63515,0.992996,matched,Когалым,62494,0.135389,63963,rosstat_2024,matched,116419.4,matched,26770,428.361123,,0.376093,0.052223,0.027157,0.012178,0.168734
tid_2218,2218,0,86,Ханты-Мансийский автономный округ — Югра,городской округ,False,71-872-000-000,71872000,matched,Городской округ Лангепас,44157,44157,1,matched,Лангепас,43407,0.151865,44157,rosstat_2024,matched,96831.7,matched,10782,248.393116,,0.289371,0.0601,0.033574,0.011964,0.336301
tid_2219,2219,0,86,Ханты-Мансийский автономный округ — Югра,городской округ,False,71-873-000-000,71873000,matched,Городской округ Мегион,59715,59715,1,matched,Мегион,59174,0.172322,59715,rosstat_2024,matched,108848.8,matched,16542,279.54845,,0.215331,0.045158,0.024664,0.020191,0.273848
tid_222,222,0,10,Республика Карелия,муниципальный район,False,86-610-000-000,86610000,matched,Сортавальский муниципальный район,23603,18542,0.785578,matched,Сортавальский муниципальный район,23825,0.272529,23603,rosstat_2024,matched,60243.8,matched,5065,212.591815,0.019743,,0.076209,0.075025,0.0077,0.489042
tid_2220,2220,0,86,Ханты-Мансийский автономный округ — Югра,городской округ,False,71-874-000-000,71874000,matched,Городской округ Нефтеюганск,126690,126690,1,matched,Нефтеюганск,124989,0.196337,126690,rosstat_2024,matched,115203.3,matched,43060,344.510317,,0.372248,0.036623,0.04366,0.017185,0.205341
tid_2221,2221,2,86,Ханты-Мансийский автономный округ — Югра,городской округ,False,71-875-000-000,71875000,matched,Городской округ Нижневартовск,290535,290535,1,matched,Нижневартовск,287095,0.175294,290535,rosstat_2024,matched,101517.8,matched,74723,260.272732,,0.200206,0.044431,0.065482,0.011763,0.313852
tid_2222,2222,0,86,Ханты-Мансийский автономный округ — Югра,городской округ,False,71-879-000-000,71879000,matched,Городской округ Нягань,63466,63466,1,matched,Нягань,63054,0.178149,63466,rosstat_2024,matched,97090.2,matched,14983,237.621721,,0.18254,0.033772,0.058466,0.013415,0.378562
tid_2223,2223,1,86,Ханты-Мансийский автономный округ — Югра,городской округ,False,71-884-000-000,71884000,matched,Городской округ Покачи,16556,16556,1,matched,Покачи,16201,0.148509,16556,rosstat_2024,matched,98187.1,matched,5693,351.398062,,0.480415,0.020727,0.035307,0.015282,
tid_2224,2224,0,86,Ханты-Мансийский автономный округ — Югра,городской округ,False,71-885-000-000,71885000,matched,Городской округ Пыть-Ях,40530,40530,1,matched,Пыть-Ях,40253,0.15969,40530,rosstat_2024,matched,101224.5,matched,15392,382.381437,,0.369413,0.048012,0.027222,0.026962,0.216086
tid_2225,2225,0,86,Ханты-Мансийский автономный округ — Югра,городской округ,False,71-877-000-000,71877000,matched,Городской округ Радужный,45574,45574,1,matched,Радужный,44635,0.159852,45574,rosstat_2024,matched,96809.3,matched,10552,236.406408,,0.428544,0.017248,0.034022,0.026914,0.284117
tid_2226,2226,2,86,Ханты-Мансийский автономный округ — Югра,городской округ,False,71-876-000-000,71876000,matched,Городской округ Сургут,420347,420347,1,matched,Сургут,406938,0.157739,420347,rosstat_2024,matched,126143.6,matched,114011,280.167986,,0.15381,0.03711,0.085939,0.026033,0.30148
tid_2227,2227,0,86,Ханты-Мансийский автономный округ — Югра,городской округ,False,71-878-000-000,71878000,matched,Городской округ Урай,41356,41356,1,matched,Урай,41141,0.19511,41356,rosstat_2024,matched,97686.2,matched,10344,251.428016,,0.150039,0.023685,0.053364,,0.406516
tid_2228,2228,0,86,Ханты-Мансийский автономный округ — Югра,городской округ,False,71-887-000-000,71887000,matched,Городской округ Югорск,39233,39233,1,matched,Югорск,38611,0.189635,39233,rosstat_2024,matched,131829.3,matched,13396,346.947761,,,0.102195,0.04673,0.015975,0.306062
tid_2229,2229,0,86,Ханты-Мансийский автономный округ — Югра,муниципальный район,False,71-811-000-000,71811000,matched,Белоярский муниципальный район,28479,19900,0.69876,matched,Белоярский муниципальный район,28798,0.137614,28479,rosstat_2024,matched,132721.4,matched,10692,371.275783,,0.085297,0.006828,0.030958,0.024504,0.278245
tid_223,223,1,10,Республика Карелия,муниципальный округ,False,86-550-000-000,86550000,matched,Суоярвский муниципальный округ,12070,6697,0.554847,no_code_match,,,,12070,rosstat_2024,matched,64320.1,matched,2592,214.747307,0.104167,,,0.055941,,0.410494
tid_2230,2230,0,86,Ханты-Мансийский автономный округ — Югра,муниципальный район,False,71-812-000-000,71812000,matched,Березовский муниципальный район,22821,13650,0.598133,matched,Березовский муниципальный район,22690,0.182195,22821,rosstat_2024,matched,108535.8,matched,7507,330.850595,,0.014919,0.011589,0.026908,,0.480885
tid_2231,2231,0,86,Ханты-Мансийский автономный округ — Югра,муниципальный район,False,71-816-000-000,71816000,matched,Кондинский муниципальный район,30387,20906,0.687992,matched,Кондинский муниципальный район,30495,0.233579,30387,rosstat_2024,matched,100557.4,matched,10381,340.416462,,0.217802,0.019459,0.016183,0.006839,0.38792
tid_2232,2232,0,86,Ханты-Мансийский автономный округ — Югра,муниципальный район,False,71-818-000-000,71818000,matched,Нефтеюганский муниципальный район,47486,24627,0.518616,matched,Нефтеюганский муниципальный район,47014,0.152146,47486,rosstat_2024,matched,117502.3,matched,26901,572.191262,,0.520761,0.025835,0.010409,0.03182,0.118992
tid_2233,2233,1,86,Ханты-Мансийский автономный округ — Югра,муниципальный район,False,71-819-000-000,71819000,matched,Нижневартовский муниципальный район,38693,30971,0.800429,matched,Нижневартовский муниципальный район,38507,0.168904,38693,rosstat_2024,matched,107537.9,matched,43897,1139.97455,,0.737157,0.033715,0.004693,0.006037,0.08021
tid_2234,2234,1,86,Ханты-Мансийский автономный округ — Югра,муниципальный район,False,71-821-000-000,71821000,matched,Октябрьский муниципальный район,32120,16433,0.511613,matched,Октябрьский муниципальный район,32050,0.201841,32120,rosstat_2024,matched,113393.5,matched,15570,485.803432,,0.424149,0.015222,0.016057,0.01079,0.230764
tid_2235,2235,0,86,Ханты-Мансийский автономный округ — Югра,муниципальный район,False,71-824-000-000,71824000,matched,Советский муниципальный район,46492,43763,0.941302,matched,Советский муниципальный район,46585,0.224386,46492,rosstat_2024,matched,91953.4,matched,12072,259.139208,,0.171637,0.055003,0.044235,0.004473,0.441186
tid_2236,2236,0,86,Ханты-Мансийский автономный округ — Югра,муниципальный район,False,71-826-000-000,71826000,matched,Сургутский муниципальный район,129992,90880,0.69912,matched,Сургутский муниципальный район,127611,0.122309,129992,rosstat_2024,matched,123374.8,matched,96599,756.980198,,0.601807,0.067796,0.018644,0.01616,0.091378
tid_2237,2237,0,86,Ханты-Мансийский автономный округ — Югра,муниципальный район,False,71-829-000-000,71829000,matched,Ханты-Мансийский муниципальный район,19022,0,0,matched,Ханты-Мансийский муниципальный район,18866,0.217746,19022,rosstat_2024,matched,119745.6,matched,23537,1247.588254,,0.696648,0.031525,0.004673,0.007478,
tid_2238,2238,0,89,Ямало-Ненецкий автономный округ,городской округ,False,71-951-000-000,71951000,matched,Городской округ город Салехард,49236,49160,0.998456,matched,Город Салехард,48693,0.131395,49236,rosstat_2024,matched,151321.9,matched,23354,479.617193,0.001713,0.007707,0.00608,0.038323,0.013188,0.472895
tid_224,224,0,11,Республика Коми,городской округ,False,87-701-000-000,87701000,matched,Городской округ Сыктывкар,232811,232134,0.997092,matched,Сыктывкар,233105,0.221707,232811,rosstat_2024,matched,72281.3,matched,71942,308.624869,0.013358,,0.131773,0.06818,0.012051,0.493953
tid_2241,2241,0,89,Ямало-Ненецкий автономный округ,городской округ,False,71-955-000-000,71955000,matched,Городской округ город Муравленко,29581,29581,1,matched,Город Муравленко,29306,0.118235,29581,rosstat_2024,matched,112597.9,matched,8722,297.618235,,0.181954,0.018918,0.032561,,0.384774
tid_2242,2242,2,89,Ямало-Ненецкий автономный округ,городской округ,False,71-956-000-000,71956000,matched,Городской округ город Новый Уренгой,106890,106890,1,matched,Город Новый Уренгой,106764,0.116603,106890,rosstat_2024,matched,158298.7,matched,68143,638.258214,,0.249651,0.010595,0.025799,0.036247,0.152121
tid_2243,2243,0,89,Ямало-Ненецкий автономный округ,городской округ,False,71-958-000-000,71958000,matched,Городской округ город Ноябрьск,102938,102938,1,matched,Город Ноябрьск,101235,0.166504,102938,rosstat_2024,matched,138949.2,matched,32192,317.992789,0.003386,0.2541,0.031561,0.042868,0.017644,0.305946
tid_2244,2244,3,89,Ямало-Ненецкий автономный округ,муниципальный округ,False,71-933-000-000,71933000,matched,Муниципальный округ Красноселькупский район,5640,0,0,matched,Муниципальный округ Красноселькупский район,5702,0.123465,5640,rosstat_2024,matched,156115.6,matched,4797,841.28376,,0.450073,,,,0.277465
tid_2245,2245,0,89,Ямало-Ненецкий автономный округ,муниципальный округ,False,71-936-000-000,71936000,matched,Муниципальный округ Надымский район,65345,56738,0.868284,matched,Муниципальный округ Надымский район,66233,0.123171,65345,rosstat_2024,matched,178332.5,matched,39545,597.058868,,0.217398,0.017271,0.031534,0.026046,0.183917
tid_2248,2248,0,89,Ямало-Ненецкий автономный округ,муниципальный округ,False,71-943-000-000,71943000,matched,Муниципальный округ Тазовский район,17876,0,0,matched,Муниципальный округ Тазовский район,17774,0.095308,17876,rosstat_2024,matched,153631.6,matched,32511,1829.132441,0.015133,0.301406,0.015441,0.00243,0.008674,0.099136
tid_2249,2249,3,89,Ямало-Ненецкий автономный округ,муниципальный округ,False,71-946-000-000,71946000,matched,Муниципальный округ Шурышкарский  район,9162,0,0,matched,Муниципальный округ Шурышкарский район,9121,0.157,9162,rosstat_2024,matched,102891.9,matched,3214,352.373643,0.04916,,,0.004045,,
tid_225,225,1,11,Республика Коми,городской округ,False,87-710-000-000,87710000,matched,Городской округ Воркута,67547,67249,0.995588,matched,Воркута,67702,0.191191,67547,rosstat_2024,matched,101372.5,matched,22005,325.027326,,,0.031129,0.03431,0.01386,0.321881
tid_2250,2250,3,89,Ямало-Ненецкий автономный округ,муниципальный округ,False,71-948-000-000,71948000,matched,Муниципальный округ Ямальский район,16268,0,0,matched,Муниципальный округ Ямальский район,16139,0.098643,16268,rosstat_2024,matched,138665.6,matched,41864,2593.96493,0.006019,0.191955,0.020256,0.008002,0.04259,0.067934
tid_2251,2251,2,73,Ульяновская область,городской округ,False,73-701-000-000,73701000,matched,Городской округ г Ульяновск,632771,611683,0.966674,matched,Город Ульяновск,634567,0.263025,632771,rosstat_2024,matched,57176.9,matched,153275,241.542658,0.005259,,0.26731,0.083092,0.013492,0.370654
tid_2252,2252,0,73,Ульяновская область,городской округ,False,73-705-000-000,73705000,matched,Городской округ г Димитровград,108804,108804,1,matched,Город Димитровград,109547,0.261532,108804,rosstat_2024,matched,55438.2,matched,27197,248.267867,,,0.376659,0.048057,0.0107,0.309409
tid_2253,2253,1,73,Ульяновская область,городской округ,False,73-715-000-000,73715000,matched,Городской округ г Новоульяновск,16791,13450,0.801024,matched,Город Новоульяновск,16857,0.309604,16791,rosstat_2024,matched,47155.4,matched,3028,179.628641,,,0.431638,0.046565,,0.39498
tid_2254,2254,1,73,Ульяновская область,муниципальный район,False,73-602-000-000,73602000,matched,Базарносызганский муниципальный район,7275,4333,0.595601,matched,Базарносызганский муниципальный район,7417,0.305514,7275,rosstat_2024,matched,31486.4,matched,1089,146.824862,,,,0.020202,0.017447,0.786042
tid_2255,2255,1,73,Ульяновская область,муниципальный район,False,73-604-000-000,73604000,matched,Барышский муниципальный район,34969,22870,0.654008,matched,Барышский муниципальный район,35618,0.322365,34969,rosstat_2024,matched,34635.1,matched,4541,127.491718,,,0.048007,0.038538,0.014754,0.650518
tid_2256,2256,1,73,Ульяновская область,муниципальный район,False,73-607-000-000,73607000,matched,Вешкаймский муниципальный район,14314,7093,0.495529,matched,Вешкаймский муниципальный район,14559,0.345628,14314,rosstat_2024,matched,33886.4,matched,1932,132.701422,0.089545,,,0.036232,0.012422,0.606625
tid_2257,2257,1,73,Ульяновская область,муниципальный район,False,73-610-000-000,73610000,matched,Инзенский муниципальный район,25875,17660,0.682512,matched,Инзенский муниципальный район,26271,0.319935,25875,rosstat_2024,matched,36645.7,matched,4236,161.242435,,,0.087583,0.037535,0.011804,0.61898
tid_2258,2258,1,73,Ульяновская область,муниципальный район,False,73-614-000-000,73614000,matched,Карсунский муниципальный район,19556,10071,0.514983,matched,Карсунский муниципальный район,19865,0.323635,19556,rosstat_2024,matched,33212.2,matched,2845,143.216713,0.020387,,,0.048506,0.011951,0.67522
tid_2259,2259,1,73,Ульяновская область,муниципальный район,False,73-616-000-000,73616000,matched,Кузоватовский муниципальный район,17939,7283,0.405987,matched,Кузоватовский муниципальный район,18158,0.324926,17939,rosstat_2024,matched,35027.4,matched,2203,121.323934,0.054471,,,0.044939,0.013164,0.602814
tid_226,226,1,11,Республика Коми,городской округ,False,87-712-000-000,87712000,no_code_match,,,,,matched,Вуктыл (до 1 января 2024 года),10365,0.245055,10365,bdpmo_2023,matched,101854.7,matched,3707,357.645924,,0.329647,,0.035069,,0.245212
tid_2260,2260,1,73,Ульяновская область,муниципальный район,False,73-620-000-000,73620000,matched,Майнский муниципальный район,19862,8297,0.417732,matched,Майнский муниципальный район,20084,0.337483,19862,rosstat_2024,matched,35504.8,matched,2721,135.48098,,,,0.043734,0.01176,0.617053
tid_2262,2262,0,73,Ульяновская область,муниципальный район,False,73-625-000-000,73625000,matched,Николаевский муниципальный район,21200,5608,0.264528,matched,Николаевский муниципальный район,21548,0.323696,21200,rosstat_2024,matched,40071.6,matched,3007,139.548914,,,,0.040239,0.028267,0.574659
tid_2264,2264,1,73,Ульяновская область,муниципальный район,False,73-629-000-000,73629000,matched,Новоспасский муниципальный район,19921,10475,0.525827,matched,Новоспасский муниципальный район,20134,0.254346,19921,rosstat_2024,matched,44755.4,matched,4910,243.866097,,,0.139715,0.039511,0.005092,0.336456
tid_2265,2265,1,73,Ульяновская область,муниципальный район,False,73-632-000-000,73632000,matched,Павловский муниципальный район,11582,4786,0.413227,matched,Павловский муниципальный район,11804,0.319722,11582,rosstat_2024,matched,42963.7,matched,1856,157.234836,,,,0.023707,0.014547,0.542026
tid_2266,2266,1,73,Ульяновская область,муниципальный район,False,73-634-000-000,73634000,matched,Радищевский муниципальный район,11246,3860,0.343233,matched,Радищевский муниципальный район,11360,0.313116,11246,rosstat_2024,matched,33550.3,matched,1250,110.035211,,,,0.0424,0.0168,0.6808
tid_2267,2267,1,73,Ульяновская область,муниципальный район,False,73-636-000-000,73636000,matched,Сенгилеевский муниципальный район,19008,12222,0.642992,matched,Сенгилеевский муниципальный район,19311,0.339444,19008,rosstat_2024,matched,44212.6,matched,3109,160.996323,,,0.174654,0.029913,0.010293,0.491155
tid_2268,2268,1,73,Ульяновская область,муниципальный район,False,73-639-000-000,73639000,matched,Старокулаткинский муниципальный район,9545,4178,0.437716,matched,Старокулаткинский муниципальный район,9804,0.448286,9545,rosstat_2024,matched,31176.9,matched,1272,129.742962,,,,0.023585,0.011792,0.67217
tid_2269,2269,1,73,Ульяновская область,муниципальный район,False,73-642-000-000,73642000,matched,Старомайнский муниципальный район,14556,5705,0.391935,matched,Старомайнский муниципальный район,14818,0.302268,14556,rosstat_2024,matched,34223.8,matched,1387,93.602375,,,,0.054074,0.015141,0.793079
tid_227,227,1,11,Республика Коми,городской округ,False,87-715-000-000,87715000,matched,Городской округ Инта,20870,19764,0.947005,matched,Инта,21092,0.265266,20870,rosstat_2024,matched,85196.4,matched,5393,255.689361,0.028185,,0.007788,0.035045,0.006861,0.47951
tid_2270,2270,1,73,Ульяновская область,муниципальный район,False,73-644-000-000,73644000,matched,Сурский муниципальный район,14437,5605,0.388239,matched,Сурский муниципальный район,14721,0.325657,14437,rosstat_2024,matched,32158.2,matched,1647,111.880986,0.079539,,,0.038251,0.023679,0.661809
tid_2271,2271,1,73,Ульяновская область,муниципальный район,False,73-648-000-000,73648000,matched,Тереньгульский муниципальный район,15507,5145,0.331786,matched,Тереньгульский муниципальный район,15597,0.38642,15507,rosstat_2024,matched,34596.2,matched,1602,102.71206,0.019975,,0.060549,0.046816,0.016854,0.595506
tid_2272,2272,1,73,Ульяновская область,муниципальный район,False,73-652-000-000,73652000,matched,Ульяновский муниципальный район,34931,10431,0.298617,matched,Ульяновский муниципальный район,34975,0.267391,34931,rosstat_2024,matched,43475.4,matched,4336,123.974267,0.028367,,,0.049124,0.009917,0.616697
tid_2274,2274,0,73,Ульяновская область,муниципальный район,False,73-656-000-000,73656000,matched,Чердаклинский муниципальный район,38945,11772,0.302272,matched,Чердаклинский муниципальный район,39311,0.285238,38945,rosstat_2024,matched,53836.3,matched,6301,160.285925,0.076972,,0.284717,0.047453,0.017934,0.398349
tid_2275,2275,2,74,Челябинская область,городской округ,False,75-701-000-000,75701000,matched,Челябинский городской округ,1177058,1177058,1,matched,Челябинский,1182517,0.223599,1177058,rosstat_2024,matched,68685,matched,323885,273.894582,0.002711,0.000398,0.292709,0.094345,0.006549,0.345703
tid_2276,2276,1,74,Челябинская область,городской округ,False,75-706-000-000,75706000,matched,Верхнеуфалейский городской округ,25205,22223,0.88169,matched,Верхнеуфалейский,25532,0.313058,25205,rosstat_2024,matched,47104.7,matched,4755,186.236879,,,0.284122,0.059096,,0.429653
tid_2278,2278,1,74,Челябинская область,городской округ,False,75-715-000-000,75715000,matched,Карабашский городской округ,10372,10131,0.976764,matched,Карабашский,10588,0.274178,10372,rosstat_2024,matched,53194.8,matched,3031,286.267473,,,,0.030353,0.017156,0.334543
tid_2279,2279,0,74,Челябинская область,городской округ,False,75-728-000-000,75728000,matched,Копейский городской округ,147109,144957,0.985371,matched,Копейский,148292,0.225535,147109,rosstat_2024,matched,56834.7,matched,25905,174.689127,,,0.318471,0.131596,0.004285,0.376568
tid_228,228,0,11,Республика Коми,городской округ,False,87-723-000-000,87723000,no_code_match,,,,,matched,Усинск (до 1 января 2024 года),36025,0.164303,36025,bdpmo_2023,matched,123084.3,matched,21507,597.002082,,0.436788,0.04924,0.02283,0.004929,0.168689
tid_2280,2280,0,74,Челябинская область,городской округ,False,75-734-000-000,75734000,matched,Кыштымский городской округ,37146,35243,0.94877,matched,Кыштымский,37271,0.273832,37146,rosstat_2024,matched,54172.9,matched,9652,258.968099,,,0.405823,0.04569,0.008392,0.378367
tid_2281,2281,2,74,Челябинская область,городской округ,False,75-738-000-000,75738000,matched,Магнитогорский городской округ,408715,408715,1,matched,Магнитогорский,409255,0.220471,408715,rosstat_2024,matched,67299.4,matched,109611,267.83057,,,0.362126,0.062932,0.012535,0.242147
tid_2282,2282,0,74,Челябинская область,городской округ,False,75-742-000-000,75742000,matched,Миасский городской округ,160837,147287,0.915753,matched,Миасский,161093,0.255287,160837,rosstat_2024,matched,63534.4,matched,39803,247.080879,,0.011406,0.428912,0.053237,0.009673,0.288571
tid_2286,2286,0,74,Челябинская область,городской округ,False,75-752-000-000,75752000,matched,Троицкий городской округ,69845,69845,1,matched,Троицкий,69983,0.259334,69845,rosstat_2024,matched,48995.6,matched,11991,171.341612,,,0.09799,0.050955,,0.528396
tid_2287,2287,1,74,Челябинская область,городской округ,False,75-755-000-000,75755000,matched,Усть-Катавский городской округ,23326,20822,0.892652,matched,Усть-Катавский,23566,0.299881,23326,rosstat_2024,matched,45188.5,matched,6056,256.980395,,,0.362285,0.030878,,0.328104
tid_2288,2288,0,74,Челябинская область,городской округ,False,75-758-000-000,75758000,matched,Чебаркульский городской округ,44648,44648,1,matched,Чебаркульский,44671,0.236104,44648,rosstat_2024,matched,45356.9,matched,9157,204.987576,0.065305,,0.332314,0.047286,0.009501,0.407775
tid_2289,2289,0,74,Челябинская область,городской округ,False,75-764-000-000,75764000,matched,Южноуральский городской округ,37265,37166,0.997343,matched,Южноуральский,37414,0.275084,37265,rosstat_2024,matched,55300.8,matched,8451,225.878014,,,0.463495,0.073719,,0.28612
tid_229,229,0,11,Республика Коми,городской округ,False,87-725-000-000,87725000,matched,Городской округ Ухта,93096,91482,0.982663,matched,Ухта (до 1 марта 2024 года),94168,0.233306,93096,rosstat_2024,matched,94997.9,matched,32133,341.230567,0.003859,0.086266,0.076183,0.052812,0.012573,0.34407
tid_2292,2292,1,74,Челябинская область,муниципальный район,False,75-606-000-000,75606000,matched,Аргаяшский муниципальный район,39383,0,0,matched,Аргаяшский муниципальный район,39396,0.22878,39383,rosstat_2024,matched,47907,matched,5017,127.347954,0.135539,,0.161252,0.036675,0.004983,0.608332
tid_2293,2293,1,74,Челябинская область,муниципальный район,False,75-609-000-000,75609000,matched,Ашинский муниципальный район,54113,51823,0.957681,matched,Ашинский муниципальный район,54979,0.293403,54113,rosstat_2024,matched,60097.5,matched,14448,262.791248,,0.02997,0.47273,0.043259,0.003184,0.268895
tid_2294,2294,1,74,Челябинская область,муниципальный район,False,75-612-000-000,75612000,matched,Брединский муниципальный район,23380,0,0,matched,Брединский муниципальный район,23586,0.246545,23380,rosstat_2024,matched,39658.8,matched,2584,109.556517,0.167183,,,0.029799,,0.668344
tid_2295,2295,0,74,Челябинская область,муниципальный район,False,75-614-000-000,75614000,matched,Варненский муниципальный район,24054,0,0,matched,Варненский муниципальный район,24152,0.279025,24054,rosstat_2024,matched,58396.2,matched,5850,242.215966,,0.348034,,0.015897,,0.338803
tid_2296,2296,0,74,Челябинская область,муниципальный район,False,75-617-000-000,75617000,matched,Верхнеуральский муниципальный район,31251,15199,0.486352,matched,Верхнеуральский муниципальный район,31736,0.291656,31251,rosstat_2024,matched,58581,matched,6654,209.667255,0.033363,0.321611,0.025549,0.024797,0.011271,0.469943
tid_2297,2297,1,74,Челябинская область,муниципальный район,False,75-619-000-000,75619000,matched,Еманжелинский муниципальный район,47326,46148,0.975109,matched,Еманжелинский муниципальный район,47327,0.288017,47326,rosstat_2024,matched,43159.3,matched,6295,133.010755,0.233678,,0.119936,0.050516,,0.445274
tid_2298,2298,1,74,Челябинская область,муниципальный район,False,75-620-000-000,75620000,matched,Еткульский муниципальный район,29743,0,0,matched,Еткульский муниципальный район,29706,0.258264,29743,rosstat_2024,matched,50026.5,matched,4052,136.40342,0.146841,0.070582,0.179911,0.021224,0.003208,0.458045
tid_2299,2299,1,74,Челябинская область,муниципальный район,False,75-623-000-000,75623000,matched,Карталинский муниципальный район,43290,26726,0.617371,matched,Карталинский муниципальный район,43633,0.279055,43290,rosstat_2024,matched,53501,matched,7873,180.436825,,0.026673,0.109996,0.034294,,0.363902
tid_23,23,0,2,Республика Башкортостан,городской округ,False,80-723-000-000,80723000,matched,Городской округ г Кумертау,61143,57289,0.936967,matched,Город Кумертау,61699,0.278157,61143,rosstat_2024,matched,48318,matched,10116,163.957276,,,0.313464,0.06811,0.015718,0.394919
tid_230,230,1,11,Республика Коми,муниципальный район,False,87-604-000-000,87604000,matched,Муниципальный район Ижемский,16187,0,0,matched,Ижемский муниципальный район,16294,0.234074,16187,rosstat_2024,matched,63034.3,matched,2749,168.712409,,,,0.028738,,0.747908
tid_2300,2300,1,74,Челябинская область,муниципальный район,False,75-626-000-000,75626000,matched,Каслинский муниципальный район,29118,18805,0.64582,matched,Каслинский муниципальный район,29604,0.338806,29118,rosstat_2024,matched,47770.3,matched,5039,170.213485,,,0.149633,0.048422,0.005755,0.528081
tid_2301,2301,1,74,Челябинская область,муниципальный район,False,75-629-000-000,75629000,matched,Катав-Ивановский муниципальный район,26222,24237,0.9243,matched,Катав-Ивановский муниципальный район,26591,0.289496,26222,rosstat_2024,matched,43317.4,matched,4283,161.069535,,,0.297222,0.06304,,0.474901
tid_2302,2302,1,74,Челябинская область,муниципальный район,False,75-632-000-000,75632000,matched,Кизильский муниципальный район,19276,0,0,matched,Кизильский муниципальный район,19751,0.290061,19276,rosstat_2024,matched,39579.7,matched,1785,90.375171,,,,0.019608,,0.89916
tid_2303,2303,1,74,Челябинская область,муниципальный округ,False,75-533-000-000,75533000,matched,Коркинский муниципальный округ,55417,54132,0.976812,matched,Коркинский муниципальный округ,56058,0.279193,55417,rosstat_2024,matched,48058.3,matched,8264,147.418745,,0.040053,0.206075,0.06849,,0.499032
tid_2304,2304,1,74,Челябинская область,муниципальный район,False,75-634-000-000,75634000,matched,Красноармейский муниципальный район,49996,0,0,matched,Красноармейский муниципальный район,49158,0.263294,49996,rosstat_2024,matched,49460,matched,5093,103.604703,0.119183,,0.203024,0.046534,0.001178,0.529158
tid_2305,2305,0,74,Челябинская область,муниципальный район,False,75-636-000-000,75636000,matched,Кунашакский муниципальный район,27505,0,0,matched,Кунашакский муниципальный район,27737,0.267152,27505,rosstat_2024,matched,42498.8,matched,3506,126.401557,,,,0.026241,0.002567,0.590702
tid_2307,2307,1,74,Челябинская область,муниципальный район,False,75-642-000-000,75642000,matched,Нагайбакский муниципальный район,16951,1476,0.087075,matched,Нагайбакский муниципальный район,17105,0.335867,16951,rosstat_2024,matched,46576.2,matched,3155,184.448992,,,,0.015214,,0.510301
tid_2308,2308,1,74,Челябинская область,муниципальный район,False,75-644-000-000,75644000,matched,Нязепетровский муниципальный район,13666,10112,0.739939,matched,Нязепетровский муниципальный район,13873,0.315072,13666,rosstat_2024,matched,38171.1,matched,2267,163.410942,,,,0.04367,,0.604323
tid_2309,2309,1,74,Челябинская область,муниципальный район,False,75-647-000-000,75647000,matched,Октябрьский муниципальный район,18139,0,0,matched,Октябрьский муниципальный район,18437,0.313988,18139,rosstat_2024,matched,42705.4,matched,2410,130.715409,0.152282,,,0.023237,,0.688797
tid_231,231,1,11,Республика Коми,муниципальный район,False,87-608-000-000,87608000,matched,Муниципальный район Княжпогостский,14981,12630,0.843068,matched,Княжпогостский муниципальный район,15250,0.284656,14981,rosstat_2024,matched,71411.3,matched,5871,384.983607,0.014308,,0.053654,0.025379,,0.365866
tid_2310,2310,1,74,Челябинская область,муниципальный район,False,75-648-000-000,75648000,matched,Пластовский муниципальный район,24231,18165,0.74966,matched,Пластовский муниципальный район,24387,0.264116,24231,rosstat_2024,matched,95637.3,matched,5304,217.492927,,,,0.031486,,0.404035
tid_2311,2311,0,74,Челябинская область,муниципальный район,False,75-649-000-000,75649000,matched,Саткинский муниципальный район,74031,69328,0.936473,matched,Саткинский муниципальный район,74658,0.269509,74031,rosstat_2024,matched,49481.8,matched,17281,231.468831,,0.097159,0.369481,0.039986,0.004224,0.326139
tid_2312,2312,2,74,Челябинская область,муниципальный район,False,75-652-000-000,75652000,matched,Сосновский муниципальный район,93044,0,0,matched,Сосновский муниципальный район,88372,0.219889,93044,rosstat_2024,matched,63607.7,matched,14410,163.060698,0.042401,,0.272588,0.091325,0.008536,0.29313
tid_2314,2314,1,74,Челябинская область,муниципальный район,False,75-655-000-000,75655000,matched,Увельский муниципальный район,30982,0,0,matched,Увельский муниципальный район,31033,0.249122,30982,rosstat_2024,matched,58898.4,matched,5725,184.481036,0.119127,0.090306,0.175546,0.010131,,0.404017
tid_2315,2315,1,74,Челябинская область,муниципальный район,False,75-656-000-000,75656000,matched,Уйский муниципальный район,20981,0,0,matched,Уйский муниципальный район,21213,0.310753,20981,rosstat_2024,matched,39877.9,matched,2522,118.88936,0.080492,,,0.026566,,0.777954
tid_2316,2316,1,74,Челябинская область,муниципальный район,False,75-657-000-000,75657000,matched,Чебаркульский муниципальный район,28564,0,0,matched,Чебаркульский муниципальный район,28704,0.247317,28564,rosstat_2024,matched,47590.2,matched,4158,144.85786,0.365079,,,0.019,0.006975,0.403078
tid_2317,2317,0,74,Челябинская область,муниципальный район,False,75-659-000-000,75659000,matched,Чесменский муниципальный район,15114,0,0,matched,Чесменский муниципальный район,15412,0.271607,15114,rosstat_2024,matched,44683.4,matched,2038,132.234622,,,,0.029441,,0.70265
tid_2318,2318,0,76,Ярославская область,городской округ,False,78-701-000-000,78701000,matched,Городской округ город Ярославль,567443,567443,1,matched,Город Ярославль,570824,0.245958,567443,rosstat_2024,matched,64884.4,matched,160889,281.853951,0.00133,,0.22109,0.101946,0.012512,0.345785
tid_232,232,1,11,Республика Коми,муниципальный район,False,87-612-000-000,87612000,matched,Муниципальный район Койгородский,7470,0,0,matched,Койгородский муниципальный район,7571,0.298375,7470,rosstat_2024,matched,59892.7,matched,1621,214.106459,0.231339,,,0.024059,,0.500925
tid_2320,2320,0,76,Ярославская область,городской округ,False,78-715-000-000,78715000,matched,Городской округ город Рыбинск,171810,171810,1,matched,Город Рыбинск,173910,0.289414,171810,rosstat_2024,matched,61251.8,matched,50178,288.528549,,,0.410459,0.042828,0.011379,0.281518
tid_2321,2321,1,76,Ярославская область,муниципальный район,False,78-603-000-000,78603000,matched,Большесельский муниципальный район,9122,0,0,matched,Большесельский муниципальный район,9264,0.310233,9122,rosstat_2024,matched,43034.7,matched,1507,162.672712,0.047777,,,0.024552,,0.499005
tid_2322,2322,1,76,Ярославская область,муниципальный район,False,78-606-000-000,78606000,matched,Борисоглебский муниципальный район,11831,5398,0.456259,matched,Борисоглебский муниципальный район,11911,0.294602,11831,rosstat_2024,matched,44723.5,matched,1815,152.380153,0.177961,,,0.040771,,0.620937
tid_2323,2323,1,76,Ярославская область,муниципальный район,False,78-609-000-000,78609000,matched,Брейтовский муниципальный район,5332,0,0,matched,Брейтовский муниципальный район,5367,0.366872,5332,rosstat_2024,matched,39488.8,matched,1024,190.795603,0.020508,,,0.040039,,0.663086
tid_2324,2324,1,76,Ярославская область,муниципальный район,False,78-612-000-000,78612000,matched,Гаврилов-Ямский муниципальный район,23809,15576,0.654206,matched,Гаврилов-Ямский муниципальный район,24165,0.289758,23809,rosstat_2024,matched,51212.6,matched,5680,235.050693,0.004225,,,0.03662,0.009683,0.454225
tid_2325,2325,1,76,Ярославская область,муниципальный район,False,78-615-000-000,78615000,matched,Даниловский муниципальный район,20497,13595,0.663268,matched,Даниловский муниципальный район,20514,0.298479,20497,rosstat_2024,matched,45646.3,matched,4118,200.740957,0.020884,,0.018941,0.035211,,0.478873
tid_2326,2326,1,76,Ярославская область,муниципальный район,False,78-618-000-000,78618000,matched,Любимский муниципальный район,9732,5007,0.514488,matched,Любимский муниципальный район,9827,0.315254,9732,rosstat_2024,matched,41142.1,matched,1682,171.161087,0.180143,,,0.01843,,0.51843
tid_2327,2327,1,76,Ярославская область,муниципальный район,False,78-621-000-000,78621000,matched,Мышкинский муниципальный район,9051,5500,0.607668,matched,Мышкинский муниципальный район,9153,0.306894,9051,rosstat_2024,matched,54798.5,matched,2203,240.686114,,,,0.029959,0.007263,0.438947
tid_2328,2328,1,76,Ярославская область,муниципальный район,False,78-623-000-000,78623000,matched,Некоузский муниципальный район,11435,0,0,matched,Некоузский муниципальный район,11617,0.373074,11435,rosstat_2024,matched,50054.4,matched,3371,290.178187,0.010086,,,0.032335,,0.42747
tid_2329,2329,1,76,Ярославская область,муниципальный район,False,78-626-000-000,78626000,matched,Некрасовский муниципальный район,19480,9479,0.486602,matched,Некрасовский муниципальный район,19651,0.339728,19480,rosstat_2024,matched,46948.4,matched,3411,173.578953,0.073585,,,0.038698,,0.637936
tid_233,233,1,11,Республика Коми,муниципальный район,False,87-616-000-000,87616000,matched,Муниципальный район Корткеросский,18232,0,0,matched,Корткеросский муниципальный район,18538,0.26594,18232,rosstat_2024,matched,52822.6,matched,2984,160.966663,0.101542,,,0.071716,,0.616622
tid_2330,2330,1,76,Ярославская область,муниципальный район,False,78-629-000-000,78629000,matched,Первомайский муниципальный район,8362,4385,0.524396,matched,Первомайский муниципальный район,8484,0.324257,8362,rosstat_2024,matched,42075.5,matched,1549,182.578972,0.024532,,,0.029697,,0.610071
tid_2332,2332,1,76,Ярославская область,муниципальный район,False,78-634-000-000,78634000,matched,Пошехонский муниципальный район,10190,5061,0.496663,matched,Пошехонский муниципальный район,10386,0.364818,10190,rosstat_2024,matched,37624.2,matched,1779,171.288273,0.020798,,,0.028668,,0.632378
tid_2333,2333,0,76,Ярославская область,муниципальный район,False,78-637-000-000,78637000,matched,Ростовский муниципальный район,57986,42127,0.726503,matched,Ростовский муниципальный район,58436,0.291002,57986,rosstat_2024,matched,48988,matched,13650,233.588884,0.035897,0.019634,0.273846,0.060659,0.008571,0.355531
tid_2334,2334,1,76,Ярославская область,муниципальный район,False,78-640-000-000,78640000,matched,Рыбинский муниципальный район,26409,0,0,matched,Рыбинский муниципальный район,26515,0.316689,26409,rosstat_2024,matched,56190.1,matched,5332,201.093721,0.390098,,0.236309,0.020818,0.046512,0.264254
tid_2335,2335,1,76,Ярославская область,муниципальный район,False,78-643-000-000,78643000,matched,Тутаевский муниципальный район,52373,44130,0.84261,matched,Тутаевский муниципальный район,52624,0.276737,52373,rosstat_2024,matched,46527.4,matched,8607,163.556552,0.014175,,0.341118,0.055652,0.005112,0.429302
tid_2336,2336,1,76,Ярославская область,муниципальный район,False,78-646-000-000,78646000,matched,Угличский муниципальный район,46215,31916,0.690598,matched,Угличский муниципальный район,46689,0.299407,46215,rosstat_2024,matched,48202.8,matched,8057,172.567414,0.045923,,0.153159,0.059327,0.007323,0.480576
tid_2337,2337,0,76,Ярославская область,муниципальный район,False,78-650-000-000,78650000,matched,Ярославский муниципальный район,72442,2426,0.033489,matched,Ярославский муниципальный район,70406,0.243346,72442,rosstat_2024,matched,63743.2,matched,14378,204.21555,0.104187,,0.064752,0.206635,0.009946,0.255738
tid_2338,2338,0,79,Еврейская автономная область,городской округ,False,99-701-000-000,99701000,matched,Городской округ г Биробиджан,67788,67788,1,matched,Город Биробиджан,68536,0.230463,67788,rosstat_2024,matched,66253,matched,18861,275.198436,0.002704,,0.006362,0.080643,0.007264,0.57033
tid_2339,2339,3,79,Еврейская автономная область,муниципальный район,False,99-605-000-000,99605000,matched,Биробиджанский муниципальный район,9980,0,0,matched,Биробиджанский муниципальный район,10103,0.206473,9980,rosstat_2024,matched,50966.5,matched,1294,128.080768,0.148377,,,,0.020093,0.676971
tid_234,234,0,11,Республика Коми,муниципальный район,False,87-620-000-000,87620000,matched,Муниципальный район Печора,42164,37327,0.885281,matched,Муниципальный район Печора,42796,0.273787,42164,rosstat_2024,matched,91678.1,matched,14053,328.37181,0.004056,0.096705,0.047534,0.050025,0.005408,0.348111
tid_2340,2340,0,79,Еврейская автономная область,муниципальный район,False,99-610-000-000,99610000,matched,Ленинский муниципальный район,15325,0,0,matched,Ленинский муниципальный район,15482,0.174977,15325,rosstat_2024,matched,54381,matched,2207,142.552642,0.008156,,,0.006797,0.006343,0.667422
tid_2341,2341,3,79,Еврейская автономная область,муниципальный район,False,99-620-000-000,99620000,matched,Облученский муниципальный район,23265,20101,0.864002,matched,Облученский муниципальный район,23573,0.211598,23265,rosstat_2024,matched,81645.7,matched,8603,364.951427,0.009415,0.171336,0.082413,0.005928,0.011159,0.270371
tid_2342,2342,3,79,Еврейская автономная область,муниципальный район,False,99-625-000-000,99625000,matched,Октябрьский муниципальный район,7462,0,0,matched,Октябрьский муниципальный район,7610,0.223916,7462,rosstat_2024,matched,49148.3,matched,1093,143.626807,,,,,,
tid_2343,2343,3,79,Еврейская автономная область,муниципальный район,False,99-630-000-000,99630000,matched,Смидовичский муниципальный район,21982,15406,0.700846,matched,Смидовичский муниципальный район,22154,0.254582,21982,rosstat_2024,matched,75247.5,matched,3561,160.738467,,,,0.016007,,0.397641
tid_2344,2344,2,87,Чукотский автономный округ,городской округ,False,77-701-000-000,77701000,matched,Городской округ Анадырь,13412,13043,0.972487,matched,Анадырь,13368,0.121035,13412,rosstat_2024,matched,172300.3,matched,9838,735.936565,0.008538,0.234804,0.008538,0.048384,0.002135,0.448567
tid_2345,2345,3,87,Чукотский автономный округ,городской округ,False,77-715-000-000,77715000,matched,Городской округ Эгвекинот,5197,3549,0.682894,matched,Эгвекинот,5033,0.150407,5197,rosstat_2024,matched,147381.6,matched,2322,461.355057,0.115848,,,0.033592,,0.346253
tid_2348,2348,3,87,Чукотский автономный округ,муниципальный район,False,77-603-000-000,77603000,matched,Анадырский муниципальный район,8790,5001,0.568942,matched,Анадырский муниципальный район,8605,0.16688,8790,rosstat_2024,matched,144192.2,matched,3365,391.051714,0.081129,0.146805,,0.038039,0.030609,0.218425
tid_2349,2349,3,87,Чукотский автономный округ,муниципальный район,False,77-609-000-000,77609000,matched,Билибинский муниципальный район,7279,5449,0.748592,matched,Билибинский муниципальный район,7267,0.148342,7279,rosstat_2024,matched,167549.9,matched,6101,839.548645,0.029339,0.341747,0.011474,0.024914,0.011801,0.194558
tid_235,235,1,11,Республика Коми,муниципальный район,False,87-624-000-000,87624000,matched,Муниципальный район Прилузский,17018,0,0,matched,Прилузский муниципальный район,17418,0.298427,17018,rosstat_2024,matched,57087,matched,4876,279.940292,0.23913,,,0.026661,,0.431501
tid_2351,2351,2,78,Санкт-Петербург,внутригородская территория города федерального значения,True,40-301-000-000,40301000,matched,Муниципальный округ Коломна,33530,33530,1,no_code_match,,,,33530,rosstat_2024,matched,96012.4,matched,18116,540.292276,,,0.448609,0.007894,,0.345661
tid_2352,2352,2,78,Санкт-Петербург,внутригородская территория города федерального значения,True,40-302-000-000,40302000,matched,Муниципальный округ Сенной округ,20360,20360,1,no_code_match,,,,20360,rosstat_2024,matched,124518.4,matched,15081,740.717092,,,0.109277,0.105298,0.013726,0.253299
tid_2353,2353,2,78,Санкт-Петербург,внутригородская территория города федерального значения,True,40-303-000-000,40303000,matched,Муниципальный округ Адмиралтейский округ,23945,23945,1,no_code_match,,,,23945,rosstat_2024,matched,143223.4,matched,44461,1856.796826,,0.004543,0.031848,0.055329,0.014912,0.281055
tid_2354,2354,2,78,Санкт-Петербург,внутригородская территория города федерального значения,True,40-304-000-000,40304000,matched,Муниципальный округ Семёновский,22123,22123,1,no_code_match,,,,22123,rosstat_2024,matched,108807.3,matched,34172,1544.636803,,,0.06719,0.028532,0.003863,0.114041
tid_2355,2355,2,78,Санкт-Петербург,внутригородская территория города федерального значения,True,40-305-000-000,40305000,matched,Муниципальный округ Измайловское,32593,32593,1,no_code_match,,,,32593,rosstat_2024,matched,90000.5,matched,20888,640.873807,,,0.102116,0.310561,0.003303,0.247271
tid_2356,2356,2,78,Санкт-Петербург,внутригородская территория города федерального значения,True,40-306-000-000,40306000,matched,Муниципальный округ Екатерингофский,21671,21671,1,no_code_match,,,,21671,rosstat_2024,matched,107140.2,matched,18736,864.565548,0.007365,,0.184671,0.159639,0.012649,0.226462
tid_2357,2357,2,78,Санкт-Петербург,внутригородская территория города федерального значения,True,40-307-000-000,40307000,matched,Муниципальный округ N 7,36091,36091,1,no_code_match,,,,36091,rosstat_2024,matched,117201.5,matched,45221,1252.971655,,,0.166051,0.042724,0.05639,0.381637
tid_2358,2358,2,78,Санкт-Петербург,внутригородская территория города федерального значения,True,40-308-000-000,40308000,matched,Муниципальный округ Васильевский,31425,31425,1,no_code_match,,,,31425,rosstat_2024,matched,114321,matched,14409,458.520286,,,0.167465,0.090985,0.209036,0.213755
tid_2359,2359,2,78,Санкт-Петербург,внутригородская территория города федерального значения,True,40-309-000-000,40309000,matched,Муниципальный округ Гавань,41047,41047,1,no_code_match,,,,41047,rosstat_2024,matched,156137.4,matched,12901,314.298243,,,0.155337,0.054647,,0.191846
tid_236,236,1,11,Республика Коми,муниципальный район,False,87-626-000-000,87626000,matched,Муниципальный район Сосногорск,33872,30861,0.911107,matched,Муниципальный район Сосногорск,34217,0.255955,33872,rosstat_2024,matched,78675,matched,8972,262.208844,,0.038564,0.142109,0.047593,0.003009,0.371155
tid_2360,2360,2,78,Санкт-Петербург,внутригородская территория города федерального значения,True,40-310-000-000,40310000,matched,Муниципальный округ Морской,36080,36080,1,no_code_match,,,,36080,rosstat_2024,matched,110451.6,matched,2183,60.504435,,,0.03115,,0.071919,
tid_2361,2361,2,78,Санкт-Петербург,внутригородская территория города федерального значения,True,40-311-000-000,40311000,matched,Муниципальный округ Остров Декабристов,60755,60755,1,no_code_match,,,,60755,rosstat_2024,matched,128834.7,matched,9466,155.806106,,,0.15487,0.114515,,0.28576
tid_2362,2362,2,78,Санкт-Петербург,внутригородская территория города федерального значения,True,40-312-000-000,40312000,matched,Поселок Левашово,6101,6101,1,no_code_match,,,,6101,rosstat_2024,matched,110715.7,matched,1070,175.381085,,,0.373832,0.059813,,
tid_2363,2363,2,78,Санкт-Петербург,внутригородская территория города федерального значения,True,40-313-000-000,40313000,matched,Поселок Парголово,111145,111145,1,no_code_match,,,,111145,rosstat_2024,matched,86729.3,matched,8317,74.830177,,,0.294337,0.283275,,
tid_2364,2364,2,78,Санкт-Петербург,внутригородская территория города федерального значения,True,40-314-000-000,40314000,matched,Муниципальный округ Сампсониевское,39068,39068,1,no_code_match,,,,39068,rosstat_2024,matched,120649.1,matched,45339,1160.514999,,,0.221112,0.114096,0.023379,0.331811
tid_2365,2365,2,78,Санкт-Петербург,внутригородская территория города федерального значения,True,40-315-000-000,40315000,matched,Муниципальный округ Светлановское,89796,89796,1,no_code_match,,,,89796,rosstat_2024,matched,102331.3,matched,34048,379.170564,,,0.172492,0.077684,0.032454,0.213845
tid_2366,2366,2,78,Санкт-Петербург,внутригородская территория города федерального значения,True,40-316-000-000,40316000,matched,Муниципальный округ Сосновское,60378,60378,1,no_code_match,,,,60378,rosstat_2024,matched,97151.9,matched,7359,121.882143,,,,0.001902,,0.910314
tid_2367,2367,2,78,Санкт-Петербург,внутригородская территория города федерального значения,True,40-317-000-000,40317000,matched,Муниципальный округ N 15,60902,60902,1,no_code_match,,,,60902,rosstat_2024,matched,95064.4,matched,5254,86.269745,,,0.208603,0.236011,,
tid_2368,2368,2,78,Санкт-Петербург,внутригородская территория города федерального значения,True,40-318-000-000,40318000,matched,Муниципальный округ Сергиевское,60031,60031,1,no_code_match,,,,60031,rosstat_2024,matched,105843.9,matched,11323,188.619213,,,0.417116,0.144485,,0.199064
tid_2369,2369,2,78,Санкт-Петербург,внутригородская территория города федерального значения,True,40-319-000-000,40319000,matched,Муниципальный округ Шувалово-Озерки,116146,116146,1,no_code_match,,,,116146,rosstat_2024,matched,79521.7,matched,7574,65.211027,,,,0.468313,,0.470557
tid_237,237,0,11,Республика Коми,муниципальный район,False,87-628-000-000,87628000,matched,Муниципальный район Сыктывдинский,21442,0,0,matched,Сыктывдинский муниципальный район,21432,0.242161,21442,rosstat_2024,matched,57602.3,matched,4847,226.157148,0.180937,,,0.03528,0.011554,0.516196
tid_2370,2370,2,78,Санкт-Петербург,внутригородская территория города федерального значения,True,40-320-000-000,40320000,matched,Поселок Лисий Нос,6508,6508,1,no_code_match,,,,6508,rosstat_2024,matched,92611.2,matched,2898,445.298095,,,,,,
tid_2371,2371,2,78,Санкт-Петербург,внутригородская территория города федерального значения,True,40-321-000-000,40321000,matched,Муниципальный округ Лахта-Ольгино,15567,15567,1,no_code_match,,,,15567,rosstat_2024,matched,422447.9,matched,7550,485.000321,,,0.125695,0.519735,,
tid_2372,2372,2,78,Санкт-Петербург,внутригородская территория города федерального значения,True,40-322-000-000,40322000,matched,Муниципальный округ N 65,191571,191571,1,no_code_match,,,,191571,rosstat_2024,matched,104618.4,matched,22515,117.528227,,,0.091184,0.35936,,0.269687
tid_2373,2373,2,78,Санкт-Петербург,внутригородская территория города федерального значения,True,40-323-000-000,40323000,matched,Муниципальный округ Ланское,70100,70100,1,no_code_match,,,,70100,rosstat_2024,matched,138094.9,matched,19826,282.824536,,,0.086755,0.070312,,0.365732
tid_2374,2374,2,78,Санкт-Петербург,внутригородская территория города федерального значения,True,40-324-000-000,40324000,matched,Муниципальный округ Комендантский аэродром,94400,94400,1,no_code_match,,,,94400,rosstat_2024,matched,102761.1,matched,15732,166.652542,,,0.03121,0.225528,,0.199975
tid_2375,2375,2,78,Санкт-Петербург,внутригородская территория города федерального значения,True,40-325-000-000,40325000,matched,Муниципальный округ Озеро Долгое,91526,91526,1,no_code_match,,,,91526,rosstat_2024,matched,94561.9,matched,20650,225.61895,,,0.037191,0.287264,,0.209879
tid_2376,2376,2,78,Санкт-Петербург,внутригородская территория города федерального значения,True,40-326-000-000,40326000,matched,Муниципальный округ Юнтолово,115111,115111,1,no_code_match,,,,115111,rosstat_2024,matched,114457.1,matched,11377,98.835037,,,0.146963,0.111101,,
tid_2377,2377,2,78,Санкт-Петербург,внутригородская территория города федерального значения,True,40-327-000-000,40327000,matched,Муниципальный округ Коломяги,119292,119292,1,no_code_match,,,,119292,rosstat_2024,matched,103794.8,matched,13015,109.102035,,,0.275912,0.026815,,0.589627
tid_2378,2378,2,78,Санкт-Петербург,внутригородская территория города федерального значения,True,40-328-000-000,40328000,matched,Муниципальный округ Гражданка,67654,67654,1,no_code_match,,,,67654,rosstat_2024,matched,116938.8,matched,14830,219.203595,,,0.455968,0.201618,,
tid_2379,2379,2,78,Санкт-Петербург,внутригородская территория города федерального значения,True,40-329-000-000,40329000,matched,Муниципальный округ Академическое,108549,108549,1,no_code_match,,,,108549,rosstat_2024,matched,104739.1,matched,16274,149.923076,,,0.05985,0.003441,,0.712732
tid_238,238,1,11,Республика Коми,муниципальный район,False,87-632-000-000,87632000,matched,Муниципальный район Сысольский,11592,0,0,matched,Сысольский муниципальный район,11753,0.306985,11592,rosstat_2024,matched,53558.8,matched,2910,247.596358,0.069759,,,0.031615,,0.600344
tid_2380,2380,2,78,Санкт-Петербург,внутригородская территория города федерального значения,True,40-330-000-000,40330000,matched,Муниципальный округ Финляндский округ,72078,72078,1,no_code_match,,,,72078,rosstat_2024,matched,119120.1,matched,47415,657.829019,0.004239,,0.282632,0.079447,,0.182031
tid_2381,2381,2,78,Санкт-Петербург,внутригородская территория города федерального значения,True,40-331-000-000,40331000,matched,Муниципальный округ N 21,76567,76567,1,no_code_match,,,,76567,rosstat_2024,matched,84824,matched,5381,70.278318,,,0.074521,0.074893,,0.41851
tid_2382,2382,2,78,Санкт-Петербург,внутригородская территория города федерального значения,True,40-332-000-000,40332000,matched,Муниципальный округ Пискаревка,81396,81396,1,no_code_match,,,,81396,rosstat_2024,matched,91451.8,matched,8462,103.960883,,,0.136847,0.180336,,0.457575
tid_2383,2383,2,78,Санкт-Петербург,внутригородская территория города федерального значения,True,40-333-000-000,40333000,matched,Муниципальный округ Северный,48022,48022,1,no_code_match,,,,48022,rosstat_2024,matched,72291.8,matched,3140,65.386698,,,,0.172293,,
tid_2384,2384,2,78,Санкт-Петербург,внутригородская территория города федерального значения,True,40-334-000-000,40334000,matched,Муниципальный округ Прометей,76479,76479,1,no_code_match,,,,76479,rosstat_2024,matched,68345.2,matched,4848,63.38995,,,,0.049299,,
tid_2385,2385,2,78,Санкт-Петербург,внутригородская территория города федерального значения,True,40-335-000-000,40335000,matched,Муниципальный округ Княжево,59699,59699,1,no_code_match,,,,59699,rosstat_2024,matched,106334.1,matched,11433,191.510746,,,0.040934,0.353625,,0.251902
tid_2386,2386,2,78,Санкт-Петербург,внутригородская территория города федерального значения,True,40-336-000-000,40336000,matched,Муниципальный округ Ульянка,76019,76019,1,no_code_match,,,,76019,rosstat_2024,matched,74268.3,matched,4286,56.380642,,,,0.041297,,0.847177
tid_2387,2387,2,78,Санкт-Петербург,внутригородская территория города федерального значения,True,40-337-000-000,40337000,matched,Муниципальный округ Дачное,70462,70462,1,no_code_match,,,,70462,rosstat_2024,matched,71937.7,matched,2458,34.884051,,,,0.016273,,
tid_2388,2388,2,78,Санкт-Петербург,внутригородская территория города федерального значения,True,40-338-000-000,40338000,matched,Муниципальный округ Автово,42639,42639,1,no_code_match,,,,42639,rosstat_2024,matched,112190.5,matched,17575,412.181336,,,0.31596,0.045861,,0.103272
tid_2389,2389,2,78,Санкт-Петербург,внутригородская территория города федерального значения,True,40-339-000-000,40339000,matched,Муниципальный округ Нарвский округ,33260,33260,1,no_code_match,,,,33260,rosstat_2024,matched,101636.6,matched,35583,1069.843656,,,0.403957,0.070848,,0.149791
tid_239,239,1,11,Республика Коми,муниципальный район,False,87-636-000-000,87636000,matched,Муниципальный район Троицко-Печорский,9461,5824,0.61558,matched,Троицко-Печорский муниципальный район,9676,0.346321,9461,rosstat_2024,matched,53855.6,matched,2206,227.986771,0.043971,,,0.034905,,0.549864
tid_2390,2390,2,78,Санкт-Петербург,внутригородская территория города федерального значения,True,40-340-000-000,40340000,matched,Муниципальный округ Красненькая речка,38302,38302,1,no_code_match,,,,38302,rosstat_2024,matched,75609.3,matched,1307,34.123544,,,,0.090283,,
tid_2391,2391,2,78,Санкт-Петербург,внутригородская территория города федерального значения,True,40-341-000-000,40341000,matched,Муниципальный округ Морские ворота,10430,10430,1,no_code_match,,,,10430,rosstat_2024,matched,109844.4,matched,10353,992.61745,,,0.085676,0.026659,,0.293635
tid_2392,2392,2,78,Санкт-Петербург,внутригородская территория города федерального значения,True,40-342-000-000,40342000,matched,г Колпино,145875,145875,1,no_code_match,,,,145875,rosstat_2024,matched,88590.4,matched,31774,217.816624,,,0.367502,0.115944,,0.328224
tid_2393,2393,2,78,Санкт-Петербург,внутригородская территория города федерального значения,True,40-343-000-000,40343000,matched,Поселок Металлострой,27407,27407,1,no_code_match,,,,27407,rosstat_2024,matched,99644.1,matched,8009,292.224614,,,0.454614,0.055313,,
tid_2395,2395,0,78,Санкт-Петербург,внутригородская территория города федерального значения,True,40-345-000-000,40345000,matched,Поселок Понтонный,8552,8552,1,no_code_match,,,,8552,rosstat_2024,matched,104965.3,matched,3845,449.602432,,,0.683745,,,
tid_2398,2398,2,78,Санкт-Петербург,внутригородская территория города федерального значения,True,40-348-000-000,40348000,matched,Муниципальный округ Полюстрово,75419,75419,1,no_code_match,,,,75419,rosstat_2024,matched,94170.1,matched,9744,129.198213,,,0.18945,0.118637,,0.267241
tid_2399,2399,2,78,Санкт-Петербург,внутригородская территория города федерального значения,True,40-349-000-000,40349000,matched,Муниципальный округ Большая Охта,57831,57831,1,no_code_match,,,,57831,rosstat_2024,matched,116860.5,matched,13083,226.228148,,,0.155316,0.180005,0.064205,0.315524
tid_240,240,1,11,Республика Коми,муниципальный район,False,87-640-000-000,87640000,matched,Муниципальный район Удорский,12261,7782,0.634695,matched,Удорский муниципальный район,12529,0.279112,12261,rosstat_2024,matched,55907.3,matched,2904,231.782265,0.097452,,,0.024105,,0.570248
tid_2400,2400,2,78,Санкт-Петербург,внутригородская территория города федерального значения,True,40-350-000-000,40350000,matched,Муниципальный округ Малая Охта,43157,43157,1,no_code_match,,,,43157,rosstat_2024,matched,124597.4,matched,19252,446.092175,,,0.10482,0.264025,,0.166528
tid_2401,2401,2,78,Санкт-Петербург,внутригородская территория города федерального значения,True,40-351-000-000,40351000,matched,Муниципальный округ Пороховые,128099,128099,1,no_code_match,,,,128099,rosstat_2024,matched,87142.8,matched,9190,71.741388,,,0.111317,0.164744,,0.510773
tid_2402,2402,2,78,Санкт-Петербург,внутригородская территория города федерального значения,True,40-352-000-000,40352000,matched,Муниципальный округ Ржевка,60985,60985,1,no_code_match,,,,60985,rosstat_2024,matched,99200.6,matched,14686,240.813315,,,0.507354,0.074833,,0.198352
tid_2403,2403,2,78,Санкт-Петербург,внутригородская территория города федерального значения,True,40-353-000-000,40353000,matched,г Красное Село,60306,60306,1,no_code_match,,,,60306,rosstat_2024,matched,87129.9,matched,7527,124.813451,,,0.373456,0.06563,0.00186,
tid_2404,2404,2,78,Санкт-Петербург,внутригородская территория города федерального значения,True,40-354-000-000,40354000,matched,Муниципальный округ Юго-Запад,58402,58402,1,no_code_match,,,,58402,rosstat_2024,matched,71088.2,matched,3620,61.984179,,,,0.401105,,
tid_2405,2405,2,78,Санкт-Петербург,внутригородская территория города федерального значения,True,40-355-000-000,40355000,matched,Муниципальный округ Южно-Приморский,128489,128489,1,no_code_match,,,,128489,rosstat_2024,matched,77791.6,matched,10602,82.5129,,,,0.390492,,
tid_2406,2406,2,78,Санкт-Петербург,внутригородская территория города федерального значения,True,40-356-000-000,40356000,matched,Муниципальный округ Сосновая Поляна,73238,73238,1,no_code_match,,,,73238,rosstat_2024,matched,98652.8,matched,6898,94.186078,,,0.235576,0.055088,,
tid_2407,2407,2,78,Санкт-Петербург,внутригородская территория города федерального значения,True,40-357-000-000,40357000,matched,Муниципальный округ Урицк,50257,50257,1,no_code_match,,,,50257,rosstat_2024,matched,87031.7,matched,6943,138.149909,,,,0.040905,,0.897307
tid_2408,2408,2,78,Санкт-Петербург,внутригородская территория города федерального значения,True,40-358-000-000,40358000,matched,Муниципальный округ Константиновское,35619,35619,1,no_code_match,,,,35619,rosstat_2024,matched,70455,matched,3784,106.235436,,,,,,0.631607
tid_2409,2409,2,78,Санкт-Петербург,внутригородская территория города федерального значения,True,40-359-000-000,40359000,matched,Муниципальный округ Горелово,28519,28519,1,no_code_match,,,,28519,rosstat_2024,matched,83219.8,matched,2926,102.598268,,,0.200957,0.240602,,
tid_241,241,1,11,Республика Коми,муниципальный район,False,87-644-000-000,87644000,matched,Муниципальный район Усть-Вымский,23548,15164,0.643961,matched,Усть-Вымский муниципальный район,23861,0.283685,23548,rosstat_2024,matched,64653.1,matched,7678,321.780311,0.006252,,0.248372,0.021229,,0.337067
tid_2410,2410,2,78,Санкт-Петербург,внутригородская территория города федерального значения,True,40-360-000-000,40360000,matched,г Кронштадт,44515,44515,1,no_code_match,,,,44515,rosstat_2024,matched,72359.5,matched,6447,144.827586,,,0.149372,0.016287,,0.629285
tid_2411,2411,2,78,Санкт-Петербург,внутригородская территория города федерального значения,True,40-361-000-000,40361000,matched,г Зеленогорск,15462,15462,1,no_code_match,,,,15462,rosstat_2024,matched,74594.5,matched,2273,147.005562,,,,,,0.740431
tid_2412,2412,2,78,Санкт-Петербург,внутригородская территория города федерального значения,True,40-362-000-000,40362000,matched,г Сестрорецк,45935,45935,1,no_code_match,,,,45935,rosstat_2024,matched,92974,matched,9137,198.911505,,,0.160228,0.024187,,0.600744
tid_2416,2416,2,78,Санкт-Петербург,внутригородская территория города федерального значения,True,40-366-000-000,40366000,matched,Поселок Песочный,9869,9869,1,no_code_match,,,,9869,rosstat_2024,matched,131887.7,matched,3465,351.099402,,,,,,0.943723
tid_242,242,1,11,Республика Коми,муниципальный район,False,87-648-000-000,87648000,matched,Муниципальный район Усть-Куломский,21766,0,0,matched,Усть-Куломский муниципальный район,22164,0.263896,21766,rosstat_2024,matched,53903.4,matched,4099,184.939542,0.099049,,,0.016101,,0.633813
tid_2422,2422,2,78,Санкт-Петербург,внутригородская территория города федерального значения,True,40-372-000-000,40372000,matched,г Ломоносов,38558,38558,1,no_code_match,,,,38558,rosstat_2024,matched,79271.6,matched,7063,183.178588,,,0.156308,0.009344,,0.555288
tid_2423,2423,2,78,Санкт-Петербург,внутригородская территория города федерального значения,True,40-373-000-000,40373000,matched,Муниципальный округ Московская Застава,44916,44916,1,no_code_match,,,,44916,rosstat_2024,matched,131293,matched,65876,1466.648856,0.005419,0.007377,0.156036,0.240649,0.004114,0.100234
tid_2424,2424,2,78,Санкт-Петербург,внутригородская территория города федерального значения,True,40-374-000-000,40374000,matched,Муниципальный округ Гагаринское,65624,65624,1,no_code_match,,,,65624,rosstat_2024,matched,96937.4,matched,12375,188.574302,,,0.058101,0.240808,,0.257131
tid_2425,2425,2,78,Санкт-Петербург,внутригородская территория города федерального значения,True,40-375-000-000,40375000,matched,Муниципальный округ Новоизмайловское,83316,83316,1,no_code_match,,,,83316,rosstat_2024,matched,110568.7,matched,18562,222.79034,,,0.076177,0.088514,,0.286338
tid_2426,2426,2,78,Санкт-Петербург,внутригородская территория города федерального значения,True,40-376-000-000,40376000,matched,Муниципальный округ Пулковский меридиан,45574,45574,1,no_code_match,,,,45574,rosstat_2024,matched,130804.4,matched,27640,606.486154,,,0.053509,0.135058,0.029631,0.150145
tid_2427,2427,2,78,Санкт-Петербург,внутригородская территория города федерального значения,True,40-377-000-000,40377000,matched,Муниципальный округ Звездное,93726,93726,1,no_code_match,,,,93726,rosstat_2024,matched,123839.8,matched,17202,183.534985,,,0.12859,0.193582,0.008371,0.221311
tid_2428,2428,2,78,Санкт-Петербург,внутригородская территория города федерального значения,True,40-378-000-000,40378000,matched,Муниципальный округ Невская застава,28050,28050,1,no_code_match,,,,28050,rosstat_2024,matched,110544.7,matched,29478,1050.909091,,,0.239399,0.152554,,0.093561
tid_2429,2429,2,78,Санкт-Петербург,внутригородская территория города федерального значения,True,40-379-000-000,40379000,matched,Муниципальный округ Ивановский,27157,27157,1,no_code_match,,,,27157,rosstat_2024,matched,80825.5,matched,9514,350.333247,,,0.389636,0.016397,,0.124974
tid_243,243,1,11,Республика Коми,муниципальный район,False,87-652-000-000,87652000,matched,Муниципальный район Усть-Цилемский,10360,0,0,matched,Усть-Цилемский муниципальный район,10478,0.265509,10360,rosstat_2024,matched,60296.9,matched,2146,204.810078,,,,0.024231,,0.662162
tid_2430,2430,2,78,Санкт-Петербург,внутригородская территория города федерального значения,True,40-380-000-000,40380000,matched,Муниципальный округ Обуховский,56679,56679,1,no_code_match,,,,56679,rosstat_2024,matched,85683,matched,7966,140.545881,,,0.332664,0.051092,,0.510796
tid_2431,2431,2,78,Санкт-Петербург,внутригородская территория города федерального значения,True,40-381-000-000,40381000,matched,Муниципальный округ Рыбацкое,70132,70132,1,no_code_match,,,,70132,rosstat_2024,matched,101354.8,matched,16051,228.86842,,,0.54576,0.077067,,0.171827
tid_2432,2432,2,78,Санкт-Петербург,внутригородская территория города федерального значения,True,40-382-000-000,40382000,matched,Муниципальный округ Народный,79762,79762,1,no_code_match,,,,79762,rosstat_2024,matched,97480.5,matched,10037,125.836865,,,0.146857,0.175451,,0.528544
tid_2433,2433,2,78,Санкт-Петербург,внутригородская территория города федерального значения,True,40-383-000-000,40383000,matched,Муниципальный округ N 54,67469,67469,1,no_code_match,,,,67469,rosstat_2024,matched,73724,matched,3535,52.394433,,,,0.370863,,
tid_2434,2434,2,78,Санкт-Петербург,внутригородская территория города федерального значения,True,40-384-000-000,40384000,matched,Муниципальный округ Невский округ,69494,69494,1,no_code_match,,,,69494,rosstat_2024,matched,89041.6,matched,3528,50.766973,,,,0.254819,,
tid_2435,2435,2,78,Санкт-Петербург,внутригородская территория города федерального значения,True,40-385-000-000,40385000,matched,Муниципальный округ Оккервиль,61924,61924,1,no_code_match,,,,61924,rosstat_2024,matched,81558,matched,2491,40.22673,,,,0.061823,,
tid_2436,2436,2,78,Санкт-Петербург,внутригородская территория города федерального значения,True,40-386-000-000,40386000,matched,Муниципальный округ Правобережный,88163,88163,1,no_code_match,,,,88163,rosstat_2024,matched,106101.6,matched,8257,93.656069,,,0.026281,0.074482,,0.722902
tid_2437,2437,2,78,Санкт-Петербург,внутригородская территория города федерального значения,True,40-387-000-000,40387000,matched,г Павловск,18097,18097,1,no_code_match,,,,18097,rosstat_2024,matched,75953.7,matched,2509,138.641764,,,,,,
tid_2439,2439,2,78,Санкт-Петербург,внутригородская территория города федерального значения,True,40-389-000-000,40389000,matched,Муниципальный округ Введенский,15440,15440,1,no_code_match,,,,15440,rosstat_2024,matched,130446.4,matched,8194,530.699482,,,0.064926,0.065292,,
tid_2440,2440,2,78,Санкт-Петербург,внутригородская территория города федерального значения,True,40-390-000-000,40390000,matched,Муниципальный округ Кронверкское,16497,16497,1,no_code_match,,,,16497,rosstat_2024,matched,141096.7,matched,9069,549.736316,,,0.034513,0.059102,,
tid_2441,2441,2,78,Санкт-Петербург,внутригородская территория города федерального значения,True,40-391-000-000,40391000,matched,Муниципальный округ Посадский,15788,15788,1,no_code_match,,,,15788,rosstat_2024,matched,121117.9,matched,22802,1444.261464,,,0.039207,0.226822,,0.119463
tid_2442,2442,2,78,Санкт-Петербург,внутригородская территория города федерального значения,True,40-392-000-000,40392000,matched,Муниципальный округ Аптекарский Остров,20583,20583,1,no_code_match,,,,20583,rosstat_2024,matched,127516.6,matched,22517,1093.961036,,,0.065728,0.100813,0.005418,0.438913
tid_2443,2443,2,78,Санкт-Петербург,внутригородская территория города федерального значения,True,40-393-000-000,40393000,matched,Муниципальный округ округ Петровский,17453,17453,1,no_code_match,,,,17453,rosstat_2024,matched,92380,matched,6462,370.251533,,,0.313061,0.115908,,0.209068
tid_2444,2444,2,78,Санкт-Петербург,внутригородская территория города федерального значения,True,40-394-000-000,40394000,matched,Муниципальный округ Чкаловское,29553,29553,1,no_code_match,,,,29553,rosstat_2024,matched,153946.7,matched,24450,827.327175,,,0.069611,0.121922,,0.411575
tid_2445,2445,2,78,Санкт-Петербург,внутригородская территория города федерального значения,True,40-395-000-000,40395000,matched,г Петергоф,80345,80345,1,no_code_match,,,,80345,rosstat_2024,matched,85371.4,matched,14873,185.114195,,,0.108855,0.026558,,0.411887
tid_2446,2446,2,78,Санкт-Петербург,внутригородская территория города федерального значения,True,40-396-000-000,40396000,matched,п Стрельна,14268,14268,1,no_code_match,,,,14268,rosstat_2024,matched,159771.4,matched,5234,366.834875,,,0.635843,,,
tid_2447,2447,2,78,Санкт-Петербург,внутригородская территория города федерального значения,True,40-397-000-000,40397000,matched,г Пушкин,108470,108470,1,no_code_match,,,,108470,rosstat_2024,matched,84280.2,matched,18526,170.793768,,,0.057487,0.01873,,0.633974
tid_2449,2449,2,78,Санкт-Петербург,внутригородская территория города федерального значения,True,40-901-000-000,40901000,matched,п Шушары,138847,138847,1,no_code_match,,,,138847,rosstat_2024,matched,93923,matched,15073,108.558341,,,0.102368,0.39103,,
tid_2450,2450,2,78,Санкт-Петербург,внутригородская территория города федерального значения,True,40-902-000-000,40902000,matched,Муниципальный округ Волковское,61193,61193,1,no_code_match,,,,61193,rosstat_2024,matched,95332.9,matched,27729,453.140065,,,0.192001,0.107,0.01612,0.279527
tid_2451,2451,2,78,Санкт-Петербург,внутригородская территория города федерального значения,True,40-903-000-000,40903000,matched,Муниципальный округ N 72,67637,67637,1,no_code_match,,,,67637,rosstat_2024,matched,85205.8,matched,5695,84.199477,,,0.086918,0.012818,,
tid_2452,2452,2,78,Санкт-Петербург,внутригородская территория города федерального значения,True,40-904-000-000,40904000,matched,Муниципальный округ Купчино,55958,55958,1,no_code_match,,,,55958,rosstat_2024,matched,87376.4,matched,4720,84.348976,,,,0.144492,,
tid_2453,2453,2,78,Санкт-Петербург,внутригородская территория города федерального значения,True,40-905-000-000,40905000,matched,Муниципальный округ Георгиевский,92071,92071,1,no_code_match,,,,92071,rosstat_2024,matched,85072.1,matched,3208,34.842676,,,,,,
tid_2454,2454,2,78,Санкт-Петербург,внутригородская территория города федерального значения,True,40-906-000-000,40906000,matched,Муниципальный округ Александровский,62317,62317,1,no_code_match,,,,62317,rosstat_2024,matched,92495.6,matched,9392,150.713289,,,0.182389,0.391078,,0.305686
tid_2455,2455,2,78,Санкт-Петербург,внутригородская территория города федерального значения,True,40-907-000-000,40907000,matched,Муниципальный округ Балканский,73743,73743,1,no_code_match,,,,73743,rosstat_2024,matched,103205.6,matched,5635,76.414033,,,,0.20213,,
tid_2456,2456,2,78,Санкт-Петербург,внутригородская территория города федерального значения,True,40-908-000-000,40908000,matched,Муниципальный округ Дворцовый округ,7273,7273,1,no_code_match,,,,7273,rosstat_2024,matched,133991.8,matched,27292,3752.509281,,,0.016818,0.039938,0.018357,0.235051
tid_2457,2457,2,78,Санкт-Петербург,внутригородская территория города федерального значения,True,40-909-000-000,40909000,matched,Муниципальный округ N 78,8978,8978,1,no_code_match,,,,8978,rosstat_2024,matched,117840.6,matched,23201,2584.205836,,,0.00487,0.072023,0.022284,0.402138
tid_2458,2458,2,78,Санкт-Петербург,внутригородская территория города федерального значения,True,40-910-000-000,40910000,matched,Муниципальный округ Литейный округ,39745,39745,1,no_code_match,,,,39745,rosstat_2024,matched,112787,matched,30464,766.48635,,,0.042673,0.110951,0.011817,0.526753
tid_2459,2459,2,78,Санкт-Петербург,внутригородская территория города федерального значения,True,40-911-000-000,40911000,matched,Муниципальный округ Смольнинское,73451,73451,1,no_code_match,,,,73451,rosstat_2024,matched,122485.6,matched,88840,1209.513826,,0.003703,0.043719,0.050833,0.021117,0.32688
tid_2460,2460,2,78,Санкт-Петербург,внутригородская территория города федерального значения,True,40-912-000-000,40912000,matched,Муниципальный округ Лиговка-Ямская,19437,19437,1,no_code_match,,,,19437,rosstat_2024,matched,101042.6,matched,19730,1015.074343,,,0.071363,0.093056,0.004004,0.327471
tid_2461,2461,2,78,Санкт-Петербург,внутригородская территория города федерального значения,True,40-913-000-000,40913000,matched,Муниципальный округ Владимирский округ,49727,49727,1,no_code_match,,,,49727,rosstat_2024,matched,139207.2,matched,21356,429.464878,,,0.028985,0.160002,0.032497,0.165996
tid_2462,2462,2,77,Москва,внутригородская территория города федерального значения,True,45-301-000-000,45301000,matched,Богородское,107571,107571,1,matched,Муниципальный округ Богородское,108657,0.291274,107571,rosstat_2024,matched,124334.2,matched,8335,76.709278,,,0.128134,0.087463,,0.328974
tid_2463,2463,2,77,Москва,внутригородская территория города федерального значения,True,45-302-000-000,45302000,matched,Вешняки,119585,119585,1,matched,Муниципальный округ Вешняки,119927,0.291836,119585,rosstat_2024,matched,137381.9,matched,9750,81.299457,,,0.077333,0.03641,,
tid_2464,2464,2,77,Москва,внутригородская территория города федерального значения,True,45-303-000-000,45303000,matched,Восточное Измайлово,73857,73857,1,matched,Муниципальный округ Восточное Измайлово,73929,0.239067,73857,rosstat_2024,matched,119198.1,matched,9712,131.369287,,,0.019152,0.191413,,0.676998
tid_2465,2465,2,77,Москва,внутригородская территория города федерального значения,True,45-304-000-000,45304000,matched,Восточное,12454,12454,1,matched,Муниципальный округ Восточный,12906,0.293042,12454,rosstat_2024,matched,82585,matched,1708,132.341547,,,,0.00644,,
tid_2466,2466,2,77,Москва,внутригородская территория города федерального значения,True,45-305-000-000,45305000,matched,Гольяново,164715,164715,1,matched,Муниципальный округ Гольяново,165243,0.291159,164715,rosstat_2024,matched,116151.2,matched,18615,112.652276,,,0.11856,0.248241,,0.166801
tid_2467,2467,2,77,Москва,внутригородская территория города федерального значения,True,45-306-000-000,45306000,matched,Ивановское,125062,125062,1,matched,Муниципальный округ Ивановское,125042,0.28524,125062,rosstat_2024,matched,99120.4,matched,3381,27.038915,,,0.077492,0.037859,,0.576752
tid_2468,2468,2,77,Москва,внутригородская территория города федерального значения,True,45-307-000-000,45307000,matched,Измайлово,108666,108666,1,matched,Муниципальный округ Измайлово,107953,0.288459,108666,rosstat_2024,matched,107651.9,matched,11013,102.016618,,,0.019795,0.035413,0.076637,0.605375
tid_2469,2469,2,77,Москва,внутригородская территория города федерального значения,True,45-308-000-000,45308000,matched,Косино-Ухтомское,89438,89438,1,matched,Муниципальный округ Косино-Ухтомский,89113,0.268984,89438,rosstat_2024,matched,94810.4,matched,6125,68.732957,,,0.083265,0.206694,,
tid_2470,2470,2,77,Москва,внутригородская территория города федерального значения,True,45-309-000-000,45309000,matched,Новогиреево,99348,99348,1,matched,Муниципальный округ Новогиреево,99961,0.233751,99348,rosstat_2024,matched,96451.3,matched,8814,88.174388,,,0.0371,0.265146,,0.384048
tid_2471,2471,2,77,Москва,внутригородская территория города федерального значения,True,45-310-000-000,45310000,matched,Новокосино,107461,107461,1,matched,Муниципальный округ Новокосино,106320,0.279214,107461,rosstat_2024,matched,106365.5,matched,3831,36.032731,,,0.063691,0.040198,,0.616549
tid_2472,2472,2,77,Москва,внутригородская территория города федерального значения,True,45-311-000-000,45311000,matched,Метрогородок,40122,40122,1,matched,Муниципальный округ Метрогородок,39623,0.284532,40122,rosstat_2024,matched,93860.7,matched,11275,284.556949,,,0.27796,0.117073,,
tid_2473,2473,2,77,Москва,внутригородская территория города федерального значения,True,45-312-000-000,45312000,matched,Перово,134308,134308,1,matched,Муниципальный округ Перово,135315,0.306729,134308,rosstat_2024,matched,116765.6,matched,24183,178.716329,,,0.249307,0.108423,0.009304,0.288757
tid_2474,2474,2,77,Москва,внутригородская территория города федерального значения,True,45-313-000-000,45313000,matched,Северное Измайлово,84957,84957,1,matched,Муниципальный округ Северное Измайлово,84986,0.292236,84957,rosstat_2024,matched,93910.9,matched,3907,45.972278,,,,0.124904,,0.560276
tid_2475,2475,2,77,Москва,внутригородская территория города федерального значения,True,45-314-000-000,45314000,matched,Соколиная Гора,92805,92805,1,matched,Муниципальный округ Соколиная гора,93183,0.316528,92805,rosstat_2024,matched,141015.2,matched,48626,521.833382,,,0.252355,0.053963,0.040719,0.15173
tid_2476,2476,2,77,Москва,внутригородская территория города федерального значения,True,45-315-000-000,45315000,matched,Сокольники,60396,60396,1,matched,Муниципальный округ Сокольники,59914,0.279668,60396,rosstat_2024,matched,152076.1,matched,24879,415.245185,,,0.051369,0.165843,0.019454,0.370915
tid_2477,2477,2,77,Москва,внутригородская территория города федерального значения,True,45-316-000-000,45316000,matched,Преображенское,87933,87933,1,matched,Муниципальный округ Преображенское,87630,0.291156,87933,rosstat_2024,matched,165967.1,matched,33438,381.58165,,,0.05736,0.104133,,0.245828
tid_2478,2478,2,77,Москва,внутригородская территория города федерального значения,True,45-317-000-000,45317000,matched,Внуково,25182,25182,1,matched,Муниципальный округ Внуково,26182,0.273394,25182,rosstat_2024,matched,136211.2,matched,13604,519.593614,,,0.012937,0.034108,,
tid_2479,2479,2,77,Москва,внутригородская территория города федерального значения,True,45-318-000-000,45318000,matched,Дорогомилово,75669,75669,1,matched,Муниципальный округ Дорогомилово,76926,0.28907,75669,rosstat_2024,matched,171022.7,matched,45200,587.577672,,0.022898,0.038296,0.111571,0.126748,0.139779
tid_2480,2480,2,77,Москва,внутригородская территория города федерального значения,True,45-319-000-000,45319000,matched,Крылатское,82363,82363,1,matched,Муниципальный округ Крылатское,82923,0.279681,82363,rosstat_2024,matched,228246.3,matched,21471,258.926956,,,0.059988,0.203763,0.024964,0.2325
tid_2481,2481,2,77,Москва,внутригородская территория города федерального значения,True,45-320-000-000,45320000,matched,Кунцево,151447,151447,1,matched,Муниципальный округ Кунцево,153316,0.32555,151447,rosstat_2024,matched,140429.1,matched,25055,163.420648,,,0.116144,0.228697,0.006625,0.383915
tid_2482,2482,2,77,Москва,внутригородская территория города федерального значения,True,45-321-000-000,45321000,matched,Можайское,145961,145961,1,matched,Муниципальный округ Можайский,147606,0.278688,145961,rosstat_2024,matched,188558.6,matched,44886,304.09333,,0.006305,0.127077,0.180613,0.001805,0.158535
tid_2483,2483,2,77,Москва,внутригородская территория города федерального значения,True,45-322-000-000,45322000,matched,Ново-Переделкино,122058,122058,1,matched,Муниципальный округ Ново-Переделкино,123219,0.257501,122058,rosstat_2024,matched,123471.4,matched,7685,62.368628,,,0.152765,0.120625,,
tid_2484,2484,2,77,Москва,внутригородская территория города федерального значения,True,45-323-000-000,45323000,matched,Очаково-Матвеевское,126535,126535,1,matched,Муниципальный округ Очаково-Матвеевское,127680,0.213095,126535,rosstat_2024,matched,118511.2,matched,32840,257.205514,,,0.139495,0.117022,0.016504,0.183526
tid_2485,2485,2,77,Москва,внутригородская территория города федерального значения,True,45-324-000-000,45324000,matched,Проспект Вернадского,65316,65316,1,matched,Муниципальный округ Проспект Вернадского,65529,0.296708,65316,rosstat_2024,matched,213258.8,matched,24012,366.433182,,0.015742,0.171081,0.168999,0.005997,0.24088
tid_2486,2486,2,77,Москва,внутригородская территория города федерального значения,True,45-325-000-000,45325000,matched,Раменки,151931,151931,1,matched,Муниципальный округ Раменки,152594,0.240449,151931,rosstat_2024,matched,138988.7,matched,47896,313.878658,,0.004071,0.007203,0.118423,0.008936,0.547979
tid_2487,2487,2,77,Москва,внутригородская территория города федерального значения,True,45-326-000-000,45326000,matched,Солнцево,126309,126309,1,matched,Муниципальный округ Солнцево,127304,0.229773,126309,rosstat_2024,matched,111895.7,matched,12601,98.983535,,,0.17197,0.114356,,0.391318
tid_2488,2488,2,77,Москва,внутригородская территория города федерального значения,True,45-327-000-000,45327000,matched,Тропарево-Никулино,128029,128029,1,matched,Муниципальный округ Тропарево-Никулино,128359,0.288277,128029,rosstat_2024,matched,146107,matched,28557,222.477582,,,0.006828,0.037259,0.019225,
tid_2489,2489,2,77,Москва,внутригородская территория города федерального значения,True,45-328-000-000,45328000,matched,Филевский парк,112388,112388,1,matched,Муниципальный округ Филевский парк,113015,0.284405,112388,rosstat_2024,matched,126075.3,matched,47291,418.448878,,0.000169,0.115582,0.100992,0.000698,0.21317
tid_2490,2490,2,77,Москва,внутригородская территория города федерального значения,True,45-329-000-000,45329000,matched,Фили-Давыдково,111926,111926,1,matched,Муниципальный округ Фили-Давыдково,112246,0.307681,111926,rosstat_2024,matched,143673.6,matched,12838,114.373786,,,0.008646,0.275277,,0.304798
tid_2491,2491,2,77,Москва,внутригородская территория города федерального значения,True,45-330-000-000,45330000,matched,Крюково,110660,110660,1,matched,Муниципальный округ Крюково,108426,0.252762,110660,rosstat_2024,matched,97905.9,matched,6742,62.180658,,,0.031445,0.047464,,0.440967
tid_2492,2492,2,77,Москва,внутригородская территория города федерального значения,True,45-331-000-000,45331000,matched,Матушкино,43049,43049,1,matched,Муниципальный округ Матушкино,41877,0.272465,43049,rosstat_2024,matched,113361.5,matched,9754,232.920219,,,0.366209,0.027373,,0.174082
tid_2493,2493,2,77,Москва,внутригородская территория города федерального значения,True,45-332-000-000,45332000,matched,Силино,42047,42047,1,matched,Муниципальный округ Силино,41586,0.284471,42047,rosstat_2024,matched,133477.2,matched,5898,141.826576,,,0.391319,0.125805,,
tid_2494,2494,2,77,Москва,внутригородская территория города федерального значения,True,45-333-000-000,45333000,matched,Аэропорт,81833,81833,1,matched,Муниципальный округ Аэропорт,81964,0.275243,81833,rosstat_2024,matched,201783.7,matched,35513,433.275584,,,0.020077,0.174443,0.006927,0.150931
tid_2495,2495,2,77,Москва,внутригородская территория города федерального значения,True,45-334-000-000,45334000,matched,Беговое,43190,43190,1,matched,Муниципальный округ Беговой,42729,0.267944,43190,rosstat_2024,matched,163214.2,matched,56723,1327.505909,,0.003579,0.087936,0.213247,0.006452,0.141583
tid_2496,2496,2,77,Москва,внутригородская территория города федерального значения,True,45-335-000-000,45335000,matched,Бескудниковское,79896,79896,1,matched,Муниципальный округ Бескудниковский,78556,0.288024,79896,rosstat_2024,matched,147852.8,matched,4830,61.484801,,,0.05176,0.050104,,
tid_2497,2497,2,77,Москва,внутригородская территория города федерального значения,True,45-336-000-000,45336000,matched,Войковское,72173,72173,1,matched,Муниципальный округ Войковский,72033,0.291505,72173,rosstat_2024,matched,189602.1,matched,42542,590.590424,,0.005547,0.107188,0.153707,0.028607,0.214423
tid_2498,2498,2,77,Москва,внутригородская территория города федерального значения,True,45-337-000-000,45337000,matched,Восточное Дегунино,101167,101167,1,matched,Муниципальный округ Восточное Дегунино,101601,0.252055,101167,rosstat_2024,matched,111179.9,matched,7801,76.78074,,,0.347776,0.132163,,0.308807
tid_2499,2499,2,77,Москва,внутригородская территория города федерального значения,True,45-338-000-000,45338000,matched,Головинское,106612,106612,1,matched,Муниципальный округ Головинский,104554,0.268703,106612,rosstat_2024,matched,130589.9,matched,21902,209.480269,,,0.088348,0.236873,0.023377,0.150032
tid_25,25,2,2,Республика Башкортостан,городской округ,False,80-727-000-000,80727000,matched,Городской округ г Нефтекамск,144598,133960,0.926431,matched,Город Нефтекамск,144006,0.215366,144598,rosstat_2024,matched,54362.1,matched,27701,192.360041,,0.051514,0.270712,0.107938,0.009097,0.273745
tid_2500,2500,2,77,Москва,внутригородская территория города федерального значения,True,45-339-000-000,45339000,matched,Дмитровское,103496,103496,1,matched,Муниципальный округ Дмитровский,103271,0.254341,103496,rosstat_2024,matched,113643.1,matched,7619,73.776762,,,0.030319,0.037275,,
tid_2501,2501,2,77,Москва,внутригородская территория города федерального значения,True,45-340-000-000,45340000,matched,Западное Дегунино,84743,84743,1,matched,Муниципальный округ Западное Дегунино,85514,0.231003,84743,rosstat_2024,matched,97175.7,matched,9524,111.373576,,,0.24622,0.26533,,
tid_2502,2502,2,77,Москва,внутригородская территория города федерального значения,True,45-341-000-000,45341000,matched,Коптево,103676,103676,1,matched,Муниципальный округ Коптево,102809,0.256116,103676,rosstat_2024,matched,180621.8,matched,10549,102.607748,,,0.134136,0.12276,,
tid_2503,2503,2,77,Москва,внутригородская территория города федерального значения,True,45-342-000-000,45342000,matched,Левобережное,55420,55420,1,matched,Муниципальный округ Левобережный,55355,0.287472,55420,rosstat_2024,matched,115172,matched,9452,170.752416,,,0.004972,0.237516,,0.233919
tid_2504,2504,2,77,Москва,внутригородская территория города федерального значения,True,45-343-000-000,45343000,matched,Молжаниновское,13337,13337,1,matched,Муниципальный округ Молжаниновский,12487,0.265236,13337,rosstat_2024,matched,146983.8,matched,1425,114.118683,,,0.242105,0.122105,,
tid_2505,2505,2,77,Москва,внутригородская территория города федерального значения,True,45-344-000-000,45344000,matched,Савеловское,60149,60149,1,matched,Муниципальный округ Савеловский,60070,0.273464,60149,rosstat_2024,matched,192543.9,matched,71375,1188.197103,,,0.040827,0.144434,,0.03151
tid_2506,2506,2,77,Москва,внутригородская территория города федерального значения,True,45-345-000-000,45345000,matched,Сокол,57677,57677,1,matched,Муниципальный округ Сокол,58000,0.271276,57677,rosstat_2024,matched,126054.3,matched,28676,494.413793,,,0.393256,0.023225,0.0068,
tid_2507,2507,2,77,Москва,внутригородская территория города федерального значения,True,45-346-000-000,45346000,matched,Тимирязевское,82774,82774,1,matched,Муниципальный округ Тимирязевский,81940,0.255882,82774,rosstat_2024,matched,198241.3,matched,19243,234.842568,,,0.016993,0.139427,,0.308995
tid_2508,2508,2,77,Москва,внутригородская территория города федерального значения,True,45-347-000-000,45347000,matched,Ховрино,96233,96233,1,matched,Муниципальный округ Ховрино,93029,0.284771,96233,rosstat_2024,matched,90752,matched,19284,207.2902,,,0.029817,0.655155,,
tid_2509,2509,2,77,Москва,внутригородская территория города федерального значения,True,45-348-000-000,45348000,matched,Хорошевское,75533,75533,1,matched,Муниципальный округ Хорошевский,74927,0.247908,75533,rosstat_2024,matched,155605.4,matched,95864,1279.43198,,0.000835,0.037011,0.109937,0.001638,0.106119
tid_2510,2510,2,77,Москва,внутригородская территория города федерального значения,True,45-349-000-000,45349000,matched,Алексеевское,77681,77681,1,matched,Муниципальный округ Алексеевский,78502,0.277369,77681,rosstat_2024,matched,133920.9,matched,30627,390.142926,,,0.065498,0.11467,,0.278512
tid_2511,2511,2,77,Москва,внутригородская территория города федерального значения,True,45-350-000-000,45350000,matched,Алтуфьевское,55741,55741,1,matched,Муниципальный округ Алтуфьевский,55753,0.267268,55741,rosstat_2024,matched,110908.8,matched,7989,143.292738,,,0.023658,0.038177,,
tid_2512,2512,2,77,Москва,внутригородская территория города федерального значения,True,45-351-000-000,45351000,matched,Бабушкинское,88627,88627,1,matched,Муниципальный округ Бабушкинский,68075,0.284877,88627,rosstat_2024,matched,115376,matched,12430,182.592729,,,0.073371,0.087932,,0.417216
tid_2513,2513,2,77,Москва,внутригородская территория города федерального значения,True,45-352-000-000,45352000,matched,Бибирево,158797,158797,1,matched,Муниципальный округ Бибирево,159344,0.280651,158797,rosstat_2024,matched,96744.9,matched,3953,24.807963,,,,0.049836,,
tid_2514,2514,2,77,Москва,внутригородская территория города федерального значения,True,45-353-000-000,45353000,matched,Бутырское,71703,71703,1,matched,Муниципальный округ Бутырский,72472,0.271443,71703,rosstat_2024,matched,181375,matched,22250,307.015123,,,0.238921,0.099685,0.003146,0.093573
tid_2515,2515,2,77,Москва,внутригородская территория города федерального значения,True,45-354-000-000,45354000,matched,Лианозово,84105,84105,1,matched,Муниципальный округ Лианозово,84811,0.272099,84105,rosstat_2024,matched,111316.4,matched,7030,82.890191,,,0.088478,0.046088,,0.456046
tid_2516,2516,2,77,Москва,внутригородская территория города федерального значения,True,45-355-000-000,45355000,matched,Лосиноостровское,83136,83136,1,matched,Муниципальный округ Лосиноостровский,82683,0.255167,83136,rosstat_2024,matched,99340.9,matched,4910,59.383428,,,0.044603,0.059267,,
tid_2517,2517,2,77,Москва,внутригородская территория города федерального значения,True,45-356-000-000,45356000,matched,Марфино,36742,36742,1,matched,Муниципальный округ Марфино,36566,0.286031,36742,rosstat_2024,matched,123575.7,matched,4172,114.095061,,,0.096836,0.059923,,0.300575
tid_2518,2518,2,77,Москва,внутригородская территория города федерального значения,True,45-357-000-000,45357000,matched,Марьина Роща,62191,62191,1,matched,Муниципальный округ Марьина роща,63095,0.262969,62191,rosstat_2024,matched,158231.6,matched,32081,508.455504,,,0.11125,0.170319,0.016147,0.248777
tid_2519,2519,2,77,Москва,внутригородская территория города федерального значения,True,45-358-000-000,45358000,matched,Останкинское,64840,64840,1,matched,Муниципальный округ Останкинский,65296,0.22885,64840,rosstat_2024,matched,135269.4,matched,58099,889.778853,,,0.049037,0.452503,0.004406,0.024768
tid_2520,2520,2,77,Москва,внутригородская территория города федерального значения,True,45-359-000-000,45359000,matched,Отрадное,187737,187737,1,matched,Муниципальный округ Отрадное,187728,0.217192,187737,rosstat_2024,matched,115435,matched,25389,135.243544,,,0.045532,0.275474,0.02442,0.170192
tid_2521,2521,2,77,Москва,внутригородская территория города федерального значения,True,45-360-000-000,45360000,matched,Ростокино,52115,52115,1,matched,Муниципальный округ Ростокино,52059,0.173611,52115,rosstat_2024,matched,134827.2,matched,12261,235.521236,,,0.02145,0.097627,,
tid_2522,2522,2,77,Москва,внутригородская территория города федерального значения,True,45-361-000-000,45361000,matched,Свиблово,60013,60013,1,matched,Муниципальный округ Свиблово,60984,0.269054,60013,rosstat_2024,matched,123690.9,matched,10154,166.502689,,,0.222277,0.336912,,
tid_2523,2523,2,77,Москва,внутригородская территория города федерального значения,True,45-362-000-000,45362000,matched,Северное Медведково,129632,129632,1,matched,Муниципальный округ Северное Медведково,128989,0.263937,129632,rosstat_2024,matched,108108.8,matched,5726,44.391382,,,0.11439,0.071603,,
tid_2524,2524,2,77,Москва,внутригородская территория города федерального значения,True,45-363-000-000,45363000,matched,Северное,55740,55740,1,matched,Муниципальный округ Северный,55129,0.247438,55740,rosstat_2024,matched,122739.2,matched,3234,58.66241,,,,0.178108,,
tid_2525,2525,2,77,Москва,внутригородская территория города федерального значения,True,45-364-000-000,45364000,matched,Южное Медведково,88150,88150,1,matched,Муниципальный округ Южное Медведково,86996,0.264506,88150,rosstat_2024,matched,100840,matched,5064,58.209573,,,0.302923,0.134084,,
tid_2526,2526,2,77,Москва,внутригородская территория города федерального значения,True,45-365-000-000,45365000,matched,Ярославское,98861,98861,1,matched,Муниципальный округ Ярославский,99656,0.245695,98861,rosstat_2024,matched,115221.2,matched,12277,123.193787,,,0.027776,0.129592,0.0101,0.628737
tid_2527,2527,2,77,Москва,внутригородская территория города федерального значения,True,45-366-000-000,45366000,matched,Куркино,33298,33298,1,matched,Муниципальный округ Куркино,32326,0.255615,33298,rosstat_2024,matched,107615.1,matched,3812,117.923653,,,0.208027,0.05745,,
tid_2528,2528,2,77,Москва,внутригородская территория города федерального значения,True,45-367-000-000,45367000,matched,Митино,198194,198194,1,matched,Муниципальный округ Митино,197840,0.254782,198194,rosstat_2024,matched,114847.9,matched,7999,40.431662,,,0.024878,0.115389,0.009001,0.648956
tid_2529,2529,2,77,Москва,внутригородская территория города федерального значения,True,45-368-000-000,45368000,matched,Покровское-Стрешнево,67364,67364,1,matched,Муниципальный округ Покровское-Стрешнево,66564,0.277162,67364,rosstat_2024,matched,134426.7,matched,21330,320.443483,,,0.338209,0.05729,,0.242522
tid_2530,2530,2,77,Москва,внутригородская территория города федерального значения,True,45-369-000-000,45369000,matched,Северное Тушино,172055,172055,1,matched,Муниципальный округ Северное Тушино,171805,0.267513,172055,rosstat_2024,matched,112203.2,matched,6743,39.247985,,,0.073706,0.082752,,
tid_2531,2531,2,77,Москва,внутригородская территория города федерального значения,True,45-370-000-000,45370000,matched,Строгино,163074,163074,1,matched,Муниципальный округ Строгино,161980,0.273497,163074,rosstat_2024,matched,114563.1,matched,11066,68.317076,,,0.03208,0.094072,,0.541117
tid_2532,2532,2,77,Москва,внутригородская территория города федерального значения,True,45-371-000-000,45371000,matched,Хорошево-Мневники,182497,182497,1,matched,Муниципальный округ Хорошево-Мневники,181520,0.264439,182497,rosstat_2024,matched,126169.9,matched,34998,192.805201,,,0.013315,0.231956,0.015344,0.230356
tid_2533,2533,2,77,Москва,внутригородская территория города федерального значения,True,45-372-000-000,45372000,matched,Щукино,110486,110486,1,matched,Муниципальный округ Щукино,109248,0.259428,110486,rosstat_2024,matched,142606.9,matched,36013,329.644479,,0.005304,0.065698,0.104129,0.001333,0.31919
tid_2534,2534,2,77,Москва,внутригородская территория города федерального значения,True,45-373-000-000,45373000,matched,Южное Тушино,112628,112628,1,matched,Муниципальный округ Южное Тушино,111492,0.280433,112628,rosstat_2024,matched,132242.4,matched,13384,120.044487,,,0.093843,0.168634,,0.319934
tid_2535,2535,2,77,Москва,внутригородская территория города федерального значения,True,45-374-000-000,45374000,matched,Арбат,36246,36246,1,matched,Муниципальный округ Арбат,35962,0.260636,36246,rosstat_2024,matched,221229.7,matched,58511,1627.022969,,0.003384,0.009041,0.064296,0.074977,0.365333
tid_2536,2536,2,77,Москва,внутригородская территория города федерального значения,True,45-375-000-000,45375000,matched,Басманное,111289,111289,1,matched,Муниципальный округ Басманный,109051,0.263858,111289,rosstat_2024,matched,163636,matched,184099,1688.191763,,0.005535,0.021016,0.081923,0.004905,0.19754
tid_2537,2537,2,77,Москва,внутригородская территория города федерального значения,True,45-376-000-000,45376000,matched,Замоскворечье,55293,55293,1,matched,Муниципальный округ Замоскворечье,54521,0.267328,55293,rosstat_2024,matched,197689.8,matched,136694,2507.180719,,0.003607,0.074136,0.205517,0.067121,0.093472
tid_2538,2538,2,77,Москва,внутригородская территория города федерального значения,True,45-377-000-000,45377000,matched,Савелки,36947,36947,1,matched,Муниципальный округ Савелки,36840,0.280347,36947,rosstat_2024,matched,125514.6,matched,6522,177.035831,,,0.090463,0.034039,,0.628488
tid_2539,2539,2,77,Москва,внутригородская территория города федерального значения,True,45-378-000-000,45378000,matched,Красносельское,45851,45851,1,matched,Муниципальный округ Красносельский,45691,0.273752,45851,rosstat_2024,matched,209765,matched,117299,2567.223304,0.000972,0.00023,0.040904,0.064937,0.012984,0.140973
tid_2540,2540,2,77,Москва,внутригородская территория города федерального значения,True,45-379-000-000,45379000,matched,Мещанское,55635,55635,1,matched,Муниципальный округ Мещанский,56620,0.305899,55635,rosstat_2024,matched,160785.8,matched,203984,3602.684564,,0.001029,0.010221,0.098228,0.007849,0.197574
tid_2541,2541,2,77,Москва,внутригородская территория города федерального значения,True,45-380-000-000,45380000,matched,Пресненское,127506,127506,1,matched,Муниципальный округ Пресненский,126433,0.293634,127506,rosstat_2024,matched,215044.5,matched,181182,1433.02777,3.3e-05,0.011817,0.028502,0.141454,0.009157,0.181343
tid_2542,2542,2,77,Москва,внутригородская территория города федерального значения,True,45-381-000-000,45381000,matched,Таганское,134759,134759,1,matched,Муниципальный округ Таганский,135106,0.272882,134759,rosstat_2024,matched,175070.8,matched,85123,630.046038,0.000352,0.000505,0.020065,0.125653,0.003935,0.251859
tid_2543,2543,2,77,Москва,внутригородская территория города федерального значения,True,45-382-000-000,45382000,matched,Тверское,75735,75735,1,matched,Муниципальный округ Тверской,75593,0.285489,75735,rosstat_2024,matched,209572.8,matched,205324,2716.177424,0.00055,0.001734,0.023441,0.09109,0.01953,0.286007
tid_2544,2544,2,77,Москва,внутригородская территория города федерального значения,True,45-383-000-000,45383000,matched,Хамовники,105094,105094,1,matched,Муниципальный округ Хамовники,105275,0.277701,105094,rosstat_2024,matched,188890.4,matched,133823,1271.175493,0.001636,0.005806,0.007644,0.067388,0.011717,0.295876
tid_2545,2545,2,77,Москва,внутригородская территория города федерального значения,True,45-384-000-000,45384000,matched,Якиманка,27022,27022,1,matched,Муниципальный округ Якиманка,27481,0.270696,27022,rosstat_2024,matched,239561.4,matched,76683,2790.40064,,0.050572,0.034662,0.09045,0.009233,0.261805
tid_2546,2546,2,77,Москва,внутригородская территория города федерального значения,True,45-385-000-000,45385000,matched,Выхино-Жулебино,241326,241326,1,matched,Муниципальный округ Выхино-Жулебино,241783,0.295372,241326,rosstat_2024,matched,121331.8,matched,28024,115.905585,,,0.058842,0.15551,,0.387382
tid_2547,2547,2,77,Москва,внутригородская территория города федерального значения,True,45-386-000-000,45386000,matched,Капотня,32161,32161,1,matched,Муниципальный округ Капотня,32717,0.278479,32161,rosstat_2024,matched,151485.1,matched,8469,258.856252,,,0.37962,0.066832,,
tid_2548,2548,2,77,Москва,внутригородская территория города федерального значения,True,45-387-000-000,45387000,matched,Кузьминки,139880,139880,1,matched,Муниципальный округ Кузьминки,140670,0.253473,139880,rosstat_2024,matched,101944.1,matched,6440,45.780906,,,,0.078106,,
tid_2549,2549,2,77,Москва,внутригородская территория города федерального значения,True,45-388-000-000,45388000,matched,Лефортово,109711,109711,1,matched,Муниципальный округ Лефортово,106078,0.259658,109711,rosstat_2024,matched,143186.6,matched,58782,554.139407,,,0.063472,0.111497,0.018237,0.144211
tid_2550,2550,2,77,Москва,внутригородская территория города федерального значения,True,45-389-000-000,45389000,matched,Люблино,184071,184071,1,matched,Муниципальный округ Люблино,181447,0.242655,184071,rosstat_2024,matched,90955.5,matched,20163,111.123358,,,0.020136,0.041462,,0.390468
tid_2551,2551,2,77,Москва,внутригородская территория города федерального значения,True,45-390-000-000,45390000,matched,Марьино,272278,272278,1,matched,Муниципальный округ Марьино,271915,0.262917,272278,rosstat_2024,matched,94656.9,matched,24200,88.9984,,,0.013512,0.519545,,0.284215
tid_2552,2552,2,77,Москва,внутригородская территория города федерального значения,True,45-391-000-000,45391000,matched,Некрасовка,112860,112860,1,matched,Муниципальный округ Некрасовка,108388,0.238227,112860,rosstat_2024,matched,128539.5,matched,5486,50.614459,,,0.03117,0.065986,,
tid_2553,2553,2,77,Москва,внутригородская территория города федерального значения,True,45-392-000-000,45392000,matched,Нижегородское,50637,50637,1,matched,Муниципальный округ Нижегородский,49563,0.264835,50637,rosstat_2024,matched,168112.8,matched,54890,1107.47937,,7.3e-05,0.091875,0.401949,0.020277,
tid_2554,2554,2,77,Москва,внутригородская территория города федерального значения,True,45-393-000-000,45393000,matched,Печатники,89544,89544,1,matched,Муниципальный округ Печатники,90252,0.28765,89544,rosstat_2024,matched,133108.2,matched,21079,233.557151,,,0.266237,0.180084,,0.162104
tid_2555,2555,2,77,Москва,внутригородская территория города федерального значения,True,45-394-000-000,45394000,matched,Рязанский,108657,108657,1,matched,Муниципальный округ Рязанский,107857,0.256219,108657,rosstat_2024,matched,104882.4,matched,22075,204.669145,,,0.059479,0.381065,0.006931,0.082537
tid_2556,2556,2,77,Москва,внутригородская территория города федерального значения,True,45-395-000-000,45395000,matched,Текстильщики,101550,101550,1,matched,Муниципальный округ Текстильщики,102752,0.278535,101550,rosstat_2024,matched,131929.4,matched,22289,216.920352,,0.022208,0.04491,0.120598,,0.34941
tid_2557,2557,2,77,Москва,внутригородская территория города федерального значения,True,45-396-000-000,45396000,matched,Южнопортовое,73112,73112,1,matched,Муниципальный округ Южнопортовый,72414,0.27097,73112,rosstat_2024,matched,145465.5,matched,18438,254.619273,,,0.079672,0.194381,0.01562,0.218136
tid_2558,2558,2,77,Москва,внутригородская территория города федерального значения,True,45-397-000-000,45397000,matched,Академическое,114228,114228,1,matched,Муниципальный округ Академический,113198,0.274068,114228,rosstat_2024,matched,293914.3,matched,105188,929.239032,,0.017283,0.015325,0.036877,0.040955,0.079857
tid_2559,2559,2,77,Москва,внутригородская территория города федерального значения,True,45-398-000-000,45398000,matched,Гагаринское,80493,80493,1,matched,Муниципальный округ Гагаринский,80987,0.318508,80493,rosstat_2024,matched,178306.6,matched,32548,401.891662,,,0.018342,0.099975,,0.189904
tid_2560,2560,2,77,Москва,внутригородская территория города федерального значения,True,45-901-000-000,45901000,matched,Зюзино,123288,123288,1,matched,Муниципальный округ Зюзино,124527,0.266183,123288,rosstat_2024,matched,110317.1,matched,28347,227.63738,,,0.01591,0.384027,,0.173599
tid_2561,2561,2,77,Москва,внутригородская территория города федерального значения,True,45-902-000-000,45902000,matched,Коньково,152544,152544,1,matched,Муниципальный округ Коньково,151790,0.277054,152544,rosstat_2024,matched,136704,matched,49585,326.668423,,,0.088656,0.170172,0.042674,0.20958
tid_2562,2562,2,77,Москва,внутригородская территория города федерального значения,True,45-903-000-000,45903000,matched,Котловка,65708,65708,1,matched,Муниципальный округ Котловка,64976,0.263667,65708,rosstat_2024,matched,149512,matched,10946,168.462201,,,0.143523,0.342591,,
tid_2563,2563,2,77,Москва,внутригородская территория города федерального значения,True,45-904-000-000,45904000,matched,Ломоносовское,87044,87044,1,matched,Муниципальный округ Ломоносовский,87923,0.31233,87044,rosstat_2024,matched,143862.4,matched,9383,106.718379,,0.012256,0.029948,0.10924,,
tid_2564,2564,2,77,Москва,внутригородская территория города федерального значения,True,45-905-000-000,45905000,matched,Обручевское,87258,87258,1,matched,Муниципальный округ Обручевский,87447,0.276865,87258,rosstat_2024,matched,149903.7,matched,31778,363.397258,,0.000252,0.016238,0.097678,0.02722,0.444679
tid_2565,2565,2,77,Москва,внутригородская территория города федерального значения,True,45-906-000-000,45906000,matched,Северное Бутово,97516,97516,1,matched,Муниципальный округ Северное Бутово,97658,0.250445,97516,rosstat_2024,matched,118261.2,matched,4374,44.788957,,,,0.20759,,
tid_2566,2566,2,77,Москва,внутригородская территория города федерального значения,True,45-907-000-000,45907000,matched,Теплый Стан,131899,131899,1,matched,Муниципальный округ Теплый Стан,132338,0.297662,131899,rosstat_2024,matched,108483.7,matched,6293,47.552479,,,0.012077,0.077864,,0.641983
tid_2567,2567,2,77,Москва,внутригородская территория города федерального значения,True,45-908-000-000,45908000,matched,Черемушки,107951,107951,1,matched,Муниципальный округ Черемушки,107799,0.271515,107951,rosstat_2024,matched,199587.2,matched,67468,625.868515,,0.024589,0.057568,0.115922,0.004135,0.092414
tid_2568,2568,2,77,Москва,внутригородская территория города федерального значения,True,45-909-000-000,45909000,matched,Южное Бутово,211116,211116,1,matched,Муниципальный округ Южное Бутово,208783,0.22019,211116,rosstat_2024,matched,102528.6,matched,12656,60.617962,,,0.051912,0.140171,,
tid_2569,2569,2,77,Москва,внутригородская территория города федерального значения,True,45-910-000-000,45910000,matched,Ясенево,176505,176505,1,matched,Муниципальный округ Ясенево,175253,0.271807,176505,rosstat_2024,matched,124786.3,matched,15936,90.931396,,,0.064194,0.070469,0.036647,0.258409
tid_2570,2570,2,77,Москва,внутригородская территория города федерального значения,True,45-911-000-000,45911000,matched,Бирюлево Восточное,156160,156160,1,matched,Муниципальный округ Бирюлево Восточное,157292,0.265659,156160,rosstat_2024,matched,99382.1,matched,9560,60.778679,,,0.120502,0.4091,,
tid_2571,2571,2,77,Москва,внутригородская территория города федерального значения,True,45-912-000-000,45912000,matched,Бирюлево Западное,85308,85308,1,matched,Муниципальный округ Бирюлево Западное,86038,0.254992,85308,rosstat_2024,matched,108517.8,matched,6911,80.324973,,,0.249023,0.128491,,
tid_2572,2572,2,77,Москва,внутригородская территория города федерального значения,True,45-913-000-000,45913000,matched,Братеево,101271,101271,1,matched,Муниципальный округ Братеево,102572,0.292049,101271,rosstat_2024,matched,97966.6,matched,4002,39.016496,,,,0.21989,,
tid_2573,2573,2,77,Москва,внутригородская территория города федерального значения,True,45-914-000-000,45914000,matched,Даниловское,104272,104272,1,matched,Муниципальный округ Даниловский,105140,0.279351,104272,rosstat_2024,matched,174730.8,matched,97423,926.602625,,0.000452,0.056968,0.110036,0.072396,0.109358
tid_2574,2574,2,77,Москва,внутригородская территория города федерального значения,True,45-915-000-000,45915000,matched,Донское,51291,51291,1,matched,Муниципальный округ Донской,51967,0.261608,51291,rosstat_2024,matched,171922.1,matched,56040,1078.376662,,0.01126,0.030121,0.145628,0.002712,0.233815
tid_2575,2575,2,77,Москва,внутригородская территория города федерального значения,True,45-916-000-000,45916000,matched,Зябликово,133658,133658,1,matched,Муниципальный округ Зябликово,133651,0.285595,133658,rosstat_2024,matched,149148.7,matched,5582,41.765494,,,,0.022393,,
tid_2576,2576,2,77,Москва,внутригородская территория города федерального значения,True,45-917-000-000,45917000,matched,Москворечье-Сабурово,86969,86969,1,matched,Муниципальный округ Москворечье-Сабурово,88095,0.272331,86969,rosstat_2024,matched,124460,matched,26566,301.560815,,,0.063465,0.099676,0.004291,0.522849
tid_2577,2577,2,77,Москва,внутригородская территория города федерального значения,True,45-918-000-000,45918000,matched,Нагатино-Садовники,83390,83390,1,matched,Муниципальный округ Нагатино-Садовники,83658,0.280667,83390,rosstat_2024,matched,140219.1,matched,32820,392.311554,,,0.18309,0.262523,0.000366,0.215996
tid_2578,2578,2,77,Москва,внутригородская территория города федерального значения,True,45-919-000-000,45919000,matched,Нагатинский Затон,120779,120779,1,matched,Муниципальный округ Нагатинский затон,120618,0.277222,120779,rosstat_2024,matched,90189.2,matched,6855,56.832314,,,,0.124726,,
tid_2579,2579,2,77,Москва,внутригородская территория города федерального значения,True,45-920-000-000,45920000,matched,Нагорное,77073,77073,1,matched,Муниципальный округ Нагорный,77938,0.273512,77073,rosstat_2024,matched,180445.8,matched,20544,263.594139,,0.000876,0.057973,0.183801,,0.155763
tid_2580,2580,2,77,Москва,внутригородская территория города федерального значения,True,45-921-000-000,45921000,matched,Орехово-Борисово Северное,124886,124886,1,matched,Муниципальный округ Орехово-Борисово Северное,126387,0.294397,124886,rosstat_2024,matched,108302.6,matched,8138,64.389534,,,,0.080487,,0.395675
tid_2581,2581,2,77,Москва,внутригородская территория города федерального значения,True,45-922-000-000,45922000,matched,Орехово-Борисово Южное,146959,146959,1,matched,Муниципальный округ Орехово-Борисово Южное,148059,0.270696,146959,rosstat_2024,matched,103100.1,matched,9866,66.635598,,,,0.07166,,0.341881
tid_2582,2582,2,77,Москва,внутригородская территория города федерального значения,True,45-923-000-000,45923000,matched,Царицыно,119021,119021,1,matched,Муниципальный округ Царицыно,120748,0.282431,119021,rosstat_2024,matched,105259.2,matched,12694,105.128035,,,0.203009,0.198677,0.001654,0.370175
tid_2583,2583,2,77,Москва,внутригородская территория города федерального значения,True,45-924-000-000,45924000,matched,Чертаново Северное,109640,109640,1,matched,Муниципальный округ Чертаново Северное,110895,0.278651,109640,rosstat_2024,matched,151554.7,matched,10553,95.16209,,,0.054013,0.150479,,
tid_2584,2584,2,77,Москва,внутригородская территория города федерального значения,True,45-925-000-000,45925000,matched,Чертаново Центральное,111983,111983,1,matched,Муниципальный округ Чертаново Центральное,113208,0.261554,111983,rosstat_2024,matched,109404,matched,8224,72.645043,,,0.127432,0.221911,,
tid_2585,2585,2,77,Москва,внутригородская территория города федерального значения,True,45-926-000-000,45926000,matched,Чертаново Южное,156092,156092,1,matched,Муниципальный округ Чертаново Южное,158304,0.25127,156092,rosstat_2024,matched,125516.7,matched,11284,71.280574,,,0.131071,0.294045,,0.218628
tid_2586,2586,2,77,Москва,внутригородская территория города федерального значения,True,45-927-000-000,45927000,matched,Старое Крюково,37824,37824,1,matched,Муниципальный округ Старое Крюково,33776,0.269244,37824,rosstat_2024,matched,128776.8,matched,12331,365.081715,,,0.387479,0.039575,,0.288379
tid_2587,2587,2,77,Москва,внутригородская территория города федерального значения,True,45-931-000-000,45931000,matched,Поселение Троицк,71615,71615,1,matched,Городской округ Троицк,71089,0.280268,71615,rosstat_2024,matched,108499.6,matched,9894,139.177651,,,0.047099,0.055589,,0.468365
tid_2588,2588,2,77,Москва,внутригородская территория города федерального значения,True,45-932-000-000,45932000,matched,Поселение Щербинка,62771,62771,1,matched,Городской округ Щербинка,64132,0.249891,62771,rosstat_2024,matched,127559.9,matched,7505,117.024262,,,0.353631,0.237042,,0.188408
tid_2589,2589,2,77,Москва,внутригородская территория города федерального значения,True,45-941-000-000,45941000,matched,Поселение Внуковское,64390,64390,1,matched,Поселение Внуковское,63312,0.127148,64390,rosstat_2024,matched,118747.7,matched,2722,42.993429,,,,0.244673,0.022777,
tid_2590,2590,2,77,Москва,внутригородская территория города федерального значения,True,45-942-000-000,45942000,matched,Поселение Воскресенское,19919,19919,1,matched,Поселение Воскресенское,20317,0.258503,19919,rosstat_2024,matched,90931.3,matched,851,41.886105,,,,0.245593,0.434783,
tid_2591,2591,0,77,Москва,внутригородская территория города федерального значения,True,45-943-000-000,45943000,matched,Поселение Вороновское,14565,14565,1,matched,Поселение Вороновское,14592,0.287692,14565,rosstat_2024,matched,104463.2,matched,4017,275.287829,,,,,,
tid_2592,2592,2,77,Москва,внутригородская территория города федерального значения,True,45-944-000-000,45944000,matched,Поселение Десёновское,47195,47195,1,matched,Поселение Десеновское,45606,0.244858,47195,rosstat_2024,matched,94985.5,matched,3008,65.956234,,,,0.024269,,
tid_2593,2593,1,77,Москва,внутригородская территория города федерального значения,True,45-945-000-000,45945000,matched,Поселение Киевский,12040,12040,1,matched,Поселение Киевский,12072,0.312293,12040,rosstat_2024,matched,94893.5,matched,3052,252.816435,,,,,0.000983,
tid_2595,2595,0,77,Москва,внутригородская территория города федерального значения,True,45-947-000-000,45947000,matched,Поселение Кокошкино,21756,21756,1,matched,Поселение Кокошкино,21818,0.295032,21756,rosstat_2024,matched,148016.3,matched,520,23.833532,,,,,,
tid_2596,2596,2,77,Москва,внутригородская территория города федерального значения,True,45-948-000-000,45948000,matched,Поселение Краснопахорское,13029,13029,1,matched,Поселение Краснопахорское,12896,0.290943,13029,rosstat_2024,matched,106844.5,matched,1579,122.441067,,,0.316023,,,
tid_2597,2597,2,77,Москва,внутригородская территория города федерального значения,True,45-949-000-000,45949000,matched,Поселение Марушкинское,16230,16230,1,matched,Поселение Марушкинское,15692,0.307227,16230,rosstat_2024,matched,97345.2,matched,2660,169.513128,,,0.12782,0.545113,,
tid_2598,2598,0,77,Москва,внутригородская территория города федерального значения,True,45-951-000-000,45951000,matched,Поселение Михайлово-Ярцевское,9107,9107,1,matched,Поселение Михайлово-Ярцевское,9287,0.263487,9107,rosstat_2024,matched,93667.3,matched,4428,476.795521,,,,,,
tid_2599,2599,2,77,Москва,внутригородская территория города федерального значения,True,45-952-000-000,45952000,matched,Поселение Московский,114244,114244,1,matched,Поселение Московский,111718,0.224825,114244,rosstat_2024,matched,193894.7,matched,22666,202.885838,,,0.080341,0.279626,,
tid_26,26,0,2,Республика Башкортостан,городской округ,False,80-735-000-000,80735000,matched,Городской округ г Октябрьский,116427,116427,1,matched,Город Октябрьский,116282,0.250494,116427,rosstat_2024,matched,56632.7,matched,22320,191.947163,,0.177733,0.276747,0.044086,0.010573,0.255152
tid_2600,2600,2,77,Москва,внутригородская территория города федерального значения,True,45-953-000-000,45953000,matched,Поселение Мосрентген,21590,21590,1,matched,Поселение «Мосрентген»,22029,0.296927,21590,rosstat_2024,matched,105013.2,matched,3346,151.89069,,,0.056784,0.196952,,
tid_2601,2601,2,77,Москва,внутригородская территория города федерального значения,True,45-954-000-000,45954000,matched,Поселение Новофедоровское,23187,23187,1,matched,Поселение Новофедоровское,21725,0.222693,23187,rosstat_2024,matched,81933.5,matched,233,10.724971,,,,,,
tid_2602,2602,2,77,Москва,внутригородская территория города федерального значения,True,45-955-000-000,45955000,matched,Поселение Первомайское,27069,27069,1,matched,Поселение Первомайское,24782,0.240255,27069,rosstat_2024,matched,105665.4,matched,1038,41.885239,,,,0.05973,,
tid_2604,2604,2,77,Москва,внутригородская территория города федерального значения,True,45-957-000-000,45957000,matched,Поселение Рязановское,33033,33033,1,matched,Поселение Рязановское,32215,0.250784,33033,rosstat_2024,matched,176897.9,matched,3319,103.02654,,,,0.060862,,
tid_2605,2605,2,77,Москва,внутригородская территория города федерального значения,True,45-958-000-000,45958000,matched,Поселение Сосенское,122303,122303,1,matched,Поселение Сосенское,115545,0.198918,122303,rosstat_2024,matched,142615.6,matched,20027,173.32641,,,0.049333,0.16308,0.006641,0.326459
tid_2606,2606,2,77,Москва,внутригородская территория города федерального значения,True,45-959-000-000,45959000,matched,Поселение Филимонковское,17811,17811,1,matched,Поселение Филимонковское,16237,0.240623,17811,rosstat_2024,matched,92737.3,matched,785,48.346369,,,,,,
tid_2607,2607,0,77,Москва,внутригородская территория города федерального значения,True,45-961-000-000,45961000,matched,Поселение Щаповское,13360,13360,1,matched,Поселение Щаповское,13350,0.313109,13360,rosstat_2024,matched,84560,matched,1795,134.456929,,,0.451253,0.02117,,
tid_2618,2618,1,44,Костромская область,городской округ,False,34-714-000-000,34714000,no_code_match,,,,,matched,Город Мантурово,15431,0.322986,15431,bdpmo_2023,matched,44323.5,matched,3336,216.188193,,,0.15048,0.03777,0.01199,0.423561
tid_2619,2619,0,76,Ярославская область,городской округ,False,78-705-000-000,78705000,matched,Городской округ город Переславль-Залесский,54039,36284,0.671441,matched,Город Переславль-Залесский,54862,0.293682,54039,rosstat_2024,matched,54237.6,matched,10375,189.11086,0.016,,0.358747,0.059855,0.015904,0.366265
tid_2620,2620,0,59,Пермский край,городской округ,False,57-730-000-000,57730000,matched,Соликамский городской округ,99951,88184,0.882272,matched,Соликамский,100732,0.24593,99951,rosstat_2024,matched,60698.5,matched,30006,297.879522,0.0023,0.013664,0.53556,0.037992,0.019396,0.26888
tid_2621,2621,0,59,Пермский край,городской округ,False,57-708-000-000,57708000,matched,"Городской округ ""Город Березники""",147365,140535,0.953652,matched,Город Березники,148978,0.243009,147365,rosstat_2024,matched,73277.5,matched,50847,341.305428,0.000806,0.018585,0.46874,0.03776,0.013255,0.192794
tid_2644,2644,2,50,Московская область,городской округ,False,46-770-000-000,46770000,matched,Городской округ Серпухов,181687,133756,0.736189,matched,Серпухов,181197,0.236753,181687,rosstat_2024,matched,74089.1,matched,32888,181.504109,0.006629,,0.358733,0.080516,0.015142,0.31066
tid_2646,2646,2,40,Калужская область,городской округ,False,29-715-000-000,29715000,matched,Городской округ город Обнинск,132477,132477,1,matched,Город Обнинск,129584,0.236156,132477,rosstat_2024,matched,86589.2,matched,29302,226.123596,,,0.307283,0.072828,0.00761,0.299945
tid_2647,2647,0,40,Калужская область,муниципальный район,False,29-606-000-000,29606000,matched,Боровский муниципальный район,82139,54545,0.664057,matched,Боровский муниципальный район,82143,0.218156,82139,rosstat_2024,matched,81045.5,matched,21043,256.175207,,,0.648767,0.084874,0.002281,0.154731
tid_2648,2648,0,50,Московская область,городской округ,False,46-742-000-000,46742000,matched,Городской округ Лосино-Петровский,72040,55475,0.770058,matched,Лосино-Петровский,70669,0.182881,72040,rosstat_2024,matched,67355,matched,6492,91.864891,,,0.376463,0.089649,,0.344424
tid_2649,2649,2,50,Московская область,городской округ,False,46-788-000-000,46788000,matched,Городской округ Щёлково,218279,179124,0.820619,matched,Щёлково,217794,0.222219,218279,rosstat_2024,matched,85691.3,matched,36073,165.628989,,0.002107,0.319131,0.128794,0.013223,0.327225
tid_2651,2651,2,50,Московская область,городской округ,False,46-755-000-000,46755000,matched,Одинцовский городской округ,482184,325341,0.674724,matched,Одинцовский,480869,0.227465,482184,rosstat_2024,matched,102437.9,matched,99417,206.744456,0.029884,,0.111369,0.226873,0.032328,0.267248
tid_2652,2652,0,50,Московская область,городской округ,False,46-757-000-000,46757000,matched,Орехово-Зуевский городской округ,240323,170769,0.710581,matched,Орехово-Зуевский,241038,0.241402,240323,rosstat_2024,matched,70848.8,matched,39549,164.077863,0.007232,,0.313763,0.095476,0.004602,0.342537
tid_269,269,2,12,Республика Марий Эл,городской округ,False,88-701-000-000,88701000,matched,Городской округ город Йошкар-Ола,295711,285042,0.963921,matched,Город Йошкар-Ола,294128,0.241449,295711,rosstat_2024,matched,57503.8,matched,66127,224.823886,0.004053,,0.288747,0.062637,0.010495,0.394257
tid_27,27,2,2,Республика Башкортостан,городской округ,False,80-739-000-000,80739000,matched,Городской округ г Салават,146633,146633,1,matched,Город Салават,147296,0.227562,146633,rosstat_2024,matched,62465.8,matched,32996,224.011514,,,0.394533,0.05134,0.020487,0.247212
tid_270,270,0,12,Республика Марий Эл,городской округ,False,88-705-000-000,88705000,matched,Городской округ город Волжск,51634,51634,1,matched,Город Волжск,52164,0.261809,51634,rosstat_2024,matched,58662.8,matched,11618,222.72065,,,0.471424,0.054743,0.006025,0.322086
tid_271,271,1,12,Республика Марий Эл,городской округ,False,88-715-000-000,88715000,matched,Городской округ город Козьмодемьянск,19054,19054,1,matched,Город Козьмодемьянск,19355,0.25828,19054,rosstat_2024,matched,50132.6,matched,6576,339.757169,,,0.501977,0.026764,,0.319191
tid_2710,2710,0,69,Тверская область,городской округ,False,28-714-000-000,28714000,no_code_match,,,,,matched,Вышневолоцкий,65168,0.290818,65168,bdpmo_2023,matched,42874.9,matched,11485,176.236803,0.020026,,0.203918,0.05677,0.027862,0.449717
tid_272,272,0,12,Республика Марий Эл,муниципальный район,False,88-604-000-000,88604000,matched,Волжский муниципальный район,20454,3659,0.178889,matched,Волжский муниципальный район,20633,0.261911,20454,rosstat_2024,matched,42631.1,matched,2445,118.499491,0.052761,,0.069939,0.038446,0.033129,0.492025
tid_273,273,0,12,Республика Марий Эл,муниципальный район,False,88-608-000-000,88608000,matched,Горномарийский муниципальный район,19578,0,0,matched,Горномарийский муниципальный район,19891,0.328239,19578,rosstat_2024,matched,31139.3,matched,1116,56.105776,,,,0.010753,,
tid_274,274,0,12,Республика Марий Эл,муниципальный район,False,88-612-000-000,88612000,matched,Звениговский муниципальный район,38471,19319,0.50217,matched,Звениговский муниципальный район,38830,0.282153,38471,rosstat_2024,matched,52738.2,matched,8063,207.648725,0.082972,,0.341808,0.032866,0.005209,0.390549
tid_275,275,1,12,Республика Марий Эл,муниципальный район,False,88-616-000-000,88616000,matched,Килемарский муниципальный район,11082,3864,0.348674,matched,Килемарский муниципальный район,11211,0.24806,11082,rosstat_2024,matched,37960.8,matched,1289,114.976363,0.022498,,,0.031032,,0.624515
tid_276,276,3,12,Республика Марий Эл,муниципальный район,False,88-620-000-000,88620000,matched,Куженерский муниципальный район,11382,4681,0.411263,matched,Куженерский муниципальный район,11637,0.270259,11382,rosstat_2024,matched,34977.2,matched,2275,195.497121,,,0.248791,0.018462,,0.448791
tid_277,277,1,12,Республика Марий Эл,муниципальный район,False,88-624-000-000,88624000,matched,Мари-Турекский муниципальный район,17046,4299,0.2522,matched,Мари-Турекский муниципальный район,17406,0.295358,17046,rosstat_2024,matched,34140.5,matched,2418,138.917615,0.082299,,0.005376,0.038462,,0.672043
tid_278,278,0,12,Республика Марий Эл,муниципальный район,False,88-628-000-000,88628000,matched,Медведевский муниципальный район,67769,25724,0.379584,matched,Медведевский муниципальный район,67681,0.23104,67769,rosstat_2024,matched,47395.6,matched,11601,171.407042,0.132144,,0.142143,0.049909,0.006896,0.457719
tid_279,279,1,12,Республика Марий Эл,муниципальный район,False,88-632-000-000,88632000,matched,Моркинский муниципальный район,25758,8558,0.332246,matched,Моркинский муниципальный район,26138,0.248527,25758,rosstat_2024,matched,38478.5,matched,3085,118.027393,0.022042,,,0.05154,,0.623015
tid_28,28,2,2,Республика Башкортостан,городской округ,False,80-743-000-000,80743000,matched,Городской округ г Сибай,56470,55881,0.98957,matched,Город Сибай,56930,0.193694,56470,rosstat_2024,matched,48111.3,matched,8239,144.721588,,0.022454,0.043573,0.07683,0.002427,0.531739
tid_280,280,1,12,Республика Марий Эл,муниципальный район,False,88-636-000-000,88636000,matched,Новоторъяльский муниципальный район,13402,5581,0.41643,matched,Новоторъяльский муниципальный район,13597,0.280797,13402,rosstat_2024,matched,35618.1,matched,2183,160.550121,0.230417,,0.010536,0.024737,,0.5071
tid_2808,2808,2,50,Московская область,городской округ,False,46-738-000-000,46738000,matched,Городской округ Коломна,213701,156073,0.730334,matched,Коломна,214925,0.246505,213701,rosstat_2024,matched,72830.8,matched,47141,219.336978,0.023016,,0.236524,0.092085,0.019113,0.278675
tid_2809,2809,0,59,Пермский край,муниципальный округ,False,57-530-000-000,57530000,matched,Кунгурский муниципальный округ,103245,61628,0.59691,matched,Кунгурский муниципальный округ,103834,0.240528,103245,rosstat_2024,matched,47374.5,matched,16306,157.03912,0.076536,0.026309,0.188949,0.05268,0.001778,0.418006
tid_281,281,1,12,Республика Марий Эл,муниципальный район,False,88-640-000-000,88640000,matched,Оршанский муниципальный район,12182,5445,0.446971,matched,Оршанский муниципальный район,12379,0.279263,12182,rosstat_2024,matched,40200,matched,1604,129.574279,0.086658,,,0.037406,,0.619701
tid_2813,2813,0,50,Московская область,городской округ,False,46-786-000-000,46786000,matched,Городской округ Шатура,101188,65778,0.650057,matched,Шатура,101978,0.252417,101188,rosstat_2024,matched,62910.2,matched,12689,124.428798,0.027662,,0.193238,0.075026,0.007566,0.409725
tid_2814,2814,2,50,Московская область,городской округ,False,46-758-000-000,46758000,matched,Городской округ Пушкинский,300898,275332,0.915034,matched,Пушкинский,300650,0.222135,300898,rosstat_2024,matched,73857.3,matched,50659,168.498254,0.033874,,0.196115,0.241497,0.020233,0.260053
tid_282,282,1,12,Республика Марий Эл,муниципальный район,False,88-644-000-000,88644000,matched,Параньгинский муниципальный район,13008,5270,0.405135,matched,Параньгинский муниципальный район,13181,0.292466,13008,rosstat_2024,matched,34611.4,matched,1680,127.456187,0.139881,,,0.029762,,0.616667
tid_283,283,0,12,Республика Марий Эл,муниципальный район,False,88-648-000-000,88648000,matched,Сернурский муниципальный район,21264,8007,0.376552,matched,Сернурский муниципальный район,21572,0.237252,21264,rosstat_2024,matched,43033.3,matched,3443,159.605044,0.09788,,0.17659,0.037177,,0.458612
tid_284,284,0,12,Республика Марий Эл,муниципальный район,False,88-652-000-000,88652000,matched,Советский муниципальный район,26112,10437,0.399701,matched,Советский муниципальный район,26377,0.251545,26112,rosstat_2024,matched,38687.5,matched,5052,191.5305,0.443389,,0.052257,0.029097,,0.359264
tid_285,285,1,12,Республика Марий Эл,муниципальный район,False,88-656-000-000,88656000,matched,Юринский муниципальный район,5947,2468,0.414999,matched,Юринский муниципальный район,6141,0.344895,5947,rosstat_2024,matched,39339.3,matched,1008,164.142648,,,,0.024802,,0.580357
tid_287,287,1,13,Республика Мордовия,муниципальный район,False,89-603-000-000,89603000,matched,Ардатовский муниципальный район,23694,12845,0.54212,matched,Ардатовский муниципальный район,23935,0.355713,23694,rosstat_2024,matched,41883.7,matched,3249,135.742636,0.106494,,,0.032625,,0.52847
tid_2872,2872,3,89,Ямало-Ненецкий автономный округ,муниципальный округ,False,71-938-000-000,71938000,matched,Муниципальный округ Приуральский район,10095,0,0,matched,Муниципальный округ Приуральский район,10037,0.104912,10095,rosstat_2024,matched,114386.4,matched,4054,403.905549,,,,0.01184,0.025407,0.441046
tid_2876,2876,2,26,Ставропольский край,городской округ,False,07-715-000-000,07715000,matched,Городской округ Город-курорт Кисловодск,133451,126423,0.947336,matched,Город-курорт Кисловодск,133913,0.227752,133451,rosstat_2024,matched,53557.5,matched,16394,122.422767,,,0.023606,0.040869,0.003843,0.758753
tid_2879,2879,0,89,Ямало-Ненецкий автономный округ,городской округ,False,71-952-000-000,71952000,matched,Городской округ город Губкинский,34958,34958,1,matched,Город Губкинский,33869,0.111725,34958,rosstat_2024,matched,135057.1,matched,14295,422.067377,,0.322141,0.039594,0.027002,,0.232249
tid_288,288,1,13,Республика Мордовия,муниципальный район,False,89-605-000-000,89605000,matched,Атюрьевский муниципальный район,9012,0,0,matched,Атюрьевский муниципальный район,9088,0.289613,9012,rosstat_2024,matched,31097,matched,803,88.358275,,,,0.048568,,
tid_2880,2880,0,89,Ямало-Ненецкий автономный округ,городской округ,False,71-953-000-000,71953000,matched,Городской округ город Лабытнанги,31295,31295,1,matched,Город Лабытнанги,30962,0.149506,31295,rosstat_2024,matched,108965.7,matched,13255,428.10542,0.005507,,0.029574,0.031912,0.013957,0.32848
tid_2881,2881,2,26,Ставропольский край,муниципальный округ,False,07-548-000-000,07548000,matched,Предгорный муниципальный округ,109591,0,0,matched,Предгорный муниципальный округ,110643,0.253943,109591,rosstat_2024,matched,45909.1,matched,9256,83.656445,0.222774,,0.024741,0.075411,,0.44382
tid_2882,2882,0,89,Ямало-Ненецкий автономный округ,муниципальный округ,False,71-940-000-000,71940000,matched,Муниципальный округ Пуровский район,36676,27948,0.762024,matched,Муниципальный округ Пуровский район,36552,0.125,36676,rosstat_2024,matched,156232.9,matched,55899,1529.300722,0.009016,0.489848,0.068552,0.007621,0.014598,0.106353
tid_2883,2883,0,69,Тверская область,муниципальный округ,False,28-528-000-000,28528000,no_code_match,,,,,matched,Кимрский,52457,0.283508,52457,bdpmo_2023,matched,48260.2,matched,7147,136.244924,,,0.211977,0.058206,0.008675,0.476424
tid_2884,2884,0,69,Тверская область,муниципальный округ,False,28-548-000-000,28548000,no_code_match,,,,,matched,Ржевский,64730,0.28795,64730,bdpmo_2023,matched,51322.1,matched,13382,206.735671,0.056195,,0.266328,0.041025,0.006128,0.365342
tid_2885,2885,0,59,Пермский край,муниципальный округ,False,57-528-000-000,57528000,matched,Кудымкарский муниципальный округ,50562,28939,0.572347,matched,Кудымкарский муниципальный округ,50499,0.230915,50562,rosstat_2024,matched,44144.9,matched,7497,148.458385,0.055756,,,0.052554,0.003201,0.653995
tid_2886,2886,0,59,Пермский край,муниципальный округ,False,57-516-000-000,57516000,matched,Губахинский муниципальный округ,43671,40389,0.924847,matched,Губахинский муниципальный округ,44174,0.276158,43671,rosstat_2024,matched,57670.7,matched,11340,256.712093,,,0.413139,0.036949,0.004409,0.32134
tid_2887,2887,2,64,Саратовская область,городской округ,False,63-701-000-000,63701000,matched,Городской округ город Саратов,937364,895907,0.955773,matched,Город Саратов,942315,0.254705,937364,rosstat_2024,matched,59648.8,matched,228428,242.411508,0.007228,0.01038,0.197016,0.082893,0.004745,0.378172
tid_289,289,1,13,Республика Мордовия,муниципальный район,False,89-607-000-000,89607000,matched,Атяшевский муниципальный район,17246,5969,0.346109,matched,Атяшевский муниципальный район,17467,0.308353,17246,rosstat_2024,matched,43655.3,matched,4014,229.804775,0.210762,,,0.017439,,0.263827
tid_29,29,2,2,Республика Башкортостан,городской округ,False,80-745-000-000,80745000,matched,Городской округ г Стерлитамак,280497,280497,1,matched,Город Стерлитамак,279174,0.220647,280497,rosstat_2024,matched,54143.4,matched,50418,180.597047,0.000496,,0.335753,0.095105,0.008152,0.317644
tid_290,290,1,13,Республика Мордовия,муниципальный район,False,89-610-000-000,89610000,matched,Большеберезниковский муниципальный район,11711,0,0,matched,Большеберезниковский муниципальный район,11743,0.341395,11711,rosstat_2024,matched,34412.2,matched,1519,129.353657,0.084266,,,0.036208,,0.587887
tid_292,292,1,13,Республика Мордовия,муниципальный район,False,89-616-000-000,89616000,matched,Дубенский муниципальный район,11280,0,0,matched,Дубенский муниципальный район,11268,0.368566,11280,rosstat_2024,matched,38197.4,matched,1666,147.852325,,,,0.033613,,0.486194
tid_293,293,1,13,Республика Мордовия,муниципальный район,False,89-618-000-000,89618000,matched,Ельниковский муниципальный район,9068,0,0,matched,Ельниковский муниципальный район,9271,0.361126,9068,rosstat_2024,matched,37005.9,matched,1071,115.521519,,,,0.031746,,0.608777
tid_294,294,1,13,Республика Мордовия,муниципальный район,False,89-621-000-000,89621000,matched,Зубово-Полянский муниципальный район,45470,22767,0.500704,matched,Зубово-Полянский муниципальный район,45860,0.230397,45470,rosstat_2024,matched,35101.5,matched,13291,289.816834,0.016628,,0.342638,0.020841,,0.434204
tid_295,295,1,13,Республика Мордовия,муниципальный район,False,89-624-000-000,89624000,matched,Инсарский муниципальный район,11516,7614,0.661167,matched,Инсарский муниципальный район,11686,0.31465,11516,rosstat_2024,matched,40387,matched,1827,156.340921,,,0.314724,0.025178,,0.473454
tid_296,296,1,13,Республика Мордовия,муниципальный район,False,89-626-000-000,89626000,matched,Ичалковский муниципальный район,16897,0,0,matched,Ичалковский муниципальный район,17147,0.316615,16897,rosstat_2024,matched,41099.8,matched,3034,176.940573,0.170402,,0.183916,0.023731,,0.465392
tid_297,297,1,13,Республика Мордовия,муниципальный район,False,89-628-000-000,89628000,matched,Кадошкинский муниципальный район,6593,3808,0.577582,matched,Кадошкинский муниципальный район,6680,0.310479,6593,rosstat_2024,matched,38830.2,matched,918,137.42515,,,,0.029412,,
tid_298,298,1,13,Республика Мордовия,муниципальный район,False,89-629-000-000,89629000,matched,Ковылкинский муниципальный район,35879,19344,0.539145,matched,Ковылкинский муниципальный район,36267,0.318444,35879,rosstat_2024,matched,37549.2,matched,7740,213.417156,0.106977,,0.20155,0.027778,0.004651,0.367054
tid_3,3,1,1,Республика Адыгея,муниципальный район,False,79-605-000-000,79605000,matched,Гиагинский муниципальный район,31872,0,0,matched,Гиагинский муниципальный район,31933,0.253186,31872,rosstat_2024,matched,46265.2,matched,5074,158.895187,0.056169,,0.467087,0.028577,,0.32972
tid_30,30,3,2,Республика Башкортостан,муниципальный район,False,80-601-000-000,80601000,matched,Муниципальный район Абзелиловский район,43983,0,0,matched,Абзелиловский муниципальный район,44334,0.199914,43983,rosstat_2024,matched,44246.5,matched,5764,130.013083,0.041638,,0.034872,0.069049,0.062977,0.605135
tid_300,300,1,13,Республика Мордовия,муниципальный район,False,89-634-000-000,89634000,matched,Краснослободский муниципальный район,21456,8605,0.401053,matched,Краснослободский муниципальный район,21734,0.330358,21456,rosstat_2024,matched,39061.1,matched,3681,169.36597,0.249389,,0.03423,0.035316,0.00163,0.468351
tid_3005,3005,0,52,Нижегородская область,городской округ,False,22-703-000-000,22703000,matched,Городской округ г Арзамас,144670,111343,0.769634,matched,Город Арзамас,145443,0.266269,144670,rosstat_2024,matched,57160.2,matched,38150,262.30207,0.004797,,0.448834,0.041573,0.006553,0.277143
tid_3007,3007,0,42,Кемеровская область,муниципальный округ,False,32-522-000-000,32522000,matched,Прокопьевский муниципальный округ,43200,11233,0.260023,matched,Прокопьевский муниципальный округ,43450,0.259724,43200,rosstat_2024,matched,90215.6,matched,22563,519.286536,0.019146,0.601782,0.020432,0.007269,0.003368,0.124629
tid_3009,3009,2,68,Тамбовская область,городской округ,False,68-701-000-000,68701000,matched,Городской округ город Тамбов,288947,256268,0.886903,matched,Город Тамбов,291454,0.260261,288947,rosstat_2024,matched,50125,matched,88670,304.233258,0.008109,,0.210353,0.127901,0.013567,0.396301
tid_301,301,0,13,Республика Мордовия,муниципальный район,False,89-637-000-000,89637000,matched,Лямбирский муниципальный район,33537,0,0,matched,Лямбирский муниципальный район,33732,0.302739,33537,rosstat_2024,matched,53700.6,matched,4717,139.837543,0.423786,,0.10812,0.036464,0.004664,0.350435
tid_3011,3011,0,74,Челябинская область,городской округ,False,75-712-000-000,75712000,matched,Златоустовский городской округ,160367,158597,0.988963,matched,Златоустовский,161475,0.271714,160367,rosstat_2024,matched,47855,matched,27340,169.314135,,,0.256401,0.063424,0.008157,0.37297
tid_3012,3012,1,74,Челябинская область,муниципальный район,False,75-638-000-000,75638000,matched,Кусинский муниципальный район,24970,20611,0.825431,matched,Кусинский муниципальный район,25198,0.316851,24970,rosstat_2024,matched,39651.4,matched,2560,101.595365,,,0.080469,0.065234,,0.717969
tid_3013,3013,2,50,Московская область,городской округ,False,46-771-000-000,46771000,matched,Городской округ Солнечногорск,135509,77225,0.569888,matched,Солнечногорск,154721,0.227829,135509,rosstat_2024,matched,83300.6,matched,36763,237.60834,0.002584,,0.199168,0.230694,0.025678,0.275821
tid_302,302,1,13,Республика Мордовия,муниципальный район,False,89-640-000-000,89640000,matched,Ромодановский муниципальный район,18857,0,0,matched,Ромодановский муниципальный район,19042,0.28059,18857,rosstat_2024,matched,44309.9,matched,2962,155.550888,0.178933,,,0.029034,0.00844,0.298785
tid_303,303,0,13,Республика Мордовия,муниципальный район,False,89-643-000-000,89643000,matched,Рузаевский муниципальный район,58820,42124,0.716151,matched,Рузаевский муниципальный район,59259,0.270491,58820,rosstat_2024,matched,55885.5,matched,14184,239.356047,0.062042,,0.299351,0.032008,,0.281444
tid_304,304,1,13,Республика Мордовия,муниципальный район,False,89-646-000-000,89646000,matched,Старошайговский муниципальный район,11300,0,0,matched,Старошайговский муниципальный район,11515,0.310378,11300,rosstat_2024,matched,36592.8,matched,1427,123.925315,0.287316,,,0.029432,,0.468816
tid_305,305,1,13,Республика Мордовия,муниципальный район,False,89-649-000-000,89649000,matched,Темниковский муниципальный район,12696,6266,0.493541,matched,Темниковский муниципальный район,12876,0.379388,12696,rosstat_2024,matched,34973.4,matched,1543,119.835353,,,,0.058976,,0.657809
tid_306,306,1,13,Республика Мордовия,муниципальный район,False,89-651-000-000,89651000,matched,Теньгушевский муниципальный район,8971,0,0,matched,Теньгушевский муниципальный район,9175,0.292207,8971,rosstat_2024,matched,35364.9,matched,1280,139.509537,,,,0.033594,,
tid_307,307,1,13,Республика Мордовия,муниципальный район,False,89-654-000-000,89654000,matched,Торбеевский муниципальный район,18231,8939,0.490319,matched,Торбеевский муниципальный район,18328,0.251964,18231,rosstat_2024,matched,47168.1,matched,4326,236.0323,0.059871,,,0.022191,,0.325705
tid_308,308,1,13,Республика Мордовия,муниципальный район,False,89-657-000-000,89657000,matched,Чамзинский муниципальный район,28433,20284,0.713396,matched,Чамзинский муниципальный район,28600,0.291049,28433,rosstat_2024,matched,53473.1,matched,8974,313.776224,0.313573,,0.395587,0.020615,,0.191331
tid_309,309,3,14,Республика Саха (Якутия),городской округ,False,98-701-000-000,98701000,matched,Городской округ г Якутск,384979,367667,0.955031,matched,Город Якутск,361154,0.144088,384979,rosstat_2024,matched,107344.4,matched,84799,234.800113,0.012064,0.011651,0.016863,0.039045,0.005566,0.532589
tid_31,31,0,2,Республика Башкортостан,муниципальный район,False,80-602-000-000,80602000,matched,Муниципальный район Альшеевский район,35536,0,0,matched,Альшеевский муниципальный район,36055,0.284149,35536,rosstat_2024,matched,49972.5,matched,5239,145.305783,0.020233,,0.14812,0.049246,,0.472609
tid_312,312,0,14,Республика Саха (Якутия),муниципальный район,False,98-603-000-000,98603000,matched,Алданский муниципальный район,38998,35652,0.914201,matched,Алданский муниципальный район,39279,0.190203,38998,rosstat_2024,matched,119826.1,matched,21888,557.244329,0.00498,0.204952,0.005848,0.01631,0.014711,0.204861
tid_314,314,3,14,Республика Саха (Якутия),муниципальный район,False,98-608-000-000,98608000,matched,Амгинский муниципальный район,16705,0,0,matched,Амгинский муниципальный район,16894,0.183556,16705,rosstat_2024,matched,71739.4,matched,3701,219.07186,0.024048,,,0.002162,,0.681167
tid_316,316,3,14,Республика Саха (Якутия),муниципальный район,False,98-612-000-000,98612000,matched,Булунский муниципальный район,8126,4600,0.566084,matched,Булунский муниципальный район,7997,0.128548,8126,rosstat_2024,matched,126480.7,matched,3120,390.146305,0.056731,,,0.004167,,0.352885
tid_317,317,3,14,Республика Саха (Якутия),муниципальный район,False,98-614-000-000,98614000,matched,Верхневилюйский муниципальный район,20721,0,0,matched,Верхневилюйский муниципальный район,20889,0.146824,20721,rosstat_2024,matched,74023.2,matched,4083,195.461726,0.026451,,,0.004164,,0.721528
tid_318,318,3,14,Республика Саха (Якутия),муниципальный район,False,98-615-000-000,98615000,matched,Верхнеколымский муниципальный район,3687,2406,0.652563,matched,Верхнеколымский муниципальный район,3748,0.21905,3687,rosstat_2024,matched,103794.9,matched,1507,402.08111,,,,0.014599,,0.389516
tid_319,319,3,14,Республика Саха (Якутия),муниципальный район,False,98-616-000-000,98616000,matched,Верхоянский муниципальный район,9998,4655,0.465593,matched,Верхоянский муниципальный район,10009,0.178639,9998,rosstat_2024,matched,97015.7,matched,3536,353.282046,,,,,,0.533937
tid_32,32,0,2,Республика Башкортостан,муниципальный район,False,80-603-000-000,80603000,matched,Муниципальный район Архангельский район,16616,0,0,matched,Архангельский муниципальный район,16847,0.267585,16616,rosstat_2024,matched,39743.9,matched,1751,103.935419,0.051399,,,0.053684,,0.676756
tid_320,320,3,14,Республика Саха (Якутия),муниципальный район,False,98-618-000-000,98618000,matched,Вилюйский муниципальный район,25157,12996,0.516596,matched,Вилюйский муниципальный район,25121,0.169102,25157,rosstat_2024,matched,81839.4,matched,6033,240.157637,0.013923,0.072103,,0.008951,,0.617769
tid_321,321,3,14,Республика Саха (Якутия),муниципальный район,False,98-620-000-000,98620000,matched,Горный муниципальный район,11936,0,0,matched,Горный муниципальный район,12004,0.165028,11936,rosstat_2024,matched,73138.6,matched,2563,213.512163,0.031213,,,0.006633,,0.678502
tid_323,323,3,14,Республика Саха (Якутия),муниципальный район,False,98-624-000-000,98624000,matched,Кобяйский муниципальный район,11053,3237,0.292862,matched,Кобяйский муниципальный район,11188,0.186003,11053,rosstat_2024,matched,83860.8,matched,3398,303.71827,0.031195,0.114479,,0.005886,0.005592,0.527958
tid_324,324,3,14,Республика Саха (Якутия),муниципальный район,False,98-626-000-000,98626000,matched,Нюрбинский муниципальный район,22761,10038,0.441018,matched,Нюрбинский муниципальный район,22997,0.185589,22761,rosstat_2024,matched,103274.2,matched,7782,338.391964,0.023773,,,0.013621,,0.440632
tid_325,325,3,14,Республика Саха (Якутия),муниципальный район,False,98-627-000-000,98627000,matched,Ленский муниципальный район,31833,27969,0.878617,matched,Ленский муниципальный район,32106,0.193796,31833,rosstat_2024,matched,129988.6,matched,37843,1178.689342,0.006131,0.243902,0.016568,0.014375,0.013609,0.092937
tid_326,326,3,14,Республика Саха (Якутия),муниципальный район,False,98-629-000-000,98629000,matched,Мегино-Кангаласский муниципальный район,32932,5300,0.160938,matched,Мегино-Кангаласский муниципальный район,33110,0.182936,32932,rosstat_2024,matched,76280.9,matched,6968,210.450015,0.013203,,,0.024971,,0.640786
tid_327,327,0,14,Республика Саха (Якутия),муниципальный район,False,98-631-000-000,98631000,matched,Мирнинский муниципальный район,71704,69140,0.964242,matched,Мирнинский муниципальный район,71308,0.126465,71704,rosstat_2024,matched,151605.3,matched,37219,521.947047,0.005615,0.416535,0.026438,0.014697,0.013971,0.169645
tid_329,329,3,14,Республика Саха (Якутия),муниципальный район,False,98-635-000-000,98635000,matched,Намский муниципальный район,25069,0,0,matched,Намский муниципальный район,24860,0.160418,25069,rosstat_2024,matched,73449.5,matched,4611,185.478681,0.01041,,,0.007157,,0.727608
tid_33,33,0,2,Республика Башкортостан,муниципальный район,False,80-604-000-000,80604000,matched,Муниципальный район Аскинский район,17418,0,0,matched,Аскинский муниципальный район,17773,0.248636,17418,rosstat_2024,matched,39011,matched,2246,126.371462,0.012912,,,0.047195,,0.715939
tid_330,330,3,14,Республика Саха (Якутия),муниципальный район,False,98-660-000-000,98660000,matched,Нерюнгринский муниципальный район,68431,67194,0.981923,matched,Нерюнгринский муниципальный район,69032,0.179352,68431,rosstat_2024,matched,137525.3,matched,31429,455.281609,0.006745,0.330745,0.013777,0.026886,0.002545,0.197111
tid_331,331,3,14,Республика Саха (Якутия),муниципальный район,False,98-637-000-000,98637000,matched,Нижнеколымский муниципальный район,4175,2613,0.625868,matched,Нижнеколымский муниципальный район,4211,0.187841,4175,rosstat_2024,matched,105062.3,matched,1126,267.394918,,,,0.021314,,0.552398
tid_332,332,3,14,Республика Саха (Якутия),муниципальный район,False,98-639-000-000,98639000,matched,Оймяконский муниципальный район,7566,4503,0.595163,matched,Оймяконский муниципальный район,7600,0.186447,7566,rosstat_2024,matched,155021.2,matched,5519,726.184211,0.016126,0.606632,,0.002355,,0.202392
tid_333,333,0,14,Республика Саха (Якутия),муниципальный район,False,98-641-000-000,98641000,matched,Олекминский муниципальный район,20525,8544,0.416273,matched,Олекминский муниципальный район,20691,0.217099,20525,rosstat_2024,matched,116054.4,matched,12723,614.905031,0.015012,0.172758,0.010296,0.005895,0.024758,0.246168
tid_334,334,3,14,Республика Саха (Якутия),муниципальный район,False,98-642-000-000,98642000,matched,Оленекский эвенкийский национальный муниципальный район,4364,0,0,matched,Оленекский эвенкийский национальный муниципальный район,4361,0.127723,4364,rosstat_2024,matched,144821.6,matched,2242,514.10227,,0.305085,,0.004014,,0.302409
tid_335,335,3,14,Республика Саха (Якутия),муниципальный район,False,98-646-000-000,98646000,matched,Среднеколымский муниципальный район,6714,3120,0.464701,matched,Среднеколымский муниципальный район,6741,0.209019,6714,rosstat_2024,matched,82206.2,matched,1913,283.785788,0.027705,,,,,0.608468
tid_336,336,3,14,Республика Саха (Якутия),муниципальный район,False,98-648-000-000,98648000,matched,Сунтарский муниципальный район,22228,0,0,matched,Сунтарский муниципальный район,22352,0.187947,22228,rosstat_2024,matched,71568.6,matched,5029,224.991052,0.017101,,,0.000994,,0.758799
tid_337,337,3,14,Республика Саха (Якутия),муниципальный район,False,98-604-000-000,98604000,matched,Таттинский муниципальный район,16750,0,0,matched,Таттинский муниципальный район,16858,0.189109,16750,rosstat_2024,matched,77181.5,matched,3490,207.023372,0.027221,,,0.005158,,0.634957
tid_338,338,3,14,Республика Саха (Якутия),муниципальный район,False,98-650-000-000,98650000,matched,Томпонский муниципальный район,10897,6101,0.559879,matched,Томпонский муниципальный район,11064,0.191612,10897,rosstat_2024,matched,107924.3,matched,4678,422.812726,0.008551,,,0.016674,,0.357204
tid_339,339,3,14,Республика Саха (Якутия),муниципальный район,False,98-652-000-000,98652000,matched,Усть-Алданский муниципальный район,22012,0,0,matched,Усть-Алданский муниципальный район,22249,0.188278,22012,rosstat_2024,matched,71309.2,matched,4366,196.233539,0.016033,,,,,0.701787
tid_34,34,0,2,Республика Башкортостан,муниципальный район,False,80-605-000-000,80605000,matched,Муниципальный район Аургазинский район,29757,0,0,matched,Аургазинский муниципальный район,30429,0.309672,29757,rosstat_2024,matched,39343.2,matched,3632,119.359821,0.22467,0.055617,,0.036068,,0.494218
tid_340,340,3,14,Республика Саха (Якутия),муниципальный район,False,98-654-000-000,98654000,matched,Усть-Майский муниципальный район,7343,5112,0.696173,matched,Усть-Майский муниципальный район,7159,0.210784,7343,rosstat_2024,matched,117866,matched,3076,429.668948,0.023082,0.308192,,0.015605,,0.363134
tid_341,341,3,14,Республика Саха (Якутия),муниципальный район,False,98-656-000-000,98656000,matched,Усть-Янский муниципальный район,6725,3451,0.51316,matched,Усть-Янский муниципальный район,6809,0.181965,6725,rosstat_2024,matched,105985.6,matched,2265,332.647966,,0.083002,,0.013687,,0.472848
tid_342,342,3,14,Республика Саха (Якутия),муниципальный район,False,98-644-000-000,98644000,matched,Хангаласский муниципальный район,34331,17235,0.502024,matched,Хангаласский муниципальный район,34435,0.186003,34331,rosstat_2024,matched,76952.5,matched,7298,211.935531,0.028364,,0.096876,0.009318,,0.608523
tid_343,343,3,14,Республика Саха (Якутия),муниципальный район,False,98-658-000-000,98658000,matched,Чурапчинский муниципальный район,21807,0,0,matched,Чурапчинский муниципальный район,21955,0.182145,21807,rosstat_2024,matched,70993.5,matched,4579,208.56297,0.012667,,,0.012011,,0.745796
tid_345,345,2,15,Республика Северная Осетия — Алания,городской округ,False,90-701-000-000,90701000,matched,Городской округ город Владикавказ,309358,307993,0.995588,matched,Город Владикавказ,309619,0.225923,309358,rosstat_2024,matched,45649.6,matched,67559,218.200433,0.006898,,0.066401,0.042955,0.008985,0.634616
tid_346,346,2,15,Республика Северная Осетия — Алания,муниципальный район,False,90-605-000-000,90605000,matched,Алагирский муниципальный район,38229,21261,0.556148,matched,Алагирский муниципальный район,38381,0.244444,38229,rosstat_2024,matched,33606.5,matched,3572,93.066882,,,,0.007839,,0.778835
tid_347,347,2,15,Республика Северная Осетия — Алания,муниципальный район,False,90-610-000-000,90610000,matched,Ардонский муниципальный район,31304,18949,0.605322,matched,Ардонский муниципальный район,31288,0.223344,31304,rosstat_2024,matched,32252.1,matched,2708,86.550754,,,,0.019572,,0.841211
tid_348,348,2,15,Республика Северная Осетия — Алания,муниципальный район,False,90-615-000-000,90615000,matched,Дигорский муниципальный район,18606,10068,0.541116,matched,Дигорский муниципальный район,18504,0.223195,18606,rosstat_2024,matched,31979.1,matched,1755,94.844358,,,,,,0.844444
tid_349,349,2,15,Республика Северная Осетия — Алания,муниципальный район,False,90-620-000-000,90620000,matched,Ирафский муниципальный район,15554,0,0,matched,Ирафский муниципальный район,15607,0.221311,15554,rosstat_2024,matched,36095.9,matched,1600,102.518101,,,,,,0.815
tid_35,35,0,2,Республика Башкортостан,муниципальный район,False,80-606-000-000,80606000,matched,Муниципальный район Баймакский район,53399,17580,0.32922,matched,Баймакский муниципальный район,54122,0.203392,53399,rosstat_2024,matched,41846.8,matched,5768,106.574036,0.008148,,0.064494,0.039528,0.005721,0.646151
tid_351,351,2,15,Республика Северная Осетия — Алания,муниципальный район,False,90-630-000-000,90630000,matched,Моздокский муниципальный район,81941,35203,0.429614,matched,Моздокский муниципальный район,82698,0.218591,81941,rosstat_2024,matched,46796.8,matched,7560,91.416963,,,0.00463,0.029894,,0.731481
tid_352,352,2,15,Республика Северная Осетия — Алания,муниципальный район,False,90-635-000-000,90635000,matched,Правобережный муниципальный район,55643,36160,0.649857,matched,Правобережный муниципальный район,55510,0.228607,55643,rosstat_2024,matched,37323.9,matched,5089,91.677175,,,0.017685,0.008253,,0.776773
tid_354,354,2,16,Республика Татарстан,городской округ,False,92-701-000-000,92701000,matched,Городской округ - город Казань,1318604,1318604,1,matched,Город Казань,1314685,0.22962,1318604,rosstat_2024,matched,77449.7,matched,335715,255.357747,0.002919,0.004012,0.182369,0.10141,0.014316,0.353029
tid_355,355,2,16,Республика Татарстан,городской округ,False,92-730-000-000,92730000,matched,Городской округ - город Набережные Челны,544383,544383,1,matched,Город Набережные Челны,545750,0.23432,544383,rosstat_2024,matched,70392.5,matched,129838,237.907467,0.002095,0.002064,0.387583,0.119718,0.008996,0.243049
tid_356,356,0,16,Республика Татарстан,муниципальный район,False,92-601-000-000,92601000,matched,Агрызский муниципальный район,34401,19804,0.575681,matched,Агрызский муниципальный район,34692,0.271619,34401,rosstat_2024,matched,55092.9,matched,5918,170.586879,0.05441,0.012504,0.076546,0.029064,,0.352146
tid_357,357,0,16,Республика Татарстан,муниципальный район,False,92-602-000-000,92602000,matched,Азнакаевский муниципальный район,57093,41583,0.728338,matched,Азнакаевский муниципальный район,57623,0.258456,57093,rosstat_2024,matched,62885.5,matched,12626,219.113895,0.067401,0.251386,0.034294,0.037938,0.005148,0.3313
tid_358,358,0,16,Республика Татарстан,муниципальный район,False,92-604-000-000,92604000,matched,Аксубаевский муниципальный район,26162,9060,0.346304,matched,Аксубаевский муниципальный район,26484,0.256872,26162,rosstat_2024,matched,45061.2,matched,3395,128.190606,0.090427,0.095729,,0.021797,,0.558468
tid_359,359,0,16,Республика Татарстан,муниципальный район,False,92-605-000-000,92605000,matched,Актанышский муниципальный район,27287,0,0,matched,Актанышский муниципальный район,27710,0.275713,27287,rosstat_2024,matched,49120.6,matched,4734,170.840852,0.239966,,,0.05809,,0.429658
tid_36,36,0,2,Республика Башкортостан,муниципальный район,False,80-607-000-000,80607000,matched,Муниципальный район Бакалинский район,24813,0,0,matched,Бакалинский муниципальный район,25010,0.292483,24813,rosstat_2024,matched,36516.4,matched,2770,110.755698,,,,0.054513,,0.755235
tid_360,360,1,16,Республика Татарстан,муниципальный район,False,92-606-000-000,92606000,matched,Алексеевский муниципальный район,24626,11590,0.470641,matched,Алексеевский муниципальный район,24739,0.2395,24626,rosstat_2024,matched,63591.4,matched,4987,201.584543,0.120513,,0.062763,0.032083,,0.364949
tid_361,361,0,16,Республика Татарстан,муниципальный район,False,92-607-000-000,92607000,matched,Алькеевский муниципальный район,18063,0,0,matched,Алькеевский муниципальный район,18228,0.26591,18063,rosstat_2024,matched,45662.5,matched,3490,191.463682,0.297708,,,0.030086,,0.426648
tid_362,362,2,16,Республика Татарстан,муниципальный район,False,92-608-000-000,92608000,matched,Альметьевский муниципальный район,212359,173321,0.81617,matched,Альметьевский муниципальный район,213275,0.238312,212359,rosstat_2024,matched,81308.9,matched,62651,293.756887,0.009433,0.227738,0.091363,0.050502,0.013487,0.236469
tid_363,363,0,16,Республика Татарстан,муниципальный район,False,92-610-000-000,92610000,matched,Апастовский муниципальный район,18676,5141,0.275273,matched,Апастовский муниципальный район,18786,0.295912,18676,rosstat_2024,matched,45361,matched,3378,179.814756,0.224393,,,0.094139,,0.428656
tid_364,364,0,16,Республика Татарстан,муниципальный район,False,92-612-000-000,92612000,matched,Арский муниципальный район,49659,19958,0.401901,matched,Арский муниципальный район,50166,0.235,49659,rosstat_2024,matched,43487.5,matched,6155,122.69266,0.122177,,,0.048416,,0.554346
tid_365,365,0,16,Республика Татарстан,муниципальный район,False,92-613-000-000,92613000,matched,Атнинский муниципальный район,12245,0,0,matched,Атнинский муниципальный район,12371,0.27136,12245,rosstat_2024,matched,43952.2,matched,2655,214.614825,0.433522,,0.003013,0.018079,,0.376648
tid_366,366,0,16,Республика Татарстан,муниципальный район,False,92-614-000-000,92614000,matched,Бавлинский муниципальный район,32239,20971,0.650485,matched,Бавлинский муниципальный район,32711,0.285959,32239,rosstat_2024,matched,61013.8,matched,6356,194.307725,0.012115,0.193046,0.041378,0.057111,0.008653,0.385148
tid_367,367,0,16,Республика Татарстан,муниципальный район,False,92-615-000-000,92615000,matched,Балтасинский муниципальный район,32840,8315,0.253197,matched,Балтасинский муниципальный район,32861,0.241959,32840,rosstat_2024,matched,42629.2,matched,5462,166.21527,0.336141,,,0.021604,,0.406078
tid_368,368,0,16,Республика Татарстан,муниципальный район,False,92-617-000-000,92617000,matched,Бугульминский муниципальный район,99177,84118,0.84816,matched,Бугульминский муниципальный район,100110,0.247638,99177,rosstat_2024,matched,61632.4,matched,19758,197.362901,0.036542,0.079461,0.131693,0.052232,0.00329,0.337534
tid_369,369,0,16,Республика Татарстан,муниципальный район,False,92-618-000-000,92618000,matched,Буинский муниципальный район,39135,19597,0.500754,matched,Буинский муниципальный район,39524,0.295744,39135,rosstat_2024,matched,46126.9,matched,7559,191.250886,0.158883,,0.144331,0.048551,,0.402566
tid_37,37,0,2,Республика Башкортостан,муниципальный район,False,80-608-000-000,80608000,matched,Муниципальный район Балтачевский район,17837,0,0,matched,Балтачевский муниципальный район,18156,0.287894,17837,rosstat_2024,matched,38840.2,matched,1910,105.199383,0.040314,,,0.064398,,0.717277
tid_370,370,0,16,Республика Татарстан,муниципальный район,False,92-620-000-000,92620000,matched,Верхнеуслонский муниципальный район,17641,4451,0.25231,matched,Верхнеуслонский муниципальный район,17493,0.261305,17641,rosstat_2024,matched,146607.6,matched,8020,458.469102,0.017706,,0.033416,0.03591,,0.28591
tid_371,371,0,16,Республика Татарстан,муниципальный район,False,92-622-000-000,92622000,matched,Высокогорский муниципальный район,60647,0,0,matched,Высокогорский муниципальный район,58283,0.218915,60647,rosstat_2024,matched,58889.7,matched,8501,145.857283,0.060699,,0.207505,0.154688,0.001412,0.372427
tid_372,372,0,16,Республика Татарстан,муниципальный район,False,92-624-000-000,92624000,matched,Дрожжановский муниципальный район,20085,0,0,matched,Дрожжановский муниципальный район,20429,0.270645,20085,rosstat_2024,matched,41713.8,matched,2989,146.311616,0.138508,,,0.021077,,0.531281
tid_373,373,2,16,Республика Татарстан,муниципальный район,False,92-626-000-000,92626000,matched,Елабужский муниципальный район,85471,73759,0.862971,matched,Елабужский муниципальный район,85667,0.225443,85471,rosstat_2024,matched,86036.9,matched,30362,354.418854,0.01189,0.032113,0.399216,0.039358,0.002404,0.202786
tid_374,374,0,16,Республика Татарстан,муниципальный район,False,92-627-000-000,92627000,matched,Заинский муниципальный район,52217,38849,0.743991,matched,Заинский муниципальный район,52812,0.271813,52217,rosstat_2024,matched,55938.1,matched,9312,176.323563,0.109536,0.072917,0.135095,0.044781,,0.370275
tid_375,375,0,16,Республика Татарстан,муниципальный район,False,92-628-000-000,92628000,matched,Зеленодольский муниципальный район,169798,123117,0.725079,matched,Зеленодольский муниципальный район,169710,0.244782,169798,rosstat_2024,matched,53233.8,matched,53062,312.662778,0.024368,,0.203554,0.066959,0.002525,0.187045
tid_376,376,1,16,Республика Татарстан,муниципальный район,False,92-629-000-000,92629000,matched,Кайбицкий муниципальный район,12423,0,0,matched,Кайбицкий муниципальный район,12622,0.281017,12423,rosstat_2024,matched,58853.6,matched,2778,220.091903,0.147948,,,0.013319,,0.362491
tid_377,377,1,16,Республика Татарстан,муниципальный район,False,92-630-000-000,92630000,matched,Камско-Устьинский муниципальный район,14157,7511,0.53055,matched,Камско-Устьинский муниципальный район,14305,0.300804,14157,rosstat_2024,matched,47814.9,matched,2376,166.095771,0.098064,,,0.037037,,0.453283
tid_378,378,0,16,Республика Татарстан,муниципальный район,False,92-633-000-000,92633000,matched,Кукморский муниципальный район,51202,17763,0.34692,matched,Кукморский муниципальный район,51290,0.237454,51202,rosstat_2024,matched,47175.6,matched,7458,145.408462,0.12081,,0.220032,0.025342,,0.465138
tid_379,379,2,16,Республика Татарстан,муниципальный район,False,92-634-000-000,92634000,matched,Лаишевский муниципальный район,71646,9055,0.126385,matched,Лаишевский муниципальный район,67057,0.218784,71646,rosstat_2024,matched,87341.3,matched,15599,232.622992,0.042182,,0.173986,0.144048,0.006731,0.180524
tid_38,38,0,2,Республика Башкортостан,муниципальный район,False,80-609-000-000,80609000,matched,Муниципальный район Белебеевский район,94978,77978,0.821011,matched,Белебеевский муниципальный район,95852,0.253109,94978,rosstat_2024,matched,48823.1,matched,15486,161.561574,0.008911,0.034806,0.305437,0.052693,0.004649,0.33456
tid_380,380,0,16,Республика Татарстан,муниципальный район,False,92-636-000-000,92636000,matched,Лениногорский муниципальный район,77755,60214,0.774407,matched,Лениногорский муниципальный район,78468,0.255633,77755,rosstat_2024,matched,64080.3,matched,15119,192.67727,0.027515,0.251009,0.015345,0.039487,0.005688,0.381507
tid_381,381,0,16,Республика Татарстан,муниципальный район,False,92-638-000-000,92638000,matched,Мамадышский муниципальный район,39698,15774,0.39735,matched,Мамадышский муниципальный район,39955,0.27596,39698,rosstat_2024,matched,51843.5,matched,6303,157.752472,0.135808,,0.179597,0.030462,,0.449786
tid_382,382,0,16,Республика Татарстан,муниципальный район,False,92-639-000-000,92639000,matched,Менделеевский муниципальный район,30286,22541,0.744271,matched,Менделеевский муниципальный район,30523,0.234381,30286,rosstat_2024,matched,64860.4,matched,5560,182.157717,,0.029317,0.315108,0.031475,,0.41277
tid_383,383,0,16,Республика Татарстан,муниципальный район,False,92-640-000-000,92640000,matched,Мензелинский муниципальный район,26385,15700,0.595035,matched,Мензелинский муниципальный район,26732,0.279814,26385,rosstat_2024,matched,46310.5,matched,3912,146.341463,0.101227,0.017382,,0.046779,,0.567229
tid_384,384,0,16,Республика Татарстан,муниципальный район,False,92-642-000-000,92642000,matched,Муслюмовский муниципальный район,18692,0,0,matched,Муслюмовский муниципальный район,18828,0.30051,18692,rosstat_2024,matched,47523,matched,3014,160.080731,0.175846,,,0.02422,,0.488719
tid_385,385,2,16,Республика Татарстан,муниципальный район,False,92-644-000-000,92644000,matched,Нижнекамский муниципальный район,276414,254213,0.919682,matched,Нижнекамский муниципальный район,277053,0.241531,276414,rosstat_2024,matched,82945.5,matched,75561,272.73121,0.00978,0.001893,0.396911,0.046995,0.005386,0.232488
tid_386,386,0,16,Республика Татарстан,муниципальный район,False,92-645-000-000,92645000,matched,Новошешминский муниципальный район,12574,0,0,matched,Новошешминский муниципальный район,12798,0.252383,12574,rosstat_2024,matched,76284.8,matched,3279,256.211908,0.025008,0.282403,,0.020128,,0.331199
tid_387,387,0,16,Республика Татарстан,муниципальный район,False,92-646-000-000,92646000,matched,Нурлатский муниципальный район,51661,33125,0.641199,matched,Нурлатский муниципальный район,52133,0.255443,51661,rosstat_2024,matched,58824.1,matched,9588,183.914219,0.046829,0.241552,0.012307,0.045786,,0.367334
tid_388,388,0,16,Республика Татарстан,муниципальный район,False,92-648-000-000,92648000,matched,Пестречинский муниципальный район,66372,0,0,matched,Пестречинский муниципальный район,64944,0.186284,66372,rosstat_2024,matched,53964.3,matched,6419,98.839,0.119956,,0.074622,0.250195,,0.420003
tid_39,39,0,2,Республика Башкортостан,муниципальный район,False,80-610-000-000,80610000,matched,Муниципальный район Белокатайский район,17369,0,0,matched,Белокатайский муниципальный район,17583,0.255872,17369,rosstat_2024,matched,44607.1,matched,2009,114.25809,0.020408,,,0.038825,,0.661523
tid_390,390,0,16,Республика Татарстан,муниципальный район,False,92-652-000-000,92652000,matched,Сабинский муниципальный район,30381,8976,0.295448,matched,Сабинский муниципальный район,30407,0.243793,30381,rosstat_2024,matched,49597.7,matched,7594,249.745124,0.279826,,,0.040822,,0.366474
tid_391,391,0,16,Республика Татарстан,муниципальный район,False,92-653-000-000,92653000,matched,Сармановский муниципальный район,33666,13270,0.394166,matched,Сармановский муниципальный район,34003,0.274917,33666,rosstat_2024,matched,57423.6,matched,6157,181.072258,0.103135,0.154134,0.012993,0.032483,,0.375345
tid_392,392,1,16,Республика Татарстан,муниципальный район,False,92-632-000-000,92632000,matched,Спасский муниципальный район,18014,8147,0.452259,matched,Спасский муниципальный район,18209,0.286342,18014,rosstat_2024,matched,46073.7,matched,2535,139.216871,0.011045,,,0.036292,,0.581854
tid_393,393,0,16,Республика Татарстан,муниципальный район,False,92-655-000-000,92655000,matched,Тетюшский муниципальный район,19798,10204,0.515406,matched,Тетюшский муниципальный район,20066,0.297967,19798,rosstat_2024,matched,43625.3,matched,2981,148.559753,0.090574,,,0.038578,,0.58269
tid_395,395,0,16,Республика Татарстан,муниципальный район,False,92-656-000-000,92656000,matched,Тюлячинский муниципальный район,13489,0,0,matched,Тюлячинский муниципальный район,13562,0.242958,13489,rosstat_2024,matched,45219,matched,2319,170.992479,0.141009,,,0.031479,,0.492022
tid_396,396,0,16,Республика Татарстан,муниципальный район,False,92-658-000-000,92658000,matched,Черемшанский муниципальный район,17877,0,0,matched,Черемшанский муниципальный район,17962,0.259604,17877,rosstat_2024,matched,53839.9,matched,3381,188.230709,0.015084,0.234842,,0.022183,,0.47974
tid_397,397,0,16,Республика Татарстан,муниципальный район,False,92-659-000-000,92659000,matched,Чистопольский муниципальный район,73234,58066,0.792883,matched,Чистопольский муниципальный район,73850,0.267353,73234,rosstat_2024,matched,52834,matched,12149,164.50914,0.043954,,0.232365,0.055889,0.000658,0.426866
tid_398,398,0,16,Республика Татарстан,муниципальный район,False,92-654-000-000,92654000,matched,Ютазинский муниципальный район,19452,10353,0.532233,matched,Ютазинский муниципальный район,19712,0.27501,19452,rosstat_2024,matched,49019.1,matched,3520,178.571429,,0.021307,0.350852,0.026989,,0.395739
tid_4,4,0,1,Республика Адыгея,муниципальный район,False,79-615-000-000,79615000,matched,Кошехабльский муниципальный район,30319,0,0,matched,Кошехабльский муниципальный район,30153,0.24117,30319,rosstat_2024,matched,42959.7,matched,2847,94.418466,,,,0.018616,,0.680717
tid_40,40,0,2,Республика Башкортостан,муниципальный район,False,80-611-000-000,80611000,matched,Муниципальный район Белорецкий район,96915,63743,0.657721,matched,Белорецкий муниципальный район,97873,0.25624,96915,rosstat_2024,matched,47596.9,matched,21070,215.278984,0.004224,,0.341149,0.049929,0.016801,0.356906
tid_401,401,0,17,Республика Тыва,муниципальный район,False,93-605-000-000,93605000,matched,Бай-Тайгинский муниципальный район,10431,0,0,matched,Бай-Тайгинский муниципальный район,10548,0.11424,10431,rosstat_2024,matched,39736.3,matched,1567,148.558969,,,,,,
tid_402,402,0,17,Республика Тыва,муниципальный район,False,93-610-000-000,93610000,matched,Барун-Хемчикский муниципальный район,11626,0,0,matched,Барун-Хемчикский муниципальный район,11881,0.101254,11626,rosstat_2024,matched,41664.6,matched,2321,195.353926,0.01034,,,,,0.878501
tid_403,403,0,17,Республика Тыва,муниципальный район,False,93-615-000-000,93615000,matched,Дзун-Хемчикский муниципальный район,18916,9457,0.499947,matched,Дзун-Хемчикский муниципальный район,19185,0.100808,18916,rosstat_2024,matched,42744.3,matched,2929,152.671358,,,,,,0.851485
tid_404,404,0,17,Республика Тыва,муниципальный район,False,93-620-000-000,93620000,matched,Каа-Хемский муниципальный район,11974,0,0,matched,Каа-Хемский муниципальный район,12100,0.132727,11974,rosstat_2024,matched,51175.6,matched,2554,211.07438,,,,,,0.735709
tid_405,405,0,17,Республика Тыва,муниципальный район,False,93-622-000-000,93622000,matched,Кызылский муниципальный район,36340,20142,0.554265,matched,Кызылский муниципальный район,36061,0.105349,36340,rosstat_2024,matched,52883.4,matched,3513,97.418263,0.003416,,,0.00797,,0.804725
tid_408,408,1,17,Республика Тыва,муниципальный район,False,93-635-000-000,93635000,matched,Пий-Хемский муниципальный район,10364,4925,0.475203,matched,Пий-Хемский муниципальный район,10501,0.150748,10364,rosstat_2024,matched,44508.7,matched,1571,149.6048,0.024188,,0.002546,,,
tid_41,41,0,2,Республика Башкортостан,муниципальный район,False,80-612-000-000,80612000,matched,Муниципальный район Бижбулякский район,20951,0,0,matched,Бижбулякский муниципальный район,21362,0.292716,20951,rosstat_2024,matched,43065.6,matched,2508,117.404737,0.020335,0.133174,,0.036683,,0.573764
tid_410,410,0,17,Республика Тыва,муниципальный район,False,93-640-000-000,93640000,matched,Тандинский муниципальный район,15098,0,0,matched,Тандинский муниципальный район,15234,0.109229,15098,rosstat_2024,matched,48492.2,matched,2120,139.1624,0.016981,,,,,0.881604
tid_413,413,0,17,Республика Тыва,муниципальный район,False,93-650-000-000,93650000,matched,Тоджинский муниципальный район,6694,0,0,matched,Тоджинский муниципальный район,6681,0.088011,6694,rosstat_2024,matched,84196.8,matched,2384,356.832809,0.025587,,,,,
tid_414,414,0,17,Республика Тыва,муниципальный район,False,93-654-000-000,93654000,matched,Улуг-Хемский муниципальный район,19940,11644,0.583952,matched,Улуг-Хемский муниципальный район,20131,0.108589,19940,rosstat_2024,matched,45918.6,matched,2983,148.179425,0.015421,,,,,0.858196
tid_416,416,0,17,Республика Тыва,муниципальный район,False,93-657-000-000,93657000,matched,Чеди-Хольский муниципальный район,7592,0,0,matched,Чеди-Хольский муниципальный район,7670,0.119817,7592,rosstat_2024,matched,44758.3,matched,1080,140.808344,,,,,,0.772222
tid_418,418,2,18,Удмуртская Республика,городской округ,False,94-701-000-000,94701000,matched,Городской округ Ижевск,618776,618776,1,matched,Город Ижевск,620591,0.225319,618776,rosstat_2024,matched,62842.3,matched,166006,267.496628,0.004012,0.023343,0.297435,0.083051,0.006578,0.343186
tid_419,419,0,18,Удмуртская Республика,городской округ,False,94-710-000-000,94710000,matched,Городской округ Воткинск,96037,96037,1,matched,Город Воткинск,96646,0.24716,96037,rosstat_2024,matched,61440.8,matched,24548,253.999131,0.008432,,0.50167,0.042162,0.008432,0.270776
tid_42,42,0,2,Республика Башкортостан,муниципальный район,False,80-613-000-000,80613000,matched,Муниципальный район Бирский район,61478,44833,0.729253,matched,Бирский муниципальный район,61865,0.207403,61478,rosstat_2024,matched,44085,matched,6777,109.544977,0.029364,,0.086912,0.072746,0.006788,0.589051
tid_420,420,0,18,Удмуртская Республика,городской округ,False,94-720-000-000,94720000,matched,Городской округ Глазов,85870,85870,1,matched,Город Глазов,86996,0.271564,85870,rosstat_2024,matched,52295.9,matched,21509,247.241252,0.015435,,0.349435,0.050444,0.008276,0.347808
tid_421,421,0,18,Удмуртская Республика,городской округ,False,94-730-000-000,94730000,matched,Городской округ Можга,43557,43557,1,matched,Город Можга,44038,0.235229,43557,rosstat_2024,matched,43647.3,matched,9997,227.008493,0.009303,,0.290587,0.038812,0.008503,0.443933
tid_422,422,0,18,Удмуртская Республика,городской округ,False,94-740-000-000,94740000,matched,Городской округ Сарапул,89442,89442,1,matched,Город Сарапул,90260,0.257955,89442,rosstat_2024,matched,59117.9,matched,21425,237.369821,0.009475,,0.501377,0.044107,0.002474,0.29727
tid_423,423,0,18,Удмуртская Республика,муниципальный округ,False,94-502-000-000,94502000,matched,Муниципальный округ Алнашский район,19971,0,0,matched,Муниципальный округ Алнашский район,20182,0.228867,19971,rosstat_2024,matched,37483.5,matched,3470,171.935388,0.222478,,0.016427,0.048415,,0.559366
tid_424,424,0,18,Удмуртская Республика,муниципальный округ,False,94-504-000-000,94504000,matched,Муниципальный округ Балезинский район,26866,0,0,matched,Муниципальный округ Балезинский район,27261,0.276879,26866,rosstat_2024,matched,40154.7,matched,5961,218.664026,0.10921,0.005536,0.133031,0.020299,,0.467875
tid_425,425,0,18,Удмуртская Республика,муниципальный округ,False,94-506-000-000,94506000,matched,Муниципальный округ Вавожский район,13809,0,0,matched,Муниципальный округ Вавожский район,13827,0.25848,13809,rosstat_2024,matched,46794.6,matched,3072,222.174007,0.388021,,0.059896,0.02181,,0.405924
tid_428,428,1,18,Удмуртская Республика,муниципальный округ,False,94-512-000-000,94512000,matched,Муниципальный округ Граховский район,8624,0,0,matched,Муниципальный округ Граховский район,8699,0.275434,8624,rosstat_2024,matched,38254.1,matched,1356,155.879986,0.184366,,,0.028024,,0.541298
tid_429,429,1,18,Удмуртская Республика,муниципальный округ,False,94-514-000-000,94514000,matched,Муниципальный округ Дебесский район,10744,0,0,matched,Муниципальный округ Дебёсский район,10804,0.257127,10744,rosstat_2024,matched,42923.8,matched,2506,231.951129,0.18316,0.052275,0.003591,0.050678,,0.507582
tid_43,43,0,2,Республика Башкортостан,муниципальный район,False,80-614-000-000,80614000,matched,Муниципальный район Благоварский район,23850,0,0,matched,Благоварский муниципальный район,24138,0.268581,23850,rosstat_2024,matched,47919.5,matched,3141,130.126771,0.23432,,0.053168,0.036931,,0.458134
tid_430,430,2,18,Удмуртская Республика,муниципальный округ,False,94-516-000-000,94516000,matched,Муниципальный округ Завьяловский район,83460,0,0,matched,Муниципальный округ Завьяловский район,82103,0.222964,83460,rosstat_2024,matched,49111,matched,13804,168.130275,0.154376,0.082223,0.102217,0.047378,0.006085,0.35794
tid_431,431,0,18,Удмуртская Республика,муниципальный округ,False,94-518-000-000,94518000,matched,Муниципальный округ Игринский район,32538,0,0,matched,Муниципальный округ Игринский район,32865,0.264902,32538,rosstat_2024,matched,46375.8,matched,6685,203.407881,0.037846,0.157068,0.089454,0.036948,0.001945,0.427823
tid_432,432,1,18,Удмуртская Республика,муниципальный округ,False,94-520-000-000,94520000,matched,Муниципальный округ Камбарский район,15570,9838,0.631856,matched,Муниципальный округ Камбарский район,15789,0.289885,15570,rosstat_2024,matched,44892.6,matched,3566,225.853442,,0.047953,0.167975,0.030006,,0.395962
tid_433,433,1,18,Удмуртская Республика,муниципальный округ,False,94-522-000-000,94522000,matched,Муниципальный округ Каракулинский район,10095,0,0,matched,Муниципальный округ Каракулинский район,10224,0.28883,10095,rosstat_2024,matched,47947.8,matched,2883,281.983568,0.094693,0.421089,,0.016996,,0.347208
tid_434,434,0,18,Удмуртская Республика,муниципальный округ,False,94-524-000-000,94524000,matched,Муниципальный округ Кезский район,17833,0,0,matched,Муниципальный округ Кезский район,18032,0.283607,17833,rosstat_2024,matched,39891.2,matched,3440,190.771961,0.082558,0.02093,0.237209,0.048837,,0.457558
tid_435,435,0,18,Удмуртская Республика,муниципальный округ,False,94-526-000-000,94526000,matched,Муниципальный округ Кизнерский район,17496,0,0,matched,Муниципальный округ Кизнерский район,17595,0.247002,17496,rosstat_2024,matched,39673.5,matched,3027,172.037511,0.012554,,,0.037,,0.656426
tid_436,436,0,18,Удмуртская Республика,муниципальный округ,False,94-528-000-000,94528000,matched,Муниципальный округ Киясовский район,8518,0,0,matched,Муниципальный округ Киясовский район,8666,0.298177,8518,rosstat_2024,matched,38809.4,matched,1435,165.589661,0.112195,,,0.023693,,0.626481
tid_437,437,1,18,Удмуртская Республика,муниципальный округ,False,94-530-000-000,94530000,matched,Муниципальный округ Красногорский район,7480,0,0,matched,Муниципальный округ Красногорский район,7584,0.343091,7480,rosstat_2024,matched,39702.6,matched,1435,189.214135,0.043206,,,0.059233,,0.630662
tid_438,438,0,18,Удмуртская Республика,муниципальный округ,False,94-533-000-000,94533000,matched,Муниципальный округ Малопургинский район,30993,0,0,matched,Муниципальный округ Малопургинский район,31253,0.245992,30993,rosstat_2024,matched,41380.5,matched,3920,125.427959,0.075,,0.056633,0.027551,,0.565306
tid_44,44,0,2,Республика Башкортостан,муниципальный район,False,80-615-000-000,80615000,matched,Муниципальный район Благовещенский район,48718,35238,0.723306,matched,Благовещенский муниципальный район,49148,0.228555,48718,rosstat_2024,matched,63283.9,matched,9048,184.097013,0.034925,,0.426282,0.068302,0.001658,0.265141
tid_440,440,0,18,Удмуртская Республика,муниципальный округ,False,94-537-000-000,94537000,matched,Муниципальный округ Сарапульский район,23267,0,0,matched,Муниципальный округ Сарапульский район,23501,0.297477,23267,rosstat_2024,matched,47506.9,matched,4105,174.673418,0.216078,0.119123,0.085018,0.037759,,0.351279
tid_441,441,1,18,Удмуртская Республика,муниципальный округ,False,94-539-000-000,94539000,matched,Муниципальный округ Селтинский район,10292,0,0,matched,Муниципальный округ Селтинский район,10457,0.265372,10292,rosstat_2024,matched,39887.5,matched,1618,154.72889,0.142769,,,0.066131,,0.60445
tid_442,442,0,18,Удмуртская Республика,муниципальный округ,False,94-541-000-000,94541000,matched,Муниципальный округ Сюмсинский район,9970,0,0,matched,Муниципальный округ Сюмсинский район,10209,0.299246,9970,rosstat_2024,matched,42518.2,matched,1817,177.980214,,,,0.024766,,0.697854
tid_443,443,0,18,Удмуртская Республика,муниципальный округ,False,94-544-000-000,94544000,matched,Муниципальный округ Увинский район,33739,0,0,matched,Муниципальный округ Увинский район,34140,0.235062,33739,rosstat_2024,matched,49203.3,matched,10343,302.958407,0.144736,0.003191,0.322924,0.03906,0.001064,0.342067
tid_444,444,0,18,Удмуртская Республика,муниципальный округ,False,94-546-000-000,94546000,matched,Муниципальный округ Шарканский район,18886,0,0,matched,Муниципальный округ Шарканский район,19022,0.228052,18886,rosstat_2024,matched,40574.6,matched,3015,158.500683,0.223881,0.042786,0.002322,0.052073,,
tid_445,445,1,18,Удмуртская Республика,муниципальный округ,False,94-548-000-000,94548000,matched,Муниципальный округ Юкаменский район,7231,0,0,matched,Муниципальный округ Юкаменский район,7343,0.323301,7231,rosstat_2024,matched,35047,matched,1176,160.152526,0.013605,,,0.027211,,0.706633
tid_446,446,0,18,Удмуртская Республика,муниципальный округ,False,94-550-000-000,94550000,matched,Муниципальный округ Якшур-Бодьинский район,19293,0,0,matched,Муниципальный округ Якшур-Бодьинский район,19371,0.252801,19293,rosstat_2024,matched,50139.3,matched,4058,209.488411,0.038443,0.223756,0.016264,0.025382,0.007146,0.526368
tid_447,447,1,18,Удмуртская Республика,муниципальный округ,False,94-552-000-000,94552000,matched,Муниципальный округ Ярский район,10983,0,0,matched,Муниципальный округ Ярский район,11148,0.324184,10983,rosstat_2024,matched,41867.2,matched,1908,171.151776,0.072327,,,0.071279,,0.570755
tid_448,448,0,19,Республика Хакасия,городской округ,False,95-701-000-000,95701000,matched,Городской округ г Абакан,185804,185804,1,matched,Город Абакан,185348,0.202101,185804,rosstat_2024,matched,69250.6,matched,46564,251.224723,0.002942,0.005133,0.042415,0.071386,0.002513,0.497745
tid_449,449,1,19,Республика Хакасия,городской округ,False,95-702-000-000,95702000,no_code_match,,,,,matched,Город Абаза,12055,0.323766,12055,bdpmo_2023,matched,55899.1,matched,2451,203.318125,,,,0.035088,,0.514076
tid_45,45,0,2,Республика Башкортостан,муниципальный район,False,80-617-000-000,80617000,matched,Муниципальный район Буздякский район,25432,0,0,matched,Буздякский муниципальный район,25725,0.294266,25432,rosstat_2024,matched,44487.9,matched,3002,116.695821,0.168887,,,0.048634,,0.522318
tid_450,450,0,19,Республика Хакасия,городской округ,False,95-708-000-000,95708000,no_code_match,,,,,matched,Город Саяногорск,55899,0.269719,55899,bdpmo_2023,matched,77235.5,matched,15627,279.557774,,,0.411019,0.028156,0.020221,0.292507
tid_451,451,1,19,Республика Хакасия,городской округ,False,95-709-000-000,95709000,no_code_match,,,,,matched,Город Сорск,10820,0.24695,10820,bdpmo_2023,matched,59273.6,matched,2650,244.916821,,0.442264,,0.009811,,0.360755
tid_452,452,0,19,Республика Хакасия,городской округ,False,95-715-000-000,95715000,no_code_match,,,,,matched,Город Черногорск,77875,0.233104,77875,bdpmo_2023,matched,63659.1,matched,12399,159.216693,,0.22897,0.115735,0.041213,,0.455763
tid_453,453,0,19,Республика Хакасия,муниципальный район,False,95-605-000-000,95605000,no_code_match,,,,,matched,Алтайский муниципальный район,23993,0.25545,23993,bdpmo_2023,matched,70379.5,matched,4393,183.095069,,0.395629,0.009333,0.022763,,
tid_455,455,0,19,Республика Хакасия,муниципальный район,False,95-612-000-000,95612000,no_code_match,,,,,matched,Бейский муниципальный район,17492,0.245827,17492,bdpmo_2023,matched,55506.8,matched,2713,155.099474,,0.198304,,0.010689,,
tid_456,456,1,19,Республика Хакасия,муниципальный район,False,95-615-000-000,95615000,no_code_match,,,,,matched,Боградский муниципальный район,11181,0.291924,11181,bdpmo_2023,matched,44944.3,matched,1762,157.588767,,,,0.017026,,0.830874
tid_457,457,1,19,Республика Хакасия,муниципальный район,False,95-620-000-000,95620000,no_code_match,,,,,matched,Орджоникидзевский муниципальный район,9758,0.28182,9758,bdpmo_2023,matched,45143.5,matched,1801,184.56651,,,,0.023876,,
tid_458,458,0,19,Республика Хакасия,муниципальный район,False,95-625-000-000,95625000,no_code_match,,,,,matched,Таштыпский муниципальный район,15416,0.144395,15416,bdpmo_2023,matched,59234.5,matched,2193,142.2548,,,,0.0228,,0.70269
tid_459,459,0,19,Республика Хакасия,муниципальный район,False,95-630-000-000,95630000,no_code_match,,,,,matched,Усть-Абаканский муниципальный район,47052,0.221606,47052,bdpmo_2023,matched,50932.5,matched,4722,100.357052,,0.034943,0.126853,0.025201,,0.624312
tid_46,46,0,2,Республика Башкортостан,муниципальный район,False,80-618-000-000,80618000,matched,Муниципальный район Бураевский район,20840,0,0,matched,Бураевский муниципальный район,21217,0.330725,20840,rosstat_2024,matched,50689,matched,2710,127.727765,0.024723,,0.011808,0.040959,,0.476753
tid_460,460,0,19,Республика Хакасия,муниципальный район,False,95-635-000-000,95635000,no_code_match,,,,,matched,Ширинский муниципальный район,24494,0.281212,24494,bdpmo_2023,matched,53087.8,matched,4947,201.967829,0.069739,0.149788,,0.019406,0.011522,0.550637
tid_47,47,0,2,Республика Башкортостан,муниципальный район,False,80-619-000-000,80619000,matched,Муниципальный район Бурзянский район,17061,0,0,matched,Бурзянский муниципальный район,17298,0.165742,17061,rosstat_2024,matched,33865.9,matched,2269,131.171234,,,,0.030851,,0.680917
tid_478,478,2,21,Чувашская Республика,городской округ,False,97-701-000-000,97701000,matched,Чебоксарский городской округ,506480,496350,0.979999,matched,Город Чебоксары,506351,0.209833,506480,rosstat_2024,matched,60093.6,matched,117905,232.85231,0.002273,,0.277121,0.083669,0.007777,0.373487
tid_479,479,1,21,Чувашская Республика,городской округ,False,97-704-000-000,97704000,matched,Алатырский городской округ,31304,31304,1,matched,Город Алатырь,31550,0.337718,31304,rosstat_2024,matched,40946.3,matched,7308,231.63233,,,0.446771,0.045703,0.004789,0.345375
tid_48,48,0,2,Республика Башкортостан,муниципальный район,False,80-621-000-000,80621000,matched,Муниципальный район Гафурийский район,29525,0,0,matched,Гафурийский муниципальный район,30022,0.265705,29525,rosstat_2024,matched,40742.2,matched,3321,110.618879,0.012045,,,0.046673,,0.760012
tid_480,480,0,21,Чувашская Республика,городской округ,False,97-707-000-000,97707000,matched,Канашский городской округ,43508,43508,1,matched,Город Канаш,44257,0.249384,43508,rosstat_2024,matched,49770,matched,10382,234.58436,,,0.277018,0.059719,0.013292,0.321903
tid_481,481,0,21,Чувашская Республика,городской округ,False,97-710-000-000,97710000,matched,Новочебоксарский городской округ,120767,120499,0.997781,matched,Город Новочебоксарск,120425,0.224588,120767,rosstat_2024,matched,51288.4,matched,18974,157.558646,,,0.34015,0.082956,0.005587,0.37583
tid_482,482,1,21,Чувашская Республика,городской округ,False,97-713-000-000,97713000,matched,Шумерлинский городской округ,26008,26008,1,matched,Город Шумерля,26321,0.322138,26008,rosstat_2024,matched,49736.9,matched,5863,222.749896,,,0.401842,0.051168,,0.359372
tid_484,484,0,21,Чувашская Республика,муниципальный округ,False,97-505-000-000,97505000,matched,Аликовский муниципальный округ,13550,0,0,matched,Аликовский муниципальный округ,13788,0.307586,13550,rosstat_2024,matched,37434.6,matched,1272,92.254134,0.099057,,,0.073899,,0.600629
tid_485,485,0,21,Чувашская Республика,муниципальный округ,False,97-507-000-000,97507000,matched,Батыревский муниципальный округ,30773,0,0,matched,Батыревский муниципальный округ,31190,0.279994,30773,rosstat_2024,matched,35806.3,matched,3147,100.897724,0.031141,,,0.055926,,0.740705
tid_486,486,0,21,Чувашская Республика,муниципальный округ,False,97-510-000-000,97510000,matched,Вурнарский муниципальный округ,28415,0,0,matched,Вурнарский муниципальный округ,28773,0.251833,28415,rosstat_2024,matched,45362.2,matched,4380,152.226045,0.093607,,0.246119,0.039498,,0.438128
tid_487,487,0,21,Чувашская Республика,муниципальный округ,False,97-513-000-000,97513000,matched,Ибресинский муниципальный округ,19914,0,0,matched,Ибресинский муниципальный округ,20179,0.272214,19914,rosstat_2024,matched,49998.5,matched,2311,114.525001,0.057984,,,0.040242,,0.561229
tid_489,489,1,21,Чувашская Республика,муниципальный округ,False,97-519-000-000,97519000,matched,Козловский муниципальный округ,14831,7471,0.503742,matched,Козловский муниципальный округ,15100,0.354503,14831,rosstat_2024,matched,42334,matched,2404,159.205298,,,0.279534,0.050333,,0.47421
tid_49,49,0,2,Республика Башкортостан,муниципальный район,False,80-622-000-000,80622000,matched,Муниципальный район Давлекановский район,35565,21180,0.595529,matched,Давлекановский муниципальный район,36195,0.241525,35565,rosstat_2024,matched,41173.8,matched,4562,126.039508,0.013591,,0.252082,0.058527,,0.467996
tid_490,490,0,21,Чувашская Республика,муниципальный округ,False,97-521-000-000,97521000,matched,Комсомольский муниципальный округ,20409,0,0,matched,Комсомольский муниципальный округ,20626,0.296616,20409,rosstat_2024,matched,35898.6,matched,1849,89.644138,0.015684,,,0.069767,,0.717144
tid_491,491,0,21,Чувашская Республика,муниципальный округ,False,97-524-000-000,97524000,matched,Красноармейский муниципальный округ,12470,0,0,matched,Красноармейский муниципальный округ,12585,0.307191,12470,rosstat_2024,matched,51655,matched,1659,131.8236,,,,0.024111,,0.447257
tid_492,492,0,21,Чувашская Республика,муниципальный округ,False,97-526-000-000,97526000,matched,Красночетайский муниципальный округ,13525,0,0,matched,Красночетайский муниципальный округ,13739,0.325424,13525,rosstat_2024,matched,36984.9,matched,1263,91.928088,,,,0.063341,,0.584323
tid_493,493,1,21,Чувашская Республика,муниципальный округ,False,97-529-000-000,97529000,matched,Мариинско-Посадский муниципальный округ,18507,7570,0.409034,matched,Мариинско-Посадский муниципальный округ,18877,0.32484,18507,rosstat_2024,matched,37304.7,matched,1867,98.903427,,,0.122121,0.055704,,0.596679
tid_494,494,0,21,Чувашская Республика,муниципальный округ,False,97-532-000-000,97532000,matched,Моргаушский муниципальный округ,30685,0,0,matched,Моргаушский муниципальный округ,30826,0.279277,30685,rosstat_2024,matched,43655.2,matched,3281,106.436125,0.051509,,0.185614,0.041756,,0.569339
tid_495,495,1,21,Чувашская Республика,муниципальный округ,False,97-535-000-000,97535000,matched,Порецкий муниципальный округ,10342,0,0,matched,Порецкий муниципальный округ,10452,0.370073,10342,rosstat_2024,matched,39732.2,matched,1080,103.329506,,,,0.060185,,0.525
tid_496,496,0,21,Чувашская Республика,муниципальный округ,False,97-538-000-000,97538000,matched,Урмарский муниципальный округ,20067,0,0,matched,Урмарский муниципальный округ,20427,0.302345,20067,rosstat_2024,matched,35205.4,matched,1719,84.153326,,,,0.061082,,0.726003
tid_497,497,0,21,Чувашская Республика,муниципальный округ,False,97-541-000-000,97541000,matched,Цивильский муниципальный округ,31134,12864,0.413182,matched,Цивильский муниципальный округ,31328,0.273717,31134,rosstat_2024,matched,42285,matched,6653,212.365935,0.053961,,0.269653,0.044341,0.006163,0.378776
tid_498,498,0,21,Чувашская Республика,муниципальный округ,False,97-544-000-000,97544000,matched,Чебоксарский муниципальный округ,61487,0,0,matched,Чебоксарский муниципальный округ,61599,0.263462,61487,rosstat_2024,matched,43874.3,matched,7822,126.982581,0.226796,,0.171823,0.047047,0.004602,0.444132
tid_499,499,0,21,Чувашская Республика,муниципальный округ,False,97-547-000-000,97547000,matched,Шемуршинский муниципальный округ,11365,0,0,matched,Шемуршинский муниципальный округ,11611,0.311343,11365,rosstat_2024,matched,33451.5,matched,1129,97.23538,,,,0.039858,,0.692648
tid_5,5,0,1,Республика Адыгея,муниципальный район,False,79-618-000-000,79618000,matched,Красногвардейский муниципальный район,32095,0,0,matched,Красногвардейский муниципальный район,31977,0.230197,32095,rosstat_2024,matched,41495.8,matched,3448,107.827501,0.066125,,0.158933,0.033643,,0.595418
tid_50,50,0,2,Республика Башкортостан,муниципальный район,False,80-623-000-000,80623000,matched,Муниципальный район Дуванский район,30750,0,0,matched,Дуванский муниципальный район,30827,0.219191,30750,rosstat_2024,matched,42654.9,matched,4343,140.882992,0.079208,,0.048584,0.052959,0.001612,0.550081
tid_501,501,0,21,Чувашская Республика,муниципальный округ,False,97-553-000-000,97553000,matched,Ядринский муниципальный округ,22282,7662,0.343865,matched,Ядринский муниципальный округ,22684,0.32653,22282,rosstat_2024,matched,43781.9,matched,3000,132.251807,0.029333,,0.142667,0.051667,,0.497333
tid_502,502,0,21,Чувашская Республика,муниципальный округ,False,97-555-000-000,97555000,matched,Яльчикский муниципальный округ,14957,0,0,matched,Яльчикский муниципальный округ,15257,0.366258,14957,rosstat_2024,matched,35191.6,matched,1354,88.746149,0.118168,,,0.047267,,
tid_503,503,0,21,Чувашская Республика,муниципальный округ,False,97-558-000-000,97558000,matched,Янтиковский муниципальный округ,12065,0,0,matched,Янтиковский муниципальный округ,12239,0.30893,12065,rosstat_2024,matched,35973.7,matched,1304,106.544652,,,,0.053681,,
tid_504,504,2,22,Алтайский край,городской округ,False,01-701-000-000,01701000,no_code_match,,,,,matched,Город Барнаул,690128,0.219946,690128,bdpmo_2023,matched,58747.8,matched,156536,226.821691,0.00619,,0.166946,0.11039,0.008484,0.448689
tid_505,505,0,22,Алтайский край,городской округ,False,01-703-000-000,01703000,no_code_match,,,,,matched,Город Алейск,24804,0.238832,24804,bdpmo_2023,matched,49221.9,matched,5325,214.683116,,,0.202066,0.043756,0.02216,0.501033
tid_506,506,0,22,Алтайский край,городской округ,False,01-704-000-000,01704000,no_code_match,,,,,matched,Город Белокуриха,14791,0.278615,14791,bdpmo_2023,matched,55378.6,matched,5626,380.366439,,,,0.027728,0.058656,0.785994
tid_507,507,0,22,Алтайский край,городской округ,False,01-705-000-000,01705000,no_code_match,,,,,matched,Город Бийск,189639,0.220593,189639,bdpmo_2023,matched,50561.2,matched,39154,206.46597,0.004929,,0.320197,0.095112,0.004393,0.37871
tid_508,508,0,22,Алтайский край,городской округ,False,01-706-000-000,01706000,no_code_match,,,,,matched,Город Заринск,40626,0.298848,40626,bdpmo_2023,matched,53069.6,matched,9658,237.729533,0.002071,,0.435597,0.032098,,0.332574
tid_509,509,0,22,Алтайский край,городской округ,False,01-713-000-000,01713000,no_code_match,,,,,matched,Город Новоалтайск,73122,0.256188,73122,bdpmo_2023,matched,57788.2,matched,17990,246.027187,,,0.304892,0.125014,0.004836,0.264036
tid_51,51,0,2,Республика Башкортостан,муниципальный район,False,80-624-000-000,80624000,matched,Муниципальный район Дюртюлинский район,59179,31067,0.524967,matched,Дюртюлинский муниципальный район,59679,0.24548,59179,rosstat_2024,matched,47327.5,matched,8423,141.138424,0.074439,0.101389,0.014484,0.048558,0.004986,0.434406
tid_510,510,0,22,Алтайский край,городской округ,False,01-716-000-000,01716000,no_code_match,,,,,matched,Город Рубцовск,124687,0.224298,124687,bdpmo_2023,matched,44377.4,matched,23542,188.808777,0.002251,,0.261745,0.046513,0.007221,0.498343
tid_511,511,0,22,Алтайский край,муниципальный округ,False,01-539-000-000,01539000,no_code_match,,,,,matched,Муниципальный округ город Славгород,37149,0.233869,37149,bdpmo_2023,matched,40803.8,matched,5590,150.475114,0.040966,,0.065474,0.057066,0.013238,0.582826
tid_512,512,1,22,Алтайский край,городской округ,False,01-730-000-000,01730000,no_code_match,,,,,matched,Город Яровое,16447,0.36037,16447,bdpmo_2023,matched,39385.2,matched,2216,134.735818,,,,0.061372,,0.528881
tid_515,515,0,22,Алтайский край,муниципальный район,False,01-602-000-000,01602000,no_code_match,,,,,matched,Алтайский муниципальный район,26306,0.252566,26306,bdpmo_2023,matched,37751.4,matched,2863,108.834486,0.075445,,0.00489,0.048201,0.008383,0.637443
tid_516,516,1,22,Алтайский край,муниципальный район,False,01-603-000-000,01603000,no_code_match,,,,,matched,Баевский муниципальный район,7994,0.345134,7994,bdpmo_2023,matched,39530.3,matched,928,116.087065,,,,0.033405,0.019397,
tid_517,517,0,22,Алтайский край,муниципальный район,False,01-604-000-000,01604000,no_code_match,,,,,matched,Бийский муниципальный район,31796,0.279721,31796,bdpmo_2023,matched,41386.8,matched,3474,109.259026,0.303972,,0.105354,0.022453,0.021589,0.434657
tid_518,518,1,22,Алтайский край,муниципальный район,False,01-605-000-000,01605000,no_code_match,,,,,matched,Благовещенский муниципальный район,25706,0.280829,25706,bdpmo_2023,matched,43992.6,matched,5040,196.063176,0.064484,,0.239286,0.035119,0.017857,0.468254
tid_519,519,1,22,Алтайский край,муниципальный район,False,01-606-000-000,01606000,no_code_match,,,,,matched,Бурлинский муниципальный район,7728,0.328546,7728,bdpmo_2023,matched,37484.4,matched,1083,140.139752,0.129271,,,0.017544,,
tid_52,52,0,2,Республика Башкортостан,муниципальный район,False,80-625-000-000,80625000,matched,Муниципальный район Ермекеевский район,14369,0,0,matched,Ермекеевский муниципальный район,14689,0.296548,14369,rosstat_2024,matched,47724.5,matched,1678,114.235142,0.216925,0.082837,,0.029797,,0.477354
tid_520,520,1,22,Алтайский край,муниципальный район,False,01-607-000-000,01607000,no_code_match,,,,,matched,Быстроистокский муниципальный район,7216,0.33786,7216,bdpmo_2023,matched,37732.5,matched,1023,141.768293,,,,0.01955,0.024438,
tid_521,521,1,22,Алтайский край,муниципальный район,False,01-608-000-000,01608000,no_code_match,,,,,matched,Волчихинский муниципальный район,14900,0.286242,14900,bdpmo_2023,matched,37006,matched,2265,152.013423,0.130684,,0.130684,0.037528,0.016336,0.534216
tid_522,522,1,22,Алтайский край,муниципальный район,False,01-609-000-000,01609000,no_code_match,,,,,matched,Егорьевский муниципальный район,10811,0.30321,10811,bdpmo_2023,matched,37507,matched,1638,151.512349,0.147131,,0.004274,0.015263,0.053724,0.650794
tid_523,523,1,22,Алтайский край,муниципальный район,False,01-610-000-000,01610000,no_code_match,,,,,matched,Ельцовский муниципальный район,4762,0.354053,4762,bdpmo_2023,matched,34526.5,matched,594,124.737505,,,,0.02862,0.015152,0.673401
tid_524,524,0,22,Алтайский край,муниципальный район,False,01-611-000-000,01611000,no_code_match,,,,,matched,Завьяловский муниципальный район,15697,0.316048,15697,bdpmo_2023,matched,40880.2,matched,2481,158.055679,0.177348,,0.032648,0.039903,0.004837,0.536477
tid_525,525,1,22,Алтайский край,муниципальный округ,False,01-512-000-000,01512000,no_code_match,,,,,matched,Залесовский муниципальный округ,11444,0.303915,11444,bdpmo_2023,matched,37480.7,matched,1280,111.849004,,,,0.05,,0.769531
tid_527,527,1,22,Алтайский край,муниципальный район,False,01-614-000-000,01614000,no_code_match,,,,,matched,Змеиногорский муниципальный район,16142,0.306034,16142,bdpmo_2023,matched,64200.4,matched,3768,233.428324,0.096868,,0.010881,0.026008,0.008227,0.369427
tid_528,528,1,22,Алтайский край,муниципальный район,False,01-615-000-000,01615000,no_code_match,,,,,matched,Калманский муниципальный район,11723,0.299838,11723,bdpmo_2023,matched,45147.2,matched,1542,131.536296,,,,0.029183,0.022698,
tid_529,529,0,22,Алтайский край,муниципальный район,False,01-616-000-000,01616000,no_code_match,,,,,matched,Каменский муниципальный район,40373,0.320264,40373,bdpmo_2023,matched,39123,matched,7310,181.061601,0.056088,,0.09015,0.049658,0.008071,0.51368
tid_53,53,0,2,Республика Башкортостан,муниципальный район,False,80-626-000-000,80626000,matched,Муниципальный район Зианчуринский район,23381,0,0,matched,Зианчуринский муниципальный район,23890,0.24956,23381,rosstat_2024,matched,37709.7,matched,2675,111.971536,0.091963,,,0.051963,,0.657196
tid_530,530,0,22,Алтайский край,муниципальный район,False,01-617-000-000,01617000,no_code_match,,,,,matched,Ключевский муниципальный район,12620,0.303803,12620,bdpmo_2023,matched,35967.3,matched,1801,142.709984,0.111605,,,0.038312,,0.642421
tid_531,531,1,22,Алтайский край,муниципальный район,False,01-618-000-000,01618000,no_code_match,,,,,matched,Косихинский муниципальный район,13533,0.316707,13533,bdpmo_2023,matched,36921.7,matched,1731,127.909554,,,,0.034662,0.045061,
tid_532,532,1,22,Алтайский край,муниципальный район,False,01-619-000-000,01619000,no_code_match,,,,,matched,Красногорский муниципальный район,12865,0.290012,12865,bdpmo_2023,matched,33159.9,matched,1839,142.945977,0.081022,,,0.02882,0.010875,0.618815
tid_533,533,1,22,Алтайский край,муниципальный район,False,01-620-000-000,01620000,no_code_match,,,,,matched,Краснощёковский муниципальный район,13804,0.332585,13804,bdpmo_2023,matched,45538.1,matched,2034,147.348595,0.117502,,0.011799,0.06293,0.015733,0.488692
tid_534,534,1,22,Алтайский край,муниципальный район,False,01-621-000-000,01621000,no_code_match,,,,,matched,Крутихинский муниципальный район,8062,0.316795,8062,bdpmo_2023,matched,36048.2,matched,930,115.355991,,,,0.031183,,0.715054
tid_535,535,0,22,Алтайский край,муниципальный район,False,01-622-000-000,01622000,no_code_match,,,,,matched,Кулундинский муниципальный район,20480,0.270166,20480,bdpmo_2023,matched,46991.8,matched,3139,153.271484,,,0.066582,0.036636,,0.479452
tid_536,536,1,22,Алтайский край,муниципальный район,False,01-623-000-000,01623000,no_code_match,,,,,matched,Курьинский муниципальный район,8155,0.344574,8155,bdpmo_2023,matched,38578.7,matched,1258,154.261189,,,0.054054,0.029412,0.018283,
tid_537,537,1,22,Алтайский край,муниципальный район,False,01-624-000-000,01624000,no_code_match,,,,,matched,Кытмановский муниципальный район,9765,0.329647,9765,bdpmo_2023,matched,39106,matched,1699,173.988735,0.24897,,,0.013537,,0.579753
tid_538,538,1,22,Алтайский край,муниципальный район,False,01-625-000-000,01625000,no_code_match,,,,,matched,Локтевский муниципальный район,19707,0.343228,19707,bdpmo_2023,matched,38837.5,matched,2752,139.645811,0.090116,,,0.082122,,0.581759
tid_539,539,0,22,Алтайский край,муниципальный район,False,01-626-000-000,01626000,no_code_match,,,,,matched,Мамонтовский муниципальный район,17803,0.333764,17803,bdpmo_2023,matched,38559.6,matched,2414,135.595124,0.057995,,,0.036868,,0.655758
tid_54,54,0,2,Республика Башкортостан,муниципальный район,False,80-627-000-000,80627000,matched,Муниципальный район Зилаирский район,14231,0,0,matched,Зилаирский муниципальный район,14560,0.249176,14231,rosstat_2024,matched,39035,matched,1746,119.917582,0.048683,,,0.040092,,0.683849
tid_540,540,1,22,Алтайский край,муниципальный район,False,01-627-000-000,01627000,no_code_match,,,,,matched,Михайловский муниципальный район,16483,0.309713,16483,bdpmo_2023,matched,38029.6,matched,2306,139.901717,0.163487,,0.003036,0.03686,,0.623591
tid_541,541,1,22,Алтайский край,муниципальный район,False,01-628-000-000,01628000,no_code_match,,,,,matched,Новичихинский муниципальный район,7533,0.320988,7533,bdpmo_2023,matched,40108.6,matched,1331,176.689234,0.275733,,0.044328,0.013524,0.01127,0.487603
tid_542,542,3,22,Алтайский край,муниципальный район,False,01-629-000-000,01629000,no_code_match,,,,,matched,Зональный муниципальный район,16392,0.279344,16392,bdpmo_2023,matched,41530.5,matched,3665,223.584675,0.353888,,0.239018,0.02101,0.008458,
tid_543,543,0,22,Алтайский край,муниципальный район,False,01-630-000-000,01630000,no_code_match,,,,,matched,Павловский муниципальный район,38931,0.277851,38931,bdpmo_2023,matched,47369.9,matched,6827,175.361537,0.23744,,0.180167,0.029295,0.012597,0.405888
tid_544,544,1,22,Алтайский край,муниципальный район,False,01-631-000-000,01631000,no_code_match,,,,,matched,Панкрушихинский муниципальный район,9268,0.317005,9268,bdpmo_2023,matched,41075.8,matched,1386,149.546828,0.113276,,,0.022367,,0.621212
tid_545,545,0,22,Алтайский край,муниципальный район,False,01-632-000-000,01632000,no_code_match,,,,,matched,Первомайский муниципальный район,52558,0.257715,52558,bdpmo_2023,matched,41178.9,matched,5354,101.868412,0.100299,,0.059208,0.066492,0.028764,0.567613
tid_546,546,1,22,Алтайский край,муниципальный район,False,01-633-000-000,01633000,no_code_match,,,,,matched,Петропавловский муниципальный район,10396,0.286264,10396,bdpmo_2023,matched,45750.9,matched,2031,195.363601,0.3742,,,0.011324,0.016248,
tid_547,547,1,22,Алтайский край,муниципальный район,False,01-634-000-000,01634000,no_code_match,,,,,matched,Поспелихинский муниципальный район,19641,0.298254,19641,bdpmo_2023,matched,40552.4,matched,3742,190.519831,0.222341,,0.117317,0.048904,0.009621,0.387493
tid_548,548,1,22,Алтайский край,муниципальный район,False,01-635-000-000,01635000,no_code_match,,,,,matched,Ребрихинский муниципальный район,18967,0.322929,18967,bdpmo_2023,matched,36407.3,matched,2793,147.25576,0.19334,,,0.030075,0.009667,0.582528
tid_549,549,1,22,Алтайский край,муниципальный район,False,01-636-000-000,01636000,no_code_match,,,,,matched,Родинский муниципальный район,14551,0.339152,14551,bdpmo_2023,matched,37395.3,matched,1837,126.245619,0.126293,,,0.041916,,
tid_55,55,0,2,Республика Башкортостан,муниципальный район,False,80-628-000-000,80628000,matched,Муниципальный район Иглинский район,71099,0,0,matched,Иглинский муниципальный район,70277,0.22787,71099,rosstat_2024,matched,58344.2,matched,5336,75.928113,0.008058,,0.012181,0.147301,,0.555285
tid_550,550,0,22,Алтайский край,муниципальный район,False,01-637-000-000,01637000,no_code_match,,,,,matched,Романовский муниципальный район,10697,0.33673,10697,bdpmo_2023,matched,40831.2,matched,1750,163.59727,0.294286,,0.008,0.034286,0.013143,0.501143
tid_552,552,1,22,Алтайский край,муниципальный район,False,01-640-000-000,01640000,no_code_match,,,,,matched,Смоленский муниципальный район,20472,0.303146,20472,bdpmo_2023,matched,40967.8,matched,2881,140.7288,0.155154,,0.09823,0.032975,0.020826,0.53419
tid_553,553,1,22,Алтайский край,муниципальный округ,False,01-541-000-000,01541000,no_code_match,,,,,matched,Муниципальный округ Суетский район,3380,0.290828,3380,bdpmo_2023,matched,47164.1,matched,692,204.733728,0.362717,,,,,
tid_554,554,1,22,Алтайский край,муниципальный район,False,01-642-000-000,01642000,no_code_match,,,,,matched,Советский муниципальный район,13757,0.297303,13757,bdpmo_2023,matched,44899.7,matched,2560,186.087083,0.252734,,0.116797,0.015625,0.005469,
tid_555,555,1,22,Алтайский край,муниципальный район,False,01-643-000-000,01643000,no_code_match,,,,,matched,Солонешенский муниципальный район,7292,0.285518,7292,bdpmo_2023,matched,34644.7,matched,1040,142.622052,,,,0.022115,,
tid_556,556,3,22,Алтайский край,муниципальный район,False,01-644-000-000,01644000,no_code_match,,,,,matched,Солтонский муниципальный район,6150,0.310732,6150,bdpmo_2023,matched,33444.7,matched,857,139.349593,0.039673,,,0.029172,,
tid_557,557,1,22,Алтайский край,муниципальный район,False,01-645-000-000,01645000,no_code_match,,,,,matched,Шелаболихинский муниципальный район,10349,0.328727,10349,bdpmo_2023,matched,37598,matched,2051,198.183399,0.349098,,0.07216,,0.016577,0.389566
tid_558,558,1,22,Алтайский край,муниципальный район,False,01-646-000-000,01646000,no_code_match,,,,,matched,Табунский муниципальный район,7082,0.26052,7082,bdpmo_2023,matched,35044.3,matched,1344,189.776899,0.165179,,0.145833,0.018601,,
tid_559,559,0,22,Алтайский край,муниципальный район,False,01-647-000-000,01647000,no_code_match,,,,,matched,Тальменский муниципальный район,42586,0.264641,42586,bdpmo_2023,matched,42675.2,matched,5508,129.33828,0.151779,,0.053922,0.035948,0.007625,0.566993
tid_56,56,0,2,Республика Башкортостан,муниципальный район,False,80-630-000-000,80630000,matched,Муниципальный район Илишевский район,30405,0,0,matched,Илишевский муниципальный район,30701,0.282238,30405,rosstat_2024,matched,48642.8,matched,4310,140.386307,0.077262,0.075638,,0.036891,,0.516705
tid_560,560,1,22,Алтайский край,муниципальный район,False,01-648-000-000,01648000,no_code_match,,,,,matched,Тогульский муниципальный район,6346,0.335645,6346,bdpmo_2023,matched,40943.1,matched,1392,219.350772,0.345546,,0.031609,0.025144,,
tid_561,561,1,22,Алтайский край,муниципальный район,False,01-649-000-000,01649000,no_code_match,,,,,matched,Топчихинский муниципальный район,18383,0.304792,18383,bdpmo_2023,matched,41598.3,matched,3271,177.936137,0.188627,,0.087435,0.055335,0.015592,0.540507
tid_562,562,1,22,Алтайский край,муниципальный район,False,01-650-000-000,01650000,no_code_match,,,,,matched,Третьяковский муниципальный район,10228,0.281189,10228,bdpmo_2023,matched,36965.1,matched,1949,190.555338,0.251924,,0.11647,0.025141,0.00667,
tid_563,563,1,22,Алтайский край,муниципальный район,False,01-651-000-000,01651000,no_code_match,,,,,matched,Троицкий муниципальный район,18242,0.327376,18242,bdpmo_2023,matched,39950,matched,2877,157.71297,0.055266,,0.098366,0.03163,0.012861,0.609315
tid_564,564,1,22,Алтайский край,муниципальный район,False,01-652-000-000,01652000,no_code_match,,,,,matched,Тюменцевский муниципальный район,11012,0.309662,11012,bdpmo_2023,matched,33529.9,matched,1958,177.80603,0.206844,,0.064351,0.019408,0.034729,0.572012
tid_565,565,1,22,Алтайский край,муниципальный район,False,01-653-000-000,01653000,no_code_match,,,,,matched,Угловский муниципальный район,8920,0.315471,8920,bdpmo_2023,matched,36735.5,matched,1387,155.493274,0.159337,,,0.009373,,0.617159
tid_566,566,1,22,Алтайский край,муниципальный район,False,01-654-000-000,01654000,no_code_match,,,,,matched,Усть-Калманский муниципальный район,10944,0.347039,10944,bdpmo_2023,matched,40218.6,matched,1743,159.265351,0.091222,,0.098107,0.02926,0.019507,0.554217
tid_567,567,1,22,Алтайский край,муниципальный район,False,01-655-000-000,01655000,no_code_match,,,,,matched,Усть-Пристанский муниципальный район,9282,0.374165,9282,bdpmo_2023,matched,35063.6,matched,1157,124.64986,0.045808,,,0.029386,,
tid_568,568,0,22,Алтайский край,муниципальный район,False,01-656-000-000,01656000,no_code_match,,,,,matched,Хабарский муниципальный район,12392,0.307779,12392,bdpmo_2023,matched,37764.6,matched,2359,190.364751,0.28741,,0.089021,0.026706,0.015261,
tid_569,569,1,22,Алтайский край,муниципальный район,False,01-657-000-000,01657000,no_code_match,,,,,matched,Целинный муниципальный район,13147,0.30661,13147,bdpmo_2023,matched,42597.2,matched,2546,193.656347,0.050668,,0.288295,0.022781,,0.524352
tid_57,57,0,2,Республика Башкортостан,муниципальный район,False,80-631-000-000,80631000,matched,Муниципальный район Ишимбайский район,82948,62672,0.755558,matched,Ишимбайский муниципальный район,83847,0.264458,82948,rosstat_2024,matched,51750.7,matched,12850,153.255334,0.003658,0.060856,0.204669,0.068638,0.003658,0.386381
tid_570,570,1,22,Алтайский край,муниципальный округ,False,01-558-000-000,01558000,no_code_match,,,,,matched,Муниципальный округ Чарышский район,9445,0.286395,9445,bdpmo_2023,matched,33473.1,matched,1443,152.779248,0.118503,,,0.01386,0.015939,
tid_571,571,1,22,Алтайский край,муниципальный район,False,01-659-000-000,01659000,no_code_match,,,,,matched,Шипуновский муниципальный район,24524,0.314957,24524,bdpmo_2023,matched,39260,matched,3749,152.870657,0.066418,,0.102961,0.030675,0.01147,0.57562
tid_572,572,1,22,Алтайский край,муниципальный район,False,01-660-000-000,01660000,no_code_match,,,,,matched,Немецкий национальный муниципальный район,14938,0.243473,14938,bdpmo_2023,matched,39067.5,matched,2317,155.107779,0.214933,,0.101856,0.014674,0.005179,0.53129
tid_574,574,0,75,Забайкальский край,городской округ,False,76-715-000-000,76715000,matched,Городской округ г Петровск-Забайкальский,14473,14473,1,matched,Город Петровск-Забайкальский,14683,0.226725,14473,rosstat_2024,matched,49205.9,matched,4133,281.481986,,,,0.053714,,0.564481
tid_578,578,0,75,Забайкальский край,муниципальный район,False,76-606-000-000,76606000,matched,Муниципальный район Балейский район,15274,10052,0.658112,matched,Балейский муниципальный район,15537,0.235374,15274,rosstat_2024,matched,70858.5,matched,3164,203.642917,,0.281606,,0.012326,,0.540771
tid_579,579,0,75,Забайкальский край,муниципальный район,False,76-609-000-000,76609000,matched,Муниципальный район Борзинский район,43803,39050,0.891491,matched,Борзинский муниципальный район,44344,0.171387,43803,rosstat_2024,matched,62061.5,matched,8482,191.277287,,,0.023579,0.018981,,0.449894
tid_58,58,0,2,Республика Башкортостан,муниципальный район,False,80-633-000-000,80633000,matched,Муниципальный район Калтасинский район,21101,0,0,matched,Калтасинский муниципальный район,21551,0.266809,21101,rosstat_2024,matched,56027.3,matched,3093,143.520022,0.038797,0.135467,,0.043,,0.451018
tid_580,580,3,75,Забайкальский край,муниципальный район,False,76-610-000-000,76610000,no_code_match,,,,,matched,Газимуро-Заводский муниципальный район,8008,0.19006,8008,bdpmo_2023,matched,112760,matched,6767,845.02997,,0.500074,,0.003103,0.013891,0.164918
tid_581,581,0,75,Забайкальский край,муниципальный район,False,76-612-000-000,76612000,matched,Муниципальный район Забайкальский район,19300,13347,0.691554,matched,Забайкальский муниципальный район,19646,0.121806,19300,rosstat_2024,matched,77266.3,matched,3915,199.277207,,,,0.017625,,0.455428
tid_582,582,3,75,Забайкальский край,муниципальный округ,False,76-515-000-000,76515000,matched,Каларский муниципальный округ,7207,4025,0.558485,matched,Каларский муниципальный округ,7377,0.166734,7207,rosstat_2024,matched,143636.1,matched,9322,1263.657313,,0.009118,0.303154,,,0.07552
tid_583,583,3,75,Забайкальский край,муниципальный район,False,76-618-000-000,76618000,no_code_match,,,,,matched,Калганский муниципальный район,5743,0.231238,5743,bdpmo_2023,matched,77497.8,matched,1867,325.091416,,0.510445,,,,0.424746
tid_584,584,0,75,Забайкальский край,муниципальный район,False,76-620-000-000,76620000,matched,Муниципальный район Карымский район,33483,21025,0.627931,matched,Карымский муниципальный район,33677,0.178252,33483,rosstat_2024,matched,66547.8,matched,7130,211.717196,,,0.129593,0.011501,,0.460449
tid_585,585,1,75,Забайкальский край,муниципальный район,False,76-621-000-000,76621000,matched,Муниципальный район г Краснокаменск и Краснокаменский район,55782,51576,0.924599,matched,Муниципальный район Город Краснокаменск и Краснокаменский район,55713,0.216431,55782,rosstat_2024,matched,62974.9,matched,14753,264.803547,,,0.359927,0.045414,0.012743,0.35342
tid_586,586,0,75,Забайкальский край,муниципальный район,False,76-622-000-000,76622000,matched,Муниципальный район Красночикойский район,15817,0,0,matched,Красночикойский муниципальный район,16105,0.265446,15817,rosstat_2024,matched,50138.4,matched,2798,173.734865,0.031808,0.087205,,0.010007,0.017513,0.662974
tid_587,587,2,75,Забайкальский край,муниципальный район,False,76-624-000-000,76624000,matched,Муниципальный район Кыринский район,9949,0,0,matched,Кыринский муниципальный район,10238,0.224067,9949,rosstat_2024,matched,95889.2,matched,2016,196.91346,0.026786,,,0.008433,,0.693452
tid_588,588,3,75,Забайкальский край,муниципальный район,False,76-626-000-000,76626000,no_code_match,,,,,matched,Могочинский муниципальный район,21110,0.181146,21110,bdpmo_2023,matched,92117.5,matched,8943,423.638086,0.004696,0.231354,0.060047,0.006038,0.003131,0.193447
tid_589,589,0,75,Забайкальский край,муниципальный район,False,76-628-000-000,76628000,matched,Муниципальный район Нерчинский район,26450,16468,0.622609,matched,Нерчинский муниципальный район,26642,0.180317,26450,rosstat_2024,matched,53385.8,matched,5217,195.818632,0.033353,0.233468,,0.038145,,0.521181
tid_59,59,0,2,Республика Башкортостан,муниципальный район,False,80-634-000-000,80634000,matched,Муниципальный район Караидельский район,23105,0,0,matched,Караидельский муниципальный район,23589,0.255755,23105,rosstat_2024,matched,38210.7,matched,2315,98.138963,0.010799,,0.008639,0.040173,,0.707127
tid_591,591,0,75,Забайкальский край,муниципальный район,False,76-632-000-000,76632000,matched,Муниципальный район Оловяннинский район,29773,17984,0.604037,matched,Оловяннинский муниципальный район,30332,0.200646,29773,rosstat_2024,matched,60512.4,matched,4438,146.314124,,,,0.015998,,0.592609
tid_592,592,0,75,Забайкальский край,муниципальный район,False,76-634-000-000,76634000,no_code_match,,,,,matched,Ононский муниципальный район,8444,0.245144,8444,bdpmo_2023,matched,41564.5,matched,1352,160.11369,,,,,,0.798817
tid_593,593,0,75,Забайкальский край,муниципальный район,False,76-636-000-000,76636000,matched,Муниципальный район Петровск-Забайкальский район,14576,2708,0.185785,matched,Петровск-Забайкальский муниципальный район,14792,0.225257,14576,rosstat_2024,matched,62499.3,matched,2442,165.089237,,,,,,
tid_594,594,0,75,Забайкальский край,муниципальный округ,False,76-538-000-000,76538000,matched,Приаргунский муниципальный округ,15082,7885,0.522809,matched,Приаргунский муниципальный округ,15487,0.229418,15082,rosstat_2024,matched,50601.1,matched,3085,199.199328,0.05705,,,0.022366,,0.602917
tid_595,595,0,75,Забайкальский край,муниципальный район,False,76-640-000-000,76640000,matched,Муниципальный район Сретенский район,17869,12749,0.71347,matched,Сретенский муниципальный район,18184,0.213924,17869,rosstat_2024,matched,80350.9,matched,3720,204.575451,,0.241129,0.005376,0.004839,,0.601075
tid_598,598,0,75,Забайкальский край,муниципальный район,False,76-646-000-000,76646000,matched,Муниципальный район Улетовский район,16787,2965,0.176625,matched,Улётовский муниципальный район,16960,0.246403,16787,rosstat_2024,matched,49868.2,matched,2543,149.941038,0.036571,,,0.026347,,0.63547
tid_599,599,0,75,Забайкальский край,муниципальный район,False,76-647-000-000,76647000,matched,Муниципальный район Хилокский район,24713,12499,0.505766,matched,Хилокский муниципальный район,25060,0.205746,24713,rosstat_2024,matched,68212.6,matched,5810,231.843575,0.016695,,0.050086,0.009122,0.004991,0.365404
tid_6,6,0,1,Республика Адыгея,муниципальный район,False,79-622-000-000,79622000,matched,Майкопский муниципальный район,59156,0,0,matched,Майкопский муниципальный район,58793,0.268893,59156,rosstat_2024,matched,41518,matched,4851,82.509823,0.038961,0.03422,0.024943,0.067409,,0.642136
tid_60,60,0,2,Республика Башкортостан,муниципальный район,False,80-635-000-000,80635000,matched,Муниципальный район Кармаскалинский район,51575,0,0,matched,Кармаскалинский муниципальный район,51986,0.255723,51575,rosstat_2024,matched,47363.8,matched,4980,95.795022,0.10743,,0.050201,0.06988,,0.503213
tid_600,600,0,75,Забайкальский край,муниципальный район,False,76-648-000-000,76648000,matched,Муниципальный район Чернышевский район,29154,20770,0.712424,matched,Чернышевский муниципальный район,29424,0.187398,29154,rosstat_2024,matched,79657,matched,7516,255.437738,,,0.054284,0.009313,0.003326,0.309473
tid_601,601,0,75,Забайкальский край,муниципальный район,False,76-650-000-000,76650000,matched,Муниципальный район Читинский район,71661,19750,0.275603,matched,Читинский муниципальный район,71269,0.172866,71661,rosstat_2024,matched,54877.8,matched,7544,105.852474,0.012063,0.043213,0.089475,0.028234,0.007423,0.617842
tid_602,602,3,75,Забайкальский край,муниципальный район,False,76-652-000-000,76652000,matched,Муниципальный район Шелопугинский район,5546,0,0,matched,Шелопугинский муниципальный район,5711,0.26948,5546,rosstat_2024,matched,47133.6,matched,1021,178.777797,,,,,,0.729677
tid_603,603,0,75,Забайкальский край,муниципальный район,False,76-654-000-000,76654000,matched,Муниципальный район Шилкинский район,35034,24479,0.698721,matched,Шилкинский муниципальный район,35585,0.229057,35034,rosstat_2024,matched,59030.3,matched,7564,212.561473,,,,0.0156,,0.510709
tid_604,604,0,75,Забайкальский край,городской округ,False,76-702-000-000,76702000,no_code_match,,,,,matched,Поселок Агинское,16614,0.141808,16614,bdpmo_2023,matched,51270.4,matched,3586,215.842061,0.008087,,,0.014501,,0.709147
tid_605,605,0,75,Забайкальский край,муниципальный район,False,76-602-000-000,76602000,no_code_match,,,,,matched,Агинский муниципальный район,15742,0.194321,15742,bdpmo_2023,matched,41378.7,matched,1870,118.790497,,,,,,
tid_606,606,0,75,Забайкальский край,муниципальный район,False,76-611-000-000,76611000,no_code_match,,,,,matched,Дульдургинский муниципальный район,13754,0.182638,13754,bdpmo_2023,matched,46908,matched,2196,159.662644,0.014117,,,0.009563,,0.660291
tid_607,607,0,75,Забайкальский край,муниципальный район,False,76-625-000-000,76625000,no_code_match,,,,,matched,Могойтуйский муниципальный район,22661,0.16813,22661,bdpmo_2023,matched,45841.4,matched,3230,142.535634,,,,0.022291,,0.773684
tid_608,608,2,41,Камчатский край,городской округ,False,30-701-000-000,30701000,matched,Петропавловск-Камчатский городской округ,163152,163152,1,matched,Петропавловск-Камчатский,162992,0.200022,163152,rosstat_2024,matched,132021.4,matched,55647,341.409394,0.129639,0.009255,0.050461,0.047855,0.003774,0.472245
tid_61,61,0,2,Республика Башкортостан,муниципальный район,False,80-636-000-000,80636000,matched,Муниципальный район Кигинский район,16339,0,0,matched,Кигинский муниципальный район,16478,0.248817,16339,rosstat_2024,matched,38004,matched,1704,103.410608,,,0.014085,0.056338,,0.75
tid_612,612,0,41,Камчатский край,муниципальный район,False,30-607-000-000,30607000,matched,Елизовский муниципальный район,59889,37699,0.629481,matched,Елизовский муниципальный район,59658,0.206561,59889,rosstat_2024,matched,104995.7,matched,16935,283.868048,0.044405,,0.027753,0.020667,0.034603,0.47452
tid_613,613,0,41,Камчатский край,муниципальный район,False,30-610-000-000,30610000,no_code_match,,,,,matched,Мильковский муниципальный район,8890,0.270754,8890,bdpmo_2023,matched,88089.6,matched,2227,250.506187,0.011226,,,0.003592,,0.628648
tid_614,614,3,41,Камчатский край,муниципальный район,False,30-613-000-000,30613000,matched,Соболевский муниципальный район,1979,0,0,matched,Соболевский муниципальный район,1988,0.251006,1979,rosstat_2024,matched,210789.3,matched,2583,1299.295775,0.352304,0.116918,0.199768,0.023229,0.012389,0.12892
tid_615,615,3,41,Камчатский край,муниципальный район,False,30-616-000-000,30616000,matched,Усть-Большерецкий муниципальный район,6069,0,0,matched,Усть-Большерецкий муниципальный район,6185,0.239612,6069,rosstat_2024,matched,142828.7,matched,3483,563.136621,0.231697,,0.300603,,0.000861,0.258685
tid_616,616,3,41,Камчатский край,муниципальный район,False,30-619-000-000,30619000,matched,Усть-Камчатский муниципальный район,8450,0,0,matched,Усть-Камчатский муниципальный район,8744,0.228042,8450,rosstat_2024,matched,100644.7,matched,2619,299.519671,0.045437,,,,0.026346,0.536082
tid_618,618,3,41,Камчатский край,муниципальный район,False,30-824-000-000,30824000,matched,Карагинский муниципальный район,3457,0,0,matched,Карагинский муниципальный район,3403,0.17514,3457,rosstat_2024,matched,216798.7,matched,3310,972.671172,0.132931,,0.387915,,,0.167976
tid_619,619,3,41,Камчатский край,муниципальный район,False,30-827-000-000,30827000,matched,Олюторский муниципальный район,3523,0,0,matched,Олюторский муниципальный район,3569,0.16195,3523,rosstat_2024,matched,118713,matched,1527,427.850939,0.034709,,,,,0.452521
tid_62,62,0,2,Республика Башкортостан,муниципальный район,False,80-637-000-000,80637000,matched,Муниципальный район Краснокамский район,25332,0,0,matched,Краснокамский муниципальный район,25683,0.29245,25332,rosstat_2024,matched,52085.5,matched,5506,214.383055,0.039775,0.38231,,0.016527,0.003814,0.339266
tid_621,621,3,41,Камчатский край,муниципальный район,False,30-832-000-000,30832000,matched,Тигильский муниципальный район,3662,0,0,matched,Тигильский муниципальный район,3668,0.16385,3662,rosstat_2024,matched,102885.4,matched,1152,314.067612,,,,,,0.56684
tid_63,63,0,2,Республика Башкортостан,муниципальный район,False,80-638-000-000,80638000,matched,Муниципальный район Кугарчинский район,26359,0,0,matched,Кугарчинский муниципальный район,26845,0.270777,26359,rosstat_2024,matched,40524.2,matched,3174,118.234308,0.075929,,0.006301,0.055451,,0.634846
tid_65,65,0,2,Республика Башкортостан,муниципальный район,False,80-640-000-000,80640000,matched,Муниципальный район Кушнаренковский район,26370,0,0,matched,Кушнаренковский муниципальный район,26704,0.300667,26370,rosstat_2024,matched,42360.9,matched,2547,95.378969,,,,0.081665,,0.592854
tid_66,66,2,2,Республика Башкортостан,муниципальный район,False,80-641-000-000,80641000,matched,Муниципальный район Мелеузовский район,79609,55174,0.693062,matched,Мелеузовский муниципальный район,80565,0.239248,79609,rosstat_2024,matched,45833.6,matched,11096,137.727301,0.078947,,0.246485,0.057588,0.004867,0.403028
tid_666,666,2,24,Красноярский край,городской округ,False,04-701-000-000,04701000,matched,Городской округ г Красноярск,1206237,1205473,0.999367,matched,Город Красноярск,1197659,0.207107,1206237,rosstat_2024,matched,83947.8,matched,279835,233.651649,0.010349,0.021702,0.133414,0.107981,0.010135,0.3817
tid_667,667,0,24,Красноярский край,городской округ,False,04-703-000-000,04703000,matched,Городской округ г Ачинск,101043,101043,1,matched,Город Ачинск,101384,0.215379,101043,rosstat_2024,matched,67165.3,matched,27094,267.241379,,,0.251089,0.051709,0.011885,0.412601
tid_668,668,1,24,Красноярский край,городской округ,False,04-706-000-000,04706000,matched,Городской округ г Боготол,17509,17509,1,matched,Город Боготол,17841,0.244829,17509,rosstat_2024,matched,63938,matched,6144,344.375315,,,0.011719,0.019694,,0.296549
tid_669,669,1,24,Красноярский край,городской округ,False,04-707-000-000,04707000,matched,Городской округ г Бородино,14967,14967,1,matched,Город Бородино,14985,0.284551,14967,rosstat_2024,matched,66142,matched,4218,281.481481,,,,0.031532,,0.320768
tid_67,67,0,2,Республика Башкортостан,муниципальный район,False,80-642-000-000,80642000,matched,Муниципальный район Мечетлинский район,21838,0,0,matched,Мечетлинский муниципальный район,22158,0.273851,21838,rosstat_2024,matched,37982.4,matched,2446,110.389024,,,0.004088,0.058054,,0.717907
tid_670,670,0,24,Красноярский край,городской округ,False,04-709-000-000,04709000,matched,Городской округ г Дивногорск,31561,27416,0.868667,matched,Город Дивногорск,31719,0.253791,31561,rosstat_2024,matched,70877,matched,6238,196.66446,,,0.16672,0.037672,0.007054,0.457679
tid_671,671,0,24,Красноярский край,городской округ,False,04-712-000-000,04712000,matched,Городской округ г Енисейск,17843,17843,1,matched,Город Енисейск,17655,0.222826,17843,rosstat_2024,matched,62151,matched,5011,283.828944,,,0.012772,0.034125,,0.626023
tid_674,674,0,24,Красноярский край,городской округ,False,04-720-000-000,04720000,matched,Городской округ г Канск,85587,85587,1,matched,Город Канск,86034,0.237534,85587,rosstat_2024,matched,54955.9,matched,14813,172.176116,,,0.067103,0.076082,0.004658,0.625532
tid_675,675,0,24,Красноярский край,городской округ,False,04-722-000-000,04722000,matched,Городской округ г Лесосибирск,58714,58713,0.999983,matched,Город Лесосибирск,59207,0.229179,58714,rosstat_2024,matched,64895.3,matched,13884,234.499299,0.050778,,0.250144,0.050994,,0.393835
tid_676,676,0,24,Красноярский край,городской округ,False,04-723-000-000,04723000,matched,Городской округ г Минусинск,71318,71318,1,matched,Город Минусинск,71792,0.267829,71318,rosstat_2024,matched,57331.2,matched,12865,179.198239,0.003576,0.004353,0.089157,0.044306,0.007151,0.627439
tid_677,677,0,24,Красноярский край,городской округ,False,04-726-000-000,04726000,matched,Городской округ г Назарово,44261,44261,1,matched,Город Назарово,44761,0.297022,44261,rosstat_2024,matched,58023.4,matched,8916,199.19126,0.006281,,0.104195,0.05507,0.007066,0.468259
tid_678,678,0,24,Красноярский край,городской округ,False,04-729-000-000,04729000,matched,Городской округ г Норильск,177427,177427,1,matched,Город Норильск,175466,0.104345,177427,rosstat_2024,matched,163553.3,matched,85188,485.495766,,0.146147,0.240609,0.020836,0.009473,0.176281
tid_679,679,0,24,Красноярский край,городской округ,False,04-733-000-000,04733000,matched,Городской округ г Сосновоборск,40913,40913,1,matched,Город Сосновоборск,40619,0.26234,40913,rosstat_2024,matched,63408.9,matched,4884,120.239297,,,0.088247,0.06982,,0.569206
tid_68,68,0,2,Республика Башкортостан,муниципальный район,False,80-643-000-000,80643000,matched,Муниципальный район Мишкинский район,20716,0,0,matched,Мишкинский муниципальный район,21188,0.254436,20716,rosstat_2024,matched,37720.9,matched,1833,86.511233,,,,0.043644,,0.780687
tid_680,680,0,24,Красноярский край,городской округ,False,04-740-000-000,04740000,matched,Городской округ г Шарыпово,40739,40739,1,matched,Город Шарыпово,41024,0.266746,40739,rosstat_2024,matched,47815.5,matched,6347,154.714314,,,,0.055932,,0.58374
tid_683,683,1,24,Красноярский край,муниципальный район,False,04-601-000-000,04601000,matched,Абанский муниципальный район,17763,0,0,matched,Абанский муниципальный район,18068,0.274795,17763,rosstat_2024,matched,48979.7,matched,2509,138.86429,0.021921,,,0.024711,,0.70825
tid_685,685,0,24,Красноярский край,муниципальный район,False,04-604-000-000,04604000,matched,Балахтинский муниципальный район,17854,6919,0.387532,matched,Балахтинский муниципальный район,18078,0.269167,17854,rosstat_2024,matched,55200.7,matched,4159,230.058635,0.119259,,,0.014907,,0.504929
tid_686,686,0,24,Красноярский край,муниципальный район,False,04-605-000-000,04605000,matched,Березовский муниципальный район,40429,18779,0.464493,matched,Березовский муниципальный район,39806,0.217932,40429,rosstat_2024,matched,63829.9,matched,7389,185.625283,0.041278,,0.135066,0.043037,,0.375964
tid_687,687,1,24,Красноярский край,муниципальный район,False,04-606-000-000,04606000,matched,Бирилюсский муниципальный район,7924,0,0,matched,Бирилюсский муниципальный район,8136,0.29351,7924,rosstat_2024,matched,52108.5,matched,1705,209.562439,,,,0.012903,,0.604106
tid_689,689,0,24,Красноярский край,муниципальный район,False,04-609-000-000,04609000,matched,Богучанский муниципальный район,42225,0,0,matched,Богучанский муниципальный район,42460,0.22228,42225,rosstat_2024,matched,75507.9,matched,10439,245.854922,0.076061,0.005748,0.231919,0.0205,0.002012,0.424274
tid_69,69,2,2,Республика Башкортостан,муниципальный район,False,80-644-000-000,80644000,matched,Муниципальный район Миякинский район,23086,0,0,matched,Миякинский муниципальный район,23590,0.311106,23086,rosstat_2024,matched,39776.9,matched,2519,106.782535,0.145693,,,0.052005,,0.565304
tid_690,690,1,24,Красноярский край,муниципальный район,False,04-610-000-000,04610000,matched,Большемуртинский муниципальный район,13529,6950,0.513711,matched,Большемуртинский муниципальный район,13706,0.315993,13529,rosstat_2024,matched,53325.8,matched,3461,252.517146,0.246749,,0.067611,0.025426,,0.43889
tid_691,691,1,24,Красноярский край,муниципальный район,False,04-611-000-000,04611000,matched,Большеулуйский муниципальный район,6681,0,0,matched,Большеулуйский муниципальный район,6846,0.263219,6681,rosstat_2024,matched,90970.3,matched,5327,778.118609,,,,0.010325,,0.161629
tid_692,692,0,24,Красноярский край,муниципальный район,False,04-613-000-000,04613000,matched,Дзержинский муниципальный район,11389,0,0,matched,Дзержинский муниципальный район,11589,0.277936,11389,rosstat_2024,matched,48888.1,matched,2126,183.449823,0.084196,,,0.019755,,0.672625
tid_693,693,0,24,Красноярский край,муниципальный район,False,04-614-000-000,04614000,matched,Емельяновский муниципальный район,55572,15630,0.281257,matched,Емельяновский муниципальный район,54015,0.221513,55572,rosstat_2024,matched,76918.3,matched,12863,238.137554,0.053642,,0.114748,0.111716,,0.305683
tid_694,694,1,24,Красноярский край,муниципальный район,False,04-615-000-000,04615000,matched,Енисейский муниципальный район,21238,3499,0.164752,matched,Енисейский муниципальный район,21466,0.249371,21238,rosstat_2024,matched,66819.4,matched,3725,173.530234,0.037852,,,,,
tid_695,695,1,24,Красноярский край,муниципальный район,False,04-616-000-000,04616000,matched,Ермаковский муниципальный район,17423,0,0,matched,Ермаковский муниципальный район,17583,0.283057,17423,rosstat_2024,matched,49451.8,matched,2739,155.775465,0.054034,,,0.024461,,0.710113
tid_696,696,0,24,Красноярский край,муниципальный район,False,04-617-000-000,04617000,matched,Идринский муниципальный район,10295,0,0,matched,Идринский муниципальный район,10498,0.255382,10295,rosstat_2024,matched,48869.5,matched,2134,203.276815,,,,0.013121,,0.732427
tid_697,697,1,24,Красноярский край,муниципальный район,False,04-618-000-000,04618000,matched,Иланский муниципальный район,22528,15587,0.691895,matched,Иланский муниципальный район,22954,0.214342,22528,rosstat_2024,matched,65540.4,matched,5926,258.168511,,,0.016369,0.017719,,0.331758
tid_698,698,1,24,Красноярский край,муниципальный район,False,04-619-000-000,04619000,matched,Ирбейский муниципальный район,12610,0,0,matched,Ирбейский муниципальный район,12871,0.247456,12610,rosstat_2024,matched,63167.5,matched,3262,253.437961,0.012569,,,0.010423,,0.507971
tid_699,699,1,24,Красноярский край,муниципальный район,False,04-620-000-000,04620000,matched,Казачинский муниципальный район,8558,0,0,matched,Казачинский муниципальный район,8657,0.299757,8558,rosstat_2024,matched,48766.5,matched,1789,206.653575,,,,0.024036,,0.716601
tid_7,7,2,1,Республика Адыгея,муниципальный район,False,79-630-000-000,79630000,matched,Тахтамукайский муниципальный район,131043,85181,0.650023,matched,Тахтамукайский муниципальный район,127291,0.180555,131043,rosstat_2024,matched,59636.3,matched,13486,105.946218,0.020614,0.004968,0.15935,0.342207,0.008676,0.293267
tid_70,70,1,2,Республика Башкортостан,муниципальный район,False,80-645-000-000,80645000,matched,Муниципальный район Нуримановский район,19945,0,0,matched,Нуримановский муниципальный район,20228,0.256971,19945,rosstat_2024,matched,38525.2,matched,2299,113.654341,,,,0.045237,,0.597216
tid_701,701,1,24,Красноярский край,муниципальный район,False,04-622-000-000,04622000,matched,Каратузский муниципальный район,13157,0,0,matched,Каратузский муниципальный район,13367,0.290043,13157,rosstat_2024,matched,49145.4,matched,2449,183.212389,0.04165,,,0.018783,,0.692936
tid_702,702,1,24,Красноярский край,муниципальный район,False,04-624-000-000,04624000,matched,Кежемский муниципальный район,16559,12871,0.777281,matched,Кежемский муниципальный район,16917,0.23302,16559,rosstat_2024,matched,80173.5,matched,6389,377.667435,0.231492,,0.19784,0.011269,,0.329629
tid_703,703,1,24,Красноярский край,муниципальный район,False,04-626-000-000,04626000,matched,Козульский муниципальный район,11808,6196,0.524729,matched,Козульский муниципальный район,12001,0.275144,11808,rosstat_2024,matched,56907.8,matched,2559,213.232231,,,,0.033216,,0.591637
tid_704,704,1,24,Красноярский край,муниципальный район,False,04-628-000-000,04628000,matched,Краснотуранский муниципальный район,12848,0,0,matched,Краснотуранский муниципальный район,12990,0.278445,12848,rosstat_2024,matched,45489.2,matched,3238,249.268668,0.287523,,,0.012662,,0.502162
tid_705,705,1,24,Красноярский край,муниципальный район,False,04-630-000-000,04630000,matched,Курагинский муниципальный район,39269,22246,0.566503,matched,Курагинский муниципальный район,39701,0.278331,39269,rosstat_2024,matched,51439.7,matched,7647,192.614796,0.159147,0.042239,0.009415,0.022362,,0.443442
tid_706,706,1,24,Красноярский край,муниципальный район,False,04-631-000-000,04631000,matched,Манский муниципальный район,13436,0,0,matched,Манский муниципальный район,13588,0.288416,13436,rosstat_2024,matched,47917.8,matched,1919,141.227554,,,,0.019281,,0.706097
tid_708,708,3,24,Красноярский край,муниципальный район,False,04-635-000-000,04635000,matched,Мотыгинский муниципальный район,12009,6723,0.55983,matched,Мотыгинский муниципальный район,12208,0.216088,12009,rosstat_2024,matched,82637.1,matched,7043,576.916776,0.02002,0.397132,0.152776,0.012069,,0.229448
tid_71,71,0,2,Республика Башкортостан,муниципальный район,False,80-647-000-000,80647000,matched,Муниципальный район Салаватский район,23304,0,0,matched,Салаватский муниципальный район,23700,0.23308,23304,rosstat_2024,matched,44118.4,matched,3595,151.687764,,,0.028651,0.042559,,0.685953
tid_710,710,1,24,Красноярский край,муниципальный район,False,04-639-000-000,04639000,matched,Нижнеингашский муниципальный район,23480,13276,0.565417,matched,Нижнеингашский муниципальный район,23928,0.246113,23480,rosstat_2024,matched,49782.7,matched,5165,215.855901,0.014521,,,0.023621,,0.67938
tid_711,711,1,24,Красноярский край,муниципальный район,False,04-641-000-000,04641000,matched,Новоселовский муниципальный район,10619,0,0,matched,Новоселовский муниципальный район,10848,0.281158,10619,rosstat_2024,matched,49963,matched,2548,234.882006,0.157378,,,0.020801,0.00314,0.563579
tid_712,712,1,24,Красноярский край,муниципальный район,False,04-643-000-000,04643000,matched,Партизанский муниципальный район,7989,0,0,matched,Партизанский муниципальный район,8111,0.295278,7989,rosstat_2024,matched,55688.7,matched,1684,207.619282,,,,0.010689,,0.622328
tid_713,713,1,24,Красноярский край,муниципальный округ,False,04-545-000-000,04545000,matched,Пировский муниципальный округ,5747,0,0,matched,Пировский муниципальный округ,5857,0.269763,5747,rosstat_2024,matched,49974.9,matched,1190,203.175687,,,,0.021008,,
tid_714,714,1,24,Красноярский край,муниципальный район,False,04-647-000-000,04647000,matched,Рыбинский муниципальный район,29400,15155,0.515476,matched,Рыбинский муниципальный район,29892,0.249766,29400,rosstat_2024,matched,61650.4,matched,7442,248.962933,0.061811,,,0.025128,,0.40043
tid_715,715,1,24,Красноярский край,муниципальный район,False,04-648-000-000,04648000,matched,Саянский муниципальный район,9056,0,0,matched,Саянский муниципальный район,9177,0.299553,9056,rosstat_2024,matched,49405.3,matched,1742,189.822382,,,,0.020666,,0.733065
tid_716,716,0,24,Красноярский край,муниципальный район,False,04-649-000-000,04649000,matched,Северо-Енисейский муниципальный район,8308,5959,0.71726,matched,Северо-Енисейский муниципальный район,8492,0.190768,8308,rosstat_2024,matched,126881.5,matched,15485,1823.480923,,0.34246,0.212205,0.007168,,0.086148
tid_717,717,1,24,Красноярский край,муниципальный район,False,04-651-000-000,04651000,matched,Сухобузимский муниципальный район,18911,0,0,matched,Сухобузимский муниципальный район,19135,0.278286,18911,rosstat_2024,matched,48272.4,matched,3212,167.859943,0.186488,,,0.021482,,0.610523
tid_718,718,3,24,Красноярский край,муниципальный район,False,04-653-000-000,04653000,matched,Таймырский Долгано-Ненецкий муниципальный район,29609,19615,0.662467,matched,Таймырский Долгано-Ненецкий муниципальный район,29889,0.127974,29609,rosstat_2024,matched,135004.6,matched,19563,654.52173,0.009048,0.17206,0.007668,0.009303,0.006594,0.240812
tid_719,719,1,24,Красноярский край,муниципальный район,False,04-652-000-000,04652000,matched,Тасеевский муниципальный район,9952,0,0,matched,Тасеевский муниципальный район,10129,0.281765,9952,rosstat_2024,matched,48877.7,matched,1474,145.522756,,,,0.029851,,
tid_72,72,0,2,Республика Башкортостан,муниципальный район,False,80-648-000-000,80648000,matched,Муниципальный район Стерлибашевский район,16360,0,0,matched,Стерлибашевский муниципальный район,16744,0.347707,16360,rosstat_2024,matched,37850.1,matched,1790,106.903966,,,,0.044693,,0.740782
tid_720,720,3,24,Красноярский край,муниципальный район,False,04-654-000-000,04654000,matched,Туруханский муниципальный район,12684,3559,0.28059,matched,Туруханский муниципальный район,12491,0.20847,12684,rosstat_2024,matched,121725.1,matched,17575,1407.013049,0.003357,0.380256,0.002788,0.001935,0.025548,0.118805
tid_721,721,1,24,Красноярский край,муниципальный округ,False,04-555-000-000,04555000,matched,Тюхтетский муниципальный округ,7536,0,0,matched,Тюхтетский муниципальный округ,7685,0.261288,7536,rosstat_2024,matched,50923,matched,1034,134.54782,,,,0.025145,,
tid_722,722,0,24,Красноярский край,муниципальный район,False,04-656-000-000,04656000,matched,Ужурский муниципальный район,27453,14169,0.516118,matched,Ужурский муниципальный район,27593,0.221904,27453,rosstat_2024,matched,60386.4,matched,8070,292.46548,0.329864,,0.054399,0.042503,0.004585,0.305452
tid_723,723,1,24,Красноярский край,муниципальный район,False,04-657-000-000,04657000,matched,Уярский муниципальный район,17912,11792,0.65833,matched,Уярский муниципальный район,18047,0.250513,17912,rosstat_2024,matched,52226.8,matched,4454,246.800022,0.013247,,0.095195,0.021778,,0.515941
tid_725,725,0,24,Красноярский край,муниципальный район,False,04-659-000-000,04659000,matched,Шушенский муниципальный район,30274,16760,0.55361,matched,Шушенский муниципальный район,30328,0.294513,30274,rosstat_2024,matched,48663.4,matched,5677,187.186758,0.121367,,0.018143,0.024132,,0.5288
tid_726,726,3,24,Красноярский край,муниципальный район,False,04-650-000-000,04650000,matched,Эвенкийский муниципальный район,13258,0,0,matched,Эвенкийский муниципальный район,13311,0.169559,13258,rosstat_2024,matched,111886.4,matched,12771,959.432049,0.009631,0.286352,0.037585,0.009709,0.052149,0.218699
tid_727,727,2,59,Пермский край,городской округ,False,57-701-000-000,57701000,matched,Пермский городской округ,1026912,1026908,0.999996,matched,Пермский,1027157,0.224508,1026912,rosstat_2024,matched,74374.9,matched,271849,264.661585,0.00238,0.007048,0.292423,0.087618,0.007515,0.295951
tid_73,73,2,2,Республика Башкортостан,муниципальный район,False,80-649-000-000,80649000,matched,Муниципальный район Стерлитамакский район,47531,0,0,matched,Стерлитамакский муниципальный район,47644,0.247376,47531,rosstat_2024,matched,52440.3,matched,4525,94.975233,0.22895,,0.105414,0.067403,0.004199,0.289503
tid_731,731,0,59,Пермский край,городской округ,False,57-726-000-000,57726000,matched,Лысьвенский городской округ,61124,52708,0.862313,matched,Лысьвенский,61656,0.286039,61124,rosstat_2024,matched,48786.6,matched,12755,206.873621,,,0.471737,0.045002,0.000627,0.331635
tid_734,734,1,59,Пермский край,муниципальный округ,False,57-502-000-000,57502000,matched,Александровский муниципальный округ,22642,20517,0.906148,matched,Александровский муниципальный округ,22972,0.294707,22642,rosstat_2024,matched,48168.1,matched,3781,164.591677,,0.094419,0.154721,0.0484,0.004232,0.37424
tid_735,735,0,59,Пермский край,муниципальный округ,False,57-503-000-000,57503000,matched,Бардымский муниципальный округ,26262,0,0,matched,Бардымский муниципальный округ,26401,0.25446,26262,rosstat_2024,matched,54410,matched,3213,121.699936,,0.074385,,0.047308,0.014006,0.51385
tid_736,736,3,59,Пермский край,муниципальный округ,False,57-506-000-000,57506000,matched,Березовский муниципальный округ,13486,0,0,matched,Березовский муниципальный округ,13692,0.291776,13486,rosstat_2024,matched,52774.7,matched,2101,153.447268,,,,0.046168,,0.427416
tid_737,737,0,59,Пермский край,муниципальный округ,False,57-508-000-000,57508000,matched,Большесосновский муниципальный округ,11730,0,0,matched,Большесосновский муниципальный округ,11874,0.27396,11730,rosstat_2024,matched,44242,matched,1535,129.274044,,,,0.0443,0.024104,0.638436
tid_738,738,0,59,Пермский край,городской округ,False,57-712-000-000,57712000,matched,Верещагинский городской округ,38931,21995,0.564974,matched,Верещагинский,39102,0.236535,38931,rosstat_2024,matched,43388.6,matched,5569,142.422382,,,,0.042198,,0.450709
tid_739,739,1,59,Пермский край,городской округ,False,57-714-000-000,57714000,matched,Горнозаводский городской округ,21697,20696,0.953865,matched,Горнозаводский,22067,0.274709,21697,rosstat_2024,matched,58807.4,matched,4534,205.465174,,0.135642,,0.041244,0.024041,0.286061
tid_74,74,0,2,Республика Башкортостан,муниципальный район,False,80-650-000-000,80650000,matched,Муниципальный район Татышлинский район,20679,0,0,matched,Татышлинский муниципальный район,21097,0.263355,20679,rosstat_2024,matched,55593.5,matched,3382,160.307153,0.054406,0.089001,0.005322,0.034595,,0.451212
tid_741,741,0,59,Пермский край,городской округ,False,57-718-000-000,57718000,matched,Добрянский городской округ,47730,39711,0.831992,matched,Добрянский,47852,0.276791,47730,rosstat_2024,matched,71009.6,matched,10328,215.832149,0.009682,0.172831,0.081526,0.050252,0.001549,0.307417
tid_742,742,0,59,Пермский край,муниципальный округ,False,57-518-000-000,57518000,matched,Еловский муниципальный округ,8527,0,0,matched,Еловский муниципальный округ,8718,0.309131,8527,rosstat_2024,matched,40955.6,matched,1228,140.857995,,,,0.039088,0.007329,0.643322
tid_743,743,1,59,Пермский край,городской округ,False,57-759-000-000,57759000,matched,Ильинский городской округ,17130,2880,0.168126,matched,Ильинский,17327,0.27662,17130,rosstat_2024,matched,44293.3,matched,2049,118.254747,,,,0.039043,0.006345,0.575891
tid_744,744,0,59,Пермский край,муниципальный округ,False,57-522-000-000,57522000,matched,Карагайский муниципальный округ,19967,0,0,matched,Карагайский муниципальный округ,20192,0.236183,19967,rosstat_2024,matched,42146.4,matched,2708,134.11252,0.218981,,0.006278,0.042467,0.02031,0.581241
tid_745,745,1,59,Пермский край,городской округ,False,57-719-000-000,57719000,matched,"Городской округ ""Город Кизел""",17213,15062,0.875036,matched,Город Кизел,17530,0.302909,17213,rosstat_2024,matched,42261.7,matched,2638,150.484883,0.018196,,,0.050417,,0.558757
tid_746,746,1,59,Пермский край,муниципальный округ,False,57-524-000-000,57524000,matched,Кишертский муниципальный округ,10872,0,0,matched,Кишертский муниципальный округ,11074,0.343417,10872,rosstat_2024,matched,41784.9,matched,1492,134.729998,0.171582,,,0.023458,,0.549598
tid_747,747,1,59,Пермский край,городской округ,False,57-760-000-000,57760000,matched,Красновишерский городской округ,17217,13976,0.811756,matched,Красновишерский,17604,0.294819,17217,rosstat_2024,matched,44447.8,matched,2518,143.035674,,0.074662,0.061557,0.048054,0.005957,0.542494
tid_748,748,0,59,Пермский край,городской округ,False,57-720-000-000,57720000,matched,Краснокамский городской округ,66475,51906,0.780835,matched,Краснокамский,67055,0.244918,66475,rosstat_2024,matched,62407.5,matched,11967,178.465439,,0.006769,0.443302,0.076795,0.003593,0.312777
tid_749,749,1,59,Пермский край,муниципальный округ,False,57-529-000-000,57529000,matched,Куединский муниципальный округ,22949,0,0,matched,Куединский муниципальный округ,23317,0.255607,22949,rosstat_2024,matched,42973.6,matched,4507,193.292448,0.101176,0.153539,0.229643,0.031063,0.010428,0.354781
tid_75,75,0,2,Республика Башкортостан,муниципальный район,False,80-651-000-000,80651000,matched,Муниципальный район Туймазинский район,130733,67807,0.518668,matched,Туймазинский муниципальный район,131554,0.247959,130733,rosstat_2024,matched,52135.3,matched,19862,150.979826,0.020894,0.072198,0.18991,0.05946,0.022052,0.373225
tid_751,751,1,59,Пермский край,городской округ,False,57-727-000-000,57727000,matched,Нытвенский городской округ,37780,25654,0.679037,matched,Нытвенский,38404,0.272706,37780,rosstat_2024,matched,48573.8,matched,6976,181.647745,0.105361,,0.370269,0.044008,0.002867,0.317517
tid_752,752,1,59,Пермский край,городской округ,False,57-761-000-000,57761000,matched,Октябрьский городской округ,23944,13498,0.563732,matched,Октябрьский,24270,0.257066,23944,rosstat_2024,matched,49690.6,matched,3527,145.323445,0.050184,0.065778,,0.038276,,0.484548
tid_753,753,1,59,Пермский край,муниципальный округ,False,57-538-000-000,57538000,matched,Ординский муниципальный округ,13958,0,0,matched,Ординский муниципальный округ,14149,0.269984,13958,rosstat_2024,matched,45344.4,matched,2128,150.399322,0.139098,0.121711,,0.039474,0.004699,0.543233
tid_754,754,0,59,Пермский край,городской округ,False,57-728-000-000,57728000,matched,Осинский городской округ,26196,19222,0.733776,matched,Осинский,26446,0.260796,26196,rosstat_2024,matched,57139,matched,5465,206.647508,,0.169625,,0.054346,,0.381702
tid_755,755,1,59,Пермский край,городской округ,False,57-729-000-000,57729000,matched,Оханский городской округ,14030,6224,0.443621,matched,Оханский,14240,0.288694,14030,rosstat_2024,matched,38577.5,matched,1882,132.162921,,,,0.041445,0.002657,0.691817
tid_756,756,0,59,Пермский край,городской округ,False,57-762-000-000,57762000,matched,Очерский городской округ,22301,17303,0.775884,matched,Очерский,22456,0.25717,22301,rosstat_2024,matched,52377.4,matched,3901,173.717492,0.03999,,0.283517,0.047424,,0.367085
tid_757,757,0,59,Пермский край,муниципальный округ,False,57-546-000-000,57546000,matched,Пермский муниципальный округ,128718,0,0,matched,Пермский муниципальный округ,128215,0.210755,128718,rosstat_2024,matched,59854.4,matched,17090,133.291737,0.080866,0.012229,0.177472,0.117145,0.006378,0.373552
tid_758,758,0,59,Пермский край,муниципальный округ,False,57-548-000-000,57548000,matched,Сивинский муниципальный округ,11869,0,0,matched,Сивинский муниципальный округ,12059,0.256821,11869,rosstat_2024,matched,41816.7,matched,1848,153.246538,0.283009,,,0.053571,0.012987,0.493506
tid_76,76,2,2,Республика Башкортостан,муниципальный район,False,80-652-000-000,80652000,matched,Муниципальный район Уфимский район,117125,0,0,matched,Уфимский муниципальный район,114453,0.214699,117125,rosstat_2024,matched,75139.9,matched,19017,166.15554,0.070674,0.135247,0.109849,0.098438,0.034233,0.194878
tid_760,760,1,59,Пермский край,городской округ,False,57-731-000-000,57731000,matched,Суксунский городской округ,18094,8266,0.456837,matched,Суксунский,18289,0.283449,18094,rosstat_2024,matched,55881.9,matched,3022,165.235934,,,,0.048312,0.001324,0.539378
tid_761,761,1,59,Пермский край,муниципальный округ,False,57-552-000-000,57552000,matched,Уинский муниципальный округ,9728,0,0,matched,Уинский муниципальный округ,9885,0.280324,9728,rosstat_2024,matched,42824.8,matched,1041,105.311077,,0.076849,,0.054755,0.028818,0.665706
tid_763,763,0,59,Пермский край,городской округ,False,57-735-000-000,57735000,matched,Чайковский городской округ,93785,74913,0.798774,matched,Чайковский,94467,0.262653,93785,rosstat_2024,matched,60209.5,matched,20255,214.413499,0.036929,0.008442,0.201481,0.045223,0.008196,0.349445
tid_764,764,1,59,Пермский край,муниципальный округ,False,57-555-000-000,57555000,matched,Частинский муниципальный округ,11783,0,0,matched,Частинский муниципальный округ,11958,0.243017,11783,rosstat_2024,matched,50475.7,matched,1716,143.502258,,0.189977,,0.028555,0.014569,
tid_765,765,1,59,Пермский край,городской округ,False,57-756-000-000,57756000,matched,Чердынский городской округ,14730,7659,0.519959,matched,Чердынский,15097,0.262834,14730,rosstat_2024,matched,41341.9,matched,2561,169.636352,0.058961,,,0.037485,0.016009,0.61187
tid_766,766,0,59,Пермский край,городской округ,False,57-757-000-000,57757000,matched,Чернушинский городской округ,50392,33062,0.656096,matched,Чернушинский,50585,0.231492,50392,rosstat_2024,matched,62981.6,matched,9461,187.031729,,0.274495,0.0538,0.054011,0.000951,0.318148
tid_767,767,0,59,Пермский край,городской округ,False,57-758-000-000,57758000,matched,Чусовской городской округ,63686,51872,0.814496,matched,Чусовской,64392,0.266104,63686,rosstat_2024,matched,49621.6,matched,13831,214.793763,0.065071,0.027691,0.265129,0.044176,0.004121,0.341118
tid_769,769,1,59,Пермский край,муниципальный округ,False,57-513-000-000,57513000,matched,Гайнский муниципальный округ,11679,0,0,matched,Гайнский муниципальный округ,11876,0.228276,11679,rosstat_2024,matched,53014.8,matched,1453,122.347592,0.206469,,,0.030282,0.019959,
tid_77,77,2,2,Республика Башкортостан,муниципальный район,False,80-653-000-000,80653000,matched,Муниципальный район Учалинский район,68451,36121,0.527691,matched,Учалинский муниципальный район,69195,0.241376,68451,rosstat_2024,matched,66721,matched,14871,214.914372,0.017618,0.188824,0.154731,0.035438,,0.30072
tid_770,770,1,59,Пермский край,муниципальный округ,False,57-525-000-000,57525000,matched,Косинский муниципальный округ,5543,0,0,matched,Косинский муниципальный округ,5685,0.2927,5543,rosstat_2024,matched,49227.6,matched,795,139.841689,,,,0.021384,0.022642,
tid_771,771,0,59,Пермский край,муниципальный округ,False,57-526-000-000,57526000,matched,Кочевский муниципальный округ,9259,0,0,matched,Кочевский муниципальный округ,9469,0.221565,9259,rosstat_2024,matched,55904.4,matched,1294,136.656458,,,,0.030139,0.014683,0.657651
tid_773,773,3,59,Пермский край,муниципальный округ,False,57-559-000-000,57559000,matched,Юрлинский муниципальный округ,8439,0,0,matched,Юрлинский муниципальный округ,8631,0.209593,8439,rosstat_2024,matched,38841.8,matched,1018,117.946935,0.057957,,,0.052063,0.005894,
tid_774,774,1,59,Пермский край,муниципальный округ,False,57-560-000-000,57560000,matched,Юсьвинский муниципальный округ,16182,0,0,matched,Юсьвинский муниципальный округ,16457,0.280124,16182,rosstat_2024,matched,40779.2,matched,1919,116.606915,0.171443,,,0.038562,0.002606,0.585201
tid_775,775,2,25,Приморский край,городской округ,False,05-701-000-000,05701000,matched,Владивостокский городской округ,622782,591628,0.949976,matched,Владивостокский,628385,0.217889,622782,rosstat_2024,matched,97875.7,matched,170668,271.597826,0.030058,0.002865,0.068841,0.102204,0.015328,0.377739
tid_776,776,0,25,Приморский край,городской округ,False,05-703-000-000,05703000,matched,Арсеньевский городской округ,47015,47015,1,matched,Арсеньевский,47306,0.303429,47015,rosstat_2024,matched,78837.4,matched,12116,256.119731,,,0.539865,0.023192,0.002559,0.307692
tid_777,777,2,25,Приморский край,городской округ,False,05-705-000-000,05705000,matched,Артемовский городской округ,117762,108539,0.921681,matched,Артемовский,117858,0.219171,117762,rosstat_2024,matched,74866.5,matched,20107,170.603608,0.065002,,0.074253,0.1122,0.032924,0.359477
tid_778,778,0,25,Приморский край,городской округ,False,05-706-000-000,05706000,matched,Городской округ город Большой Камень,42502,40697,0.957531,matched,Большой Камень,42271,0.246883,42502,rosstat_2024,matched,104789.5,matched,13715,324.454117,,,0.637623,0.00926,0.008093,0.183084
tid_779,779,0,25,Приморский край,городской округ,False,05-707-000-000,05707000,matched,Дальнегорский городской округ,38543,32720,0.848922,matched,Дальнегорский,38999,0.302392,38543,rosstat_2024,matched,61750.7,matched,7762,199.030744,,,0.220691,0.02538,,0.349137
tid_78,78,0,2,Республика Башкортостан,муниципальный район,False,80-654-000-000,80654000,matched,Муниципальный район Федоровский район,15491,0,0,matched,Федоровский муниципальный район,15783,0.298169,15491,rosstat_2024,matched,38427.2,matched,1474,93.391624,0.010855,,,0.050204,,0.671642
tid_780,780,0,25,Приморский край,городской округ,False,05-708-000-000,05708000,matched,Дальнереченский городской округ,24564,22721,0.924972,matched,Дальнереченский,24891,0.260014,24564,rosstat_2024,matched,70241.1,matched,3754,150.817565,,,0.042621,0.085775,,0.520245
tid_781,781,0,25,Приморский край,городской округ,False,05-711-000-000,05711000,matched,Лесозаводский городской округ,39685,34568,0.87106,matched,Лесозаводский,40210,0.261602,39685,rosstat_2024,matched,67739.1,matched,7058,175.528476,,,0.099603,0.028053,0.003259,0.458629
tid_782,782,2,25,Приморский край,городской округ,False,05-714-000-000,05714000,matched,Находкинский городской округ,135345,134315,0.99239,matched,Находкинский,137136,0.257438,135345,rosstat_2024,matched,89249.8,matched,31681,231.018843,0.053723,,0.125596,0.068243,0.005145,0.288501
tid_783,783,0,25,Приморский край,городской округ,False,05-717-000-000,05717000,matched,Партизанский городской округ,39132,32826,0.838853,matched,Партизанский,39517,0.312574,39132,rosstat_2024,matched,70381.4,matched,5570,140.951995,0.024596,,0.000359,0.021185,,0.513106
tid_784,784,0,25,Приморский край,городской округ,False,05-720-000-000,05720000,matched,Спасск-Дальний городской округ,34822,34822,1,matched,Спасск-Дальний,35096,0.292683,34822,rosstat_2024,matched,57392.7,matched,6660,189.765215,,,0.07973,0.047447,0.002102,0.516366
tid_785,785,2,25,Приморский край,городской округ,False,05-723-000-000,05723000,matched,Уссурийский городской округ,205435,179936,0.875878,matched,Уссурийский,205343,0.180435,205435,rosstat_2024,matched,67785.6,matched,34360,167.329785,0.0211,,0.155151,0.084139,0.015512,0.464843
tid_787,787,3,25,Приморский край,муниципальный округ,False,05-502-000-000,05502000,matched,Анучинский муниципальный округ,12237,0,0,matched,Анучинский муниципальный округ,12391,0.258091,12237,rosstat_2024,matched,65583.4,matched,1512,122.02405,,,,0.010582,0.029101,
tid_788,788,3,25,Приморский край,муниципальный район,False,05-607-000-000,05607000,matched,Дальнереченский муниципальный район,7793,0,0,matched,Дальнереченский муниципальный район,8026,0.273237,7793,rosstat_2024,matched,50729.4,matched,630,78.494892,,,,,,
tid_789,789,0,25,Приморский край,муниципальный округ,False,05-510-000-000,05510000,matched,Кавалеровский муниципальный округ,20727,15593,0.752304,no_code_match,,,,20727,rosstat_2024,matched,60049.4,matched,2541,122.593718,,,,0.032271,0.007084,0.645415
tid_79,79,0,2,Республика Башкортостан,муниципальный район,False,80-655-000-000,80655000,matched,Муниципальный район Хайбуллинский район,29249,0,0,matched,Хайбуллинский муниципальный район,29895,0.214116,29249,rosstat_2024,matched,66694.5,matched,6042,202.107376,,0.505627,0.029295,0.027474,,0.315624
tid_790,790,0,25,Приморский край,муниципальный район,False,05-612-000-000,05612000,matched,Кировский муниципальный район,17312,11949,0.690215,matched,Кировский муниципальный район,17605,0.321613,17312,rosstat_2024,matched,52690.1,matched,2773,157.51207,0.021277,,,0.015867,0.009376,0.684097
tid_791,791,3,25,Приморский край,муниципальный район,False,05-614-000-000,05614000,no_code_match,,,,,matched,Красноармейский муниципальный район,14116,0.267569,14116,bdpmo_2023,matched,67736,matched,2729,193.326721,0.119824,0.212532,,,,0.466105
tid_792,792,3,25,Приморский край,муниципальный округ,False,05-517-000-000,05517000,matched,Лазовский муниципальный округ,11848,6036,0.509453,matched,Лазовский муниципальный округ,12150,0.272593,11848,rosstat_2024,matched,83597.8,matched,3647,300.164609,,,,,,0.230875
tid_793,793,3,25,Приморский край,муниципальный район,False,05-620-000-000,05620000,matched,Михайловский муниципальный район,28474,7025,0.246716,matched,Михайловский муниципальный район,28755,0.261276,28474,rosstat_2024,matched,66289.7,matched,5708,198.504608,0.183076,0.165032,0.128591,0.008234,,0.375964
tid_794,794,0,25,Приморский край,муниципальный район,False,05-623-000-000,05623000,matched,Надеждинский муниципальный район,41960,0,0,matched,Надеждинский муниципальный район,40669,0.248887,41960,rosstat_2024,matched,72739.1,matched,4997,122.869999,,,0.194917,0.087452,0.005803,0.51591
tid_795,795,3,25,Приморский край,муниципальный округ,False,05-526-000-000,05526000,matched,Октябрьский муниципальный округ,22743,5225,0.229741,matched,Октябрьский муниципальный округ,22935,0.263963,22743,rosstat_2024,matched,62802.4,matched,3592,156.616525,0.048719,,,0.00863,0.012528,0.681793
tid_796,796,3,25,Приморский край,муниципальный округ,False,05-528-000-000,05528000,matched,Ольгинский муниципальный округ,7209,3041,0.421834,no_code_match,,,,7209,rosstat_2024,matched,61906.4,matched,1351,187.404633,,,,0.010363,0.008882,
tid_797,797,3,25,Приморский край,муниципальный район,False,05-630-000-000,05630000,no_code_match,,,,,matched,Партизанский муниципальный район,29869,0.219391,29869,bdpmo_2023,matched,55394.6,matched,3896,130.436238,0.036191,,0.021304,0.00462,0.017197,0.722279
tid_798,798,0,25,Приморский край,муниципальный округ,False,05-532-000-000,05532000,matched,Пограничный муниципальный округ,18096,9718,0.537025,matched,Пограничный муниципальный округ,18359,0.209216,18096,rosstat_2024,matched,56667.3,matched,2676,145.759573,,,0.001121,0.009716,,0.588939
tid_799,799,3,25,Приморский край,муниципальный округ,False,05-534-000-000,05534000,matched,Пожарский муниципальный округ,24093,16967,0.704229,no_code_match,,,,24093,rosstat_2024,matched,74774.5,matched,5224,216.826464,0.009188,0.232772,,0.011485,,0.334035
tid_8,8,0,1,Республика Адыгея,муниципальный район,False,79-633-000-000,79633000,matched,Теучежский муниципальный район,22260,7240,0.325247,matched,Теучежский муниципальный район,22196,0.222833,22260,rosstat_2024,matched,54998.2,matched,4177,188.187061,0.049797,,,0.285612,,0.311468
tid_80,80,0,2,Республика Башкортостан,муниципальный район,False,80-656-000-000,80656000,matched,Муниципальный район Чекмагушевский район,27671,0,0,matched,Чекмагушевский муниципальный район,27968,0.289009,27671,rosstat_2024,matched,46491.6,matched,3764,134.58238,0.254516,,0.000797,0.037991,,0.447396
tid_800,800,3,25,Приморский край,муниципальный район,False,05-637-000-000,05637000,matched,Спасский муниципальный район,19870,0,0,matched,Спасский муниципальный район,20204,0.26371,19870,rosstat_2024,matched,61388.4,matched,5816,287.863789,0.100928,,0.352648,0.004127,0.00533,0.455983
tid_801,801,3,25,Приморский край,муниципальный округ,False,05-540-000-000,05540000,matched,Тернейский муниципальный округ,9728,7896,0.811678,matched,Тернейский муниципальный округ,9876,0.241697,9728,rosstat_2024,matched,68925.5,matched,3826,387.403807,0.416884,,0.224516,,,
tid_802,802,1,25,Приморский край,муниципальный округ,False,05-546-000-000,05546000,matched,Ханкайский муниципальный округ,17049,0,0,matched,Ханкайский муниципальный округ,17419,0.273035,17049,rosstat_2024,matched,57996.8,matched,2211,126.930363,0.166893,,,,,0.625057
tid_803,803,3,25,Приморский край,муниципальный округ,False,05-548-000-000,05548000,matched,Хасанский муниципальный округ,24400,18500,0.758197,no_code_match,,,,24400,rosstat_2024,matched,69159.1,matched,4955,203.07377,0.011907,,0.13663,0.011705,0.037336,0.378002
tid_804,804,1,25,Приморский край,муниципальный округ,False,05-550-000-000,05550000,matched,Хорольский муниципальный округ,24478,8074,0.329847,matched,Хорольский муниципальный округ,24807,0.305156,24478,rosstat_2024,matched,54942.5,matched,2922,117.789334,0.01232,,,0.00924,,0.703285
tid_805,805,3,25,Приморский край,муниципальный район,False,05-653-000-000,05653000,no_code_match,,,,,matched,Черниговский муниципальный район,26306,0.245419,26306,bdpmo_2023,matched,60211.4,matched,5701,216.718619,,,0.102087,0.028942,0.018593,0.542887
tid_806,806,0,25,Приморский край,муниципальный округ,False,05-555-000-000,05555000,matched,Чугуевский муниципальный округ,21090,0,0,matched,Чугуевский муниципальный округ,21421,0.243033,21090,rosstat_2024,matched,53068.5,matched,2924,136.501564,0.060192,,0.047196,0.036252,,0.639877
tid_807,807,3,25,Приморский край,муниципальный район,False,05-657-000-000,05657000,no_code_match,,,,,matched,Шкотовский муниципальный район,21135,0.268749,21135,bdpmo_2023,matched,96334.4,matched,6581,311.379229,,,,0.021121,0.009573,0.198754
tid_808,808,1,25,Приморский край,муниципальный район,False,05-659-000-000,05659000,no_code_match,,,,,matched,Яковлевский муниципальный район,12144,0.254776,12144,bdpmo_2023,matched,53147.1,matched,2155,177.453887,,,0.004176,0.116937,0.015777,0.587471
tid_809,809,2,26,Ставропольский край,городской округ,False,07-701-000-000,07701000,matched,Городской округ Город Ставрополь,557402,557271,0.999765,matched,Город Ставрополь,550260,0.229979,557402,rosstat_2024,matched,60218.6,matched,116616,211.928906,0.004571,0.000969,0.094378,0.100355,0.006834,0.50229
tid_81,81,0,2,Республика Башкортостан,муниципальный район,False,80-657-000-000,80657000,matched,Муниципальный район Чишминский район,50536,22391,0.44307,matched,Чишминский муниципальный район,50859,0.250064,50536,rosstat_2024,matched,51743.4,matched,5868,115.377809,0.099693,,0.158998,0.060327,,0.396217
tid_810,810,0,26,Ставропольский край,городской округ,False,07-705-000-000,07705000,no_code_match,,,,,matched,Благодарненский городской округ (с 2018 года),56932,0.232558,56932,bdpmo_2023,matched,44098.5,matched,7645,134.283004,0.17724,,0.251929,0.024722,,0.399738
tid_811,811,2,26,Ставропольский край,городской округ,False,07-707-000-000,07707000,no_code_match,,,,,matched,Город Георгиевск,158452,0.230493,158452,bdpmo_2023,matched,39909.6,matched,15488,97.74569,0.085356,,0.098205,0.043518,0.008523,0.499419
tid_812,812,2,26,Ставропольский край,городской округ,False,07-710-000-000,07710000,matched,Городской округ Город-курорт Ессентуки,123138,123138,1,matched,Город-курорт Ессентуки,121534,0.227475,123138,rosstat_2024,matched,53007.9,matched,15565,128.071157,,,,0.084613,0.002891,0.743848
tid_813,813,2,26,Ставропольский край,городской округ,False,07-712-000-000,07712000,matched,Городской округ Город-курорт Железноводск,50082,50082,1,matched,Город-курорт Железноводск,50136,0.24264,50082,rosstat_2024,matched,50097.3,matched,8986,179.232488,,,,0.045515,0.004674,0.708324
tid_814,814,0,26,Ставропольский край,городской округ,False,07-713-000-000,07713000,no_code_match,,,,,matched,Изобильненский городской округ (с 2018 года),104897,0.255336,104897,bdpmo_2023,matched,56945.6,matched,16812,160.271504,0.18689,,0.120985,0.04699,0.012491,0.264811
tid_815,815,0,26,Ставропольский край,городской округ,False,07-714-000-000,07714000,no_code_match,,,,,matched,Ипатовский городской округ (с 2018 года),57158,0.262728,57158,bdpmo_2023,matched,41631.1,matched,8708,152.349627,0.256775,,0.05294,0.025149,,0.419384
tid_817,817,1,26,Ставропольский край,городской округ,False,07-716-000-000,07716000,no_code_match,,,,,matched,Кировский городской округ (с 2018 года),66599,0.234673,66599,bdpmo_2023,matched,47405.9,matched,6764,101.563087,0.217475,,0.046127,0.042726,,0.477972
tid_818,818,0,26,Ставропольский край,городской округ,False,07-718-000-000,07718000,matched,Городской округ Город Лермонтов,24717,23225,0.939637,matched,Город Лермонтов,24405,0.25044,24717,rosstat_2024,matched,53261.6,matched,4152,170.129072,,,0.165703,0.205925,,0.427023
tid_819,819,2,26,Ставропольский край,городской округ,False,07-721-000-000,07721000,no_code_match,,,,,matched,Минераловодский городской округ (с 2017 года),131778,0.237551,131778,bdpmo_2023,matched,53145.5,matched,23970,181.896826,0.02524,,0.097705,0.070171,0.006633,0.343137
tid_82,82,0,2,Республика Башкортостан,муниципальный район,False,80-658-000-000,80658000,matched,Муниципальный район Шаранский район,18637,0,0,matched,Шаранский муниципальный район,19000,0.286316,18637,rosstat_2024,matched,47140.2,matched,2404,126.526316,,,,0.03411,0.004992,0.563228
tid_820,820,0,26,Ставропольский край,городской округ,False,07-724-000-000,07724000,matched,Городской округ Город Невинномысск,114556,114556,1,matched,Город Невинномысск,115826,0.227471,114556,rosstat_2024,matched,58310,matched,26377,227.729525,0.016795,,0.371195,0.066649,0.006521,0.240209
tid_821,821,0,26,Ставропольский край,городской округ,False,07-725-000-000,07725000,no_code_match,,,,,matched,Нефтекумский городской округ (с 2018 года),60290,0.192254,60290,bdpmo_2023,matched,46082.3,matched,7692,127.583347,0.031591,0.199818,,0.021321,,0.454628
tid_822,822,1,26,Ставропольский край,городской округ,False,07-726-000-000,07726000,no_code_match,,,,,matched,Новоалександровский городской округ (с 2018 года),63177,0.241243,63177,bdpmo_2023,matched,45458,matched,8771,138.83217,0.273629,,0.082317,0.065101,0.003762,0.382853
tid_823,823,0,26,Ставропольский край,городской округ,False,07-731-000-000,07731000,no_code_match,,,,,matched,Петровский городской округ (с 2018 года),68882,0.279289,68882,bdpmo_2023,matched,40774.6,matched,10333,150.010162,0.094551,0.02371,0.084487,0.032711,0.003387,0.389335
tid_824,824,2,26,Ставропольский край,городской округ,False,07-727-000-000,07727000,matched,Городской округ Город-курорт Пятигорск,211692,197437,0.932662,matched,Город-курорт Пятигорск,213377,0.222526,211692,rosstat_2024,matched,55713.2,matched,34489,161.634103,0.006292,,0.061498,0.100409,0.010206,0.468932
tid_825,825,0,26,Ставропольский край,городской округ,False,07-735-000-000,07735000,no_code_match,,,,,matched,Советский городской округ (с 2018 года),57795,0.254001,57795,bdpmo_2023,matched,42653.2,matched,8310,143.784064,0.196029,,0.183273,0.036221,0.004332,0.441035
tid_826,826,0,26,Ставропольский край,муниципальный округ,False,07-502-000-000,07502000,matched,Александровский муниципальный округ,46217,0,0,matched,Александровский муниципальный округ,46441,0.273681,46217,rosstat_2024,matched,38338.8,matched,4198,90.394264,0.040019,,,0.020248,,0.672463
tid_827,827,0,26,Ставропольский край,муниципальный округ,False,07-503-000-000,07503000,matched,Андроповский муниципальный округ,33305,0,0,matched,Андроповский муниципальный округ,33526,0.236026,33305,rosstat_2024,matched,38962.8,matched,2882,85.963133,0.096461,,,0.021166,,0.633588
tid_828,828,1,26,Ставропольский край,муниципальный округ,False,07-505-000-000,07505000,matched,Апанасенковский муниципальный округ,29279,0,0,matched,Апанасенковский муниципальный округ,29621,0.264272,29279,rosstat_2024,matched,38489.5,matched,5159,174.166976,0.401822,,0.013762,0.019577,,0.445241
tid_829,829,1,26,Ставропольский край,муниципальный округ,False,07-507-000-000,07507000,matched,Арзгирский муниципальный округ,22666,0,0,matched,Арзгирский муниципальный округ,22874,0.227595,22666,rosstat_2024,matched,38145.9,matched,2620,114.540526,0.142748,,,0.026718,,0.632824
tid_83,83,0,2,Республика Башкортостан,муниципальный район,False,80-659-000-000,80659000,matched,Муниципальный район Янаульский район,42391,25449,0.60034,matched,Янаульский муниципальный район,42880,0.241744,42391,rosstat_2024,matched,49617.3,matched,6714,156.576493,0.062109,0.170092,,0.041704,0.022043,0.348972
tid_830,830,2,26,Ставропольский край,муниципальный округ,False,07-512-000-000,07512000,matched,Буденновский муниципальный округ,106466,56488,0.530573,matched,Буденновский муниципальный округ,107390,0.220011,106466,rosstat_2024,matched,45340.5,matched,16286,151.652854,0.076507,,0.172664,0.036719,0.007491,0.442282
tid_831,831,1,26,Ставропольский край,муниципальный округ,False,07-517-000-000,07517000,matched,Грачевский муниципальный округ,37958,0,0,matched,Грачевский муниципальный округ,37986,0.239957,37958,rosstat_2024,matched,42035.7,matched,2792,73.500763,0.119628,,,0.057665,,0.60351
tid_832,832,0,26,Ставропольский край,муниципальный округ,False,07-528-000-000,07528000,matched,Кочубеевский муниципальный округ,77707,0,0,matched,Кочубеевский муниципальный округ,78120,0.24584,77707,rosstat_2024,matched,46483.3,matched,9446,120.916539,0.198603,,0.091679,0.032712,,0.509528
tid_833,833,1,26,Ставропольский край,муниципальный округ,False,07-530-000-000,07530000,matched,Красногвардейский муниципальный округ,35678,0,0,matched,Красногвардейский муниципальный округ,35811,0.261847,35678,rosstat_2024,matched,49816,matched,6174,172.405127,0.426628,,,0.017331,,0.382896
tid_834,834,2,26,Ставропольский край,муниципальный округ,False,07-533-000-000,07533000,matched,Курский муниципальный округ,52260,0,0,matched,Курский муниципальный округ,52548,0.18387,52260,rosstat_2024,matched,39246.1,matched,5102,97.092182,0.064877,,0.010388,0.016072,,0.658369
tid_835,835,0,26,Ставропольский край,муниципальный округ,False,07-536-000-000,07536000,matched,Левокумский муниципальный округ,34715,0,0,matched,Левокумский муниципальный округ,34905,0.218851,34715,rosstat_2024,matched,39368.7,matched,3246,92.995273,0.09427,,0.010166,0.015404,,0.658041
tid_836,836,1,26,Ставропольский край,муниципальный округ,False,07-544-000-000,07544000,matched,Новоселицкий муниципальный округ,24490,0,0,matched,Новоселицкий муниципальный округ,24624,0.219379,24490,rosstat_2024,matched,40853.8,matched,3299,133.974984,0.330403,,0.010912,0.01849,,0.501364
tid_838,838,1,26,Ставропольский край,муниципальный округ,False,07-552-000-000,07552000,matched,Степновский муниципальный округ,20369,0,0,matched,Степновский муниципальный округ,20544,0.19962,20369,rosstat_2024,matched,37601.5,matched,2172,105.724299,0.185543,,,0.01151,,0.606354
tid_839,839,1,26,Ставропольский край,муниципальный округ,False,07-554-000-000,07554000,matched,Труновский муниципальный округ,32211,0,0,matched,Труновский муниципальный округ,32451,0.265878,32211,rosstat_2024,matched,45713.8,matched,3756,115.743737,0.344782,,0.006656,0.029553,0.005325,0.448083
tid_840,840,0,26,Ставропольский край,муниципальный округ,False,07-556-000-000,07556000,matched,Туркменский муниципальный округ,22025,0,0,matched,Туркменский муниципальный округ,22217,0.242067,22025,rosstat_2024,matched,37743.7,matched,2830,127.379934,0.191519,,,0.009894,,
tid_841,841,2,26,Ставропольский край,муниципальный округ,False,07-558-000-000,07558000,matched,Шпаковский муниципальный округ,165229,112179,0.67893,matched,Шпаковский муниципальный округ,166092,0.195356,165229,rosstat_2024,matched,50199.6,matched,14542,87.553886,0.094347,,0.059758,0.212969,0.003163,0.364874
tid_842,842,2,27,Хабаровский край,городской округ,False,08-701-000-000,08701000,matched,Городской округ г Хабаровск,615570,615570,1,matched,Город Хабаровск,617168,0.227432,615570,rosstat_2024,matched,90275.7,matched,176040,285.238379,0.016201,0.004686,0.047705,0.103823,0.009248,0.422393
tid_843,843,0,27,Хабаровский край,городской округ,False,08-709-000-000,08709000,matched,Городской округ г Комсомольск-на-Амуре,235488,235488,1,matched,Город Комсомольск-на-Амуре,236158,0.242075,235488,rosstat_2024,matched,80493.4,matched,61841,261.862821,0.002264,,0.328197,0.036384,0.008878,0.373005
tid_844,844,3,27,Хабаровский край,муниципальный район,False,08-603-000-000,08603000,matched,Амурский муниципальный район,55970,47492,0.848526,matched,Амурский муниципальный район,56707,0.231612,55970,rosstat_2024,matched,79647.6,matched,10545,185.955878,0.004836,,0.259459,0.012613,0.00825,0.438028
tid_846,846,0,27,Хабаровский край,муниципальный район,False,08-609-000-000,08609000,matched,Бикинский муниципальный район,21147,15575,0.736511,matched,Бикинский муниципальный район,21445,0.170529,21147,rosstat_2024,matched,59353.3,matched,3520,164.140825,,,,0.025568,,0.542614
tid_847,847,3,27,Хабаровский край,муниципальный район,False,08-612-000-000,08612000,matched,Ванинский муниципальный район,33535,25227,0.752259,matched,Ванинский муниципальный район,34071,0.159373,33535,rosstat_2024,matched,100201.5,matched,10219,299.932494,0.081808,,0.050494,0.01233,,0.244936
tid_848,848,3,27,Хабаровский край,муниципальный район,False,08-614-000-000,08614000,matched,Верхнебуреинский муниципальный район,24441,18696,0.764944,matched,Верхнебуреинский муниципальный район,24861,0.183701,24441,rosstat_2024,matched,107024.8,matched,9193,369.775954,,0.387686,,0.004569,,0.218753
tid_849,849,1,27,Хабаровский край,муниципальный район,False,08-617-000-000,08617000,matched,Вяземский муниципальный район,19202,12739,0.66342,matched,Вяземский муниципальный район,19440,0.224794,19202,rosstat_2024,matched,50213.2,matched,2391,122.993827,,,,0.037223,,0.695107
tid_851,851,3,27,Хабаровский край,муниципальный район,False,08-624-000-000,08624000,matched,Им. Лазо муниципальный район,37861,20614,0.544465,matched,Муниципальный район имени Лазо,38232,0.242676,37861,rosstat_2024,matched,51411.3,matched,4969,129.969659,0.025558,,,0.025558,,0.730529
tid_852,852,3,27,Хабаровский край,муниципальный район,False,08-628-000-000,08628000,matched,Нанайский муниципальный район,13922,0,0,matched,Нанайский муниципальный район,14430,0.206791,13922,rosstat_2024,matched,68773.4,matched,4526,313.652114,0.034026,,,0.004419,,0.336058
tid_853,853,3,27,Хабаровский край,муниципальный район,False,08-631-000-000,08631000,matched,Николаевский муниципальный район,23555,20033,0.850478,matched,Николаевский муниципальный район,23830,0.228158,23555,rosstat_2024,matched,93811.5,matched,8243,345.908519,0.049375,0.332403,,0.011646,0.025355,0.407983
tid_854,854,3,27,Хабаровский край,муниципальный район,False,08-634-000-000,08634000,no_code_match,,,,,matched,Охотский муниципальный район,6083,0.187736,6083,bdpmo_2023,matched,107745.8,matched,3201,526.220615,0.094033,0.357388,,0.027179,,0.2796
tid_855,855,3,27,Хабаровский край,муниципальный район,False,08-637-000-000,08637000,matched,Им. Полины Осипенко муниципальный район,3532,0,0,matched,Муниципальный район имени Полины Осипенко,3657,0.259502,3532,rosstat_2024,matched,132239.2,matched,2260,617.99289,0.038938,,,,,
tid_856,856,3,27,Хабаровский край,муниципальный район,False,08-642-000-000,08642000,matched,Советско-Гаванский муниципальный район,36352,35668,0.981184,matched,Советско-Гаванский муниципальный район,36866,0.228178,36352,rosstat_2024,matched,88533.4,matched,5351,145.14729,0.111007,,0.021865,0.039806,,0.531863
tid_857,857,3,27,Хабаровский край,муниципальный район,False,08-644-000-000,08644000,matched,Солнечный муниципальный район,26843,12196,0.454346,matched,Солнечный муниципальный район,27089,0.223264,26843,rosstat_2024,matched,78340.9,matched,5940,219.277197,0.127946,0.164983,0.032492,0.039057,,0.423232
tid_859,859,3,27,Хабаровский край,муниципальный район,False,08-650-000-000,08650000,matched,Ульчский муниципальный район,13977,0,0,matched,Ульчский муниципальный район,14304,0.238884,13977,rosstat_2024,matched,70479,matched,2876,201.06264,0.040334,,,,,0.608832
tid_860,860,3,27,Хабаровский край,муниципальный район,False,08-655-000-000,08655000,matched,Хабаровский муниципальный район,82380,4822,0.058534,matched,Хабаровский муниципальный район,82008,0.194652,82380,rosstat_2024,matched,67779.7,matched,8318,101.429129,0.026088,,0.040635,0.029695,0.011541,0.501082
tid_870,870,3,28,Амурская область,муниципальный округ,False,10-505-000-000,10505000,no_code_match,,,,,no_code_match,,,,,none,matched,59548.2,matched,2364,,0.059645,,,0.015651,,0.509729
tid_871,871,3,28,Амурская область,муниципальный округ,False,10-508-000-000,10508000,no_code_match,,,,,matched,Белогорский муниципальный округ,17256,0.220097,17256,bdpmo_2023,matched,52185.1,matched,2309,133.80853,0.135123,,0.160676,,,
tid_872,872,2,28,Амурская область,муниципальный округ,False,10-511-000-000,10511000,no_code_match,,,,,no_code_match,,,,,none,matched,65152.6,matched,2058,,0.162779,,,0.050534,,0.574344
tid_873,873,0,28,Амурская область,муниципальный округ,False,10-515-000-000,10515000,no_code_match,,,,,matched,Бурейский муниципальный округ,16940,0.275915,16940,bdpmo_2023,matched,70492.1,matched,3847,227.095632,0.038472,,0.016116,0.033793,,0.505329
tid_874,874,3,28,Амурская область,муниципальный округ,False,10-521-000-000,10521000,no_code_match,,,,,matched,Завитинский муниципальный округ,11783,0.271663,11783,bdpmo_2023,matched,60704.2,matched,2876,244.080455,0.027816,,,0.00904,,0.531293
tid_875,875,3,28,Амурская область,муниципальный район,False,10-625-000-000,10625000,no_code_match,,,,,matched,Зейский муниципальный район,11572,0.25216,11572,bdpmo_2023,matched,104312.7,matched,2273,196.422399,,0.299164,,,,
tid_876,876,3,28,Амурская область,муниципальный округ,False,10-528-000-000,10528000,no_code_match,,,,,matched,Ивановский муниципальный округ,21126,0.249787,21126,bdpmo_2023,matched,55075.3,matched,3348,158.477705,0.160992,,,0.017324,,0.641577
tid_877,877,3,28,Амурская область,муниципальный район,False,10-630-000-000,10630000,no_code_match,,,,,matched,Константиновский муниципальный район,10829,0.237787,10829,bdpmo_2023,matched,57586.2,matched,1891,174.623696,0.294024,,,0.011105,,0.558435
tid_878,878,3,28,Амурская область,муниципальный район,False,10-631-000-000,10631000,no_code_match,,,,,matched,Магдагачинский муниципальный район,16847,0.243723,16847,bdpmo_2023,matched,105473.2,matched,10925,648.48341,0.010069,0.230938,0.042288,0.009703,0.015378,0.120549
tid_879,879,3,28,Амурская область,муниципальный район,False,10-632-000-000,10632000,no_code_match,,,,,matched,Мазановский муниципальный район,9373,0.229062,9373,bdpmo_2023,matched,53243.4,matched,1561,166.542196,0.050609,,,,,0.695067
tid_880,880,3,28,Амурская область,муниципальный район,False,10-635-000-000,10635000,no_code_match,,,,,matched,Михайловский муниципальный район,12478,0.246594,12478,bdpmo_2023,matched,61195.1,matched,1736,139.12486,0.117512,,,0.013249,,0.702765
tid_881,881,0,28,Амурская область,муниципальный район,False,10-638-000-000,10638000,no_code_match,,,,,matched,Октябрьский муниципальный район,18720,0.209509,18720,bdpmo_2023,matched,63898.2,matched,3415,182.425214,0.047145,,,0.010249,0.008199,0.510102
tid_882,882,3,28,Амурская область,муниципальный округ,False,10-540-000-000,10540000,no_code_match,,,,,matched,Ромненский муниципальный округ,7325,0.282594,7325,bdpmo_2023,matched,52475.7,matched,1022,139.522184,,,,,,0.712329
tid_883,883,0,28,Амурская область,муниципальный район,False,10-642-000-000,10642000,no_code_match,,,,,matched,Свободненский муниципальный район,11506,0.234834,11506,bdpmo_2023,matched,186125.9,matched,6285,546.236746,,,0.091329,,0.030231,0.136993
tid_884,884,3,28,Амурская область,муниципальный район,False,10-645-000-000,10645000,no_code_match,,,,,matched,Селемджинский муниципальный район,7262,0.249105,7262,bdpmo_2023,matched,107736.9,matched,6275,864.087028,0.009084,0.47761,,0.001116,,0.169721
tid_885,885,0,28,Амурская область,муниципальный округ,False,10-547-000-000,10547000,no_code_match,,,,,no_code_match,,,,,none,matched,54397.2,matched,3286,,0.042909,,,0.009434,0.022824,0.745283
tid_886,886,3,28,Амурская область,муниципальный округ,False,10-549-000-000,10549000,no_code_match,,,,,no_code_match,,,,,none,matched,94162.3,matched,10219,,,,0.01918,0.008514,0.004404,0.173892
tid_888,888,3,28,Амурская область,муниципальный округ,False,10-554-000-000,10554000,no_code_match,,,,,matched,Тындинский муниципальный округ,13606,0.186609,13606,bdpmo_2023,matched,123059.9,matched,6075,446.494194,0.001975,0.382222,,,,0.14749
tid_889,889,3,28,Амурская область,муниципальный округ,False,10-555-000-000,10555000,no_code_match,,,,,no_code_match,,,,,none,matched,113320.1,matched,2383,,0.017205,,,,,
tid_890,890,0,29,Архангельская область,городской округ,False,11-701-000-000,11701000,matched,Городской округ город Архангельск,301376,296665,0.984368,matched,Город Архангельск,303357,0.252831,301376,rosstat_2024,matched,80965.2,matched,83100,273.934671,0.016438,,0.050481,0.087449,0.009904,0.48941
tid_891,891,0,29,Архангельская область,городской округ,False,11-708-000-000,11708000,matched,Городской округ Коряжма,33663,33663,1,matched,Город Коряжма,34002,0.272366,33663,rosstat_2024,matched,64165.2,matched,11148,327.863067,0.043506,,0.331808,0.04207,,0.275745
tid_892,892,0,29,Архангельская область,городской округ,False,11-710-000-000,11710000,matched,Городской округ Котлас,66838,66754,0.998743,matched,Котлас,67023,0.260687,66838,rosstat_2024,matched,68057.4,matched,16757,250.01865,,,0.100436,0.052814,,0.404189
tid_895,895,1,29,Архангельская область,городской округ,False,11-715-000-000,11715000,matched,Городской округ Новодвинск,32639,32638,0.999969,matched,Город Новодвинск,32826,0.268842,32639,rosstat_2024,matched,66657.3,matched,9214,280.692134,,,,,,0.295637
tid_896,896,0,29,Архангельская область,городской округ,False,11-730-000-000,11730000,matched,Городской округ Северодвинск,156310,155647,0.995758,matched,Северодвинск,156731,0.246697,156310,rosstat_2024,matched,84534.7,matched,72049,459.698464,,,,0.031021,0.012256,0.246318
tid_897,897,1,29,Архангельская область,муниципальный район,False,11-605-000-000,11605000,matched,Вельский муниципальный район,44862,25945,0.578329,matched,Вельский муниципальный район,45261,0.290382,44862,rosstat_2024,matched,62033.6,matched,9629,212.743863,0.086198,,,0.060858,,0.491848
tid_898,898,1,29,Архангельская область,муниципальный округ,False,11-508-000-000,11508000,matched,Верхнетоемский муниципальный округ,10925,0,0,matched,Верхнетоемский муниципальный округ,11299,0.38322,10925,rosstat_2024,matched,56414.2,matched,1900,168.156474,0.198947,,,,,0.677368
tid_899,899,0,29,Архангельская область,муниципальный округ,False,11-511-000-000,11511000,matched,Вилегодский муниципальный округ,8586,0,0,matched,Вилегодский муниципальный округ,8759,0.368307,8586,rosstat_2024,matched,57524.5,matched,1539,175.704989,,,,0.038337,,
tid_9,9,0,1,Республика Адыгея,муниципальный район,False,79-640-000-000,79640000,matched,Шовгеновский муниципальный район,16287,0,0,matched,Шовгеновский муниципальный район,16262,0.241975,16287,rosstat_2024,matched,36231.4,matched,1661,102.139958,0.050572,,,0.012643,,0.691752
tid_900,900,1,29,Архангельская область,муниципальный округ,False,11-514-000-000,11514000,matched,Виноградовский муниципальный округ,12371,0,0,matched,Виноградовский муниципальный округ,12647,0.320313,12371,rosstat_2024,matched,55903.5,matched,2161,170.870562,0.079593,,,0.044887,,0.610366
tid_901,901,1,29,Архангельская область,муниципальный округ,False,11-518-000-000,11518000,matched,Каргопольский муниципальный округ,14660,8709,0.594065,matched,Каргопольский муниципальный округ,14796,0.296567,14660,rosstat_2024,matched,53090.2,matched,2478,167.477697,0.016546,,,0.078289,,0.663842
tid_902,902,1,29,Архангельская область,муниципальный район,False,11-622-000-000,11622000,matched,Коношский муниципальный район,17807,10142,0.569551,matched,Коношский муниципальный район,18209,0.302927,17807,rosstat_2024,matched,62546.4,matched,4324,237.46499,,,0.077937,0.032609,,0.475254
tid_903,903,1,29,Архангельская область,муниципальный округ,False,11-527-000-000,11527000,matched,Котласский муниципальный округ,17119,8602,0.502483,matched,Котласский муниципальный округ,17228,0.301718,17119,rosstat_2024,matched,84159.6,matched,3472,201.532389,,,,0.019297,,0.416187
tid_904,904,1,29,Архангельская область,муниципальный район,False,11-630-000-000,11630000,no_code_match,,,,,matched,Красноборский муниципальный район,10234,0.334082,10234,bdpmo_2023,matched,57666.4,matched,2065,201.778386,,,,0.027119,,0.717676
tid_905,905,1,29,Архангельская область,муниципальный район,False,11-635-000-000,11635000,matched,Ленский муниципальный район,9646,3872,0.40141,matched,Ленский муниципальный район,9879,0.298208,9646,rosstat_2024,matched,79741,matched,2579,261.058812,,,,0.038387,,0.421481
tid_907,907,3,29,Архангельская область,муниципальный округ,False,11-542-000-000,11542000,matched,Мезенский муниципальный округ,7098,2835,0.399408,matched,Мезенский муниципальный округ,7248,0.389349,7098,rosstat_2024,matched,98169.4,matched,2913,401.903974,0.027463,,0.012702,0.028493,,0.332303
tid_908,908,1,29,Архангельская область,муниципальный округ,False,11-544-000-000,11544000,matched,Няндомский муниципальный округ,22613,18074,0.799275,matched,Няндомский муниципальный округ,22889,0.283105,22613,rosstat_2024,matched,68390.7,matched,5795,253.178383,0.078861,,,0.04038,,0.408973
tid_909,909,1,29,Архангельская область,муниципальный район,False,11-646-000-000,11646000,matched,Онежский муниципальный район,23456,17943,0.764964,matched,Онежский муниципальный район,24068,0.311908,23456,rosstat_2024,matched,62386.2,matched,5540,230.181153,0.099278,,0.133755,0.024368,,0.385921
tid_911,911,1,29,Архангельская область,муниципальный округ,False,11-550-000-000,11550000,matched,Плесецкий муниципальный округ,33077,22110,0.66844,matched,Плесецкий муниципальный округ,33589,0.299711,33077,rosstat_2024,matched,61068.2,matched,6913,205.811426,0.016925,0.058585,0.011717,0.047447,,0.51367
tid_912,912,0,29,Архангельская область,муниципальный район,False,11-652-000-000,11652000,no_code_match,,,,,matched,Приморский муниципальный район,28793,0.242837,28793,bdpmo_2023,matched,76505.2,matched,7198,249.991317,0.037371,,,0.028619,,0.387052
tid_913,913,1,29,Архангельская область,муниципальный округ,False,11-554-000-000,11554000,matched,Устьянский муниципальный округ,23280,9337,0.401074,matched,Устьянский муниципальный округ,23609,0.31471,23280,rosstat_2024,matched,75095.9,matched,5766,244.228896,0.126257,,,0.026188,,0.431495
tid_914,914,1,29,Архангельская область,муниципальный округ,False,11-556-000-000,11556000,matched,Холмогорский муниципальный округ,17957,0,0,matched,Холмогорский муниципальный округ,18445,0.33955,17957,rosstat_2024,matched,60700.7,matched,2918,158.200054,0.109321,,,0.050034,,0.621316
tid_915,915,1,29,Архангельская область,муниципальный округ,False,11-558-000-000,11558000,matched,Шенкурский муниципальный округ,10436,4439,0.425355,matched,Шенкурский муниципальный округ,10681,0.356802,10436,rosstat_2024,matched,53830.3,matched,1555,145.585619,,,,0.034084,,0.729904
tid_916,916,3,83,Ненецкий автономный округ,городской округ,False,11-851-000-000,11851000,matched,Городской округ город Нарьян-Мар,24266,24266,1,matched,Город Нарьян-Мар,23579,0.175538,24266,rosstat_2024,matched,102791.3,matched,11284,478.561432,0.017724,0.041652,0.022421,0.02632,0.025877,0.436459
tid_917,917,3,83,Ненецкий автономный округ,муниципальный район,False,11-811-000-000,11811000,matched,Заполярный муниципальный район,17958,7316,0.407395,matched,Муниципальный район Заполярный район,17804,0.205796,17958,rosstat_2024,matched,135956.6,matched,14856,834.419232,0.028877,0.480883,0.01077,0.01178,,0.129914
tid_918,918,2,30,Астраханская область,городской округ,False,12-701-000-000,12701000,matched,Городской округ город Астрахань,465524,465524,1,matched,Город Астрахань,468842,0.223399,465524,rosstat_2024,matched,56972.7,matched,104431,222.742416,,0.033256,0.047888,0.079114,0.004635,0.52765
tid_920,920,1,30,Астраханская область,муниципальный район,False,12-605-000-000,12605000,matched,Муниципальный район Ахтубинский,57030,44201,0.775048,matched,Ахтубинский муниципальный район,57400,0.268188,57030,rosstat_2024,matched,46591.3,matched,11689,203.641115,,,0.049363,0.053982,0.007528,0.533835
tid_922,922,1,30,Астраханская область,муниципальный район,False,12-615-000-000,12615000,matched,Муниципальный район Енотаевский,25039,0,0,matched,Енотаевский муниципальный район,25035,0.243419,25039,rosstat_2024,matched,67411.6,matched,3597,143.67885,,,,0.032805,0.00834,0.403392
tid_923,923,1,30,Астраханская область,муниципальный район,False,12-620-000-000,12620000,matched,Муниципальный район Икрянинский,47744,12949,0.271217,matched,Икрянинский муниципальный район,48058,0.245141,47744,rosstat_2024,matched,34476.3,matched,4449,92.575638,0.064958,,,0.032367,,0.674758
tid_924,924,1,30,Астраханская область,муниципальный район,False,12-625-000-000,12625000,matched,Муниципальный район Камызякский,46892,20646,0.440288,matched,Камызякский муниципальный район,47368,0.237544,46892,rosstat_2024,matched,34113.7,matched,4174,88.118561,0.081457,,0.046718,0.029468,,0.687111
tid_925,925,1,30,Астраханская область,муниципальный район,False,12-630-000-000,12630000,matched,Муниципальный район Красноярский,35860,0,0,matched,Красноярский муниципальный район,36117,0.203644,35860,rosstat_2024,matched,100709.9,matched,12747,352.93629,0.011061,0.080568,0.450851,0.007688,0.026359,0.150624
tid_926,926,1,30,Астраханская область,муниципальный район,False,12-635-000-000,12635000,matched,Муниципальный район Лиманский,27717,8744,0.315474,matched,Лиманский муниципальный район,27946,0.254455,27717,rosstat_2024,matched,43505.3,matched,3317,118.693194,0.029243,,,0.03467,,0.601749
tid_927,927,0,30,Астраханская область,муниципальный район,False,12-640-000-000,12640000,matched,Муниципальный район Наримановский,47528,10856,0.228413,matched,Наримановский муниципальный район,47916,0.220782,47528,rosstat_2024,matched,67655.1,matched,9457,197.366224,0.020514,0.055091,0.201755,0.040499,0.023898,0.344295
tid_928,928,2,30,Астраханская область,муниципальный район,False,12-642-000-000,12642000,matched,Муниципальный район Приволжский,66669,0,0,matched,Приволжский муниципальный район,64629,0.183029,66669,rosstat_2024,matched,44449.1,matched,3759,58.162744,,,,0.086991,,0.60149
tid_929,929,0,30,Астраханская область,муниципальный район,False,12-645-000-000,12645000,matched,Муниципальный район Харабалинский,39434,18161,0.460542,matched,Харабалинский муниципальный район,39706,0.21911,39434,rosstat_2024,matched,40889.6,matched,4670,117.614466,0.259101,,,0.040257,0.004283,0.477944
tid_930,930,1,30,Астраханская область,муниципальный район,False,12-650-000-000,12650000,matched,Муниципальный район Черноярский,19298,0,0,matched,Черноярский муниципальный район,19408,0.247166,19298,rosstat_2024,matched,48866.1,matched,3022,155.708986,0.029782,,,0.023163,,0.429517
tid_986,986,0,33,Владимирская область,городской округ,False,17-701-000-000,17701000,matched,Городской округ город Владимир,346685,344082,0.992492,matched,Город Владимир,349315,0.276392,346685,rosstat_2024,matched,61288.3,matched,98452,281.843036,0.013641,,0.173039,0.105361,0.007699,0.40178
tid_987,987,0,33,Владимирская область,городской округ,False,17-720-000-000,17720000,matched,Городской округ город Гусь-Хрустальный,51182,51098,0.998359,matched,Город Гусь-Хрустальный,52002,0.274316,51182,rosstat_2024,matched,51096.1,matched,11777,226.472059,,,0.374204,0.060457,,0.362147
tid_988,988,0,33,Владимирская область,городской округ,False,17-725-000-000,17725000,matched,Городской округ город Ковров,128879,128879,1,matched,Город Ковров,130327,0.273136,128879,rosstat_2024,matched,60408,matched,40618,311.662204,,,0.572923,0.043454,0.00618,0.204072
tid_989,989,0,33,Владимирская область,городской округ,False,17-735-000-000,17735000,matched,Городской округ округ Муром,112091,104806,0.935008,matched,Округ Муром,113330,0.273008,112091,rosstat_2024,matched,53801.1,matched,29389,259.322333,0.000374,,0.433734,0.052435,0.009187,0.269523
tid_991,991,0,33,Владимирская область,муниципальный район,False,17-605-000-000,17605000,matched,Александровский муниципальный район,102657,88445,0.861558,matched,Александровский муниципальный район,104158,0.262159,102657,rosstat_2024,matched,52800.3,matched,14804,142.130225,,0.013442,0.210416,0.12044,,0.371319
tid_992,992,0,33,Владимирская область,муниципальный район,False,17-610-000-000,17610000,matched,Вязниковский муниципальный район,66875,43310,0.647626,matched,Вязниковский муниципальный район,68662,0.299525,66875,rosstat_2024,matched,40268.2,matched,11801,171.870904,0.018473,,0.412253,0.044996,,0.368274
tid_993,993,1,33,Владимирская область,муниципальный район,False,17-615-000-000,17615000,matched,Гороховецкий муниципальный район,19901,12104,0.608211,matched,Гороховецкий муниципальный район,20260,0.329911,19901,rosstat_2024,matched,50534.8,matched,3052,150.641658,0.011796,,0.261468,0.060944,,0.380406
tid_994,994,1,33,Владимирская область,муниципальный район,False,17-620-000-000,17620000,matched,Гусь-Хрустальный муниципальный район,38749,5985,0.154456,matched,Гусь-Хрустальный муниципальный район,39472,0.282732,38749,rosstat_2024,matched,48147.3,matched,5033,127.508107,,,0.43791,0.043314,0.006954,0.286708
tid_995,995,1,33,Владимирская область,муниципальный район,False,17-625-000-000,17625000,matched,Камешковский муниципальный район,30466,11776,0.386529,matched,Камешковский муниципальный район,30510,0.311439,30466,rosstat_2024,matched,53401.8,matched,4195,137.495903,,,,0.047199,0.046484,0.409535
tid_996,996,0,33,Владимирская область,муниципальный район,False,17-630-000-000,17630000,matched,Киржачский муниципальный район,37950,26266,0.692121,matched,Киржачский муниципальный район,38094,0.290518,37950,rosstat_2024,matched,63559.6,matched,8703,228.461175,,,0.504539,0.118005,0.016546,0.24302
tid_998,998,1,33,Владимирская область,муниципальный район,False,17-640-000-000,17640000,matched,Кольчугинский муниципальный район,47188,37741,0.799801,matched,Кольчугинский муниципальный район,48256,0.305558,47188,rosstat_2024,matched,53756.3,matched,8251,170.983919,0.036723,,0.328203,0.05769,0.005211,0.379348
tid_999,999,1,33,Владимирская область,муниципальный район,False,17-642-000-000,17642000,matched,Меленковский муниципальный район,31240,12902,0.412996,matched,Меленковский муниципальный район,31820,0.304588,31240,rosstat_2024,matched,40868.6,matched,4832,151.85418,0.105132,,0.256209,0.039321,0.005174,0.384727
