entity_id,held_out_region,observed2023,observed2024,controls,continuous5,kmeans4,huber75,mixture4,continuous5_region_weighted,continuous5_temporal15,controls_geo3,continuous5_geo3,continuous5_geo3_temporal15,controls_temporal15,continuous5_geo3_region_weighted
tid_1,1,10.787098055581652,10.958504908419595,10.891977003806081,10.802726511895443,10.849408285813855,10.745218166535986,10.789216994926594,10.831685491325585,10.805932058788121,10.842629202768167,10.818563259349594,10.80654466725556,10.803369202539356,10.823254728220938
tid_2,1,10.567365538914066,10.7665293948819,10.654789457452594,10.610800602593624,10.521482804539827,10.528269449716522,10.51451388597772,10.66442978692294,10.616725604202777,10.608747119733339,10.584469271593157,10.616382737730966,10.610551094715353,10.628633249097303
tid_3,1,10.742145337596082,10.906830827219256,10.678725159529314,10.703085720509732,10.68150279920933,10.674023124303034,10.692797963763615,10.72072329883303,10.744191470007673,10.678536687450006,10.759343876340663,10.762549082253756,10.689981651152321,10.70819224955621
tid_4,1,10.66801774591814,10.844706966694988,10.742954652986588,10.614237310162391,10.758144099942795,10.799122397248288,10.606952495194863,10.59275320930937,10.623172297656351,10.69636721838565,10.613361404605326,10.606730981619343,10.661000734676007,10.533501449396407
tid_5,1,10.63334749627796,10.796491233555049,10.678398174907379,10.6839802580037,10.705279078273392,10.674023124303034,10.678194178481794,10.68725517096774,10.687432712097586,10.683557186723938,10.702197531974013,10.671093802453523,10.677392286381782,10.700386677586604
tid_6,1,10.63388234712274,10.77824353594127,10.821097731754113,10.80331860499621,10.811388175495681,10.821477357609838,10.770943465387923,10.784579681392726,10.687220375711052,10.701227410114019,10.769654935895025,10.696579504047564,10.700540132710936,10.782407886409452
tid_7,1,10.996019728054115,11.23464307674408,11.212741226899556,11.140326599352486,11.134908644410004,11.234338845929662,11.131756574028197,11.146338795011285,11.149593051641418,11.101409779645971,11.088492174267714,11.09520084297613,11.143740358529103,11.138545031145886
tid_8,1,10.915055736406332,11.214088069286818,10.995430280786767,10.873313833804504,10.967281202732707,11.003138611242841,10.942861129300576,10.87797584779891,10.987468587166072,10.862737279707813,10.822676517380057,10.90641252966588,11.103518334372367,10.811503117551103
tid_9,1,10.497681425151924,10.663746503087143,10.569543722095371,10.634756944307327,10.589996788800704,10.574951642193207,10.633896794713177,10.6234330741355,10.572243593464739,10.546905194280736,10.540980777031706,10.486745341404303,10.555224867008995,10.521710425360558
tid_21,2,11.213848044797777,11.377254642539828,11.048343691233677,11.0798587218721,11.060063921019468,11.024593199279723,11.045398121713852,11.107012230108587,11.162048713365387,11.085727557317034,11.0778567946912,11.117528921735675,11.125320597404768,11.121997523911856
tid_22,2,10.847017894549271,11.063549220853623,10.678559860879677,10.724477822198937,10.694346682958132,10.686551339179141,10.754064031332824,10.73143359021374,10.771491614040018,10.797964605614451,10.815478879414876,10.817810250204113,10.717347712247532,10.728436071482522
tid_23,2,10.7855594410236,11.009520572676688,10.803741102858977,10.848373691088113,10.824991580441251,10.830775191843287,10.867033829442255,10.884937082761404,10.828690552817383,10.893607589268456,10.862650232073156,10.8314844797714,10.840886389932336,10.887725019265211
tid_25,2,10.903422498865488,11.066242971685224,10.946832137942708,11.125170363172195,10.960827669837148,10.964245898336978,10.987837260860585,11.128778263787758,11.118725903978348,11.018817372075885,11.07219064536539,11.083680449765213,11.03732927288415,11.084097448609642
tid_26,2,10.94434183588053,11.13340876597566,10.939461294558832,11.010165438885817,10.956381395985538,10.963363213691911,10.989764246307985,11.009155110551747,10.992976328886803,11.080087291219526,11.060019331396076,11.081688009302036,10.959220707118941,11.074300281274807
tid_27,2,11.042374485955936,11.208406443248654,10.946832137942708,11.037831932874951,10.960827669837148,10.964245898336978,10.998904069631704,11.008945858599482,11.029420556399195,10.983606339268963,11.043007213410018,11.033915931109988,10.98165918811166,11.059207057547978
tid_28,2,10.781272355737698,10.93352473958216,10.859866550673562,11.016456938380609,10.78845756216436,10.86515948800198,10.899070011302324,10.9840070842975,11.026274190180677,10.91360744271008,11.013164690200846,10.955248314555124,10.973704195225801,10.966401919369057
tid_29,2,10.899391361344213,11.08894398198845,10.938364709186834,11.147845368065099,10.96251111705512,10.956307577399308,10.988538569313663,11.131978287459223,11.157623887726396,10.9800683335729,11.051188783030993,11.076137316166896,11.062596441323441,11.067476456229844
tid_30,2,10.69753155126262,10.871865863270388,10.641716331057301,10.692327005096265,10.688762765265214,10.71387421833253,10.650892063572787,10.708183602355724,10.644942512934367,10.69205911709835,10.679555440351372,10.670525090155133,10.707753653238438,10.61736337969138
tid_31,2,10.819228133104804,11.01220527553979,10.695154805058754,10.737945762784593,10.698218479596177,10.75795920823559,10.75060275924526,10.748179965380212,10.723523289054146,10.718589129333612,10.732509789999169,10.731240588076332,10.703254671876962,10.771356356014335
tid_32,2,10.590211649186926,10.755167227308707,10.63355878042917,10.666814995241294,10.660839540565972,10.646405995318869,10.654391919848319,10.655705112233726,10.704552399440663,10.674421301078858,10.658164291436808,10.68872672907793,10.66747310044469,10.661219065423344
tid_33,2,10.57159893662485,10.777791027902571,10.632040175531596,10.65276676104377,10.66645676376335,10.69288899636729,10.648139809147066,10.615729164085966,10.701171198820049,10.704430828580913,10.675328816085667,10.678755850491596,10.66903211824212,10.61992820490748
tid_34,2,10.580078430780356,10.764339567514142,10.67330258871671,10.657587879306352,10.716512382207107,10.73545021218489,10.626486298602536,10.706926357682173,10.64677754454496,10.654850693249882,10.66259679075513,10.65702254611428,10.66571875391671,10.673191794330378
tid_35,2,10.6417706094338,10.766280456560358,10.659780016780333,10.784192688820859,10.551404109208297,10.746653651617425,10.555443584952506,10.800783181702498,10.738118201997821,10.742870050893725,10.788773372884998,10.766227746084606,10.62792464183818,10.724226899115761
tid_36,2,10.505516753727289,10.678555675781382,10.667165331714811,10.718924721031255,10.701777571982168,10.649592042137238,10.773564747370877,10.702118655096136,10.763843237475992,10.785386772594144,10.761547062725894,10.781779381507878,10.663381244312147,10.737085376521362
tid_37,2,10.56721107172259,10.719246093609096,10.58694575775427,10.66078540832959,10.620020206706771,10.629128733091408,10.655586152352202,10.650312497471083,10.729846573999238,10.707738923905294,10.710922456684395,10.749647385723078,10.637110230785689,10.659884827697907
tid_38,2,10.795958840497164,10.973319635777512,10.901323318916587,10.954769581281797,10.89468681895308,10.91681153945615,10.960995767239567,10.925255075186522,10.892361408099065,10.936891599771972,10.938775914531508,10.914974145627978,10.869434844958635,10.924574973693755
tid_39,2,10.705648318163435,10.831428160317245,10.646594178442779,10.661373481178392,10.660128034730072,10.700176047003119,10.59749118675818,10.662470851507459,10.718448092593592,10.682509206206978,10.67313687352349,10.705300067797362,10.694685009556478,10.689426449691501
tid_40,2,10.770522912048298,10.955811544752128,10.85127260167127,10.962899479933082,10.872529443143474,10.906591825971033,10.92364782799182,10.935319629584919,10.91064266487677,10.925798727019755,10.942886245265653,10.870695974827154,10.887865006868743,10.911739960066523
tid_41,2,10.670479813553944,10.83531102438475,10.64100131868197,10.677549935024144,10.65298080504771,10.706471734964206,10.684229943892866,10.687306097476288,10.72403221504493,10.661514589052418,10.676743571378626,10.731515040691654,10.707414341618447,10.704749219684551
tid_42,2,10.693874867521128,10.831447928476274,10.849844785738597,10.961868372770024,10.867378282170115,10.895326213778787,10.918811946011193,10.928290006819077,10.890094453471674,10.95230300612257,11.011337009575579,10.945621098819776,10.845032008336503,10.998882864007241
tid_43,2,10.777277798678137,10.9532281737135,10.702323732155826,10.703204401825774,10.709125743050848,10.68060297086015,10.6923897631595,10.712217477690304,10.76117157952589,10.722474056181497,10.723699433706255,10.728998287517452,10.696766090819377,10.73181509429823
tid_44,2,11.055386231389464,11.234731570390757,10.911806880717487,10.955901167516162,10.897904829477845,10.96501228907932,10.97262238438557,10.941955183973803,10.954096142130162,10.976007064855349,10.981921984768475,10.98054504195712,10.944530170022379,10.937056163131217
tid_45,2,10.702972521067714,10.864921807659517,10.644719698852713,10.745031371098756,10.666352904100995,10.726553949842607,10.752307464303696,10.760233677801578,10.692973154429225,10.723569150706014,10.743461943402117,10.696791739393129,10.651265164492244,10.74308478545393
tid_46,2,10.833464203514849,11.174979743302924,10.613560570637429,10.679927136437229,10.632801397049638,10.681439216535232,10.699591528738637,10.669555335894305,10.713379359948142,10.758059829793643,10.738205602521804,10.742619189324277,10.63051614785018,10.688800146762858
tid_47,2,10.430163887406897,10.543017688258958,10.578408354549834,10.626709516066338,10.627840915969376,10.617373246220888,10.65824917355964,10.591126067705618,10.587607673429991,10.62451149053042,10.623693556879552,10.59401074180037,10.589530400761383,10.581258823833823
tid_48,2,10.615019689304631,10.780496769408607,10.677392584089544,10.700827756821818,10.697227297960284,10.750468998636281,10.710178706167543,10.70063719531881,10.672988778872632,10.729942495737566,10.674104717462457,10.65612379250975,10.713357628982893,10.676284855157105
tid_49,2,10.625557410723154,10.80491436161174,10.745656089044667,10.816007289536216,10.756074568827302,10.798493676232393,10.80475607771034,10.796004548737422,10.796695571553443,10.778913616717857,10.800685907727976,10.789837662932092,10.744690988331842,10.827525117330275
tid_50,2,10.660897434949003,10.841391037146348,10.735126998591587,10.824226577379315,10.76072709478671,10.798493676232393,10.665449513170925,10.779464569598124,10.86418645707351,10.776535489956098,10.798172181111676,10.817459908017723,10.762313014311957,10.768032412636169
tid_51,2,10.764846800884063,10.949865753532242,10.820975749794421,10.915288761571473,10.829733189710577,10.823296142926996,10.813911497144126,10.914654864513622,10.902705596661528,10.974517749171548,10.933923695246243,10.89986585552461,10.882654074731025,10.918033750787652
tid_52,2,10.773200171849702,10.950487197584534,10.524616519339835,10.638998349300872,10.569361102115101,10.5435732318396,10.572266958201261,10.652595986338069,10.695406147798751,10.590229066594125,10.670665131686828,10.71440347645041,10.641817214076031,10.666413346142072
tid_53,2,10.537672634771274,10.68604572869668,10.701732769101598,10.702777529461097,10.707556413076082,10.74224689586959,10.662675361433482,10.704142189683383,10.712822341291224,10.747299129478746,10.678118085222817,10.708551255968482,10.742527634610049,10.667135355794247
tid_54,2,10.572213958554393,10.735470159431252,10.578261419529397,10.669863113466405,10.619712465617916,10.607113416414851,10.734110758185674,10.635252275744188,10.619531202104113,10.652851286413881,10.646734191961912,10.603972063454636,10.596240556863423,10.60003028382797
tid_55,2,10.9741152326028,11.057528240913824,10.892120762936047,10.936681959772688,10.886157880866811,10.911905768608735,10.958952516899057,10.890209115674987,11.003970559265355,10.931538556737939,10.939197965112221,10.985293304772139,10.999348002188299,10.922902055404784
tid_56,2,10.792259080772675,11.049864082469291,10.650973217112364,10.664861372909618,10.678684079340103,10.706581942181373,10.696743583011319,10.661140473286656,10.709526005356288,10.757808363399064,10.717107854505727,10.728235871945405,10.699919220743936,10.665165678284126
tid_57,2,10.85419323760618,11.04178038451686,11.01644721094997,11.060438063328506,11.013038519560718,11.025002363227443,11.103168897403648,11.034416699312247,11.07830351317907,11.049461637272865,11.047566914346298,11.061333207816388,11.066208542970466,11.060424160427218
tid_58,2,10.933594350927766,11.10799471406782,10.630168524557115,10.680632165468392,10.644990385829425,10.63753525517104,10.626654337105697,10.675522004969277,10.714563659964224,10.785744523724695,10.731264778012717,10.736646231045185,10.661166101916583,10.69445804107295
tid_59,2,10.550870860084707,10.704264172797894,10.690895618469607,10.72936768554277,10.707668353328073,10.74534953033647,10.7302616660786,10.718034563997408,10.704682129505102,10.72604537392085,10.745705976801379,10.700255426083185,10.701440358530933,10.75821997208748
tid_60,2,10.7656135028256,10.93019380199021,10.674192709098422,10.745412221778581,10.694055007234248,10.763003288749875,10.750036542778325,10.730059011839643,10.747947769835436,10.73385864112912,10.73727086899938,10.760475162622923,10.732242123845197,10.77058295173561
tid_61,2,10.54544669632664,10.691021759652802,10.637799964028412,10.6555445022326,10.64509008855809,10.647432249634374,10.686435007386818,10.637040297939352,10.642795878091116,10.65417540121629,10.663475161511148,10.634494934199719,10.66433169998701,10.66436432859298
tid_62,2,10.860641878065282,11.080618310893968,10.638917569868767,10.710372727035631,10.661095491909212,10.724105273797042,10.64216106269639,10.740865373738824,10.755563376241303,10.757305644919642,10.731587428469634,10.755340534114078,10.70034673052903,10.691980539075416
tid_63,2,10.609654605508345,10.76437973286857,10.649287842570757,10.598932273482177,10.665271976599493,10.724105273797042,10.690404583709528,10.575497017658282,10.620005599638862,10.721811251734058,10.631196080190323,10.600372444781627,10.655435697452027,10.566741518409358
tid_65,2,10.653981045948564,10.825666912358283,10.655089971554704,10.720590287876574,10.670529388791277,10.66267662956486,10.689634252960301,10.744386307457809,10.782016587460221,10.72032713704908,10.727960034695174,10.778023861905154,10.74860137004754,10.760988960043752
tid_66,2,10.732772725585546,10.90835493571864,10.920088166473402,10.965868743227071,10.868877772814749,10.92022167435945,10.952405253459023,10.94968643649459,10.8802410830474,10.966223563254418,10.989798184206041,10.935109703279121,10.858274866541809,10.91685918370643
tid_67,2,10.544878173523038,10.726813950955618,10.699935417688758,10.738792186904178,10.706797339393548,10.74786974211413,10.717767881372719,10.743505063139658,10.786143369209974,10.739240665127651,10.741600738897258,10.753155097561189,10.729432382597219,10.758380639221468
tid_68,2,10.537969596483958,10.720368914394037,10.58734066611883,10.615977154148531,10.622694516791585,10.64318646458982,10.627337111437587,10.64113226088761,10.610797656544898,10.64235584061802,10.626507839335392,10.622050947478998,10.60544875200037,10.65829367828159
tid_69,2,10.591041620764033,10.77054812345646,10.624622247922858,10.61781266802076,10.51130119273483,10.671625861415063,10.528918073906922,10.631698109406793,10.753289529788635,10.630734461292848,10.656289113418644,10.706422945459172,10.701787222946137,10.65805558091079
tid_70,2,10.559067851608974,10.724055619545693,10.654112446088034,10.677396010822896,10.657631673351661,10.652495430404413,10.650160290165918,10.740143795128287,10.666536543027815,10.689262894352506,10.700308404588847,10.685431967272052,10.64431808872984,10.72158522277514
tid_71,2,10.69463220797731,10.853052506022268,10.704482362378723,10.77907118923288,10.713280384793949,10.747919757431411,10.70548644920782,10.75390520332328,10.806288998177841,10.699201619987992,10.773403761800358,10.796386483597525,10.717955235662297,10.74853943672659
tid_72,2,10.54138890087003,10.66282033455183,10.593089358448026,10.599332321851461,10.603274050563229,10.56584648027918,10.525472254764532,10.581899289758535,10.635441552838088,10.576076257941041,10.616842570990856,10.649236588456432,10.581838922403142,10.595418491313577
tid_73,2,10.867430658685072,10.95801384506604,10.990555526382234,11.073286645428663,10.952446022131602,11.000809997849837,11.04643802990767,11.038957090389733,11.14777757009182,11.047588227312076,11.067714211319299,11.105321479141248,11.143541527880032,11.053910979282659
tid_74,2,10.92582156692976,11.19160939125486,10.580600213638538,10.591649150247267,10.609561926824659,10.635827106907108,10.585163181658151,10.585028364700438,10.571072992671493,10.671088820570306,10.62450434672511,10.565872078196376,10.565458204814183,10.588854150182499
tid_75,2,10.86159754149888,11.022838304978633,10.905494090277886,11.039957191276054,10.902281771620759,10.932471049105983,10.96473166187349,10.969795564397712,10.982940714382785,11.056764607147704,11.056540512888782,10.98061197781807,10.923049842293228,10.960732487283973
tid_76,2,11.227106988277992,11.411787134441918,10.98919399062369,11.012557534709824,10.997625010572493,11.018970254119244,11.107271584780673,10.943986045642742,10.930477210190002,11.047522956581345,11.063931426966326,11.007644607485846,10.97856839590179,11.073156078925072
tid_77,2,11.108275024929902,11.31097328208704,10.895483058046588,11.012757680430187,10.842815853702719,10.929725461848273,10.948321619172763,10.969845074506587,10.98644272319217,10.979719740786788,11.008711131461167,10.949835821598983,10.90430405742858,10.943683650346218
tid_78,2,10.5565208211595,10.716828194673663,10.614394648913882,10.63338007456087,10.638519109819317,10.61219963158573,10.62095505916406,10.637172539754294,10.639311217285385,10.66119656617471,10.633235738427445,10.630358484609728,10.632625513414963,10.633236225500749
tid_79,2,11.10787776973319,11.278837238606474,10.758238545966229,10.815849731434993,10.770745021311237,10.808927635696083,10.838112320575116,10.791126657003003,10.765932187726406,10.800894819147672,10.800501835470392,10.773336136301081,10.72390654978945,10.765943200005397
tid_80,2,10.747026930095856,10.8999840557113,10.649577322523307,10.675213330119911,10.676121301030758,10.720614239269695,10.63148300148641,10.7164915787633,10.66320760362519,10.785851324649055,10.695734426542499,10.702263857163793,10.712786581351319,10.672017310590226
tid_81,2,10.854052166762294,11.030076486346193,10.889378286721708,10.963008422170049,10.876182183474793,10.8970355734661,10.930463515512297,10.927318754929289,10.948616041397315,10.902002517377309,10.919651655382783,10.874424968224947,10.868653840259814,10.979514210437381
tid_82,2,10.760881419162496,10.898075469545358,10.607778751063433,10.673870748831233,10.658831635576401,10.656126743301316,10.599426103459093,10.73967090991311,10.706664839360734,10.698188753718574,10.725083040470295,10.748890883357586,10.706193527178925,10.739757911649447
tid_83,2,10.812094842222397,11.03966212864745,10.711644953380528,10.767363262345887,10.740975518338137,10.780404109980692,10.66315938759753,10.74199665158527,10.737732914503535,10.833077321473962,10.785347843161105,10.746655193402125,10.73885603351933,10.722355051634867
tid_10,4,11.022083824603424,11.205031161346051,10.946807323625258,10.918803112700115,10.950273950712582,10.953308781413753,10.894381824907088,10.901358236646807,11.091751424492422,10.92665631919773,10.908543526323168,11.034751211936552,11.105142838406659,10.989941429232678
tid_11,4,10.940571894846348,11.166656193745377,10.82886937968741,10.835806835125851,10.773941198870716,10.9092333611373,10.81596349981482,10.812903559816236,10.882608572626355,10.875533398607626,10.790462904422402,10.825535334635042,10.945232780802469,10.82340061222441
tid_12,4,11.06632737649072,11.205742479701875,11.226430934848803,11.066000377059312,11.183030396081623,11.172640637193568,11.160539533322023,11.105464600923977,10.959672850896881,11.090934840805494,11.010569818612087,11.03218027292251,11.002806726542293,11.12143630641814
tid_13,4,10.556310010748849,10.752402675876883,10.753425786677674,10.761073299735772,10.791634654229497,10.794594980872748,10.892233168597315,10.685208764140267,10.657937654355518,10.65743458464533,10.592395809956887,10.61066282177156,10.655493571332192,10.63336856145048
tid_14,4,10.745729079760489,10.962956991686172,10.824283736625787,10.82465099109636,10.904905211577317,10.798677677187317,10.91671121478517,10.844222171528079,10.920374528684338,10.874697350931319,10.84211423187841,10.893112647972066,10.933243013669985,10.95889680285484
tid_15,4,10.865462678283263,11.055877546884709,11.221538749154307,10.990080795402863,11.32858217713533,11.36979287448189,11.29189292036143,10.93037993987953,11.000386864130412,11.061464046595237,11.013050576646743,11.008594882856281,11.05941316839816,10.954344249182418
tid_16,4,10.518629947448105,10.72115060779364,10.68253919457768,10.69316651400701,10.72936656534579,10.724896968307316,10.797271937418842,10.629411516974379,10.694747575315041,10.653811974151303,10.565616941546145,10.636072155738283,10.777929202058129,10.583183889320173
tid_17,4,10.568368994487296,10.772678291097035,10.811029723476544,10.83486245949137,10.820469560470722,10.836890586501365,10.939726549150622,10.796249439093467,10.760856779298654,10.796460960342062,10.745963436134609,10.783235952513538,10.826827777511626,10.817664622017128
tid_18,4,10.8475860399008,11.087018335196865,11.189696807459532,11.014264007829595,11.327351190510784,11.090579139356748,11.132327274233075,10.963972361201883,10.980033800773501,11.140218767469827,11.07049707738628,10.98211102474277,11.087741574314647,11.042950380309705
tid_19,4,10.723511847537871,10.928621926932612,10.633688136242373,10.639078789447353,10.619161249300932,10.628841689422723,10.651056164509022,10.614161478521641,10.711942761944071,10.609215944870865,10.638997067519673,10.659397383969836,10.689264398504418,10.672676772378509
tid_20,4,10.59786397726579,10.837038466744326,10.691646654633502,10.831135528279066,10.737691543007053,10.748127697428687,10.795911906699326,10.79645402183622,10.635331092731018,10.689638039872458,10.637425760524705,10.622167581625549,10.560734823732998,10.699317669943579
tid_167,7,10.737593784736882,10.90033101584574,10.80681677511465,10.651672599307966,10.746472329665067,10.725411508818116,10.715804026960692,10.684636196563202,10.671345443787644,10.731012525443798,10.68496612364682,10.698505763295378,10.753515051400516,10.707432729734919
tid_168,7,10.517710566289065,10.6299582844284,10.649576146555834,10.5019500162194,10.627849115495227,10.594347271824018,10.499841899127496,10.482568179180225,10.537203669271305,10.55537313508127,10.458007507475575,10.460606001041041,10.628961868385547,10.466201309804845
tid_169,7,10.627961389238385,10.702837643839509,10.7206458205005,10.589504774711179,10.651188018963287,10.634513956193272,10.582768902385327,10.617008007271968,10.630574173874919,10.609104380878813,10.610997140800949,10.63620489312344,10.61209894038635,10.606502786952294
tid_173,7,10.54732368328927,10.682759675652097,10.68641561352218,10.567828057438229,10.69794997087818,10.668521548955788,10.610861137687928,10.596565251682952,10.527211005258666,10.527314562434418,10.588760671732569,10.532949733127012,10.658825222511865,10.532884009126667
tid_181,8,10.351846108223487,10.514019135043585,10.5935020919447,10.587971308012213,10.580376009657217,10.58941394799234,10.575977920945572,10.585450609134297,10.576387147084,10.5988099575274,10.598399683371369,10.594745110893143,10.60587498587357,10.610520298702033
tid_184,8,10.401568304353754,10.57689365390577,10.664699654312246,10.648464061081336,10.657706336447133,10.66223475610092,10.64402537686754,10.651504837590531,10.662966543215607,10.696460476744488,10.678137254455956,10.694877074374347,10.709084058020405,10.715888162365784
tid_185,8,10.354034369684715,10.529024833434017,10.519641223306676,10.462657732077293,10.435518855475411,10.422428820399979,10.525301372652406,10.479761492517058,10.517444250507914,10.529395191597182,10.457896207602385,10.512622471945678,10.507802322038003,10.508418637873836
tid_188,8,10.465124154393862,10.67356105140715,10.600312494971412,10.657031300293138,10.632248825308588,10.594897096712133,10.626856361300979,10.62420696581984,10.604711401772038,10.600538393074505,10.609180031780003,10.603138465046323,10.611140129674109,10.640871138053052
tid_191,8,10.513568291877762,10.65416752129364,10.592589411881917,10.548788734678975,10.624220179939318,10.665941841868875,10.594992013991751,10.610321449709575,10.63520960018184,10.611506352392308,10.523132750495563,10.605696960121788,10.676895453760487,10.608016325568984
tid_194,9,10.79438457610974,10.945836320945205,10.778972585665954,10.746676901395968,10.759204497951083,10.708409745451446,10.661031263255182,10.774122376721452,10.73118741795972,10.735237480458304,10.765601652379383,10.737007558874016,10.740587727267606,10.727967254734706
tid_195,9,10.490901925924138,10.669764369692736,10.68351869182538,10.613802500914902,10.607573636413573,10.574343547604759,10.599397145670897,10.624767208301481,10.620969583850885,10.611667178418156,10.573844424863719,10.575160316640034,10.561976921425623,10.60600750062117
tid_196,9,10.440314200840817,10.60372205856669,10.725665051929397,10.687610493845453,10.615854311193157,10.611190417811628,10.575161183440871,10.598375309039987,10.565705176159005,10.603978806652862,10.549520944592398,10.54588252936663,10.617531182467912,10.541746391715611
tid_198,9,10.577316838298112,10.809677442230852,10.677636272077184,10.586804883512304,10.566343354894974,10.56520075427766,10.574141584284234,10.550772941652491,10.61904432762451,10.594846862673784,10.552712522228891,10.630098857749488,10.616224832218414,10.527554329489735
tid_201,9,10.27990482783563,10.48367318038765,10.707667935323311,10.671992674620094,10.597223807237281,10.605507813659058,10.57763593050391,10.60643514604396,10.529198910124705,10.605033893484375,10.54978485439041,10.523993878611074,10.615171478844578,10.557128252529372
tid_203,9,10.766455563708448,10.942544439235146,10.690882971309758,10.690742008834077,10.672667509158575,10.680918245022205,10.681125015982719,10.691114730539091,10.682958863614036,10.64713382007981,10.729071035303548,10.707427304203755,10.676381652937684,10.69804382051684
tid_204,9,10.66825747676904,10.880003767758026,10.675001806422976,10.5900828136444,10.559711972623022,10.554132523328985,10.548895511835726,10.642467112765372,10.595088219724891,10.53600153910517,10.571256051738654,10.564706899989078,10.596911896550674,10.598926862631757
tid_205,9,10.403377600254265,10.566474450001182,10.696917590972067,10.565752824688099,10.594360999396105,10.582618374759488,10.534937939869806,10.52769958573816,10.550967069324757,10.594985869952882,10.51691432490847,10.501959067895132,10.623307732445799,10.522481683555743
tid_206,10,11.174291092617247,11.30063035593784,11.35105397109913,11.385936279381763,11.342421764014123,11.410138735886273,11.36677636688323,11.397432783064055,11.358992786748278,11.33505281849903,11.339470312943716,11.324508374791108,11.335989687158857,11.28448020014886
tid_207,10,11.473184136320214,11.63426217882591,11.658338254834298,11.594136526913363,11.703188239930595,11.685644584554925,11.591049734120864,11.605595105784044,11.562177573879477,11.454555005000898,11.506446436163909,11.566282860546304,11.543607002982656,11.518686492977961
tid_208,10,11.250908540173327,11.363012626129963,11.434985421830445,11.330891559018754,11.36552346000364,11.385234474597862,11.426737732671828,11.30976125712438,11.236019785043316,11.189745133494515,11.193692737283135,11.10874383320939,11.165344054408322,11.27031568165042
tid_209,10,11.017395595763356,11.156580466593471,11.589085670038697,11.334722341705854,11.683443644024237,11.549497831169257,11.33022120106339,11.40270714586562,11.209400446731417,11.199984456175876,11.201384290018554,11.2079156025625,11.284810479025191,11.279997100171911
tid_210,10,11.358795951585629,11.50319023098207,11.42165983876847,11.314920465702613,11.343541371024463,11.366038367697717,11.229059388441401,11.289133400431318,11.330045445287425,11.181498146558894,11.182029609158219,11.224453720518955,11.28387487989711,11.261011299909454
tid_211,10,11.027739972236873,11.197669365972526,11.238953619000583,11.182480225686065,11.184907445577007,11.176189735761243,11.199277239152474,11.23854683671826,11.150523791449842,11.027417817387091,11.078659323365276,11.092934776152877,11.149731149024849,11.061709308766405
tid_212,10,10.979683801919906,11.15156240611641,11.461079586335538,11.337584638237336,11.411596347412015,11.418284547448957,11.313650381381954,11.373270565314478,11.38335463694325,11.175857717861547,11.17585172370431,11.278773511817857,11.382336644341096,11.141845681816326
tid_213,10,11.36050828176912,11.500171477542413,11.536977772626768,11.374854944570812,11.520447875299102,11.505851703645837,11.322773809484582,11.339809540388895,11.288443392890938,11.251827882767149,11.251781775073471,11.215693756973005,11.229847348765409,11.266339966469845
tid_214,10,11.089631360674089,11.227091017940232,11.172109752840509,11.032792158035692,11.064655461964158,11.063117873748887,11.056792067891356,11.021668221602193,11.002301460541437,11.04040259084563,11.042684398849715,11.009739659909693,10.987803644533862,10.979880397740448
tid_215,10,10.848321036667237,10.982254212983532,11.488268238983228,11.290414933903971,11.436850128172575,11.38428765023622,11.309768411029298,11.249406441528969,11.182446514763166,11.213290044025545,11.207686257382486,11.153639921744748,11.244525375765372,11.21612137109589
tid_216,10,10.88683488252927,11.012485720756656,10.93639718830147,10.97838249218432,10.908201095308815,10.904348734726359,10.991017208740805,10.946557149587015,10.886018757657977,10.948347247685462,10.967277582467984,10.916333481016597,10.886840873830328,10.929243418287852
tid_217,10,11.018868458779474,11.175677727726123,11.292031158748065,11.314497491991592,11.212628359417248,11.26884902749635,11.225462232402531,11.247078716673064,11.336659107975475,11.13521493687009,11.155761742417651,11.203814312752097,11.37935837315074,11.138181527715671
tid_218,10,11.18459499404064,11.33558906162476,11.448231268568609,11.426177009213198,11.491016911489332,11.416794494885357,11.212766178741457,11.446209736478338,11.311992258820931,11.203640111805782,11.188477986891051,11.202968554032163,11.367000626154088,11.265420097644002
tid_219,10,11.019838247959116,11.15680179762206,11.103364444536824,10.954057407016625,10.954323395471112,10.967419424592686,10.978873589284273,10.928445724530027,11.056322110480119,10.92373548217853,10.949818334602535,11.034894015428959,11.053025517466267,10.90663980989485
tid_220,10,10.98717400301762,11.111040938920423,11.248780186274779,11.036012739691051,11.09919335439163,11.079035968044492,11.098415970783604,11.10277736528333,10.938312541234533,10.946155489913876,10.947034511898249,10.894021138945073,10.985769837409267,10.972936821231823
tid_221,10,11.097003877937569,11.279393136699404,11.252578312989623,11.300690514738742,11.21298334896621,11.241374232065933,11.291753948830092,11.289077317924823,11.240042804056726,11.112751442511945,11.18292717644479,11.191463442019009,11.215376141349141,11.201964147014314
tid_222,10,11.006154941493548,11.156151944744442,11.475862340009044,11.356644427945838,11.513385873163335,11.47511550935529,11.231798424656226,11.351041255434623,11.302100511688831,11.22512607243131,11.218118870557673,11.245571289058963,11.265243100130416,11.244606592164653
tid_223,10,11.071627458578009,11.221104171082164,11.196388835279459,11.147951484921089,11.162172002844233,11.12568865899915,11.12797998289113,11.147859672759585,11.022716628473042,11.076587682713852,11.06409449939213,11.002333375332045,11.02896414365566,11.010361135445434
tid_224,11,11.188320730155937,11.310724821957184,11.138997872844186,11.14645798653801,11.206920412820441,11.14744100331191,11.219414288762817,11.138253345482465,11.181584132394631,11.336040276432753,11.263331097723485,11.24797644517992,11.195255578969443,11.308893121111918
tid_225,11,11.526557130201176,11.705222929848007,11.584537845913665,11.810923212269607,11.607283944265882,11.66792525791221,11.78441342986104,11.818941025624287,11.740883616778415,11.745494118644686,11.803723066494802,11.773035614795901,11.712240031225898,11.790995354040886
tid_226,11,11.531302566883811,11.621695561395716,11.225940174850956,11.34031443614139,11.195786775014916,11.150531925864492,11.3174074212296,11.35536744213125,11.42846094264572,11.3328795080948,11.397019339547503,11.423116101976438,11.388723623476006,11.373872640295453
tid_227,11,11.352714458403575,11.477960244350978,11.418279380790695,11.567784059579608,11.415242148904147,11.429312361153812,11.52285152280379,11.488931073813802,11.48575593810407,11.665092296092686,11.688249875439888,11.60349281196696,11.391525703366176,11.574681728745261
tid_228,11,11.720624765452293,11.83585425895091,11.455845131625182,11.60655856818992,11.501036695844414,11.451757379821542,11.62518126998325,11.650337153975803,11.59930719332434,11.640583060564897,11.712057074886879,11.661474033571519,11.522306560435098,11.632741749545797
tid_229,11,11.461610065075195,,11.167875750429644,11.315835257209871,11.228517815025329,11.171255996467336,11.252340308266232,11.424086956590621,11.285331198619753,11.327247755803768,11.38379682460825,11.348282408773352,11.261796334392791,11.367991879751953
tid_230,11,11.05143430166201,11.177144989027417,11.029098912968564,10.995664239742476,10.983772201218548,10.978762837015324,11.020531240757112,10.98093151791603,10.990175000140756,11.186669215530998,11.097147470973088,11.042430943269665,11.011545056837264,11.052614554332358
tid_231,11,11.176211399110684,11.33826012441114,11.305722772816402,11.222120913430889,11.22785421998101,11.183238674835865,11.111754530783072,11.169715278529505,11.121512643695493,11.229222194605255,11.231840140966451,11.198061579191863,11.138702019157307,11.267062025516125
tid_232,11,11.000309906893843,11.101355258617058,10.87369279838026,10.893667813247506,10.821222796663482,10.799611760977411,10.957009544815815,10.877619762664212,10.842277918368131,11.061139794451105,10.95452524860826,10.905045466509952,10.852268519127662,10.936424864998665
tid_233,11,10.874694408418543,10.99789936487612,10.699685268517113,10.772748008018842,10.706337534126085,10.703948174229945,10.775249275436963,10.763936496154754,10.773685143159648,10.816795884766918,10.81703063444919,10.851328863127899,10.781495010940938,10.82195067550109
tid_234,11,11.426038807475528,11.583719380270308,11.326202205986018,11.444170847903056,11.394908160487066,11.349318113612908,11.535502785765756,11.485464852195593,11.387715495225093,11.597059234569263,11.611305218096428,11.550643811206626,11.360707591473059,11.575577900988995
tid_235,11,10.952331698970116,11.0978992952338,10.81794512403183,10.828544500878483,10.814858078638306,10.817185230286238,10.856978143179779,10.83249516254412,10.773904846011089,10.82787676780238,10.797070710038822,10.80463146698726,10.730119957332416,10.810766370725954
tid_236,11,11.273080721932608,11.40516540604309,11.225991370453592,11.34764852114301,11.186840226176226,11.166801670465418,11.215394397806836,11.322788564007903,11.258991433709122,11.175150924696613,11.25504963886181,11.218158105231913,11.205741572526565,11.273861945108933
tid_237,11,10.961317776442336,11.14987883632179,11.138986161084809,11.10296271449582,11.058187997406115,11.041290028097155,11.038986018705941,11.044325787886434,11.066785221743764,11.166445446463847,11.112493787442318,11.085423605713476,11.060927288121327,11.122940369277808
tid_238,11,10.888535394774433,11.02898354752953,10.811296236081942,10.841276917471339,10.790157395704776,10.795078083816266,10.968675165644944,10.833522189466533,10.838959904536615,10.978053882270382,10.951622506003597,10.903555729014919,10.818373231254808,10.930681459839569
tid_239,11,10.89406166974964,11.026172749622516,11.12556762952466,10.999826640498005,11.047714032082109,10.990622924364628,11.02496252133075,11.035630398639784,11.080347158741263,11.206568494638612,11.166346014604562,11.083781085638096,10.996269990450418,11.206206197718817
tid_240,11,10.931450240956908,11.063373664008807,11.152356630726333,11.037026859628575,11.06923069532565,11.04428493277577,11.066723608793643,10.965001131135862,11.113764280845352,11.187405225885692,11.164567328965797,11.154522039277255,11.167403126219758,11.101996504322274
tid_241,11,11.07679133355312,11.19558523867503,11.011438463175251,11.076760399013803,10.945833268552901,10.943901052298543,10.997201031213182,11.052634842439186,11.099254629591105,11.119299747229471,11.159714652704237,11.138275670642864,11.10428880189103,11.09572176199858
tid_242,11,10.894948834685009,11.027793578518242,10.73482818790501,10.771854104036004,10.733715566160912,10.732652398800543,10.772014625659496,10.779240462910831,10.6929367697899,10.831569755302644,10.808163324312254,10.771154483975975,10.685896343951127,10.823285497762978
tid_243,11,11.007035971775183,11.130781785907365,11.032572236216861,11.002089592357402,10.964262346118227,10.941519354580903,10.988602872974717,10.951948888832346,11.194632071996352,11.177746719531932,11.09340437877121,11.116728021543684,11.217683232421285,11.055361861424407
tid_269,12,10.959606311558318,11.18776026222667,10.82955056233738,10.881986096602398,10.804209130121833,10.835648992769885,10.901129760686336,10.893057148204809,10.886717551866374,10.847889958847208,10.964793730442093,10.938998440717864,10.814439072223482,10.91538495164632
tid_270,12,10.97956107408917,11.196192128124444,10.775146866818105,10.81107806439705,10.764350181801236,10.770166446922428,10.792513180984551,10.799551653621558,10.794883095098282,10.78840506913623,10.78687003165726,10.812827669926897,10.764697052428765,10.825622531777151
tid_271,12,10.822426774063208,11.037748476950496,10.685716659393764,10.698922033347428,10.671037931395745,10.690402142510619,10.686518336308094,10.70629443797792,10.72201408761364,10.658589519462286,10.673049596911929,10.704168428087197,10.718305342275414,10.682005941456477
tid_272,12,10.660339312851171,10.828914422512332,10.64405879001151,10.732050525545004,10.690477564963745,10.652616465798095,10.676709205862297,10.720812054074175,10.724195692212621,10.690677318226571,10.716617427567948,10.705552981534725,10.672566280644363,10.725419357837243
tid_273,12,10.346225966008804,10.46041687801767,10.606406871915185,10.625884398637725,10.653558987175709,10.641980198481885,10.648884830955712,10.614370009960167,10.618194355311084,10.596265998225132,10.596915207772,10.576916712952427,10.597440877283345,10.59278338727221
tid_274,12,10.873095329632012,11.032325087988944,10.726174248317559,10.777800920922676,10.735911192694338,10.746416516714888,10.741667918338273,10.776648559114818,10.783852397849191,10.767056353925252,10.740706949003364,10.786589271879595,10.749317192557955,10.778868808799604
tid_275,12,10.54430932731739,10.711785418267072,10.594827372895685,10.654067417439007,10.587445898664628,10.600073724616001,10.58987752296096,10.646701589427279,10.594597960720037,10.574165274464708,10.608383289615059,10.594455234082195,10.568161152569923,10.57345626615796
tid_276,12,10.46245169962834,10.62903899773009,10.576241489805453,10.642612647847852,10.58508470227992,10.619048042925243,10.634588132956287,10.64348945997512,10.608186072650867,10.58140726550137,10.654684573147543,10.59067905817152,10.573366500775817,10.576968571018906
tid_277,12,10.43823964181822,10.593770635481423,10.610572920007415,10.659677089409728,10.592590219976703,10.585857341982038,10.640348820183982,10.639166124890378,10.641587838924043,10.611915729458001,10.630893982029798,10.62779151729257,10.608687422838097,10.586693522135215
tid_278,12,10.766284676370256,10.96403619172786,10.899354085166701,10.921835929340908,10.895665640734608,10.908645816439206,10.883852141958947,10.929652515670485,10.852841495435527,10.912564528525131,10.930383589894516,10.891831401384163,10.84659929639175,10.892885823756481
tid_279,12,10.557854922730872,10.716755035215945,10.643629815753883,10.711324995599076,10.623241225725467,10.63924844939155,10.664860976506727,10.70883414662754,10.712456161165033,10.651212430391992,10.673435122203054,10.715496712830138,10.64157025417553,10.65214053874579
tid_280,12,10.480609214601216,10.65438699834914,10.608756785615869,10.593157567264797,10.600843719101846,10.598328053095871,10.588501469692757,10.61742407950872,10.606085594727366,10.599437808958372,10.595674104151165,10.56704855226211,10.608307727284252,10.55441687098983
tid_281,12,10.601622274607111,10.767572995334602,10.596617101234738,10.653045107129339,10.590034005976829,10.604762294899757,10.607314476208087,10.680965437391098,10.65047957822847,10.576799755061618,10.638947068328871,10.640093586130536,10.630785787240017,10.586150291526401
tid_282,12,10.451938386548065,10.629213243271538,10.583988774861757,10.558142937562117,10.558603304011497,10.546231948700905,10.59544101097384,10.565881986411895,10.543626873922973,10.602538090135177,10.596630015339157,10.543774686505175,10.569975569332435,10.533700095971998
tid_283,12,10.669729513572983,10.85082529910248,10.626371004210801,10.730193578746709,10.64630560966482,10.600134889325249,10.641700319165077,10.739571182852004,10.63528739409629,10.596826125994417,10.636351547776188,10.651307697513404,10.631176653651481,10.653673678930039
tid_284,12,10.563271829426952,10.768072273287949,10.623153141720291,10.731442942218841,10.660119564886148,10.631117284926628,10.680062343545249,10.74775823053002,10.686992017146412,10.648216174712163,10.705345578824005,10.695246618553643,10.65834860649129,10.677568057274097
tid_285,12,10.579979298190436,10.725140078780733,10.523499517722492,10.4913129636881,10.510025783132964,10.51732440338287,10.505382577676333,10.449848880606552,10.563153979047666,10.515460957466754,10.509523039214995,10.531226072033794,10.555651040112906,10.505333615302536
tid_287,13,10.64265200874203,10.825867706190412,10.600450241403243,10.523330207882047,10.571110242923085,10.595624841873725,10.556211231873215,10.50443900215706,10.525628800773536,10.55026074125968,10.530254169418603,10.534426186966359,10.562243172837492,10.5200181831277
tid_288,13,10.34486663049196,10.521002908160549,10.507954891309108,10.501745897335145,10.497860930069377,10.511188840321624,10.496205435801182,10.489662045298022,10.43850397633426,10.51599878943355,10.491832812789962,10.447427052288303,10.45454829196459,10.469875779609104
tid_289,13,10.684079974286352,10.87942925591246,10.570552200873088,10.61761723821003,10.557012921187493,10.555675447773522,10.570856259713713,10.615095233115788,10.588906642924755,10.550713008004374,10.600135890768856,10.605156541369476,10.606528549315158,10.601233831569157
tid_290,13,10.446166431650422,10.66981781338343,10.562306637591783,10.540935929678042,10.566432661343455,10.564859899350424,10.52481069488349,10.519240732126322,10.532889205449935,10.505753045085505,10.508643762924635,10.543320559492356,10.524527254549772,10.473708984342995
tid_292,13,10.550522729451062,10.84453333407581,10.56063087477076,10.560586431200155,10.568896681957186,10.56070609235262,10.540898765394557,10.536019425114706,10.561308577034264,10.511660163229822,10.530306167033789,10.542142077629649,10.618375440037607,10.500949007423245
tid_293,13,10.518832638373512,10.72899982085141,10.54404464081611,10.525115798938934,10.546839933869661,10.55798104886026,10.545431731064252,10.526584367853761,10.530184034536768,10.582172655869016,10.548157284009056,10.555192554411859,10.55570384718016,10.56175510251858
tid_294,13,10.465999143583575,10.610298457789929,10.67038536009739,10.68880177462128,10.706327796052449,10.68473600362276,10.67605661829922,10.717504730030562,10.653055787290024,10.69063184726171,10.706809102362845,10.654921547528657,10.64615469495755,10.716872613487118
tid_295,13,10.606263229988029,10.865923047828687,10.611367387528018,10.585362098328133,10.622480372657202,10.624118594433472,10.611167264118095,10.598321720217513,10.572754348033817,10.612362546253138,10.601111029346644,10.578322554140115,10.601405939158958,10.59425668293241
tid_296,13,10.623758534292438,10.850260931620278,10.620243236037352,10.5659102353836,10.602633245066679,10.620413058864173,10.603966353299343,10.548307843375818,10.562172791732497,10.604472763302304,10.574866852975473,10.592191771096923,10.602807453120205,10.563676300713757
tid_297,13,10.566953573369156,10.766158074326729,10.563363731499434,10.5658060114142,10.56471631934068,10.561627861086635,10.584386658878158,10.537852955949285,10.567485782602015,10.604375384532425,10.608509016279628,10.607134006115949,10.563600765430696,10.613438800579479
tid_298,13,10.533407352038564,10.807570066447404,10.747544806485926,10.721225662447065,10.76462497826612,10.742310249904353,10.719724456099653,10.696548345241295,10.752348400407811,10.721500252208175,10.729727935501725,10.727360151487112,10.758046290244275,10.727030746929351
tid_300,13,10.57288236583649,10.74369821510449,10.615311898852351,10.549062564650777,10.585163855655857,10.588956159005038,10.566350812802172,10.551909653814464,10.534928713032729,10.611190339760428,10.592134966524709,10.551459080224712,10.567059104548413,10.590338652236879
tid_301,13,10.891179453618896,11.1068516716508,10.81683766657717,10.790575012754989,10.812218831034482,10.822073206767376,10.814236725954125,10.832606982523929,10.774121827311669,10.760047323589967,10.745668752267447,10.713870617683998,10.744642789000588,10.757591025690326
tid_302,13,10.698963407364086,10.902198471331262,10.59254917634925,10.538900922965656,10.575105590912452,10.575532221201769,10.564903897726667,10.491023608079967,10.549409393101213,10.569637389627706,10.554585534546602,10.576553199105192,10.566751365249578,10.544125259766258
tid_303,13,10.931060233724306,11.13820874253073,10.831024884139492,10.828962882156945,10.823213930422298,10.822536867061828,10.818952061054668,10.840681971034156,10.767043404038192,10.766449016379099,10.814733763214093,10.775624011254589,10.744544225174264,10.803975294877565
tid_304,13,10.507606778725808,10.718679784557352,10.570171032882808,10.505465335662622,10.583683918810518,10.56070609235262,10.52481069488349,10.462111424738145,10.544945757556205,10.562243390234439,10.502824429453968,10.558362157713349,10.54614025629805,10.493187658701133
tid_305,13,10.462343051525142,10.681844070720969,10.643713322489686,10.586184139920032,10.619059383364009,10.629538369848051,10.606575509923312,10.602434348470174,10.583541775452025,10.635478157057998,10.597994783585744,10.59782187059535,10.607685345822807,10.615149589305474
tid_306,13,10.473475081811632,10.684176177908263,10.506206296617412,10.525393072642718,10.50073393120071,10.516802572418563,10.500705025902507,10.531811934174355,10.479874486173996,10.539476255985422,10.53215257549116,10.510978980903067,10.489768825085074,10.541508103832337
tid_307,13,10.761473095628173,10.891086340454674,10.716919056691676,10.686987891478331,10.725127748247557,10.728705692442116,10.687289682669213,10.699049119929171,10.65623790839064,10.696503848223934,10.689090422671729,10.689347762384354,10.640974789012057,10.704186539048786
tid_308,13,10.886934002697592,11.13804145191818,10.771926909209991,10.7282412883008,10.756889102798946,10.77933176324304,10.731134436393935,10.704689365411994,10.714870027204393,10.727735392960023,10.760704024305145,10.74629754094196,10.70950143583412,10.713913583356437
tid_309,14,11.583797636133482,11.705602386091767,11.516754812672792,11.740784000086874,11.522265371449041,11.518448036190069,11.522129973693259,11.675967086118424,11.746656598602973,11.719393396798836,11.782410808805302,11.802278010346301,11.804677652434647,11.784501365811773
tid_312,14,11.69379680403994,11.846943263349324,11.506698626584118,11.468863215896368,11.479339105420078,11.45916903620998,11.467135427672977,11.423462588767562,11.484909950594362,11.663048953515975,11.497544472392201,11.544265241939915,11.449309282591432,11.548594496515577
tid_314,14,11.180795387516312,11.324244932679404,11.313786200021376,11.410619891435203,11.397485493963948,11.34803709638613,11.266006544895852,11.364500229429568,11.384887898557222,11.601075849433316,11.411603481565322,11.486928908738662,11.451441038381759,11.444636131356571
tid_316,14,11.747845006339892,11.8920712380923,11.758692317431706,11.895246128060066,11.707432422789294,11.724958389859799,11.772610659827272,11.75092775257098,11.84487076283828,11.954044616095231,11.920738833892004,11.870242731399125,11.836673140580894,11.92317860548086
tid_317,14,11.212133836564728,11.354341137704283,11.053427914864896,11.152477858505778,11.139026303766135,11.150135166290285,11.127512215796267,11.113449518032441,11.274474718987571,11.497986066176157,11.283765482383496,11.358165583980009,11.319190926469764,11.28246231572216
tid_318,14,11.550172115558883,11.693684134425109,11.983290552677047,11.90697025103508,11.97043165358536,11.9909274012001,11.931487695951745,11.958267293788287,11.826224958749801,11.974235108902073,11.963807641872915,11.842864541506668,11.784539647112924,11.97760267963989
tid_319,14,11.482628100058408,11.737623806970737,11.433719287690254,11.566656717439795,11.510288613758707,11.462865831931321,11.425387130753684,11.488903808633248,11.642255427084024,11.757911712463203,11.706820826183824,11.676538507999648,11.638470730200522,11.698866892144087
tid_320,14,11.312514069220336,11.462230938653711,11.118046216297438,11.255740185101647,11.168658643512366,11.220639703187674,11.216983894829985,11.24564436091868,11.353630169312432,11.57572550915723,11.376057288053346,11.46426316025842,11.395134560752735,11.422092501091038
tid_321,14,11.200111550147463,11.356849265853311,11.020913110874748,11.104619638287094,11.072418325583794,11.061399015212467,11.124550213089664,11.040986921260892,11.172957616586787,11.299838040904381,11.240080886415946,11.213701766973273,11.181941642885239,11.199406687901297
tid_323,14,11.33691356038829,11.505117058558223,11.42336930435947,11.636811508122705,11.514025701676413,11.46621929172376,11.427255003634986,11.671272907426674,11.699866193982935,11.72706883208233,11.677234974930078,11.677412352205081,11.648237448426723,11.754545111626376
tid_324,14,11.545142865926564,11.685902665604592,11.13349755834556,11.155019510268971,11.18447013066903,11.181426691143475,11.196720427037517,11.19779304902552,11.418211539322577,11.563337546981844,11.350498546098994,11.478525639667735,11.44329546855185,11.391125180399246
tid_325,14,11.775202033284833,11.92244965717221,11.559955387332918,11.605799207816933,11.5527342964331,11.57367966641147,11.556250542323783,11.63894853883946,11.67427200819537,11.773142403591455,11.702558936412263,11.745710904874255,11.561409377444233,11.75241159441069
tid_326,14,11.242177858281352,11.394959162521513,11.216066442875093,11.35568133403618,11.194578603953167,11.200320187587284,11.209767801126425,11.311865125042267,11.34097875451234,11.623166927084952,11.492619677125406,11.577029151928627,11.476072289232679,11.484899526717863
tid_327,14,11.92903571200147,12.029903324861415,11.567397929475973,11.665324527634786,11.605915080952023,11.618729879250923,11.629488293132603,11.71106718127908,11.819804856199482,11.799159240781508,11.740925426042493,11.844304420341032,11.798184528883256,11.851819518410478
tid_329,14,11.204353374226914,11.341052332781931,11.154316520921844,11.294255205141562,11.198899527752381,11.222131453723108,11.205958694193974,11.281122162691618,11.414087844071563,11.640381921859884,11.442968184229985,11.540722436286977,11.48425719322727,11.476408961937098
tid_330,14,11.831563179162838,11.99131570309295,11.604369195053444,11.667053376280592,11.579633834750167,11.625497039826117,11.628344452355483,11.688027507272857,11.677506399280777,11.74802362609161,11.649788178380216,11.690526735387028,11.647592760267534,11.730110101440465
tid_331,14,11.562308786520369,11.707270285115678,11.862146500191093,12.00472481904465,11.881782759965983,11.860048167345877,11.939842746323643,11.993655839580905,12.039631101394296,11.974380928220912,11.988613757798685,12.029026705175175,12.003734996924948,11.966569885040496
tid_332,14,11.951317160742194,12.173405848472536,11.783005787593984,11.793186899241245,11.746702097393305,11.740121916322083,11.796622750389071,11.743097239674604,11.906047366836772,11.897505531447983,11.901867234584934,11.92735396580187,11.897795057042432,11.910105326224826
tid_333,14,11.661814325675785,11.823843968343075,11.489767585232432,11.582917542675627,11.554332605033101,11.551514696269775,11.583981772393278,11.553442244275633,11.55907696477418,11.752225372666706,11.67632854850474,11.70128015324164,11.494809033689496,11.758972358683904
tid_334,14,11.883257919079544,12.001913985296216,11.790492607827357,11.907688377244579,11.8214864653049,11.815438318915788,11.813181298228567,11.847350747635476,11.91910221632358,11.94504964673936,11.94287584892501,11.908459026893048,11.882569830655552,11.956803102700777
tid_335,14,11.316986003990644,11.464616135181416,11.545979282467865,11.608480065912852,11.657970497816565,11.591423644668332,11.56594816288039,11.638067167136667,11.699220371135317,11.710718080264614,11.706636638233125,11.69647801667067,11.651975810579838,11.697013030776333
tid_336,14,11.17841170927263,11.333779660133663,11.146322908592545,11.293141420168315,11.17487027704643,11.180942347632625,11.240934051528466,11.287829091557178,11.45071520506643,11.62476876123037,11.445151499839264,11.52915249184102,11.502787031547813,11.496701182589291
tid_337,14,11.253915069989562,11.37451935304143,11.122528208618888,11.052052239131767,11.081800271407136,11.090268599892967,11.010975287674803,10.962870878752335,11.14943250643549,11.30264102447489,11.16241626363986,11.197355715373671,11.194673638461458,11.133268811909511
tid_338,14,11.589185334417008,11.77669259112081,11.485465136410108,11.40487986078736,11.581087408253262,11.5168716585083,11.474930588106645,11.379270909146939,11.612307422307138,11.726566628485552,11.531908256317775,11.640994329786182,11.698670091655819,11.583121464416829
tid_339,14,11.174780630336508,11.32301478348048,10.97512345461577,10.969642221861495,11.005023818214967,11.052617633324433,11.023223473696996,10.937971913831282,11.145594957730141,11.27476313453559,11.113050729995612,11.144259112728756,11.146726404104035,11.041567439242284
tid_340,14,11.677303664952923,11.828319975988546,11.645803058985287,11.652774479779387,11.691184277494594,11.629736159884809,11.60184720846836,11.5377499088636,11.60239962697537,11.758358077525813,11.660152731252097,11.706202215338188,11.632834659951847,11.665000856648186
tid_341,14,11.571058514809282,11.748102719962985,11.848833964089101,11.932505358280824,11.840516667614624,11.851356832975986,11.874735682723935,11.846240362224622,11.99955997255258,11.9691064361562,11.914057824601365,11.97886479622087,11.976531236616761,11.94171797517253
tid_342,14,11.250943627368262,11.383675181022948,11.186371376653696,11.293005885876228,11.18725508515682,11.188189268435819,11.253193485287225,11.269349775865344,11.24466475083779,11.628313617964176,11.454879709997819,11.453453882451294,11.208160370622492,11.488852367685935
tid_343,14,11.170343602536786,11.302996712311533,11.022660002696574,11.079011769139296,11.089572822471277,11.126371521146961,11.11692986660699,11.101124034421781,11.234118567193454,11.412627621005129,11.191661784498427,11.296669316732725,11.343416795183078,11.183282983722762
tid_345,15,10.72875012366271,,10.95683497053806,10.891506616732494,10.962028148279275,10.88010648789455,10.897514129326778,10.905073329375123,10.866632706122774,10.894399951023296,10.893258692071083,10.862181976906143,10.908871357794112,10.901040095068979
tid_346,15,10.42247477962275,,10.775645071176909,10.705338883976381,10.700274892859147,10.678010824559921,10.6657595454541,10.651933176223546,10.768534233664877,10.722093766964434,10.718332544136208,10.730324625961435,10.749225700356865,10.691721100406388
tid_347,15,10.381338436383016,,10.767003809779272,10.638473636896347,10.713140638015421,10.69439247121862,10.666404214676538,10.587287545646294,10.665213722480576,10.743111293499924,10.620199191737452,10.571875416872105,10.719743162664134,10.605222679428442
tid_348,15,10.372837843402817,,10.749615963460474,10.64730249165902,10.686173703892901,10.669850762328155,10.665250491414458,10.590127456817937,10.81491566936757,10.66877798917473,10.650961962713332,10.631541665664946,10.850984118597435,10.57727018251838
tid_349,15,10.493934564463824,,10.630211195614528,10.530167476398846,10.528494276511683,10.537665232840576,10.565619292478177,10.462143485348419,10.595630933321358,10.506263852348052,10.50686610318092,10.490785953809322,10.649536041777441,10.424437981837475
tid_351,15,10.753570103499612,,10.826601525997406,10.729722954487212,10.825173969685098,10.790008956566881,10.78409272573635,10.74138539915838,10.780254044217044,10.795150341991702,10.747302930958478,10.729128568247106,10.812596142107774,10.739671821871418
tid_352,15,10.527389151109084,,10.791549014250844,10.666315908166561,10.738808845920795,10.70427020213807,10.66921544568449,10.647147247727718,10.702592640841667,10.720383597019087,10.676985906465932,10.66575472638263,10.77190332281891,10.63828363867853
tid_354,16,11.25738397237076,11.458180958838776,11.115283752211731,11.094403538682664,11.101143304128637,11.114893326609579,11.050031366370995,11.046628378194148,11.086536020361116,11.11383881502875,11.118606443817377,11.07350902462127,11.084799892146238,11.046364941785484
tid_355,16,11.161842002380066,11.382307538364572,10.965456788097114,10.98085317048393,10.974878033995566,10.969728501035856,10.966041185750074,10.971793891932524,10.929340614904152,10.976398217465169,10.972194767586972,10.945388984088238,10.975024584651276,10.9861399504857
tid_356,16,10.91677613021396,11.100869182719268,10.679351920089456,10.689112911511529,10.67716342914851,10.67826796893132,10.674119032445343,10.695925022649684,10.725659336595745,10.691540457852982,10.693138097522686,10.727068248948532,10.733600782610248,10.654939885083904
tid_357,16,11.049070891471352,11.213374569201587,10.713444090635523,10.752615792797267,10.731422822756443,10.720925197830265,10.78721787093737,10.744527879584593,10.763622245776338,10.749798324998645,10.734724975925005,10.760628048994777,10.744392389764018,10.750760711528242
tid_358,16,10.715776844790089,10.950534580012508,10.55570166268643,10.551496810823036,10.546818388586304,10.546802866936783,10.564039503485843,10.581745313022033,10.539027422929264,10.58146880582426,10.585758292019538,10.57399176792408,10.530118030536098,10.59648463040406
tid_359,16,10.802033777730134,11.049856137783372,10.632331113422833,10.616439039549963,10.656143495873945,10.674286901274675,10.641869927159021,10.637074646639318,10.63241985019247,10.680402152193988,10.65363221941569,10.647653433973359,10.604726059679022,10.626372399261898
tid_360,16,11.06023352005936,11.27154793039422,10.7116533112327,10.736755526952603,10.71983643540066,10.725524911753311,10.700972713959366,10.70452320911464,10.8069238817269,10.729608482612925,10.73755406192347,10.762575371703333,10.794398294598626,10.719699886961573
tid_361,16,10.729032671103536,10.953996191329932,10.630606451340181,10.641059204451757,10.63910600351624,10.638963885393444,10.669458247734118,10.588216362469781,10.646890467203496,10.638917552781244,10.634641576809733,10.60132030028775,10.624188967584889,10.57018384306548
tid_362,16,11.30601076063909,11.484412815320187,10.954750411396825,10.953955004047797,10.923525253289904,10.96552908252771,11.019905099184712,10.939306410093769,10.938655886251752,10.970082934686765,10.958234493717056,10.934963329536174,10.967598355916584,10.963435927119567
tid_363,16,10.722407984014009,10.912096720682266,10.522806026766698,10.53735603295646,10.531076723891385,10.52679601738508,10.500297537797902,10.499450864170793,10.540139732772808,10.53421310743551,10.547990804679543,10.543176062911472,10.53472707766329,10.511547605237867
tid_364,16,10.680228819460195,10.8793896872113,10.66134636294492,10.572144905945201,10.659551057780533,10.658937691820643,10.656532876444075,10.56065495933903,10.6073360280569,10.636262556500169,10.590796236769316,10.541081880980785,10.63573776948157,10.568639893886568
tid_365,16,10.69085795874334,10.88945172425804,10.51623674668851,10.507135514206135,10.504822549671246,10.506669318540036,10.513864133402743,10.501301178859993,10.529099318776073,10.492645700102917,10.50135054428532,10.537421693190398,10.523703605744567,10.490281187373125
tid_366,16,11.018855347077608,11.187666128163082,10.719693832083948,10.736261155027382,10.713917306297805,10.724134422178304,10.72746342976953,10.733323628723179,10.752187519818134,10.769969840284297,10.738370743928494,10.760533986459686,10.753550436997722,10.735828257663169
tid_367,16,10.66029474345603,10.952857074625786,10.63915423293559,10.638382658304634,10.648401141538558,10.660948510519235,10.7015169949694,10.611969789925434,10.612988168539875,10.595009994083636,10.576116116374978,10.582762401791278,10.612308186753303,10.5631077431033
tid_368,16,11.028942985271732,11.188210045335,10.887279129232992,10.902922806159536,10.89574389407652,10.904601753717959,10.922317106552214,10.892951638564467,10.885785778687419,10.899996382553962,10.877198870483603,10.872184503938351,10.882459858628293,10.89311830016381
tid_369,16,10.73915157290637,10.91501937091863,10.65418420140531,10.676002044144807,10.657000193448535,10.677444742976212,10.636860825775484,10.641141272746905,10.627317697432,10.648789368509634,10.683487409242906,10.639591558291542,10.648068918285125,10.627231120882817
tid_370,16,11.8955149088372,12.113188420716035,11.012841280042677,10.948940440327416,10.974745856541418,10.975190604335289,10.960978484209184,10.950088487428635,11.175269809601712,10.816560619416554,10.854043454514466,10.938748680784546,11.166667721078902,10.856411739719762
tid_371,16,10.983421481682136,11.21171766420932,10.818320496789436,10.859238158519005,10.826523506148462,10.828488454824456,10.805902651442997,10.844524927270465,10.846213396398149,10.79911263643062,10.787534983674265,10.796231412713725,10.851079416402776,10.779557039762073
tid_372,16,10.6385872882917,10.81670958075182,10.522806026766698,10.504157860859875,10.526403848806106,10.515910800751733,10.524703615018153,10.48871173001669,10.501599497127534,10.5436325146973,10.522529775891206,10.53153955415894,10.514238861689229,10.519637499001762
tid_373,16,11.362531552978975,11.744706009840082,10.89150573842949,10.913732473034646,10.875529972304559,10.918940737612264,10.818344783461075,10.90328788241206,10.805752805996388,10.897710036772647,10.871630681933569,10.865459742825408,10.872473327493035,10.875517341332907
tid_374,16,10.932001001216667,11.147921646336076,10.794229458462723,10.805431057590763,10.797117356083241,10.792255218425508,10.77941640860174,10.812885717893396,10.773108375788171,10.79695486745794,10.793742027109193,10.793709868969465,10.778999987763004,10.821231025491432
tid_375,16,10.88244881193364,11.085599643158218,10.948755171439844,10.955079701202921,10.96338555510498,10.968945656453448,11.01567853167218,10.973627873498298,10.963615194088963,10.953341966449427,10.948086527834638,10.967603149527669,10.944563477435223,10.941550036674283
tid_376,16,10.98280828328985,10.990460701782975,10.51623674668851,10.519395802591852,10.507171045463437,10.506669318540036,10.528410306369446,10.512029997678116,10.591568759477061,10.515144229836586,10.549883454153491,10.587069759213875,10.562043267130925,10.550211488726038
tid_377,16,10.775092585387542,10.943820799695589,10.635306787760229,10.63845966161784,10.638960888993468,10.637497740174043,10.652116962206652,10.64689035078178,10.69008472894593,10.643710848629278,10.645085006836013,10.689708550002536,10.669634795204322,10.64521005903209
tid_378,16,10.761632088756825,10.925749613483609,10.644314203687902,10.622164235495367,10.644950070563759,10.629464025935334,10.645027581178397,10.615275257613215,10.60907086038031,10.636120614744641,10.55602121666961,10.544819023700319,10.679332295360128,10.578109040764874
tid_379,16,11.377578711288754,11.548097609101331,11.005898006463067,10.95874904496613,10.992832348398913,10.998097655933627,10.928580305811794,10.94075537591987,10.948313363115414,10.990081689971008,10.953070745197511,10.981270983097078,10.979032375076924,10.944237028736481
tid_380,16,11.067892263379225,11.217502844961396,10.884762804235923,10.899392603507644,10.873681571876963,10.889183000835187,10.884330955962795,10.888550351915635,10.94760394410799,10.893891936533551,10.88187445528136,10.908176785628847,10.956555069809324,10.899376978019214
tid_381,16,10.855984844179192,11.083622990943974,10.615762141001838,10.648451980183113,10.633295991152178,10.627384067111533,10.64487130913128,10.671933259076548,10.662989561528873,10.664555100954754,10.674192626048768,10.65984455615791,10.673276537262824,10.67171018904456
tid_382,16,11.079992546971493,11.362483897871764,10.743286035599931,10.743104082074938,10.739289284273097,10.752672992015597,10.763570050392316,10.768230896452073,10.897277382724141,10.755272173107786,10.732796013196864,10.788058649652726,10.832407900107745,10.758124341979784
tid_383,16,10.74312399622066,10.95150980824232,10.70245789577597,10.739180589791333,10.703442895087607,10.702278497673554,10.739781074588153,10.737819866455464,10.804730587893793,10.75897099819577,10.759615964208704,10.764981217353906,10.796114919203342,10.742967305226886
tid_384,16,10.76896908335696,10.974029530609146,10.527834056295745,10.53953581557972,10.531076723891385,10.516620257314317,10.519850795581815,10.544938102556827,10.552469884258633,10.576039112820759,10.608605652583082,10.602050826110844,10.523422881680524,10.574913892648384
tid_385,16,11.32593904459911,11.497482839039373,10.87794521233578,10.906119753160805,10.857787319562025,10.897276840834598,10.93287257715781,10.898349733420122,10.848836526808034,10.898654857802443,10.884286345842105,10.875182346726195,10.870531615999754,10.91744389020286
tid_386,16,11.24222898379647,11.446773910259877,10.593217577662625,10.623999149946568,10.596617438936457,10.592759370506023,10.606851106001072,10.588826740372165,10.619191043389073,10.622489116155561,10.618363142033669,10.598648731904106,10.598117974693128,10.557897207556033
tid_387,16,10.982306913861011,11.152136355159753,10.733622597675643,10.732486836328253,10.722684178971567,10.716237933122413,10.716432007660044,10.727714158535132,10.681194548391513,10.757514579862972,10.740890124140291,10.697454963245725,10.665435783779595,10.722965322631655
tid_388,16,10.896077995804983,11.0933913508991,10.869270122382677,10.832772537334677,10.869072248095751,10.872272684738208,10.805230491458222,10.814290391750653,10.844916704090465,10.864314073371661,10.819702834111068,10.810585535698069,10.897472933795,10.812842233755964
tid_390,16,10.811699740670113,11.031737928328544,10.63312708251991,10.650504985348618,10.63979363759961,10.64905107880289,10.653239378159247,10.631583396864311,10.655022735358353,10.643812695131942,10.633252996666178,10.614869810993534,10.629506059083448,10.618560590291478
tid_391,16,10.958210647634512,11.095383727036603,10.63915423293559,10.630801406389951,10.648401141538558,10.648358696528291,10.627724672708498,10.6707897489894,10.670149183841788,10.666710101563682,10.657891619869485,10.630267084874406,10.654741831465001,10.62731815968166
tid_392,16,10.737997567272911,10.927853910816768,10.632971486793823,10.667322371685612,10.631799233227335,10.636428502883415,10.659910244834213,10.69835797751924,10.622992381860833,10.643416181889425,10.668377105639303,10.667813121431816,10.612526000907538,10.671788862516296
tid_393,16,10.683392536271914,10.855330739261756,10.638522872427107,10.60659681654591,10.640085785928282,10.634750430766548,10.636470704748808,10.618954919870385,10.646027621874698,10.623622873655695,10.637140957219012,10.666906894060087,10.60669160776134,10.621286212161165
tid_395,16,10.719272631478638,10.926610915973583,10.5164420012507,10.496943563390806,10.50159911152246,10.519348701064578,10.508423157628824,10.482150426393105,10.490201510204471,10.515615283156157,10.50440464467662,10.481522547547675,10.545893034265207,10.441865255861048
tid_396,16,10.89377010696176,11.097016004000116,10.560072571158829,10.599727993573678,10.58843054660107,10.594492858745046,10.589947384559906,10.544683088471553,10.589025907261389,10.605782700583706,10.5848524014993,10.551422294701805,10.54278028484154,10.54840225612534
tid_397,16,10.874910201848282,11.069920470327949,10.807709026600008,10.828056156001777,10.795532872075123,10.810330849359396,10.805821553079726,10.816372713415236,10.901492669506311,10.813984496290578,10.794132211557548,10.820334469917151,10.869012118934771,10.799849535911479
tid_398,16,10.79996529706044,11.000179665512968,10.657221855296829,10.697701435876896,10.66846847037549,10.65261226493102,10.681910574423949,10.699547697842116,10.713110565204358,10.689859390768168,10.706851301455947,10.738291864979026,10.666821116793571,10.703695641285476
tid_401,17,10.590020406587556,10.74984926058372,10.593196250953605,10.660900832450611,10.632058657145134,10.624312404322923,10.65678056842028,10.52960265706555,10.527567538252425,10.62883935849956,10.64024780544056,10.644859154327131,10.527706643499013,10.619318149070573
tid_402,17,10.637407126386208,10.789601511264046,10.596337580303272,10.609620975082816,10.612635702057256,10.612174988864975,10.629614527450496,10.557080965356834,10.642928750328005,10.686077686979285,10.649560971618497,10.6956580974443,10.652099202330717,10.63942632267059
tid_403,17,10.662991132141894,10.84994466902656,10.626281225402812,10.680710332719782,10.67200760558959,10.667454552457722,10.663284306020541,10.65729746557149,10.590779739660563,10.694448626279806,10.664383109216493,10.686832021817992,10.564141203968328,10.694257342910577
tid_404,17,10.8430181349356,11.000515253074,10.636607473176763,10.658867911971189,10.647664115124597,10.637536960683498,10.638661053242934,10.60850350967945,10.652089920538053,10.719630387112145,10.753555433394235,10.714166576360995,10.664301389802565,10.778913439448969
tid_405,17,10.87584476897906,11.02814763268573,10.92571862943743,11.015606719468995,10.92156688144342,10.918718301873806,10.891288440689523,10.953652297685519,11.068678197411828,10.889422648418828,10.963030107582746,11.076922471081604,11.206956245453341,11.000270216578238
tid_408,17,10.703439954663576,11.04909156374975,10.629733039451045,10.704009109263927,10.646648379865152,10.636808584282505,10.650408083177643,10.659879441002634,10.710770576809555,10.71019046145138,10.771978048695521,10.810109236021061,10.654392850556896,10.789959825024793
tid_410,17,10.78915823924962,10.928539411429515,10.829285039021237,10.828039799060736,10.846534132126864,10.837349570663388,10.861416876471374,10.86177438051041,10.816435752748244,10.849988279459346,10.85670476183304,10.85443059077099,10.817731334832418,10.866948138144013
tid_413,17,11.340912194757626,11.479381090878348,11.06855499217292,10.960574497639785,11.044745875283668,11.13519725114792,10.943725128190108,10.908256148592447,10.971499140231996,11.014450993991309,11.107997561863357,10.96034488997921,11.040377397331557,11.034433812841533
tid_414,17,10.734625542723808,10.860403779625814,10.692167845932637,10.703045567098057,10.52186569259624,10.733209002150646,10.59693826626521,10.599866253710225,10.669097847188596,10.767378410197164,10.780437832334943,10.754236405529507,10.696446215762043,10.742878627582973
tid_416,17,10.709032181365002,10.858067794898142,10.55049807072279,10.63393627112938,10.56405240655808,10.618683086322383,10.639801229909155,10.583574578630426,10.64044899074742,10.64639319655758,10.73420758422467,10.697888348735455,10.559622606578321,10.674646156585977
tid_418,18,11.048383692590914,11.282900792954988,11.074408453058206,11.108468922108377,11.08371230440517,11.07523528423815,11.08547501871014,11.114890040475077,11.144011896581553,11.101058081817808,11.143150030768467,11.110200366151512,11.136198122031214,11.120584504238996
tid_419,18,11.025829388570116,11.240005888685484,10.950665221985924,10.973803052641973,10.943659452731536,10.95187780316989,10.958454970505466,10.9680117584597,10.958757044860937,10.976323089275295,10.991076419464667,10.997438410021058,10.975530914502972,10.977797749087008
tid_420,18,10.8646732530986,11.081199026977869,10.809726478712115,10.881576959849456,10.811547273157451,10.82013467261068,10.857103330672555,10.885707082556184,10.934539880291114,10.866581031625167,10.893210773618083,10.887923644098601,10.927942399769485,10.898297506647738
tid_421,18,10.683896703684503,10.89738911438791,10.708822551687314,10.763679422239044,10.704299557162448,10.738192361359241,10.767417893888304,10.77290571076812,10.731476534761509,10.773298120893868,10.806668737490302,10.76388046024153,10.726330590706644,10.75319738669412
tid_422,18,10.987289034016907,11.19843935243305,10.873123778202665,10.895633691135187,10.86507292001468,10.874165568415986,10.902597127210802,10.91333746878426,10.985528935802892,10.91348970730728,10.930783922517952,10.932660138199775,10.98273199470319,10.90739638283381
tid_423,18,10.531656115130096,10.744494236334926,10.621316513870227,10.64383917398253,10.632277090459237,10.666318182613177,10.678951885675529,10.642030331599692,10.699534802588591,10.710098045600276,10.743038417080562,10.695856693962106,10.644645134109595,10.656141641261057
tid_424,18,10.600494773544971,10.800585271261635,10.6516678341942,10.711309108765924,10.664498539549346,10.650824211468807,10.658517832175455,10.668262053282708,10.723175977029168,10.653900175119526,10.668318913701595,10.689595034241117,10.692424339214336,10.649675252066721
tid_425,18,10.753523090633037,10.96675241717251,10.642279247596607,10.654658911701967,10.653672429610301,10.638634713038282,10.654454671765167,10.684911350191987,10.704226661513205,10.63570699499428,10.635962695988075,10.660991762185212,10.658268272417372,10.626145637218926
tid_428,18,10.552006023052776,10.777768084253218,10.562656983643956,10.519117003172427,10.556050543695967,10.55507335166494,10.544098447654088,10.557543407019017,10.521603704201976,10.616431482685506,10.5614652214043,10.542276821153822,10.53675996061672,10.574200459337726
tid_429,18,10.667181729638155,10.858446922121034,10.623882063800732,10.626744135568924,10.609187831112639,10.60891198067592,10.643692104497138,10.644175625378978,10.569419217571886,10.606748955685262,10.601795912848152,10.561522954876853,10.585291971809962,10.617551269069827
tid_430,18,10.801838321277618,11.008378422927612,10.916752123304695,11.007329684595287,10.953491844880643,10.902804553341136,10.981656768171982,11.080871916001252,10.977696932440553,11.011644946022914,11.025889217123682,10.999802997422357,11.034448657851097,10.989860230613367
tid_431,18,10.7445330504348,10.977730301420229,10.660000809127421,10.707881352732494,10.667398018716419,10.67145220733097,10.699162853219368,10.711177223742848,10.682700460185742,10.678756434965303,10.669613447742554,10.670460556480567,10.685583163095544,10.666114579143713
tid_432,18,10.712028249457148,10.907497910532276,10.666965368492,10.786555343417094,10.669426827314455,10.67485211386755,10.684149993440702,10.698323330183873,10.740831923723919,10.74835520668327,10.787928103919835,10.742635343217582,10.68298279713844,10.70571301607178
tid_433,18,10.77786819813284,11.0093369235684,10.531934248966348,10.54725665637862,10.532299605780224,10.545325930534181,10.589526108770052,10.571969996676192,10.627520558471106,10.655022304837109,10.6140785568369,10.637786280824718,10.589496156352531,10.585984324160743
tid_434,18,10.593911027174476,10.799738829072556,10.64203351243248,10.622337813988446,10.642381550604377,10.637402627842405,10.653157619351685,10.609697749990765,10.607586211603286,10.633320572755224,10.612416358176477,10.604829824389837,10.630085821522888,10.588559892239251
tid_435,18,10.588438737496537,10.80584567480012,10.665286558955916,10.683026233235644,10.682964958393857,10.668909467202713,10.70600490753582,10.680222219308142,10.698313414566867,10.664887871115198,10.675319581124919,10.703225647241226,10.6967163754668,10.65921316335266
tid_436,18,10.566417764310438,10.789261343300256,10.52092914854156,10.550789692881365,10.540743294214215,10.520377141043305,10.59455658283904,10.5774503549607,10.539932292951134,10.600654166759199,10.634991840479532,10.573059009148746,10.502994033619183,10.572421878438313
tid_437,18,10.589171955714708,10.787445157285934,10.504855172866717,10.590441919827189,10.501027552726718,10.513389460684294,10.533880580966816,10.557974090550127,10.553690901212299,10.566332786761622,10.564022995800752,10.545224693771491,10.54881715587187,10.55296785190258
tid_438,18,10.63056503435848,10.848637813090836,10.663296331226766,10.699664177732403,10.683821712826454,10.69978574759176,10.700786396042423,10.742495508605597,10.694428952731418,10.73043951217216,10.703059185453865,10.683152081464486,10.661212695380323,10.668132832193997
tid_440,18,10.768630242630955,11.010777084797882,10.687864153606071,10.752853485342175,10.71200391375861,10.706937742088993,10.739074024019937,10.722943600961868,10.73124382591729,10.751530292344812,10.780358535629228,10.760529670137924,10.69076846297689,10.720896411698835
tid_441,18,10.5938182705865,10.79032475662719,10.636950562010153,10.600847898663126,10.632065649895416,10.6329316067776,10.61408252011678,10.623835244069184,10.636439379162764,10.597280851572833,10.566331380395773,10.604738077453947,10.644381196996342,10.576223522784197
tid_442,18,10.657687498540062,10.861689605398965,10.610582261390919,10.639154934894268,10.614087653597672,10.611595898567224,10.650023724226509,10.675371410357156,10.599463328733849,10.589975481514234,10.571191327718923,10.586817355058665,10.600777463208983,10.587193490809163
tid_443,18,10.803715973401829,11.065630041657329,10.707430899526342,10.750247146773287,10.71872567989683,10.71352370926467,10.780194758848152,10.748684993373416,10.728270334128066,10.71225529936675,10.709412349488838,10.695673555302621,10.760810998467601,10.694230021840077
tid_444,18,10.610897534047076,10.826571160497874,10.628036880353221,10.641240656705024,10.645699358745539,10.621788995627808,10.64305377421552,10.60323890385638,10.670827425175169,10.658724169965604,10.639703920947772,10.676270965946093,10.650084363855383,10.622194756498224
tid_445,18,10.46444529678812,10.659858327596414,10.49708200950378,10.591232632026449,10.499268601500237,10.506187866788155,10.525064864194986,10.58480774497169,10.597171821864146,10.56408125937157,10.582832882734898,10.58426615585966,10.553843563694208,10.583699753070329
tid_446,18,10.822560410705377,11.038177800563377,10.623373586945059,10.625035652393404,10.640409376626286,10.620032837787177,10.624475462130587,10.623393285768188,10.636192281171056,10.63542114023714,10.607910383747729,10.665790642101127,10.65126972158891,10.606459084269751
tid_447,18,10.64225798312049,10.835624074131696,10.546745892291092,10.607142566982263,10.556538206038326,10.552187847656056,10.551456071148152,10.592551875582537,10.611965366340678,10.571556796973244,10.58070876546076,10.618028644460901,10.64994481842072,10.56309070543622
tid_448,19,11.14548708827198,11.277481573693176,11.010904079660792,11.058751791199317,11.016104833702853,11.014139025399672,11.025073398413172,11.073941447937885,11.10916723244943,11.019658631123994,11.050979128516621,11.077276031918515,11.064973592549409,11.089969125346498
tid_449,19,10.93130355883469,11.010322608070425,10.834352105154274,10.80797513492779,10.820231430522709,10.84196465547092,10.76824381922215,10.8194921741551,10.879873845890232,10.808664218830673,10.831027620866452,10.857468513813659,10.934900570453964,10.897092954984304
tid_450,19,11.254614474876345,11.419594525177509,10.945584312621705,10.95136025145671,10.94516323174506,10.958201162761704,10.970750775654121,10.936528733947222,10.96430122540766,10.945892910751036,10.95589994044438,10.98308755046932,10.989754801770857,10.991558782601578
tid_451,19,10.989919291928404,11.22298484391663,10.81408154536582,10.825125276127698,10.806680090447795,10.82098770421099,10.789729971623528,10.845957748214946,10.9499002468729,10.872950438631895,10.914660139009845,10.961438157829745,11.03406996398514,10.900383694329449
tid_452,19,11.061297563130116,11.182900798027385,10.943085101897795,10.925276053208897,10.940432723729723,10.94359144233525,10.961571852954886,10.925327407671897,10.958718752207169,10.926585413320932,10.943683191529235,10.956851862060168,10.961491159902167,10.972057512615963
tid_453,19,11.161657306559349,11.250366481546232,10.862115628583506,10.894326492397132,10.866015190295576,10.865544621337978,10.918395527062314,10.903468414840468,10.753978930781706,10.835603344961767,10.845435167894035,10.809493978817407,10.75929351116913,10.893222469754186
tid_455,19,10.924260814751776,11.045963604850623,11.08803929198824,11.073976916611219,11.149534041146964,11.016684923886988,11.097911344068233,10.955368087080393,11.084264922733643,10.941587746384752,10.906360665324337,10.984126865254188,11.073731588852985,10.95206103920298
tid_456,19,10.713179224295049,10.798021308618573,10.641065580287455,10.652675256877082,10.643301463056682,10.636073041753322,10.627966503259177,10.648575950221128,10.57087181114085,10.681967497285315,10.690631808461857,10.65990091435883,10.544802327923817,10.697304672716578
tid_457,19,10.71760158391867,10.82320640169593,10.5577962107758,10.597397660904043,10.552531519471357,10.565901810333552,10.559782383729209,10.600619777394853,10.652750578658521,10.714505201845961,10.744818515303331,10.759875758823068,10.634796608117956,10.729140470720706
tid_458,19,10.98925942139772,11.02525305815078,10.780225015113707,10.79449616879114,10.81698677862773,10.779698221595762,10.78035745281835,10.794158135405542,10.80447346546867,10.817580434327814,10.854158385366029,10.852422379564036,10.8258448583249,10.876812524339693
tid_459,19,10.838256505656055,11.016014251895468,10.912169564132139,10.972868265949144,10.890797452157518,10.914633767153193,10.984161031053436,10.923740454414663,10.890615333646194,10.84630664725344,10.875010974906742,10.865059873281655,10.88717933630225,10.903539682054648
tid_460,19,10.879702425653358,11.04152245705072,10.833429334321359,10.811833225200301,10.812071291596899,10.811183707088526,10.78148990366301,10.798635105618986,10.795941288124936,10.894499662675887,10.88128973947522,10.864978497641776,10.802537098106296,10.875267457603169
tid_478,21,11.003658625668232,11.188561427348963,10.948953272185795,11.057460797485431,10.96898622614288,10.916327001553816,10.976117467075532,10.982520115724045,11.029348578209003,10.91262985870589,10.967081440314056,10.972227360829015,10.935557544116557,10.970533603218863
tid_479,21,10.620016731108684,10.80507674441738,10.67399111485702,10.616770043436146,10.6530953206836,10.67641233838874,10.641240647172408,10.617696363741844,10.563250819366488,10.677263013673242,10.633937579077516,10.607425748571975,10.615251075397374,10.648837282133234
tid_480,21,10.8151676718526,11.028300259573363,10.656324450866911,10.691704877932644,10.669632476307806,10.696896546385899,10.738293117323073,10.691834117283564,10.654370298391614,10.731010309349124,10.750047178174801,10.695705965792373,10.661138739451888,10.752449354464078
tid_481,21,10.845219884731986,11.00836517295867,10.901570177919677,10.98385151714607,10.888166369996767,10.898588141671894,10.905078506913071,10.92253813313983,10.994159922116278,10.820554550021882,10.933902408884846,10.90040291311316,10.933360043398691,10.907303374315436
tid_482,21,10.814502391329926,11.008222724703584,10.683547640236503,10.682771983708049,10.664938943156812,10.676118428199114,10.637288088070688,10.70074776415838,10.688690534659985,10.70078418755379,10.784705563303207,10.699537262865,10.650012236981677,10.718323545447964
tid_484,21,10.53035068942004,10.717780995648027,10.560407687926544,10.605902429328825,10.58372106690676,10.55524745770268,10.60062286948563,10.593854293523199,10.650943087949665,10.544780689545533,10.599861371634697,10.622114003422514,10.594978899899736,10.577619431161194
tid_485,21,10.485879134560172,10.65450025798518,10.641574492453861,10.628724053040514,10.645643933896057,10.673055925960329,10.646628449056786,10.545383261464018,10.648663804582954,10.649952626901307,10.63919235222288,10.69094813199338,10.682769970647806,10.548984058736824
tid_486,21,10.72243443810734,10.907878901296025,10.6598568921699,10.706367984570198,10.667649983718103,10.67781691837255,10.719700591606806,10.699910804725766,10.654594477478737,10.694535115939667,10.756010198976291,10.683064851521198,10.636222708784304,10.731384459641824
tid_487,21,10.819748283960276,10.759473986284736,10.618401364448998,10.670561835544323,10.645514245209638,10.637322676982036,10.665047537213596,10.655705459191333,10.678357225329217,10.65870401450241,10.713587453355272,10.704823891333023,10.613566723555172,10.693567061122037
tid_489,21,10.653345824680116,10.797054033324727,10.561654996031159,10.604275435155902,10.554702039028058,10.56805805351848,10.551247163988615,10.595917995305067,10.667494378921106,10.611994129074112,10.621466846759814,10.652210813000547,10.61887282978345,10.61900435538462
tid_490,21,10.488453576501474,10.649691970820422,10.580053823688207,10.63384470533855,10.601153643545656,10.578625881061763,10.602398227927498,10.596335489027345,10.61912516122259,10.583396494966188,10.662647127644147,10.641702636930708,10.59300468426081,10.608380904657961
tid_491,21,10.852342275283544,10.984058062703472,10.569298304260597,10.622735150148547,10.592492350894707,10.559379021602748,10.523452699560435,10.622069423606177,10.649231582879775,10.547922326205445,10.601828835136994,10.61255075538936,10.581767180136856,10.57440275725622
tid_492,21,10.518265000219476,10.660318201280036,10.560407687926544,10.647590689606979,10.58372106690676,10.55524745770268,10.602574854205503,10.63246480847011,10.671278090504515,10.539109803531403,10.669568441400092,10.705083548971885,10.629117600542337,10.638291912584174
tid_493,21,10.526874603055829,10.717271470846407,10.5804605951274,10.610580776771746,10.560450212773555,10.574289533880338,10.514025192256366,10.618843789208663,10.625556479637268,10.593958284531402,10.653977748592446,10.649719634753527,10.585435399883549,10.663983068873202
tid_494,21,10.684077683611116,10.890322485296627,10.641574492453861,10.708782281617832,10.645643933896057,10.671311462936387,10.66796732235454,10.708217365830606,10.629635290433976,10.63048091444646,10.714191973816057,10.694280128785278,10.659161910382469,10.730864325386891
tid_495,21,10.58991722104854,10.75698330907962,10.561057567362836,10.529848223003741,10.578566660569896,10.573295980251741,10.523672339114345,10.54739580469676,10.535396019242635,10.5515735123071,10.556004835971837,10.53352565352155,10.535395557857278,10.54961642426002
tid_496,21,10.468954758911126,10.633024519878942,10.580053823688207,10.598010983982391,10.598972336295978,10.56469679840853,10.602947628684772,10.593831519748463,10.652786952727102,10.636592585369318,10.635287496539243,10.7041357896742,10.649967515390776,10.62017050494411
tid_497,21,10.652187692216325,10.842478669931058,10.672750762280305,10.66997652272582,10.676619335518039,10.653391098441617,10.692895893136996,10.654119292581681,10.745584012462611,10.72045653041858,10.734622613408499,10.744152388536115,10.69027124622445,10.731098840886647
tid_498,21,10.68908400622494,10.917781199183882,10.676047352712942,10.771192321088268,10.697125745307288,10.741106895856976,10.806268124833341,10.736590279913873,10.747095569792084,10.749701765885499,10.76724247075561,10.794468610095498,10.713292828259544,10.755170298207615
tid_499,21,10.417851907600282,10.59928372142638,10.549491550886458,10.62550740391308,10.581710528409397,10.577390025138161,10.615419421975053,10.616645884658837,10.588913551424742,10.546668017586171,10.626843391057633,10.591202569396701,10.562741834077793,10.59216820915954
tid_501,21,10.686975768947397,10.93242280716002,10.591026865514468,10.685874105993332,10.620333458867844,10.597872147438931,10.641966710052236,10.678658349415867,10.69852533687241,10.602586213289559,10.713313178182734,10.713827260975053,10.625262393997913,10.71444639669876
tid_502,21,10.468562696744364,10.634614291720249,10.551253891524127,10.60266193833832,10.581851910692787,10.551556364637268,10.613715921908529,10.56973027113558,10.591698242641064,10.558885029133142,10.654010072460501,10.658638098648051,10.622128753984144,10.589678426826692
tid_503,21,10.490543394896942,10.687453021261938,10.569298304260597,10.602867695173252,10.589437317032314,10.557345732522794,10.591025197057423,10.598105798221557,10.623046028649393,10.553114850874598,10.631394321442428,10.639474277247347,10.600888184148971,10.64952301664124
tid_504,22,10.981008984496746,11.150239634653095,11.07842656227379,11.089103242528335,11.082920378746328,11.05847015080838,11.098624582619989,11.06987654091097,11.057548165170815,11.115743594063941,11.127292311720408,11.106381017159944,11.043504260563434,11.167756330556811
tid_505,22,10.80409392539423,10.96887736924655,10.905270573752183,10.893978502322339,10.895104361908867,10.874577287835246,10.905569958610885,10.925343989961364,10.928600325377827,10.885178763336324,10.920155413829129,10.976118732723306,10.924934430903079,10.966239858202718
tid_506,22,10.921948516520976,11.06024924533255,11.2505496192442,11.220820115603598,11.343179090346913,11.277995328427506,11.247579495555044,11.183681670553172,11.05488794442644,11.265836752501892,11.2851405101485,11.185508957919724,11.046622833805081,11.310919382983112
tid_507,22,10.830939762716303,11.054469306312296,10.954255733609552,10.978754847636258,10.950264375108679,10.961454545970337,10.950162795655691,10.971092791353184,10.953434079866064,10.993337978940936,10.996361956534795,10.977839607100512,10.947553512479917,11.01693963361485
tid_508,22,10.879359538578536,11.077196491121656,10.819267661885425,10.87317486148183,10.820394030691581,10.828044194217286,10.934550203806085,10.900792831085042,10.871999122512479,10.883942997825862,10.955896924644142,10.904754386177352,10.855495209077523,10.928264977515347
tid_509,22,10.964539881569427,11.147078587148783,10.93599220943525,10.984378618997647,10.944349297879754,10.950714267314199,10.950396358299468,10.99069172581737,11.017215129897158,11.007287712088555,11.000139233140118,11.034827881634106,10.99973150085387,11.038777000279351
tid_510,22,10.700485609822245,10.869429030553754,10.84522786625152,10.871396586893196,10.839494987807717,10.842053146076347,10.862323653375968,10.905685688204501,10.843473424141708,10.89454441523553,10.941222267811302,10.903085414996161,10.82527705814454,10.956957478300263
tid_511,22,10.616530493310153,10.756090601207438,10.794000285163849,10.778554261669797,10.786776000009219,10.78602122676718,10.79853912448659,10.812500972365655,10.798077183773726,10.830077269206488,10.83285669796497,10.811219765915805,10.803619023583094,10.827918827046101
tid_512,22,10.58114539019994,10.756131099248083,10.829071061600844,10.805168760514649,10.855154730404987,10.866066504167874,10.795127310056388,10.826586699302748,10.806598183303104,10.862266633350913,10.86271680668834,10.844227266731725,10.82802458739004,10.853266867394227
tid_515,22,10.538777840082211,10.702333941391071,10.805159469526012,10.852782886212351,10.805161728148374,10.835402412953211,10.881825520616589,10.816814396716877,10.793073632148607,10.78097088138554,10.793190490410245,10.83144456229265,10.803750039645916,10.810121850981131
tid_516,22,10.584822745434714,10.709691059888293,10.564813024436823,10.528781515568697,10.545732940786294,10.56353256359297,10.540643846474659,10.53083932367271,10.543715204287055,10.643928935555467,10.610508514162875,10.628449280968173,10.553784158673203,10.612746827762715
tid_517,22,10.630717268393232,10.790536891788976,10.809739530116925,10.84148173490502,10.809431473284391,10.851879723951672,10.835509140576042,10.833873032915045,10.78844098480166,10.829162191010921,10.783564830744883,10.746337183660964,10.79334784201442,10.81632208487588
tid_518,22,10.691776716938069,10.819748283960276,10.746299198183564,10.765268457057678,10.747439375393055,10.752292105431192,10.79325901528052,10.787043790246853,10.72147631023452,10.745571033162006,10.769633497249073,10.750710560423622,10.705982696625357,10.796936747809886
tid_519,22,10.531680125406496,10.67941215955364,10.558251281568506,10.55269465208443,10.530610398577167,10.558641078599779,10.557033992613324,10.550667689651211,10.550046036861534,10.592993250686456,10.59262204952507,10.595851372242866,10.523467320506171,10.609381280776526
tid_520,22,10.538277071033583,10.675295717398606,10.485909634047431,10.520091789962965,10.470079475479428,10.472280655966724,10.464170295802345,10.500592201484332,10.523393893377762,10.585097484397275,10.60517868528658,10.577261044209651,10.55806384450802,10.58893395359411
tid_521,22,10.518835340641662,10.675353487807463,10.642205193287431,10.63487529894462,10.634602952488214,10.639192716314904,10.650894840926085,10.625967661474391,10.640016565280122,10.650884231983344,10.649272286395396,10.657275734905935,10.654866136880592,10.648523743132184
tid_522,22,10.532282861205116,10.632378253971089,10.528491930714267,10.601233747070552,10.522096982167417,10.519592673597728,10.528999645139121,10.549004341611498,10.538626459995958,10.588814034051186,10.682553908569467,10.637730377224624,10.531746986094323,10.586928394280948
tid_523,22,10.449482424111409,10.586637426139545,10.48365781658397,10.492190033895575,10.503332359284531,10.503029218692816,10.51269189676354,10.479736136115495,10.508235420862693,10.675306082123843,10.645686468714194,10.591724895511016,10.483226854223629,10.634176159975699
tid_524,22,10.618401117233525,10.738021441779823,10.638783702895234,10.663953984633967,10.638596698637718,10.635834541087613,10.691819884838765,10.654534474096659,10.664583244638365,10.683830983643087,10.693061245412581,10.728280004526791,10.6738831107436,10.676724226738672
tid_525,22,10.531581412805489,10.67354021713338,10.569349106849979,10.573722429296796,10.579571677061761,10.570404953938654,10.596386893966928,10.592760744472288,10.556424582544798,10.627133906585756,10.629283707762237,10.625167076629157,10.5688181356752,10.615680785160443
tid_527,22,11.069764720188235,11.206878451256255,10.65623809542304,10.702300417333923,10.66920551829427,10.66525905354947,10.703663541409703,10.691474597265694,10.704159912622773,10.63573495547352,10.771557826459418,10.778580606696242,10.6626966526224,10.72923573888298
tid_528,22,10.717683541418214,10.888781822507012,10.579207343959574,10.627041365575218,10.567252571660891,10.564611075986205,10.597522487256859,10.652780888550286,10.677288727080462,10.639111163147557,10.677060467434577,10.765311943584848,10.644046499140297,10.689923077416639
tid_529,22,10.574465808325012,10.73872006127542,10.753150042847318,10.776950515152516,10.766786731656605,10.741318464288634,10.77222570077,10.772075768810094,10.722028630109994,10.778726128582303,10.778681895500288,10.753756403327028,10.714698119170272,10.78504968677236
tid_530,22,10.490365471320208,10.643857002093345,10.667797720145499,10.69888742516758,10.702544337038383,10.665812815082004,10.703410429800769,10.709878835620215,10.689020246769502,10.661315711927273,10.693108681786324,10.688928080462281,10.694040515138894,10.710088949842223
tid_531,22,10.516554733060518,10.67090697747066,10.573290663823359,10.573393848732302,10.547393487024939,10.561076664086306,10.582999183076186,10.557529723862173,10.568847883780709,10.634964644586876,10.639326082851465,10.665313441827152,10.610090520752063,10.640316590540857
tid_532,22,10.40909659356314,10.619325343015772,10.642323741784946,10.647784021889398,10.62987273650544,10.636373735913635,10.627715515311305,10.64298656123562,10.592995453339318,10.617003557641914,10.680716165487881,10.66976697349018,10.625656298463904,10.659727805939427
tid_533,22,10.7263046171839,10.931031603347831,10.632596811300456,10.656481852361468,10.62513062768204,10.6239875246203,10.65227329170204,10.645190880336086,10.625102433530895,10.638260190282395,10.674691642340111,10.690140027317273,10.651950545946795,10.679665387698275
tid_534,22,10.492612210814649,10.603245334841402,10.59185121098552,10.625488681939666,10.577847327464163,10.586238732467164,10.593358539974812,10.631635213975239,10.654876754562695,10.645053209024423,10.686277064930408,10.685002777689377,10.611845165706287,10.67033456505073
tid_535,22,10.757728397385762,10.89473175617131,10.718583355598176,10.756004916154327,10.74033369329177,10.706827031374207,10.75327731923382,10.758623875803549,10.722375636562278,10.729978239279886,10.72638428001788,10.70574724848782,10.700346845377274,10.73017859334658
tid_536,22,10.560455589676334,10.785484931852729,10.607697922862632,10.596476429219358,10.601942000623112,10.599755837838627,10.592440131512323,10.596683738766007,10.599624677642266,10.61826411115908,10.666356031340111,10.672107398830716,10.5512550017781,10.66511601557207
tid_537,22,10.57403118688622,10.763343373484853,10.539923782962914,10.598019083487065,10.525817589400877,10.54797854507291,10.559688502761334,10.5836290836414,10.622589534368243,10.642926368295882,10.664089383221102,10.663855565854258,10.570008175657367,10.621529578051751
tid_538,22,10.567141553701305,10.728248350464618,10.663427687055934,10.60693753620251,10.64671503175479,10.655545370838004,10.651090974326259,10.610996767296955,10.64910448601034,10.59802620046837,10.669804372586846,10.670651491346788,10.657368242960962,10.648288868852408
tid_539,22,10.559960375226694,10.69241752847279,10.631876625006468,10.648391484774661,10.670104002366239,10.632536858382261,10.638016924110088,10.627610175504081,10.625370156564694,10.666364529496372,10.66725088573731,10.640548350259499,10.618247822851908,10.645203783899587
tid_540,22,10.546120082854896,10.69670402488604,10.645881117762368,10.66438433623206,10.644198427180074,10.649723407864203,10.698890504107561,10.699113514187223,10.651598074798136,10.656858061829466,10.667653643382252,10.653000407570408,10.664209929602432,10.703274894560597
tid_541,22,10.59934605414098,10.747132319925404,10.58439028884567,10.572123756703427,10.578628869503088,10.576053972534037,10.585683905971347,10.602339949754011,10.543943202297756,10.656381774177595,10.680199530453116,10.664080671750805,10.549819435595051,10.679545506317163
tid_542,22,10.63418337604185,10.874304347764848,10.544137925164451,10.562231188997071,10.539311172165723,10.58848906595422,10.538184311511468,10.57601466285628,10.599028102806118,10.578876465815455,10.615113120374765,10.647296547785835,10.582645722098833,10.594684483311784
tid_543,22,10.765742284874824,10.997159323587558,10.698251222605755,10.75184984272715,10.705280838907953,10.682371976846404,10.75018997701464,10.754370256829214,10.689722729442224,10.729717907097726,10.764128186210817,10.740129138054952,10.688495404901644,10.756435850193784
tid_544,22,10.62317441928306,10.79277700890734,10.572951589244095,10.593957066283894,10.569529410064852,10.576405963327419,10.578939624475272,10.618729106839393,10.59449890307422,10.634141963577548,10.684032882960203,10.650213914368027,10.572531318819744,10.666998941796747
tid_545,22,10.625681268228892,10.783875421100936,10.686477989396742,10.735820572685013,10.710566528924918,10.683500125496298,10.773168608297224,10.755417589723573,10.73690042078573,10.733714585347201,10.741207951548247,10.752447429774415,10.731302425701706,10.772972304242266
tid_546,22,10.73096674264132,10.87339866902182,10.64059250058665,10.586655247425997,10.639348744254479,10.63097759277964,10.612669468653497,10.60365273077547,10.603791565313454,10.640654401922538,10.640411996323623,10.65830457699537,10.609320787352809,10.61636801323841
tid_547,22,10.610350243982015,10.771696669160768,10.667511958596469,10.661175570697209,10.652797179970294,10.652225575389778,10.720500279734171,10.681328043294116,10.63781983826004,10.656674794122843,10.689907269124982,10.685220016322294,10.649595974919182,10.687365033555476
tid_548,22,10.502524582968029,10.667165421536176,10.645239149577941,10.596088711830914,10.628883683894976,10.630689998560056,10.624009407677361,10.584307928925995,10.6007180506559,10.651011771498313,10.640397292194647,10.639658774906406,10.594644569405101,10.612636519291064
tid_549,22,10.529300307056484,10.719476065084804,10.604627381521611,10.583645195818848,10.605445418603308,10.609057375458299,10.586891803656712,10.587416536296884,10.593828465401126,10.629103297422462,10.58523341954096,10.629168121345932,10.623991379585291,10.612537106395754
tid_550,22,10.617201774036037,10.72492679938942,10.590867408830292,10.637398019314409,10.609006979251538,10.591936658217392,10.647918058123308,10.603043055468452,10.600980098264296,10.670721264037143,10.656164194146408,10.666179524501043,10.623026822349813,10.622148189215288
tid_552,22,10.620541671271456,10.802918961341428,10.749750714671327,10.751923549933938,10.740801297926488,10.745400246748492,10.797254264415859,10.728454011008727,10.728071187408307,10.716515613518675,10.752202014612875,10.741910886567275,10.70981064124146,10.730822424804822
tid_553,22,10.761388288955532,10.94418643654808,10.60244435035458,10.592524562352695,10.6032978062526,10.591160119486513,10.563277770500116,10.562750730166435,10.518922769385226,10.671059735340434,10.668621147453106,10.654532717630357,10.456821980002013,10.702408762127904
tid_554,22,10.712186392193548,10.875869351060048,10.650836393749922,10.693344739744099,10.643172589346918,10.647578844290107,10.673163349023064,10.69695904309402,10.620507885657998,10.643710174523589,10.688190271362542,10.69672141172605,10.619446600948084,10.709101892914058
tid_555,22,10.4529000347658,10.582822278836275,10.585213824348042,10.616186935521357,10.592364966352635,10.58478189315638,10.62692531960383,10.635385269995124,10.582019458180138,10.63358185185933,10.689740257512437,10.648984149052913,10.606321631633469,10.695419908785574
tid_556,22,10.417648607561611,10.576656490380408,10.512501011237658,10.568165867796088,10.555993575735917,10.577680307541224,10.554739812536523,10.553648061598425,10.520341477379167,10.639580812185148,10.575313680015306,10.568171768515024,10.537190197409275,10.58134619751477
tid_557,22,10.534706136473906,10.74036271337878,10.569676439781544,10.573403526640096,10.578705743249309,10.566299134522248,10.58352908581884,10.562861924175614,10.548891104061747,10.643617036626816,10.632457141493314,10.61775534876729,10.542926592506129,10.609849927733187
tid_558,22,10.464368254416202,10.658296463987748,10.603857216851697,10.645225421562897,10.624583813530462,10.608992264590848,10.682971378888292,10.688765140475997,10.618240508708737,10.671685001679206,10.651647898850907,10.654634162058137,10.622072070925665,10.651600751945045
tid_559,22,10.661373234236311,10.854934981394765,10.687410723084524,10.743308200607594,10.712618650829079,10.67053239948955,10.70812969206686,10.764467834153967,10.679441461674715,10.733714585347201,10.75904402088707,10.725531602610548,10.633655289470846,10.76152706069722
tid_560,22,10.619938576915306,10.771383941893124,10.51692263156649,10.543829503575639,10.519852956765243,10.506000454217912,10.528570389484434,10.530967655237804,10.473595484244333,10.672593527155028,10.667350282568997,10.592788745809637,10.484034278636003,10.657271426251745
tid_561,22,10.635814580029727,10.80747895682323,10.64301613146251,10.654049336068006,10.676937742287958,10.635214294091144,10.66497488340911,10.646203222560304,10.584303064231943,10.667059422909572,10.690998246713344,10.645753843832486,10.60206335093027,10.674754413791096
tid_562,22,10.517729503249274,10.669234425510416,10.643526745880317,10.645715997638947,10.64812913099217,10.645059354415174,10.60672624404445,10.630192564591335,10.60595065235604,10.582734449105095,10.683216290564419,10.670137805070521,10.63379468000577,10.66491433678363
tid_563,22,10.59538395119442,10.75398457585447,10.632296977161204,10.589495652350466,10.621316741869665,10.623783885210083,10.627093323672112,10.573030604818866,10.601695240882211,10.668533416232176,10.646128457293663,10.670221672941675,10.637619726918565,10.625730244205275
tid_564,22,10.42019285705201,10.605839736756971,10.634108680115919,10.636235925438918,10.631061374871603,10.62987577542531,10.6630224616504,10.635267157474233,10.645250278034775,10.690562118910073,10.68482803557347,10.701432206836822,10.66594672327392,10.67898886110174
tid_565,22,10.511498868959436,10.657842714137187,10.502591031611846,10.569191131844963,10.518460119408507,10.520186002584758,10.506141831438464,10.566806338939047,10.550097837168584,10.522826647669989,10.580658455614739,10.56979181975014,10.495007917265992,10.64907299813915
tid_566,22,10.602084854167853,10.745494296766744,10.605460659438451,10.567709606668828,10.594690069824448,10.600505648125951,10.606692018747472,10.569333756746884,10.534882071748555,10.615938832645282,10.629533816988708,10.610556264508816,10.55064446830657,10.60454243111316
tid_567,22,10.464918834321963,10.604659944769116,10.502030473572123,10.531951141800254,10.499053804534835,10.51101131140636,10.508366924323948,10.529014238222494,10.501180571596112,10.60259439671797,10.63309735811894,10.611007435147872,10.526600235231992,10.601756447448796
tid_568,22,10.539127434873636,10.702102243029808,10.646252452674878,10.704077667029786,10.692700677942597,10.640436701464536,10.660274755472042,10.706256031167692,10.659764095173307,10.645403762451314,10.682488780522402,10.67374238589667,10.629553209733336,10.70572429987635
tid_569,22,10.65954380239777,10.87980602224456,10.627012633483185,10.591116758605,10.623672439617998,10.62394810538837,10.623384885168303,10.559106494032472,10.593874699132394,10.667362465875064,10.63377610740903,10.661865787491342,10.601329520439888,10.619140412149832
tid_570,22,10.418497410173329,10.546714180278055,10.616320455005749,10.58639092704088,10.602923065300951,10.615689686428881,10.572293372706108,10.60420376148166,10.561727960585745,10.606448358860586,10.675830928343458,10.61180831778179,10.568581765318653,10.672219129037735
tid_571,22,10.577961467830452,10.721430896956782,10.712486956082184,10.669242208721963,10.712294545847985,10.705050205877528,10.70375862701887,10.713220497506807,10.64846150107121,10.724179716751228,10.70597675554754,10.665901039292114,10.671108530000534,10.7397983775733
tid_572,22,10.573046198287456,10.727546760677296,10.649427602450062,10.630852800018575,10.643383339225906,10.651852879204261,10.659831221314205,10.635632460170015,10.674040081205455,10.658677663528282,10.650328701158278,10.680426827257255,10.675599137895448,10.68176539150938
tid_666,24,11.337950456087258,11.494039237651297,11.307852737006753,11.281848090177439,11.322800781014468,11.356705854846096,11.328676158258574,11.254006547561909,11.332876134315143,11.37562157367826,11.308216588448913,11.393376559342437,11.364298038834491,11.328345377525528
tid_667,24,11.114912024099214,11.264102501839403,11.032638620180432,11.102436800368144,11.030989065953735,11.028803061924721,11.086909213213694,11.227458337451253,11.076952751391929,11.131159142145513,11.190827626615686,11.233491622020335,11.040490030353753,11.234218825412215
tid_668,24,11.065669142800257,11.24966670055692,10.877601593586418,10.763580401089452,10.868208377761281,10.864786535949097,10.824139774438049,10.801909752287045,10.802221366285808,11.070967120909522,11.02879814382054,10.991468468688137,10.908055284601406,10.984306361074063
tid_669,24,11.099559224965809,11.247237081736657,10.858497152699393,10.832701643045228,10.871436893146674,10.88217368562349,10.898467584559022,10.849663145688206,10.959774273658516,11.09168530622844,11.116852318297587,11.12404921104027,11.020705761287957,11.046665423573078
tid_670,24,11.1687012593268,11.300324890641948,11.009636525963243,11.092980421894895,11.022264545218345,11.010490875182176,10.993923004745062,11.076231226213345,11.004235795436058,11.144758469206813,11.323602482091207,11.282635144464635,10.997332885542887,11.311638263828383
tid_671,24,11.037322186914,11.177670886702089,11.30445570166338,11.141140382678126,11.316110104970958,11.284534565564208,11.40139395216743,11.118718859547576,11.150354072895352,11.378334118561549,11.367416306134416,11.262960391829504,11.138892311815335,11.297577646244406
tid_674,24,10.914286324404657,11.054171915597236,10.971613597598692,10.96446208533997,10.958804654648132,10.960675958222295,10.941207112792721,11.038517666874597,10.935650016794792,11.131441289893267,11.143538735560474,11.112451192816286,10.9278140554704,11.15340764811476
tid_675,24,11.080530480963471,11.227201474224607,11.025004749379185,11.053743771232334,11.023613320538466,11.051380509157715,11.107157612378849,11.080568697479066,11.094199431885515,11.265723973397057,11.309949879726853,11.273756798954818,11.182564712140655,11.23558119068465
tid_676,24,10.956600257132871,11.103664662319174,11.021875426301843,11.010076851593544,11.022419315241713,11.026749750038165,11.038873084368754,11.01443374406193,10.988492857689948,11.063088096874209,11.069510948524556,11.044595993580941,10.976577737027105,11.101010621096737
tid_677,24,10.968601656441049,11.151281050785744,10.847116521108372,10.846518515464274,10.857843036899252,10.844041567065128,10.845568684539396,10.86970846502048,10.85195697574061,11.07330073074713,11.03992660888417,11.024674369577507,10.854430560346822,10.997242713088536
tid_678,24,12.004894210078776,12.116478299181846,11.628736353081672,11.769043781548808,11.662480035898321,11.704753592583048,11.68978025386502,11.809839742336575,11.71829268434285,11.753764661143158,11.77978314666928,11.727427030518141,11.642846494381098,11.82808369808183
tid_679,24,11.057359509122069,11.218036149291317,11.164145964846881,11.08979625184285,11.175556349060981,11.149089654761287,11.174006510505093,11.060746538772287,11.032613618595258,11.188879051480795,11.226913229715858,11.203249961982793,11.104239944686677,11.212278219772287
tid_680,24,10.77510513369854,10.895725849189738,11.015937590598496,10.899519089259531,11.005566047081716,11.004609553718748,11.00774288962381,10.929490799277808,10.953403244256208,11.077719160039173,11.080561829890765,11.039071416594407,11.039359223087937,11.048940288369955
tid_683,24,10.799161205538445,10.95394372598328,10.688300912745255,10.6817716331485,10.69145177659678,10.698274635746854,10.697019319530606,10.652281727486546,10.708141737775561,10.907695584997294,10.913683823141396,10.865506962124376,10.71465903864173,10.828140087737319
tid_685,24,10.918730913344202,11.0876488995269,10.82884317732682,10.822465708520477,10.860568615312875,10.801035363721722,10.87487316089646,10.872173549814496,10.790909725200711,10.970391846589047,10.965633078797424,10.899752718121174,10.768113136005864,10.969311049597959
tid_686,24,11.063977011587433,11.217535093100077,11.072253060339422,10.993754358210165,11.029219180785802,11.057816525871292,10.99942591735352,11.012700920166713,10.937259601420196,11.201754058923344,11.13538743990023,11.111550193458616,10.948180307217916,11.101081086959718
tid_687,24,10.86108336222701,11.00048186632186,10.62561852227307,10.582785946893448,10.61503988309701,10.622265549674,10.600373873333789,10.582183905991352,10.618408421953495,10.925080807607289,10.876869642429723,10.886244252881928,10.595871243059419,10.73582865995957
tid_689,24,11.231992565524768,11.368427877105564,11.266290546141596,11.18268121188758,11.29844755230408,11.284237214462918,11.067986616145935,11.200738522279302,11.25034923419725,11.360114617108207,11.368444341151008,11.307930244062359,11.39656098681158,11.370556714540168
tid_690,24,10.884175545571134,11.039137082573436,10.719218897504538,10.751272122192509,10.711546946607791,10.722451708739825,10.800630096676299,10.745105574166516,10.74427276546687,10.98614265978885,10.967687760473185,10.920923972265033,10.772122880435024,10.858652569136078
tid_691,24,11.418288358601153,11.596583475706783,10.652565829974899,10.64296151912307,10.641815553218043,10.65069517503298,10.638801455299237,10.655181624865534,10.838325096035705,10.971019566430462,10.914581733661942,11.019969424959767,10.86730254972081,10.80755240148767
tid_692,24,10.797289292064397,10.957585273630908,10.733028894648566,10.718600838077103,10.779201486029613,10.72849604900503,10.67325584414071,10.721323174770566,10.748769525920366,11.023116246031275,11.010519116059108,10.93232504363652,10.716353461116709,10.892173617789737
tid_693,24,11.250499098574451,11.445621523580416,11.099479577577876,11.051297603587633,11.120892599977312,11.069652909347194,11.084060581327499,11.02842650262104,11.176353604130158,11.189285776329976,11.149334182749058,11.222061897924826,11.185450539285513,11.165648169953535
tid_694,24,11.109748736522931,11.280666746456578,11.11677870044531,11.05558447533432,11.017106471031136,11.002983841702621,11.105908717200025,11.056338780382264,11.300258018321873,11.357673038811814,11.419508726640775,11.410925597412495,11.33427444484105,11.30472993472492
tid_695,24,10.808753736792829,10.965304451242186,10.840583983453529,10.75720360287193,10.824157385508338,10.801035363721722,10.778973972363625,10.772594775013008,10.819949656364118,10.934602480385667,10.941269694499615,10.9312355601788,10.8879019486411,10.95993259331993
tid_696,24,10.79690875898616,10.933961961250692,10.632989964565855,10.622166608070287,10.637018988888402,10.631841872927351,10.71046128390301,10.641653443256404,10.600316562468278,10.738761924871566,10.717318427608237,10.694229648431305,10.615196564050681,10.728959444515338
tid_697,24,11.0904220253773,11.274579439412822,10.786022788595478,10.826244951034592,10.782637490924895,10.780006333524403,10.76921769152067,10.796089153761887,10.88364688735612,10.985451513898926,11.033244145736058,10.989436831148579,10.822917921795746,11.002256215689181
tid_698,24,11.053545207361624,11.23207202425196,10.790809072727704,10.71178698783941,10.76815007244663,10.767057258426965,10.72078960424884,10.717486554333753,10.778389155537193,10.988612175423937,10.993326812380591,10.969466167179243,10.824178598642822,10.925971343734476
tid_699,24,10.79479888069927,10.956823496334602,10.65640019030452,10.664303424059016,10.656472805875975,10.67027930506917,10.635953321067563,10.68131777881953,10.682126778723077,11.017161922784826,10.986353199221332,10.929185017113804,10.75004775838374,10.831049484258354
tid_701,24,10.802538530147585,11.014089345654392,10.778896308569792,10.775487290283086,10.770282301383267,10.76646661707353,10.704417186850254,10.80125877377214,10.753733853630168,10.929237387725582,10.952902459206525,10.909138026707426,10.767050295418622,10.945941929161808
tid_702,24,11.291948315312435,11.479280776854004,11.457850411569941,11.505031002477855,11.384473105834747,11.414911060297586,11.415958018474686,11.494569518673348,11.536805107730133,11.560302129822011,11.580994989953867,11.492177363750633,11.5313468154363,11.610487953118824
tid_703,24,10.949187693320516,11.102494045125672,10.797298952732156,10.787059073818092,10.774681896328259,10.775393144322415,10.777596836716873,10.801612727840594,10.759713659389034,11.025678882722811,11.009856258742325,10.98589917451507,10.744204463497042,10.993723175909032
tid_704,24,10.725230214126707,10.868107389927555,10.778896308569792,10.8272777753239,10.76375491114948,10.763674033812892,10.842715243790854,10.840191931233642,10.862388106094835,10.94937688920542,10.944936521917393,10.920063891450313,10.876172337170674,10.972180857472855
tid_705,24,10.84816552685717,11.031885155006927,10.89344882892099,10.813509313692414,10.907417752547326,10.878298264244464,10.854909564386901,10.816928048789597,10.86305965126457,10.963645222213152,10.99080923456137,10.947549185452733,10.918913701920161,11.002232836410347
tid_706,24,10.777242321885693,10.945113177320303,10.63962638186585,10.630601717235171,10.629679703605891,10.632365177215085,10.633234510589686,10.637104687480328,10.686398746315279,10.75164655596743,10.745442463163437,10.771661793523831,10.68577376351857,10.768216253623413
tid_708,24,11.322214011212631,11.517597533839432,11.350268522874151,11.233287428337768,11.409813935032364,11.46133321813448,11.440318977939254,11.315020689710073,11.350590376706393,11.53381689261393,11.376812318820939,11.334054002001078,11.39284548918508,11.382287036182067
tid_710,24,10.81542281310078,10.991832310048371,10.866323033605303,10.810846819286645,10.852571086107968,10.866469042227727,10.836537328568799,10.798915469530444,10.789890706729734,11.051358195092265,11.036300724232499,11.077698742694428,10.812812929594772,10.992206035309628
tid_711,24,10.819038010475133,10.980321062606642,10.771595453958765,10.82772223035403,10.76627753836452,10.77519376843808,10.845090397623048,10.836866612392088,10.862953228534163,10.994275904622608,10.973202288914475,10.989560112750272,10.826415539352165,10.927175631874311
tid_712,24,10.92753253280254,11.088052741538382,10.613569774223242,10.623642577699535,10.612852474507086,10.622265549674,10.621701760244145,10.609936605546604,10.63966289872872,10.83952866826263,10.808193028568471,10.796915104753403,10.600472958442898,10.743681503630556
tid_713,24,10.8192761583661,10.982587371808185,10.730503939037815,10.688704682646685,10.685861986323813,10.69105582168302,10.717104329035351,10.68994589999957,10.67702658974896,11.034966735456129,10.98383999728077,10.88777928179669,10.668954272679128,10.835109227462366
tid_714,24,11.029234996811509,11.18010515195126,10.88883967379255,10.852314990657135,10.855761291156478,10.864648190632007,10.859633002337945,10.86126468817454,10.861853320940089,11.113795686856045,11.077657691349025,11.090590540989556,10.942490481821117,11.045212156379227
tid_715,24,10.80781298487052,10.94210210618654,10.640336750097013,10.573806241517742,10.624848562299539,10.624692736113323,10.618118300988456,10.611457064980318,10.676250500015772,10.83705090822712,10.823391840110594,10.833886363923336,10.690388886186195,10.823743908835795
tid_716,24,11.751008858992993,11.945686623051072,11.45905076001841,11.728604530178535,11.452287492900034,11.457303836500088,11.515559879250521,11.680931822607656,11.57173156587952,11.657763274953377,11.739838407816796,11.561228054872284,11.488610686813939,11.740334182747826
tid_717,24,10.784615247741709,10.98837103087986,10.725383814564685,10.749852072555546,10.706176859597559,10.717848368156233,10.75182441518928,10.707551863326954,10.762246892252348,10.905338333388285,10.924403098623314,10.895235899787377,10.77363362701608,10.846038223500999
tid_718,24,11.813064130914132,12.000493311277417,11.641549710551963,11.637941430813186,11.637943385091758,11.665170258952239,11.664208885252519,11.624407334089488,11.776871996513837,11.716574047471568,11.726611383116708,11.817637793076335,11.775286936594448,11.753538671690016
tid_719,24,10.797076538728582,10.938863582865377,10.61412016152428,10.576500324998827,10.604787410741098,10.586831928542754,10.592966587784854,10.658636007839384,10.647107981910626,11.009749368936045,10.951120662793905,10.894248682613068,10.676752563000058,10.84788826630954
tid_720,24,11.709520502574492,11.93533421540828,11.691084893956551,11.739925132103405,11.679851411662987,11.650775547956286,11.663071265046698,11.767170499652945,11.715152096210007,11.82731185878438,11.834609609327135,11.835549767117973,11.681997748108996,11.840384611318436
tid_721,24,10.838069966882449,10.983779714460873,10.64400386880721,10.548304438276597,10.626852556085966,10.631632434043475,10.541887254567843,10.606568865316603,10.640927174893479,10.889289340229835,10.802028783903287,10.816681474071967,10.626477451830866,10.758307735692135
tid_722,24,11.00851919300642,11.140526109354898,10.989272620944186,10.931002064017393,10.970174426152742,10.92078229396645,10.90606291949684,10.949226873258748,11.119295625851422,11.065942265802692,11.0617497695627,11.15519405349011,11.121381425945613,10.993202121968563
tid_723,24,10.863351052082614,11.052327067543125,10.800867991027191,10.755330117710985,10.792459055997652,10.79279558038051,10.80141898045801,10.771204408022319,10.739044208280266,10.976751697595027,10.997481524622662,10.932350830403049,10.755826911800677,10.950730770242696
tid_725,24,10.792682486481825,10.969430288926231,11.001646752366387,10.92208051738416,10.985659080423552,10.966243154204454,11.001144760594725,10.930270323904104,10.93317791163707,11.046758688906202,11.034736690479502,11.006756370866398,10.952487420187554,11.082904941404054
tid_726,24,11.6252393498271,11.799952322815791,11.577377759318539,11.68785245976055,11.5686982912608,11.606920453231249,11.575759660232716,11.62116209920325,11.637138538152708,11.773206059755172,11.763545385867388,11.757742461527911,11.592335641044874,11.698559737011486
tid_775,25,11.491453585247095,11.657748491468997,11.565339989410226,11.529672443580505,11.557483860158436,11.48114300434703,11.615068974005938,11.437018297790589,11.544488795022179,11.520017666741706,11.518392402598291,11.51148438289101,11.5802651010008,11.483141010702173
tid_776,25,11.2751427825392,11.462948146411792,11.085234869727607,11.117764732772162,11.082794671742093,11.03282917871227,11.214819156651142,11.103893667035505,11.080692476172183,11.051371159277526,11.03635932578193,11.073394055124805,11.116396840585223,11.04659999788874
tid_777,25,11.223461806436015,11.402695334181107,11.259068680330383,11.183546056221312,11.248274507972214,11.239630804870604,11.218188930739249,11.13048233175496,11.20528620793931,11.161750072841153,11.189841313109719,11.183570260792402,11.240211156586412,11.111778995895232
tid_778,25,11.559708855009946,11.714079407286173,11.419076215807449,11.314321968704704,11.486532928089705,11.362700367834817,11.44565608039569,11.18481130474024,11.274898036049539,11.230468171713246,11.24939196707943,11.242410531006767,11.329932139178762,11.168725323464587
tid_779,25,11.03086059045836,11.209374139353768,11.145863908395462,11.087777403810072,11.141612847081399,11.159315324282018,11.213075659060005,11.050464581822082,11.086488901460548,11.103157969667855,11.06522182447866,11.075105284067297,11.164218573765522,11.055270628146022
tid_780,25,11.159688888778629,11.309291605894051,10.982284827353409,10.964277365562104,10.98247259154441,11.010151211559634,11.021398282491829,10.967884948076954,11.020485014233447,11.036477357150755,11.015941466012253,11.024730129857433,11.08878318376953,11.003744601217168
tid_781,25,11.123418840189611,11.347184880923674,10.862276567714476,10.989215924619222,10.876461730187227,10.882898059633039,10.944018279898144,10.972744180597365,10.977925449043232,10.9651270021738,10.990880121502931,11.001092998149435,10.954956068289503,10.94191137362983
tid_782,25,11.399194458743017,11.56716361899909,11.355645805643388,11.30920735408551,11.348014716649024,11.350347088041609,11.394320471841288,11.289465658712256,11.353835159811304,11.334746580130775,11.343471716129919,11.340044229896852,11.367933609301627,11.259478340079196
tid_783,25,11.16168430269251,11.383178900837562,10.977915701851982,11.060948889006607,10.993755100831464,10.987765568499963,11.134395493870427,11.095669501712086,10.990816126995867,10.971218455029582,11.095920520043792,11.0460198737676,10.944853562423624,11.012644227756542
tid_784,25,10.95767239651954,11.130770062457678,10.994450115475601,11.080920489676679,10.996598029657273,11.014205031839372,11.182237658625668,11.109483594952945,11.011414504877207,11.021322902713797,11.00477838380782,11.012748989672135,11.008213757480386,11.024693212259141
tid_785,25,11.124105061990138,11.295777653232207,11.243870430239973,11.241188183125397,11.231336703432191,11.236072634784481,11.291643817824697,11.256322520558584,11.279026662707762,11.239614525318395,11.207592878377783,11.232121462937895,11.344666891202872,11.210499233850719
tid_787,25,11.091077894129448,11.244406599742904,10.79732287048621,10.868020770302419,10.916598432789135,10.970940906448376,10.990569091553523,10.915722180410862,10.931153766663023,10.810543707243015,10.87848849091416,10.948631860500551,10.933507980121211,10.872356118359331
tid_788,25,10.83426090316968,11.04073544731834,10.689260153602799,10.81619040038594,10.767015423087583,10.797732524201884,10.823860602442466,10.816690794544035,10.886792629807356,10.757562922972163,10.878380918643764,10.942661116130576,10.778258245429777,10.817888248287106
tid_789,25,11.002922835784608,11.196502295864546,11.050630759249396,11.000426655484207,10.98332099187362,10.972865023960228,10.956659301956535,11.05156774182062,11.011435296945878,10.937215784271219,10.987917408385341,11.0394413249323,11.059847009483978,10.954958158994748
tid_790,25,10.872182861094869,11.082037928020588,11.11482946566851,11.113345937256167,11.161742188707604,11.218414351880941,11.05220904327442,11.002494469079982,10.979798861294345,10.910290407977005,10.989162431841931,11.03342233408482,11.012660981552832,10.894446442486164
tid_791,25,11.123373075322114,11.33696125734094,11.029710356723786,11.119377892591885,11.14672265548469,11.121148624254669,11.248510776038021,11.004500395255553,11.037939848052243,10.911906058803622,10.950313583044816,11.026024317741987,11.053140793021983,10.89038507513311
tid_792,25,11.333772482937054,11.461276317800902,11.103890351105326,11.27061551782353,11.142613237518123,11.232007019125291,11.267198365112367,11.308592017491039,11.113439876546632,11.014246025374526,11.127677489174689,11.15883616173448,11.085262788046293,11.069872811204833
tid_793,25,11.10178980965573,11.250928033211393,10.817008549532934,10.821052197260165,10.884793619820622,10.875317431818411,10.9327136505335,10.847084967213572,10.8680896246344,10.86645547497224,10.894823473988406,10.909734888983083,10.914658792387996,10.890039600397342
tid_794,25,11.194634345629682,11.371168333528438,11.122258919132753,11.149989819227997,11.123653666688512,11.083580374641937,11.240763425347879,11.107220644796795,11.122284130424582,11.030795323347894,11.01646991111908,11.111680635556299,11.188418107286124,11.066165243605102
tid_795,25,11.047748568286565,11.127336510866854,10.76380484469859,10.85678134862175,10.823700830734793,10.826697343753366,10.891896790548826,10.88865651273892,10.869208904309952,10.849256086484953,10.916159666398615,10.952024200787752,10.843610186995635,10.932870098099787
tid_796,25,11.033378845896705,11.30702858118982,11.066280279767792,11.115247737304635,11.19269701868906,11.192232750808842,11.097034994782376,11.014083584774264,10.900324980409078,10.988822831282711,11.11247164635959,11.008047950609809,10.924141760685782,10.92235115974041
tid_797,25,10.922237395060392,11.146149678852067,10.979116910910935,11.039245785709111,11.07538569868228,11.107877676735377,11.068238013019299,11.058911243283388,11.000864419700257,10.96787468710536,10.979375263184766,11.014178814362182,11.004931618664619,10.963873553236404
tid_798,25,10.94495260377242,11.1714473196693,10.904161353498447,10.973316705604976,10.884678656238437,10.870793737221776,11.037113013056219,11.044431074724766,11.020959277439625,10.810330839909891,11.036933724010234,11.095384471221953,11.007630396541604,11.001107034391111
tid_799,25,11.222232196748946,11.504521248266352,11.018467094881835,11.208887456520523,10.981687613499806,11.18011291405609,11.242038869974671,11.235333933142794,11.123648874719061,11.009297477578423,11.164157651928607,11.119673456227446,11.034793778610716,11.18911088418512
tid_800,25,11.024976171205209,11.215158039216826,10.87387304024906,11.03891416274015,11.023143570086663,11.078833632839025,11.007836397966852,10.923557489638094,10.99439648369659,10.898265922484908,10.951514238644304,10.992020105517415,11.019545279063642,10.905871047225203
tid_801,25,11.140781490127564,11.263176097057467,11.170420736083152,11.304003357681601,11.279760946788903,11.36842360785581,11.412637742316528,11.257562295232026,11.305095814660092,11.180592790592014,11.199133395296043,11.296216455124348,11.297811752184733,11.106379574975836
tid_802,25,10.96814311559271,11.20351162562848,10.948071675663405,10.849910599585165,10.910821568063852,10.93069015160396,11.031597659528046,10.946454633022835,10.840615119970163,10.83232354103036,10.90364467953177,10.908109890483608,10.802557179780976,10.90697325836299
tid_803,25,11.144164926410069,11.306175550667453,10.981089215405841,11.087401531045948,10.962199696900692,11.165956881347485,11.23862294606468,11.14288734366015,11.083929947681035,10.981806084335094,10.986482117023774,11.043364048655965,11.04781345362126,11.02648653998864
tid_804,25,10.914042462800364,11.128139070870422,10.858104532602816,10.912450265668477,10.830490289262292,10.842611836424009,10.975455277627024,10.901080342717869,10.991966651617519,10.899985508930417,10.89687418601605,10.966018138472448,10.967527648094126,10.875273125615868
tid_805,25,11.005616982139674,11.22896977425926,10.96085904828707,11.03739673087726,10.952554704814332,11.115735912342467,11.050886627244358,11.044382144459105,10.971079231921303,10.978503702990078,10.993227016655496,11.026647645998558,11.024467130299094,10.950786033576907
tid_806,25,10.879338810866244,11.075488149700275,10.916547019517534,10.914402834002962,10.886677749878789,10.914481105288594,10.879116108998083,10.97018067634735,10.96021235949423,10.89036848452588,10.986118759763038,10.964486751888927,10.912377210123152,10.910436962920032
tid_807,25,11.475580751029518,11.655418457240016,10.8946063608648,11.09104814908897,11.03066132063232,11.09082215385201,11.056745687856942,11.056627443031676,11.009124304117668,10.877213312778885,11.079011260560605,11.095337418190361,11.00111289766866,11.002842285814912
tid_808,25,10.880818819722707,11.113410121854734,10.917455939652491,11.000049830715037,10.870909443090548,10.870952765558853,10.95775196016248,10.993095625298361,10.938883691438724,10.832291437884358,10.903347818803342,10.927154772617591,10.91573622837653,10.890587940319856
tid_2876,26,10.888511122091376,11.061256719745638,11.048558762389808,11.037608810254001,11.06768834139998,10.987285859107839,11.02753280104599,10.974776175634801,11.032474505604412,10.89766148482504,10.940542990388368,10.970788994997267,11.028973166445846,10.94346163152424
tid_2881,26,10.734418633478908,10.91495027284844,10.758968110878742,10.694152792353178,10.768377740896069,10.68296526523886,10.710318212218949,10.734719325381585,10.748276304864326,10.678224299039812,10.678743393953098,10.692039203242608,10.803688933810621,10.700525225477252
tid_809,26,11.005736553675147,11.209441870115889,11.133893988606454,11.097194274940511,11.134499538339885,11.16711337943049,11.082719678683898,11.03135781015726,11.169144923357907,10.982890686729302,10.972448099671158,11.071584102816217,11.175508579057958,10.963030651043352
tid_810,26,10.69418104725102,,10.720996967694887,10.642307343629215,10.747254347756241,10.72476329375637,10.647450051041703,10.641198593003503,10.649127605598524,10.548506069283581,10.59271826976633,10.629349023577884,10.735929944646696,10.58690080798719
tid_812,26,10.8781962380302,11.067099193642752,11.048558762389808,11.032899387761628,11.06768834139998,10.987285859107839,11.032727452329894,11.018537168154337,11.040575492234908,10.89766148482504,10.92501039245163,10.97971316788976,11.035343996272513,10.942401765267412
tid_813,26,10.82172239340515,10.993255848133671,10.89615832058659,10.88567219181156,10.882337829506525,10.815112552190659,10.878113327847263,10.886764109605902,10.90561568187849,10.761372625746594,10.793083401877134,10.807609213426286,10.903386411317339,10.82784906828457
tid_814,26,10.949851705135512,,10.766625233354684,10.699070750941237,10.774488512146306,10.772132904267822,10.769681749551497,10.732936937800387,10.775073372129155,10.677105226920474,10.690157502170868,10.737040563951465,10.804927344085563,10.733835361089191
tid_815,26,10.636602763092394,,10.72052063936545,10.648901799451039,10.752648341657068,10.736821096628951,10.67813520769271,10.683524988506463,10.64042983028128,10.572399176763408,10.6424999440589,10.647113979537362,10.703648906543716,10.620724737066206
tid_817,26,10.76650197251094,,10.635353150419117,10.718145137791305,10.657108068163668,10.671785860709164,10.671287902619364,10.727064449130918,10.607740322809533,10.528207155932355,10.713384227150062,10.681355850941895,10.665756089303644,10.742564622629223
tid_818,26,10.882970900223487,11.058475448731258,10.920287919896275,10.848194912502795,10.913195118854413,10.90924131550315,10.827343236301857,10.852098500079116,10.799186485273406,10.73121066322245,10.764214047850352,10.700894020339792,10.872532103562882,10.759730559768823
tid_819,26,10.880788714146211,,10.881791583148383,10.86556238219779,10.928509988899421,10.818692578293266,10.826394907938537,10.877724573137897,10.880563640609125,10.720017770802256,10.78853498932327,10.80954227276234,10.889983088842426,10.788258391527679
tid_820,26,10.973528884216202,11.215219992329114,10.954056528952423,10.895936261566286,10.947690825931671,10.951098865530922,10.907328149788201,10.891983013535528,10.919786094775489,10.797871424856226,10.835072434071296,10.861203802063226,10.93533785312153,10.850644060288998
tid_821,26,10.738184207318596,,10.685653850682813,10.621917948239613,10.70334347351264,10.701586745373648,10.642417085503242,10.64701839358477,10.624416381189208,10.56195830159561,10.602887019528975,10.62006448386355,10.72872465701576,10.60599762350138
tid_822,26,10.724544101718104,,10.737209505462387,10.707207504675496,10.756093717509902,10.754225081801778,10.74332050655128,10.716491006751205,10.729132030459086,10.66272998708766,10.65560101592062,10.697794983059383,10.760521207825128,10.68179981051143
tid_823,26,10.61581461750854,,10.679098699482102,10.604375853383221,10.70203094447667,10.749809494701488,10.627405400364239,10.630008727569003,10.614114246264434,10.552652803319376,10.59837744489229,10.64858551671397,10.684819138835872,10.58591411220337
tid_824,26,10.927972381681151,11.07069574502106,11.032242947917586,11.054071598598034,11.045421832538509,11.003746652913522,11.025055989736002,10.977400805393724,11.002930819388672,10.89766148482504,10.928292239617202,10.942467121488711,11.004590260361015,10.917725877601674
tid_825,26,10.660857579413593,,10.713674636684974,10.631256379816305,10.740900889310147,10.717062851873779,10.645606404475494,10.631961040841798,10.59672164047972,10.549665121976878,10.602337124911081,10.593806177981534,10.677643650586035,10.602348377345594
tid_826,26,10.554217717205276,10.69776431094608,10.653560392591364,10.58062467632988,10.687838462632282,10.654952552654613,10.66515875888542,10.622610569258853,10.627854088348984,10.546581988830983,10.578690798756403,10.642320308505221,10.68953293849639,10.555980194030793
tid_827,26,10.57036262375721,10.761314077216683,10.716023875053573,10.618673051285805,10.697978641813929,10.71266369498802,10.685401625104742,10.689598711728577,10.658304307073905,10.55437962787836,10.593006247485837,10.631649449561841,10.741598281098335,10.590860873891284
tid_828,26,10.558140755806305,10.657993203227011,10.691012939722828,10.620176679129429,10.674307736248043,10.675933047493485,10.645251095046676,10.631805752064578,10.633777355090569,10.57803625570688,10.596970085567882,10.639522657502821,10.625796737074038,10.571148309505354
tid_829,26,10.549173560426096,10.688602971192438,10.665219879891513,10.58755593329413,10.637382889963066,10.645104051617706,10.613034059522938,10.619151715998958,10.620780947492529,10.54829515329063,10.572975122050487,10.607131745858798,10.677628347130328,10.52919585212362
tid_830,26,10.721955951790743,10.91088874865083,10.823314576267153,10.753107887889326,10.829092162481565,10.82991553648914,10.790636496922025,10.792230167378126,10.806168256213125,10.72022777455781,10.708868294459599,10.765660724320327,10.841179193884388,10.75625202783673
tid_831,26,10.646274536220083,10.823533225785775,10.694043497017226,10.625717448385608,10.658451898110563,10.681962321037547,10.644818128847271,10.634893386823702,10.709493000315286,10.55342532945053,10.623628493405445,10.672302608069698,10.739177179449165,10.568316728238285
tid_832,26,10.746848387284365,10.89516957561489,10.67563296443617,10.652419886136698,10.67287636476732,10.667765539269359,10.687476921823716,10.675774257491646,10.777193988814354,10.541941437721333,10.632146306125813,10.731296047364838,10.829228635874854,10.625704585101719
tid_833,26,10.816091496552287,10.981354469664318,10.706505152441881,10.6761865859727,10.712228937979198,10.719267722200403,10.65711967645467,10.697809501744983,10.727939484611234,10.646151693181698,10.723833793174126,10.754921469206018,10.768111862083172,10.686382151314584
tid_834,26,10.577607355216394,10.75203677250339,10.64566243518824,10.515470731712332,10.543801984873785,10.489890231316604,10.588263649946441,10.453776559997568,10.579463312781481,10.52314471572217,10.512679470831719,10.567253880682575,10.640526681556395,10.47981272445268
tid_835,26,10.58072636332657,10.752255046768008,10.660633302739637,10.567846483813112,10.692752305487414,10.661737663745809,10.597991408487635,10.625658697418947,10.594143209385814,10.556412675122955,10.562001275896696,10.62293019760641,10.685434407302802,10.553469896610011
tid_836,26,10.617755119217568,10.729757292159544,10.660960913179204,10.559378669648849,10.644392343361034,10.641395375564057,10.625540830276153,10.610601951663039,10.62207262424345,10.55044945887697,10.542182983549155,10.602095940286638,10.705054964801262,10.54611885242301
tid_838,26,10.534799222199275,10.73182755727851,10.645719781357405,10.596419639171836,10.624474334514167,10.636498100180573,10.599887942440567,10.595996427620747,10.593768694285528,10.474019185560229,10.591418445972035,10.602819826929206,10.618731843495906,10.568783803379455
tid_839,26,10.73015550066415,10.869722068618447,10.728572274738516,10.633195668857867,10.71539307997582,10.723888771325717,10.654731237474595,10.668470790976581,10.677496847441246,10.564052275914058,10.627375324791531,10.674910443944912,10.78632414039488,10.589016433050338
tid_840,26,10.538573853332698,10.681793561844025,10.669996349117582,10.569957279930614,10.682806581930675,10.647597444341237,10.595318584050771,10.59295475606668,10.614344656191244,10.55260823045485,10.535231973353957,10.580236693767816,10.706103967340661,10.51221301323118
tid_841,26,10.823762337520584,10.988164865520991,10.911590057980858,10.892498431790905,10.930902971531664,10.923408207536998,10.893273842682074,10.88881470522998,10.91572708523514,10.815905320252101,10.836186246480498,10.857010596010458,10.919847822416004,10.85274948830182
tid_842,27,11.410623600200337,11.57210433631056,11.575728810176347,11.594797612285522,11.5718887329454,11.687335669548577,11.633706326391343,11.577854825253388,11.574979894331305,11.561840188782906,11.610202549330413,11.623510904121398,11.555305132548748,11.64271467887559
tid_843,27,11.29593047246785,11.492447209488718,11.255370061268932,11.450380290676906,11.352660466774445,11.262127770312636,11.470784865071153,11.433785538218471,11.404765598471561,11.315159309170914,11.42541956775445,11.474308383880397,11.34230655295616,11.432297767889782
tid_844,27,11.28536718305748,11.442160667406224,11.045641302179336,11.357428940863084,11.188692916642108,11.187249792782136,11.275215220807443,11.354346320568162,11.294150412417116,11.207909372289262,11.454335763145712,11.423543581842349,11.244940593650636,11.424561410258882
tid_846,27,10.991263000850948,11.176872140593028,11.185256796852899,11.226150708654648,11.12550457031394,11.270242856944238,11.208194082877894,11.203898441758511,11.241277167172107,11.237775664120528,11.20682172205271,11.211075216101118,11.230000823323177,11.280187784250993
tid_847,27,11.514938437580732,11.657856632545624,11.541863617732933,11.596810261656776,11.568169103944486,11.527628736288637,11.595641334416529,11.532913728372595,11.565147948189878,11.46084912558492,11.649017663553037,11.59906079048316,11.519459368568466,11.615223250155776
tid_848,27,11.58081586228914,11.784332565626142,11.466537296338165,11.563985606072595,11.487631011219472,11.478206982399406,11.521301716105164,11.525946797090086,11.527004852945787,11.405781269822421,11.525006705136777,11.513445663035796,11.503111964661827,11.562159208725982
tid_849,27,10.824033219322173,11.008765906870094,10.943815369760589,11.212070459557903,10.937524561398929,10.890440299007857,11.032457883348131,11.24194494431429,11.095701835486132,11.064429996021682,11.183924624627148,11.098915455948715,10.97854588748314,11.162961913682704
tid_851,27,10.847613271639004,11.04946677083348,10.86190712304425,11.087574584732783,11.06791215275306,11.057290314910405,11.083451060979133,11.095721291321139,11.01658680055707,10.992532892020467,11.11157533356417,11.08153788893628,10.953860563391101,11.103381897426097
tid_852,27,11.13857232125462,11.4933154391252,10.829523748555324,11.102685558450677,11.001789881366633,11.001200374242885,11.009878684616472,11.076041840596515,11.081391737592446,11.005733858183925,11.09589046939463,11.068712106890036,11.013808339467563,11.054318991043301
tid_853,27,11.44904272875871,11.620980447290188,11.41406662409753,11.577631224761884,11.453672467661947,11.45389933174607,11.52378067526409,11.493696642975372,11.516715701396107,11.423821287404321,11.561491966949546,11.536818786048249,11.481683225871624,11.531045174572492
tid_854,27,11.58753002808796,11.760896644150082,11.596928057344838,11.69464332456335,11.644220745590427,11.615079378307417,11.606774970987052,11.785108023787863,11.694618186044673,11.616037663503286,11.650054200509116,11.696037486147224,11.706505443574272,11.736378665501388
tid_855,27,11.79236768286983,11.975393271091557,11.397967506349085,11.362507064172926,11.486167964333598,11.515896153057868,11.432071208528098,11.367147377893616,11.343451102626258,11.60148301933922,11.41254807866562,11.359527618066373,11.368610796017116,11.420979510938283
tid_856,27,11.391135160928073,11.458435487684554,11.369413380137075,11.516831420625612,11.445314519443441,11.423226678220333,11.502466279286498,11.519221493260936,11.381952950137853,11.376718820821067,11.55307459882957,11.472157562437573,11.195904111748128,11.522907942947372
tid_857,27,11.268825095537798,11.440982532042153,10.989921205539035,11.22489099409944,11.148882979047793,11.200651681279906,11.24169186611748,11.255590171255305,11.314904025365044,11.073428503035718,11.274354086240102,11.324902824385756,11.156569935185368,11.346160553108351
tid_859,27,11.163070072087155,11.331512695104312,10.959467669827928,11.11168365329098,11.112022333725069,11.11098832551678,11.072566412631385,11.017201776075131,11.014691664824442,11.16652904153417,11.161366908013145,11.170954830572093,10.980589816529317,11.184139721364598
tid_860,27,11.124018019066856,11.31519499835134,11.243234940655803,11.296667921777452,11.313820247287708,11.282136809137421,11.365792036237885,11.235021054356785,11.27681324086183,11.290155919602539,11.309389095264383,11.373518691828604,11.320551359859703,11.285446308679274
tid_870,28,10.994541347626358,11.363938098933184,10.956849351300049,11.079413964888708,11.15427874597385,11.169512533762806,11.14717650048766,11.030148289644234,11.158125437385888,11.033164249969454,11.037310885276275,11.163699143815137,11.179010104864316,10.993251260725026
tid_871,28,10.862552292511776,11.100831434021403,11.230243220965578,11.229403338493318,11.352650343994906,11.237809368359157,11.312341782169952,11.270049580571992,11.219793890235596,11.137561838715552,11.168221827719194,11.18830620019974,11.302924738930436,11.205581333173525
tid_872,28,11.084487489661528,11.2541754611867,11.528933811600579,11.248382371333358,11.38384507693678,11.490463085812609,11.410214091511328,11.203246384201005,11.277869800013242,11.39271857345855,11.277149126462184,11.258004740125054,11.442918824495377,11.281493555777557
tid_873,28,11.163255925783949,11.464832307834948,11.005644166401087,11.195428063660628,11.001874864436958,10.996358383053806,11.180660444342017,11.144973304597173,10.994178858465853,11.036774913146724,11.13317007379171,11.081085225311096,10.964528240442727,11.086717029340631
tid_874,28,11.013768167405118,11.183363894594072,10.874324120844063,10.972420744706087,11.088493869124282,11.07055470799679,11.067898562008397,11.035834031258114,10.922258241318803,10.939622855513157,11.021166398352232,10.987994193718201,10.906110896851438,10.988825630820376
tid_875,28,11.55514839771811,11.750628116366858,11.478300629367698,11.61122782247716,11.509454397962527,11.507944427100561,11.574884437039731,11.5752662137029,11.561673138516744,11.518719502243897,11.5624201176851,11.633561625558354,11.438262694366552,11.581779666105426
tid_876,28,10.916456618773276,11.060000757099075,11.030275323050791,11.16067236495623,11.22863251001546,11.201491148649668,11.203120614329361,11.181103623831671,11.081164549026104,11.082097765339007,11.075079690189376,11.07354398716502,11.077953145824074,11.108786413311266
tid_877,28,10.961038234645978,11.13221833316984,10.869990709486226,11.115671383099798,11.079002298467895,11.066122804356999,11.09763011533533,11.104225741657467,11.078775437852412,10.999742346278408,11.010921709499103,11.092542557845093,11.109903903182389,10.996997406385594
tid_878,28,11.56621217119155,11.68876271065219,11.123672264618886,11.314104443145443,11.203006739792258,11.234248749706577,11.325016588477185,11.224804824656497,11.075557737394746,11.181642017085338,11.218771833222672,11.16349188704579,10.983742850407383,11.220399611135916
tid_879,28,10.882629132228049,11.09520000496355,10.912601200148071,11.097570891446537,11.118786186802462,11.118406047330378,11.078910067226559,11.089018286415842,11.01592759544319,11.090315811422744,11.050528174337444,11.08665658309112,11.051757490068796,11.088580153546737
tid_880,28,11.02182239993554,11.166090520480132,10.79667454815615,10.950390082947704,11.043441215889377,10.979361601248835,11.053667598826452,10.97241770786813,10.962778759704774,10.966391977665495,10.96432052666162,11.009436726675352,11.023149686572216,10.929328865753423
tid_881,28,11.065046470954789,11.22427225444982,11.105196477683213,11.087565257080051,11.076172586824672,11.08955225318909,11.087270837889866,11.118701242394419,11.083990783547328,11.12153726848871,11.08940773588832,11.069858848755,11.10187154014449,11.053369513011972
tid_882,28,10.868105484285426,11.018035524375728,10.8130500543212,10.92170786166609,11.005357955081095,10.97584687454459,11.008069395953235,10.982696657039817,10.876781919757901,10.925865469950491,10.949177576063892,11.003155001087759,10.905633461999706,10.999044340186177
tid_883,28,12.13417860543466,12.33495870277196,11.179474073737076,11.349218712369536,11.1573308148118,11.199684564444853,11.347036630712546,11.273488017447368,11.282481561580221,11.331072682246468,11.339259645657398,11.329367746932167,11.214455370143828,11.262478962505886
tid_884,28,11.587447422848603,11.76803656564938,11.351096590421765,11.495582498642717,11.444578436224162,11.435771372560831,11.499485185329753,11.451681927385522,11.572343934873254,11.55781100563908,11.537816572788655,11.549729031930863,11.484705363242885,11.526109661678296
tid_885,28,10.904067960931142,11.066902389983444,10.952030910560296,10.945716903796658,10.902911629007551,10.899383708839453,10.942016039742905,10.969007778744174,11.0502827811198,11.020342690653875,11.010636046476893,11.03328687315007,11.060164325900066,10.990736960031512
tid_886,28,11.452775168143909,11.584377842723788,11.038715744177946,11.251601362122253,11.241987130344747,11.203564957550183,11.222296642097392,11.199104241082631,11.150397701403751,11.172388635594677,11.199216673050103,11.171380954144432,11.101407849693473,11.290047313827639
tid_888,28,11.720426507682417,11.864956743765664,11.473076140688168,11.625534922263704,11.512626967631832,11.50402826068893,11.554337320253099,11.515884511579038,11.605863322563058,11.508297483229805,11.581145845016058,11.613982913947579,11.569511964414389,11.531321712724337
tid_889,28,11.637971836400824,11.72610433332828,11.297544981332331,11.349995674463917,11.393932342949011,11.400400679164585,11.401657163167128,11.430092557026558,11.423189111001049,11.40948803585997,11.393317081832661,11.40816847513909,11.331367512730917,11.396189286655439
tid_897,29,11.035431452717098,11.182257948316582,11.002578132718597,10.971689798974795,10.997327861670373,10.97952835239894,11.021385518123074,10.969305586831098,10.971501643651882,11.05178810104773,10.990073944789332,11.004487490975214,11.03441063001231,11.004698371158613
tid_898,29,10.94047617884628,11.086539024048143,10.741674263763125,10.844577318269284,10.731035232176799,10.734970785485393,10.868820311246614,10.881071671696612,10.85788051102744,10.798494103072256,10.815016792147711,10.800571932182901,10.832581804106592,10.827847778431538
tid_899,29,10.959966222992694,11.0621595976319,10.864135902184591,10.737448188453513,10.86589816646246,10.79667226801812,10.800363950527567,10.808907701939539,10.731633279837773,10.94629841819621,10.856750736247271,10.789523376679576,10.762751945900744,10.824690168673342
tid_900,29,10.931382268989951,11.080431855707008,10.828275450603407,10.804203057036162,10.784068795239655,10.789461246628587,10.813123313415291,10.89285020482561,10.836208215509998,10.91753254436588,10.860330232601028,10.883164040294114,10.837130814313726,10.894858515081461
tid_901,29,10.879747632758416,10.99807341267611,10.901858527320568,10.785350279713464,10.84832589279725,10.839635866187013,10.897887130692167,10.885465785655677,10.794996464446829,10.913545738423654,10.858961151844802,10.834101400799588,10.818071458682896,10.894258797215695
tid_902,29,11.04366396028193,11.208462036582077,10.984647116191624,10.995032734686815,10.939211499996933,10.957210902882407,10.995978240741428,11.01096767491322,10.890909246267512,11.014947485139588,10.996684320049805,10.934710487512891,10.896929355759488,10.973065241284978
tid_903,29,11.340470275108531,11.45312450385217,10.83122011104536,10.907189927256477,10.797079454798753,10.794543681571527,10.834077349568872,10.942289030945497,10.802958318284956,10.900380422479786,10.896010227027148,10.887302363254744,10.758876111950757,10.941427516110526
tid_904,29,10.962429960523655,11.102673417729022,10.77245623978757,10.807706423453723,10.78048493546591,10.781973352841224,10.838331397086636,10.824425469912354,10.804538701068804,10.826925136652873,10.809928089597761,10.817613003115754,10.79544307501674,10.812943390112041
tid_905,29,11.286539161614174,11.38048148090266,11.212548783389758,11.053842619651412,11.08272078761294,11.068906502164046,11.014657038510967,11.000343897617462,11.00677880278483,11.125402393988072,11.068673831635587,11.009050498481532,11.026423669395387,11.00706838890727
tid_907,29,11.494449836821094,11.575679582506222,10.837823656181502,10.904021823974535,11.028000941454271,10.963638535203867,10.972875191082368,10.894553531532136,11.028688176238273,10.85947011460633,10.83068486844503,10.911579268415188,10.956607210166462,10.845767618706107
tid_908,29,11.132992129454294,11.29994880521664,11.061384710209616,11.193280942748556,10.93387160864161,10.924886941005402,10.991232962599996,11.20438946747763,11.09993319798363,10.995626300030333,11.077681227330181,11.049796299283706,11.069358232704316,11.154366417676119
tid_909,29,11.041099376053248,11.200480644135286,11.167490609057461,11.112375948896924,11.018022694829636,11.026588010826226,11.050809931671463,11.166147089865232,11.149584194501863,11.068911935522022,11.096003611438467,11.121626452936066,11.079804426184353,11.146079005194773
tid_911,29,11.019746551409131,11.15940411465242,10.983529683137954,10.965200187704658,10.968260360465168,10.945236184530536,10.934262099819337,11.008727243719337,10.935880472602465,11.03453510215274,10.990612351376601,10.956213331636556,10.952109793925034,11.008249071632145
tid_912,29,11.245113991360718,11.369981916650303,11.447406886005963,11.30067680960935,11.480854119479824,11.416381686868945,11.468338156349516,11.36146118163167,11.266910124938416,11.270933425118185,11.240461393530387,11.240916796844077,11.363629965272361,11.300931707946264
tid_913,29,11.226521242387092,11.22838113132993,10.890689228607844,10.80633341408687,10.851623573389997,10.858069203302053,10.857140594840823,10.8566044209896,10.892933569469822,10.951278965640311,10.910147153044633,10.909960060709134,10.922258312360988,10.909701991756128
tid_914,29,11.013710509106302,11.17060978866161,10.72936549909637,10.7210956670977,10.726694880989786,10.726707535104689,10.774004664882382,10.720011833229549,10.747708449954622,10.789778687886786,10.777916173262708,10.783395545794463,10.741141635501505,10.768850453089971
tid_915,29,10.893591784639977,11.0120006658815,10.885097447738731,10.829640246870836,10.83681226228149,10.831616847750613,10.773097260127685,10.837248862492023,10.884406637009146,10.913601601867212,10.845736911564257,10.874694020202908,10.945328857949194,10.864336207958647
tid_918,30,10.95032748471634,11.10034812479378,10.959342789902436,10.938852029294331,10.980089838887173,10.963207170751222,10.935397827579976,10.947744704088317,10.901997142749796,10.896654228888927,10.893400813326853,10.88838783191436,10.901938589109346,10.880655254438809
tid_920,30,10.749169107405034,10.91258533399649,10.813172458348689,10.812724126677024,10.828141090476416,10.81566626215845,10.825310785014619,10.813307081883114,10.814687455142263,10.69823256507776,10.763084499209976,10.779715689140872,10.784248012341525,10.768538488495219
tid_922,30,11.118572388916643,11.153990826987764,10.662867361556136,10.59982060772602,10.641497710855983,10.661162673571951,10.650261559495238,10.568779892960062,10.649335913006215,10.590847300116803,10.591340320187012,10.599165181701732,10.651236714540394,10.567059196678485
tid_923,30,10.448027410434964,10.607638963847142,10.680574767900316,10.601673655524099,10.647560546877626,10.642535666000597,10.62522431088643,10.613244530523025,10.621131148183022,10.5621535257064,10.617611993880498,10.626911762765364,10.630477404877219,10.593117465508527
tid_924,30,10.437454342118649,10.59063175119991,10.64688705724358,10.608542086753857,10.608213904389748,10.609556060870545,10.642736498795166,10.563404345027537,10.604021402341697,10.534129310435619,10.579117400191192,10.581234945128022,10.61615639929926,10.52160600033686
tid_925,30,11.519999385691644,11.605041457877784,10.627213211652546,10.61283158543083,10.608712793900253,10.600967801030764,10.589027591068941,10.582496416253672,10.608420988469362,10.518404755204926,10.60321930077944,10.605063402633283,10.60456405916546,10.561294010534755
tid_926,30,10.680638048735457,10.81582046255594,10.678953812658564,10.62197966919553,10.650581203946835,10.67102951530796,10.638848810242381,10.601341648833378,10.582940857162807,10.57134997828574,10.605623228648973,10.60254805076729,10.596456569902266,10.549499674604236
tid_927,30,11.122178018784007,11.265754298655729,10.887773869476431,10.803960539030955,10.880703177754873,10.878684864467326,10.895832095100149,10.773080801665566,10.82782775060817,10.753813456966489,10.716774081591328,10.755129683809667,10.853044283631823,10.769690110133334
tid_928,30,10.702099993268002,10.83114345548898,10.885209281419542,10.807267251220958,10.852208218266544,10.895417448377659,10.871730977793067,10.8110304897242,10.785443903735242,10.779415574551344,10.70878744236127,10.735935098986479,10.90008340378604,10.76649272615804
tid_929,30,10.61863103096797,10.856443812780682,10.663480338018376,10.606595595970024,10.708621752409147,10.64084040625993,10.6237922124706,10.587956596098357,10.653523166584293,10.578678439275532,10.62313680964938,10.640839936835894,10.639799606289161,10.567243325307139
tid_930,30,10.79683918351926,10.84014545820245,10.642240966941177,10.60309664277657,10.621862091918551,10.637742107373287,10.615365684836393,10.587523390378289,10.622148160295975,10.520702175029259,10.56490652063388,10.593432171194264,10.649904408857982,10.537066828376952
tid_1001,33,11.13403558646034,11.27226946190472,11.057733416270148,11.039504048640232,11.035750589558441,11.072346913441262,11.056181165946123,11.027580327696219,11.014055603067472,11.068024833874654,11.056485021958506,11.02571295555467,11.085240719443899,11.030894894278628
tid_1002,33,10.680518515924708,10.872642044970023,10.68282972483024,10.63914831007824,10.681700564629915,10.68766699803669,10.678503447423756,10.638568267705406,10.685065782995654,10.682966315897252,10.665665555075636,10.692397132207436,10.680526386711252,10.659800162600778
tid_1003,33,10.999685261785515,11.13535515405558,10.896875799511582,10.91224780322324,10.890181880051555,10.882191497593952,10.914893530400965,10.91932993255968,10.873678967883363,10.827753078963404,10.865457775205783,10.875149509377612,10.832599573952553,10.878686495199132
tid_1004,33,10.73152613798452,10.893612219019149,10.8106371562059,10.821037705302903,10.811175356611734,10.802913097211007,10.859480923416294,10.798836653876807,10.848741174501537,10.76219630946385,10.771027708409207,10.775076954922907,10.87338820613323,10.763303684266406
tid_1005,33,10.84035904025845,11.0611907384466,10.968658210324357,10.879452911510775,10.967037226071593,10.946690519229477,10.91019258700772,10.887503948885637,10.927778692246674,10.800257401175275,10.824557194795565,10.85341809011841,10.954463633247478,10.817352883458721
tid_1006,33,10.80130469355379,10.980574831458645,10.847474281024706,10.839914306659997,10.85756734885522,10.862296212028543,10.863421404669948,10.865753324287,10.792729960428938,10.795215667531032,10.803231536774854,10.796612832034231,10.807013900329625,10.789551634125347
tid_986,33,11.023344239107011,11.2104478090307,11.085472971897197,11.059453592085596,11.108932588156101,11.096375841687022,11.047091039910041,11.056230002765338,11.078725718748354,11.081023879911085,11.055799139677692,11.075645720615048,11.133604188070438,11.020810587577564
tid_987,33,10.84146345233987,11.0423328623137,10.883093044463577,10.858263553225482,10.896367970579448,10.88668547456449,10.90278689006949,10.808571019619377,10.885349062845387,10.879965805710532,10.887269994858487,10.903590253329934,10.855330650645483,10.874259294902528
tid_988,33,11.00887682548326,11.197651547880172,11.048879183774789,11.064424605137683,11.045644295967001,11.041578487976265,11.053953775918187,11.051429547318405,11.066370876999057,10.967185323578102,10.975177109931993,11.000352197758081,11.048703472015927,10.987671406153227
tid_989,33,10.89304919203751,11.110758412293398,10.952904033850555,10.94980442346177,10.961056418153058,10.955163285738687,10.907157950474506,10.96426202708566,10.923548317984405,10.96088162151935,10.938190628369846,10.95653333502206,10.927976071344027,10.941378445543927
tid_991,33,10.874272151496394,11.056660624863085,11.059187600105188,11.050767869479897,11.038662229374294,11.07109992047379,11.039900863798291,11.02725713641644,10.999914591799316,11.019972245952864,11.025602453149324,10.979965879601085,11.001040221216245,10.990337526593672
tid_992,33,10.603317354559936,10.812449494314428,10.861021625162085,10.856488234084765,10.858425615968796,10.859220914755381,10.862821643105818,10.8401859759791,10.80310384946383,10.773634788185161,10.77420332308192,10.766162869936032,10.828946286196802,10.792246833204121
tid_993,33,10.83041748684782,11.044006047754154,10.907953719543157,10.892024369604226,10.87183118358616,10.871845889152572,10.829561440416823,10.875725093231381,10.808700024015996,10.77372112706069,10.757500146011145,10.754259093814577,10.775926195701897,10.77959744208466
tid_994,33,10.782020340887668,10.942788523293247,10.727307006858263,10.718208272502297,10.731338406092428,10.731295075645951,10.765301725093689,10.721209133643923,10.716808338587409,10.71970278646229,10.717562780887995,10.707035775671557,10.755881385152861,10.686921255824522
tid_995,33,10.885599732245357,11.089041771338046,10.893366068282795,10.851289248764054,10.877918931434865,10.872590749924608,10.922773328458288,10.887664069883336,10.848038102351243,10.769434598601938,10.781658440318182,10.816086893079632,10.848563679482309,10.794176473983187
tid_996,33,11.059733327364643,11.261376009072496,11.207019521015441,11.007867697992262,11.171794736121857,11.198255393533268,11.083184033209946,10.96672640679314,11.038134412493273,11.039970742758006,11.038256821492206,10.996154817222688,11.145176835249673,10.99628661060232
tid_998,33,10.892216148423762,11.083372561332974,11.035187728048667,11.012079893144529,11.007028303750845,10.990577976913197,11.037207159312103,11.031199331038804,11.016063446057807,10.908203590371176,10.98704883553156,10.970654859864297,10.940084775414302,10.924219420572467
tid_999,33,10.618117321016872,10.8229552325621,10.747193672576376,10.725133284672667,10.725752064676742,10.736256652171068,10.783298046343283,10.72670076349862,10.774359125928337,10.750776858730399,10.735891068462585,10.740667689374432,10.743239685233455,10.74773788627005
tid_1007,34,10.9908484476693,11.141715396053671,11.07632899445903,11.043052965543485,11.07922226190896,11.062077036170347,11.036533874212838,11.020499593766482,10.992414255632015,10.993058656076983,10.992173936288939,10.97344385607457,10.991322235283226,10.957868560252043
tid_1008,34,10.962929260127655,11.126904096236265,10.937374410552515,10.950484206563784,10.938242863828888,10.93435274836038,10.88925898446665,10.960871227382738,10.996449573809064,10.92870395311795,10.90196804416244,10.910903140808893,10.943216888462882,10.929486301700047
tid_1009,34,10.657271119549186,10.827934928360555,10.899115466650473,10.879235755083704,10.916698669272991,10.925465350682416,10.863839740020028,10.86920594975513,10.894803971541066,10.857022195802797,10.841834002606058,10.875541054750007,10.932174174502704,10.872849698193914
tid_1010,34,10.699694353723965,10.85143972891836,10.793545704840788,10.805397111029807,10.829736587437715,10.818974852428775,10.788908053020826,10.818368811851617,10.807289212543209,10.845173419007804,10.79495652069673,10.813927497129825,10.844086904379067,10.84783619355531
tid_1011,34,10.615976469884814,10.773656855995617,10.751665867078675,10.743736692373854,10.76266044319371,10.756554247095625,10.717822404252399,10.731840406512468,10.72960375293242,10.763381467924376,10.702855721569776,10.687660749025186,10.751614773650564,10.734848528436894
tid_1012,34,10.689895086167608,10.868682727763886,10.765394389498345,10.76205255591192,10.762269143375317,10.763080065762614,10.745680759822422,10.776343397758563,10.726083702152941,10.788999237557011,10.741901585027245,10.730201031714705,10.716891361822864,10.773863715782058
tid_1013,34,10.767349608879323,10.938867133787374,10.621271095181427,10.650862653783877,10.631679856649555,10.63081601470663,10.622516111740593,10.61809314070499,10.65172050455381,10.608438938585323,10.584150728643401,10.59776207906226,10.639437618407365,10.60783159834957
tid_1014,34,10.600302996782498,10.763028022559096,10.662313225393854,10.671589874997249,10.650316595511466,10.665591070310855,10.675911274508115,10.646607230034366,10.63179379034766,10.654618684633531,10.649626763117682,10.643425027685913,10.619469105699078,10.697030095665559
tid_1015,34,10.889138288495817,11.073142166680476,10.696663435828794,10.726426090518242,10.725989580098377,10.706975666929713,10.73647291472535,10.747706359162674,10.802156062628098,10.72844011624525,10.730574362833243,10.788069570079939,10.840342763200953,10.809790898392443
tid_1016,34,10.565069243804146,10.75385854316057,10.703205058399945,10.66167755004211,10.690823010197347,10.69105809833426,10.680937953567812,10.65124827404252,10.640253415019862,10.630884976810664,10.64871843697422,10.609940674088477,10.64431443099733,10.641126689582789
tid_1017,34,10.945838084071015,10.99954157162136,10.6938083748635,10.707932533952249,10.673656457900043,10.688808203188053,10.692230344409682,10.715080401356554,10.720609789376772,10.73012903420697,10.71644481362862,10.742229144591679,10.699694654201942,10.747182732876784
tid_1018,34,10.698697065722932,10.88440055204102,10.747531866487272,10.677341577984455,10.757337729943693,10.74949213618382,10.694849350979686,10.677055144911629,10.706506795114942,10.677548886657636,10.63367376367493,10.686390815464131,10.740633948544263,10.651768428993464
tid_1019,34,10.77248959246706,10.852934491719184,10.7921586172189,10.741125810872823,10.813824183145401,10.808562477054718,10.778286025063991,10.741262517429144,10.714914044355023,10.708425354443253,10.709451555334804,10.703340749378643,10.772516242368543,10.75365173794149
tid_1020,34,10.75402943111616,10.924458969035353,10.734033266114693,10.746373307607547,10.745336586540127,10.728331610110397,10.735127722547075,10.727660896332914,10.682063918161852,10.745863237638773,10.74433553674986,10.693130984940876,10.685728899280837,10.797296007680908
tid_1021,34,10.66619810848139,10.820430071950629,10.871347385218932,10.803584339754213,10.831360836298412,10.84609139772622,10.814703790530299,10.767798697290146,10.803110078416546,10.747199688919256,10.755570341480436,10.737223210356342,10.79733882400051,10.772546301949186
tid_1023,34,10.548617645026294,10.70374995835016,10.621271095181427,10.644655023392033,10.631679856649555,10.63081601470663,10.636305507480737,10.608187268680231,10.601824049679148,10.609940538963123,10.576324955569635,10.617895113078276,10.631104861348657,10.606464713364758
tid_1024,34,10.722467504739912,10.795778581702402,10.645371777346126,10.647689672983596,10.642078405246085,10.643135540627519,10.64049048456869,10.621350722380685,10.628172349408262,10.617991951517057,10.612444177877983,10.602247885444594,10.653100213706061,10.624797578589826
tid_1025,34,11.152738647329809,11.425510733917012,10.800029942510095,10.74921675437932,10.832036166540044,10.831616392029522,10.781499884485806,10.742376636571574,10.740831174805077,10.778491257201166,10.739573919773449,10.753077324664046,10.796427675218165,10.764763274597462
tid_1026,34,10.767351716531891,10.95674153148004,10.770361143127026,10.736030098072684,10.758729937713355,10.771574351485473,10.744480763751366,10.715027694633049,10.691596921078837,10.691098608002799,10.689254762909817,10.696328605243183,10.688470731687053,10.709513514411082
tid_1027,34,10.565064083446018,10.741390706253885,10.622294380214594,10.56549606326935,10.612960013917665,10.620493785396228,10.611166806873646,10.61083885145721,10.598606578116254,10.625055515759083,10.616195924759444,10.608865333016437,10.645753263637623,10.613033618967938
tid_1028,34,10.48969241148704,10.648849977357202,10.664724509205037,10.618292857652323,10.639243711130112,10.66910744013813,10.65677365003342,10.637567437315177,10.567130544117836,10.699995298829755,10.665905670655178,10.570331395620181,10.618429045531066,10.69099829123976
tid_1029,34,10.59587194224509,10.745033186257968,10.636712861223335,10.626533464796914,10.641155208118313,10.641393053963434,10.631569023808666,10.576674218298157,10.607617839581103,10.585399150447813,10.556939841763755,10.56369351663283,10.62874078537991,10.559621276954363
tid_1030,34,10.608548481717111,10.79114833065539,10.693975736542713,10.688861505923851,10.673656457900043,10.688808203188053,10.688103529472956,10.724369626802718,10.635441482695224,10.689280825901722,10.6599154719065,10.651326224272077,10.65550390968535,10.710326725259167
tid_1031,34,10.654745609865827,10.791208013410692,10.72989421877876,10.69463940754956,10.762800842282312,10.760570802179597,10.774215265924031,10.72420707464864,10.686033843602209,10.73344523178139,10.688441451990592,10.652857779958554,10.706882751519979,10.699079892367735
tid_1032,34,10.68709909998175,10.791685347263344,10.71066995472541,10.693265389977874,10.723588585800837,10.73114393105978,10.734344499787065,10.678019152810792,10.688216586665428,10.680548138777503,10.650764348665463,10.667313731401514,10.684370787444891,10.680885791963957
tid_1033,34,10.71180992684229,10.855050829178628,10.692004882647371,10.689094120092062,10.69436607493623,10.688632527182746,10.703778962225325,10.701103607820578,10.70016014638354,10.659533841539135,10.710928468165525,10.708612307472578,10.725897198283201,10.724601919882483
tid_1034,34,10.891354482899503,10.961600711224284,10.631432601680139,10.641238024434697,10.641010429295577,10.641699164452445,10.64391457714783,10.646906738343244,10.649401746218677,10.650238603948969,10.646270488370007,10.63446750661473,10.651984475077777,10.666631211908339
tid_1035,34,10.56888319676523,10.736194481118288,10.694605329912799,10.679848297625416,10.686538154881841,10.700920184936894,10.655208888119008,10.704498527100608,10.660233939264959,10.657527509889698,10.657802047322399,10.66786956743817,10.649583404281465,10.703611587955361
tid_1036,34,10.556455760959272,10.719560079933371,10.639473184799545,10.613517751926729,10.631679856649555,10.63081601470663,10.646243654831624,10.62115318129896,10.608689341894749,10.565259809779661,10.565450149278737,10.591143644519107,10.634599485168579,10.588792131944347
tid_1037,34,10.82907691780627,11.01641686179903,10.7623402844967,10.711107243844593,10.734807723628572,10.741264148308826,10.733154599331726,10.739116908185883,10.671382039996063,10.739076712724204,10.706068237850742,10.699739339797603,10.75019325296975,10.759837056340546
tid_1038,34,10.573399370700685,10.760923844896256,10.703549235902376,10.688425512877457,10.702870471096634,10.714599754496483,10.701040342367278,10.723695097173286,10.684643643931462,10.693977700135706,10.68340929237925,10.696126523599345,10.681116397921535,10.734094290673738
tid_1039,34,10.924170731641038,11.059890647634427,10.845642261363066,10.815922880256208,10.863160848401927,10.852748856211042,10.787186001249637,10.833576318734542,10.788392897966322,10.845657204651792,10.798706428001573,10.781429355744239,10.773587868663528,10.847368754499646
tid_1040,34,10.58116316321568,10.727673960354643,10.62130236151173,10.611762062838968,10.64987514643078,10.618110797507187,10.619358985329653,10.625299242467715,10.637041144727034,10.547054861453187,10.576631043668888,10.594612349312667,10.606795718007833,10.62378343461359
tid_1041,34,10.50874023900057,10.622424304782369,10.759724031902028,10.703770265725316,10.734427190006247,10.746745260643824,10.708750250590029,10.708571653203926,10.682886841367063,10.710929820179878,10.691083972878097,10.7063064121798,10.704426944573747,10.725152540601403
tid_1044,34,10.613835940415848,10.76243514762775,10.703205058399945,10.66066794003767,10.687236633350732,10.69105809833426,10.669827129603341,10.632165927537939,10.6458035575519,10.625702305882012,10.678407866716041,10.613382077857393,10.632983004192504,10.667629107670061
tid_1047,35,11.011213188220772,11.197241644105851,10.910120161132696,10.909575166113447,10.86481934467012,10.848083474624339,10.944047661069199,10.958147778237372,10.88032793542663,10.833956654301081,10.807491566719904,10.818811479347492,10.887762352588807,10.830132909469858
tid_1048,35,10.744563238137625,10.900735035757055,10.601732093918272,10.721904267617507,10.658490249718716,10.58132454128865,10.662334491001372,10.709402806927725,10.667290634651625,10.782166154033689,10.75345460120137,10.731936928883862,10.632533188998119,10.739881485986698
tid_1049,35,10.80591462647111,10.978641841166043,10.859785461631008,11.121874219452133,10.89454894244815,10.897711256619722,10.892791338882303,11.116453382303265,10.97155063158338,10.865423632635855,10.999579230356296,10.91625005482548,10.742422677203603,10.964782111689063
tid_1051,35,10.774621910022471,10.92515579992361,10.823909939600908,10.891331180163771,10.829020043199328,10.831354429824845,10.863821466422236,10.929413234472792,10.865224414978428,11.00462805941658,10.985986382010362,10.96362290555883,10.810621113531312,10.960446855452025
tid_1052,35,10.7453736528729,10.827212581416088,10.747878679873645,10.794624742175984,10.725559504848349,10.717822581366793,10.84433149548836,10.80932033816967,10.768693204015687,10.908827537244552,10.86577876648643,10.829687016125833,10.761885673035376,10.881421940063854
tid_1053,35,10.843391290044488,11.025774049217802,10.796204597769187,10.880649473225647,10.7743003349784,10.78735010693008,10.85687198468178,10.812788357471058,10.849302949722826,10.846817976109241,10.846736967666274,10.921369038464977,10.819024091996772,10.86015572501259
tid_1054,35,10.866177019963771,11.047352008003807,10.911482974198025,10.95942317014538,10.934447968952751,10.916598310552317,10.965369524538534,10.97165279785569,11.00908078088006,10.924510990059268,10.893714863163478,10.942607517946684,11.038369450564192,10.922854152964854
tid_1055,35,10.96314415959366,11.170368956649224,11.16053060549773,10.945208847618519,11.045117153464007,11.0415442979208,11.093912742959343,10.986190205905322,11.012150811817659,10.95861065815907,10.925972409543334,10.976260739753597,11.077950480404049,10.949778031685032
tid_1056,35,11.01520690051484,11.166893681129975,10.778553784540465,10.891040161168759,10.75794749643132,10.760494251281282,10.86428525400134,10.868675170034306,10.873180006692508,10.745481914372883,10.768059691819492,10.763526101880947,10.818047818904228,10.76786458124223
tid_1057,35,11.069948502777068,11.196992055172045,10.896537804799566,11.025034177618313,10.849130597747244,10.849336028436651,10.941216679331376,11.008818445022627,10.988103234051085,10.78899638250061,10.811544871167762,10.847588727401263,10.969052098116215,10.825661516921091
tid_1058,35,10.765621948058266,10.918955522950103,10.796356823841784,10.816913235349645,10.781116622775139,10.76180565780878,10.778551749500487,10.855371761150655,10.800856126282701,10.78236319792109,10.732323483610827,10.7687553579816,10.761852032145299,10.795572822264687
tid_1059,35,10.630185556607156,10.768861761140842,10.651336779955798,10.709319720579082,10.69865718489928,10.647002748523304,10.714477570928564,10.71352537823465,10.724931016062882,10.76060518117501,10.75242491713228,10.770073182260525,10.743036064028011,10.765689202601116
tid_1060,35,10.678772168371962,10.84276212080066,10.59340671549568,10.755808998509162,10.595343545954618,10.612253421702418,10.665108703704322,10.654691389863478,10.834894906335588,10.668969256518565,10.667184826144048,10.677368825706209,10.8227783959189,10.66779056692679
tid_1061,35,10.622217193556809,10.785422836635902,10.798217211974224,10.84414684879562,10.781823330759508,10.797416700092375,10.764982297963089,10.872803006118005,10.70940823957881,10.825314516195048,10.815222190728722,10.755908431766604,10.695170368812416,10.84777880480672
tid_1062,35,11.08407145656938,11.180128864912836,10.805467578004878,10.731430614036984,10.741121657956468,10.747025252509054,10.790223120187605,10.800341790133237,10.735044530964787,10.952608932695718,10.858314451826553,10.861496525553465,10.72422229594477,10.863760853476347
tid_1063,35,10.844135230915,11.007515151905508,10.82241893122676,10.894398830069612,10.841124234829543,10.822388105387676,10.86217180247921,10.912912982508104,11.02871571748236,10.852198494184615,10.873963403930688,10.950057752311185,11.036854287986296,10.89248644661606
tid_1064,35,10.85461826229299,10.981254070022608,10.748612579722304,10.779817343868196,10.735566854575742,10.751901102588977,10.770519208925744,10.830276767265872,10.808709375663193,10.759347453149678,10.68897485024743,10.753516105519106,10.765824403615271,10.806582491787294
tid_1065,35,10.741784309982195,10.891265110073252,10.750417310923762,10.79246480587189,10.734614648512084,10.726983915145,10.767683300029763,10.855367683975603,10.7358807793029,10.890786188937609,10.830439380902865,10.843624275909363,10.711957965321568,10.863683446961367
tid_1066,35,10.895633158413515,11.04835027505068,10.877797884388542,10.928537703347416,10.845758509405366,10.840487793797331,10.84812812922916,10.922637343137149,10.801186072182594,10.952101836760635,10.96542790571823,10.892167604815821,10.75783125218744,11.005625308322733
tid_1067,35,10.758592004893687,10.877862269776722,10.666243836898676,10.651156646209186,10.637257616119868,10.657258073931379,10.743875041399077,10.692727947078955,10.650794978190069,10.76860532411213,10.69386983383296,10.72392158047403,10.654285434854218,10.731213120547016
tid_1068,35,10.705841094001595,10.839735801671177,10.756857236161407,10.741930113154265,10.72695136333326,10.737366937635748,10.791653852718971,10.802945723672181,10.704174086614556,10.669863139343128,10.645665629213527,10.65277812293464,10.697840844108644,10.67398404953969
tid_1069,35,10.762822673533837,10.942167583814893,10.7800823684929,10.93173286259218,10.768657569833593,10.91527938327703,10.95462783117108,10.916452619135521,10.819059310414918,10.801569216493279,10.795052577732307,10.793667193464739,10.81236425171308,10.829996814303119
tid_1070,35,10.898949843513297,11.094176009346835,11.024217912384588,11.048068478436077,10.980830843045501,11.000174804316044,11.024716019403856,10.981270935852628,10.941390716306994,10.829743507611012,10.87550803239971,10.867237104322026,10.9214969337467,10.883913868749124
tid_1071,35,11.076229717879958,11.259836749286238,10.972529365859318,11.025060220288445,10.966813451206008,11.000252175713523,11.039896184912088,10.977506534775445,10.973468015325395,10.889503159445411,10.81620871758518,10.874696690980729,10.970388599229196,10.866397006540348
tid_1072,35,10.885614712901583,11.073461903939885,10.931992963132823,10.984669019647521,10.898496949467617,10.90945705518481,10.974395000867416,11.023989433106534,10.876737903198949,10.81978276022124,10.829625262207747,10.84255948843253,10.867868157608015,10.845350684964144
tid_1107,37,10.845508407381065,11.010390379521972,11.051114608819482,11.029176992397147,11.056052785849538,11.048694912802107,11.06856555953464,11.030230405580603,11.051014829182003,11.025317891190495,10.994441307073131,11.016173924167212,11.043574150523751,10.98997612114935
tid_1108,37,10.38947525315468,10.571039963684584,10.707440975593418,10.72535000256255,10.69515616333299,10.705054957827139,10.70739531721718,10.71475619327596,10.69602868549154,10.673264731749462,10.671022129418041,10.689850150612438,10.645370193895637,10.708880339562691
tid_1109,37,10.550297557887708,10.723525060079217,10.808119587737325,10.804431342244982,10.826861746678626,10.83253336978253,10.830092759530398,10.848218772509888,10.791447918237575,10.782021091987563,10.766893543276712,10.767804104101682,10.79295170515047,10.793243877999595
tid_1110,37,10.615809712482116,10.785360737563025,10.9063040776195,10.989496264769969,10.92118985335997,10.941966144607099,10.97734452705042,11.01300648102103,11.01968389930374,10.844927313106076,10.911680912809743,10.930385603535344,11.016159602293053,10.90638316422054
tid_1111,37,10.52337832133878,10.672604542383452,10.774276845171125,10.79587153794528,10.781768553000429,10.788772649456218,10.764114075314257,10.800016236973486,10.778033060206639,10.735010533976904,10.778023183534719,10.774955870319072,10.767284662905569,10.767211475712203
tid_1112,37,10.700005520556994,10.879642146334044,10.835435408024013,10.816721416225786,10.84362733389776,10.848077820301828,10.861087376082788,10.831502041490555,10.813080483466676,10.779461955807244,10.825253332353656,10.795782453898008,10.832635386263586,10.814538704372412
tid_1113,37,10.358805751770154,10.584724082070238,10.662060352202879,10.65422673071445,10.659275399647347,10.651655808767277,10.667077954917588,10.654468356181342,10.635597646445106,10.636962209662212,10.620949023210496,10.628463426700513,10.646103515486292,10.655983267441062
tid_1115,37,10.585394295412843,10.777674218387473,10.643772262092279,10.610074453079216,10.633206983121479,10.63971209960702,10.645084170446445,10.63500433576287,10.62472988415778,10.623889008140528,10.601590316287144,10.618749057583626,10.67236207858525,10.61404352951976
tid_1116,37,10.450591102162711,10.629152744788216,10.697400221160324,10.673008255662943,10.69924067458743,10.709574635211686,10.67685665738004,10.666531790159542,10.620088037703292,10.674179083977114,10.656123304117266,10.618822207592796,10.58289512460931,10.652251180865994
tid_1117,37,10.859637255372167,11.048455297845496,11.19404596319345,11.204686878967085,11.20974705141649,11.173353408456995,11.03469598529055,11.197313924833267,11.16173392000398,11.00723708883962,10.98335687812856,11.054814085721407,11.173046074694614,11.006882379208877
tid_1118,37,10.480449170799414,10.656656820483915,10.536739150494181,10.559920280867008,10.531631434121962,10.542862062400129,10.551042440213894,10.586399955129274,10.606239161789224,10.554486120996136,10.574843581305624,10.60938280290647,10.619027710039639,10.584249324033488
tid_1119,37,10.573752418427194,10.67662590097992,10.694581403399841,10.688132466569536,10.72635049130852,10.740588382081043,10.708034942327352,10.696895694278934,10.663778030529613,10.681182867503784,10.672340259072653,10.66551653266381,10.641253580066387,10.670321990625732
tid_1120,37,10.750741126228403,10.918442832027182,10.736965255142234,10.734588011707528,10.752439015035264,10.735883092534255,10.702053742629024,10.722992449179221,10.718737613055886,10.685561449473497,10.756486265279088,10.73916116449258,10.764706594249816,10.722631472014966
tid_1121,37,10.760622583201524,10.983401104396696,10.656996994175229,10.70449634582662,10.646087629351806,10.65563388301345,10.627191732309724,10.685654777395738,10.74690704792533,10.62716612371121,10.655026976261832,10.735399438295397,10.735582823775992,10.672202774950915
tid_1122,37,10.483740353464706,10.617258101923133,10.513390699134794,10.531604992254325,10.504021961692768,10.497308519017876,10.497373075473346,10.509261935250551,10.567593525906732,10.522510454532414,10.555653188040607,10.5694395043251,10.532465201715043,10.531477545781474
tid_1123,37,10.568986005499951,10.794624565526744,10.600771118205383,10.587598823951899,10.592330721521531,10.587030170937647,10.597035082900218,10.619106068819569,10.594137983928256,10.561180578361506,10.601960791267116,10.606822022465835,10.604176616002709,10.612878526126964
tid_1124,37,10.514806265234837,10.667542769483408,10.486391756284398,10.51521478798353,10.491766928043237,10.50285246720743,10.517433002014256,10.519946557357708,10.580713500989114,10.527567728335967,10.567669648735627,10.61852975693483,10.552253827288723,10.555465789614598
tid_1125,37,10.664263007276816,10.801003129083949,10.733533067838588,10.735915226041861,10.740602853152133,10.742235583751139,10.702502191180294,10.743013009645187,10.67623141863707,10.697317163681417,10.727463680225545,10.711593690568478,10.648687513206761,10.732349525193623
tid_1126,37,10.483348446890217,10.665551935053491,10.592815515932944,10.573981449749933,10.592310101003473,10.595224297416863,10.60200104612746,10.565646679936878,10.646919071422111,10.585893784056656,10.557890981414966,10.60870528432669,10.640319517484858,10.550579949417605
tid_1127,37,10.48348563166292,10.713439512638155,10.77066965314728,10.770916193382499,10.75977264619267,10.759718702430856,10.777150346064815,10.776608490907693,10.74041266378521,10.72253079178266,10.769121521092933,10.757177649676333,10.715038921943606,10.779988660717821
tid_1128,37,10.56792914176656,10.709139418293928,10.56477579447182,10.61313537019196,10.56731714872865,10.56851292957108,10.575011094654995,10.605242897893943,10.633962122805164,10.55527168074087,10.606108674707261,10.606602848599675,10.6303746261506,10.591266917072966
tid_1129,37,10.451857485074456,10.638191657489198,10.595111585007883,10.64599312493182,10.584867281261245,10.595173557687843,10.584823527890274,10.646379828808263,10.76822355838891,10.572857103185815,10.6204907442837,10.69454622250104,10.717681251030992,10.62540009361883
tid_1130,37,10.706206369525365,10.924293242685202,10.737017647788882,10.7683772864827,10.750464276775359,10.743387469765315,10.77287909443034,10.782623450640484,10.823346090567634,10.713997718647743,10.7566103701474,10.810844064154082,10.811673914405104,10.760759463538752
tid_1131,37,10.449065266167624,10.662300743378808,10.811079018914485,10.896557793170098,10.839772754216382,10.804918877672689,10.841783153003147,10.864666875321728,10.954202509749743,10.760656963743815,10.770689344348012,10.842426029276462,10.937715924256693,10.770101089708579
tid_1132,37,10.596627233067949,10.73851399757932,10.704073558312066,10.730938279860021,10.695209035677072,10.694989745161008,10.681006262698796,10.74471837295884,10.674003951690603,10.670550205493335,10.682107507000552,10.660970328924359,10.664828991561285,10.695917204880585
tid_1133,37,10.474916150825427,10.584435625639076,10.638103538408823,10.651563343446393,10.628983563220677,10.640512566487208,10.6366456720174,10.660312548482597,10.608065553284233,10.619257505011634,10.640596982731186,10.602743517092266,10.589595292242631,10.622443277470518
tid_1134,38,11.363093944132189,11.513810073588626,11.262576204027944,11.308362482060321,11.271963285911333,11.283596757031413,11.29921906278524,11.244308316257378,11.298676490881885,11.29825607348873,11.284181452286562,11.324317145515874,11.355318899956362,11.26169885315811
tid_1135,38,11.1285107348053,11.302205668221715,11.000172239910082,11.078750123269842,11.002923009145789,10.986431669632763,11.043699697717052,11.053917419763664,11.01466580708279,11.092704636713314,11.114684555802661,11.08418475422694,10.9991901892542,11.11209093389809
tid_1136,38,11.295199710852511,11.432029893711915,11.185138182724303,11.155315009599677,11.202138152834262,11.164060372601966,11.284628613085255,11.184877744268116,11.19510159895951,11.204466482273347,11.204645686381927,11.190521977469169,11.247555724662178,11.215989240012425
tid_1138,38,10.96612199759446,11.14050579217469,10.99662642832982,10.963101236155438,11.004604947073574,11.007013626265412,11.009380125030757,10.974311366461928,10.990068006886547,11.052159471691365,11.056238617544981,11.04237889012305,11.004672771729599,11.086348024285146
tid_1139,38,11.00941799805356,11.106052866812494,10.868843791866999,10.881038669952657,10.873657378988284,10.88462774877377,10.87122643533486,10.859848966489244,10.86525021850871,11.0018019656932,11.020800294900914,10.989266101847027,10.94157692330955,11.05372546286353
tid_1140,38,10.94931947676361,11.09364080521907,10.996305999092359,10.993402503440098,10.992270556975564,11.005810238232721,10.99676574977611,11.012946157818746,10.993451992955432,11.077709526195969,11.061997645856481,11.049979467653314,10.977005538994524,11.070738098837575
tid_1141,38,11.267463449294072,11.377536347843591,11.253868331438527,11.361353585207747,11.2618258488768,11.227088306033936,11.295003221966386,11.313347804832599,11.265723535296605,11.274000614210957,11.285884085577191,11.257122114780541,11.257804838019247,11.259642047218358
tid_1142,38,11.00311266146193,11.146540675545118,10.944058197734956,10.937580584726781,10.939929892530998,10.957789671944756,10.95616376229753,10.956436400954152,10.942987436435011,11.040703760739664,11.05107219110323,11.028120864727182,10.968807203459335,11.093420016893134
tid_1143,38,10.82582993617205,11.044670705559753,10.805846444121409,10.95102287901125,10.81994561367739,10.867902184064372,10.901725188506287,11.000803467301273,10.964938302886605,10.947753191632788,11.067041296574164,11.054427507092383,10.98713783357059,11.083216137878148
tid_1144,38,10.9342402558773,11.03875958556684,10.679526368772192,10.699259076468193,10.688864448516007,10.66249626931243,10.704744150639213,10.709612657179392,10.70451646517926,10.900493076005347,10.888417545802406,10.909113109982675,10.744882613532088,10.90466510595634
tid_1146,38,11.245431566397023,11.383168653926862,10.773961126738818,10.785765916555944,10.770654503569096,10.77422505637207,10.819924377165245,10.795433804060352,10.814373962450713,10.930776239494568,10.946754687603468,10.944034241209577,10.863485464803476,10.966567892116613
tid_1147,38,11.684835509583252,11.749349242421973,10.867835872671128,10.959738931311056,10.888441215792435,10.973640796128805,10.865822490398159,10.908266689160055,11.088391825357865,11.056991943318096,11.061110457411244,11.069841308103312,11.104012084021722,11.030280988290482
tid_1148,38,10.933522954612142,11.065459542806998,10.811529152273444,10.690988202493118,10.807925864075639,10.789010844628502,10.794392114488284,10.715375159453158,10.769443231186798,10.935245091393371,10.863943035986342,10.885166418819386,10.830838767414127,10.853715312035458
tid_1149,38,10.881249606498384,11.03286341903026,10.868870355194161,10.969108988938691,10.908440646302838,10.927147049447832,10.905333975710066,11.011635468161186,10.929711611066658,11.001500692310632,10.95797809349169,10.978095437968717,11.002628357855043,10.974399489178282
tid_1150,38,10.926341276803086,11.092846594093666,11.18988622447137,11.219688961752908,11.140258644463511,11.176447859568222,11.200701856537863,11.154801726920223,11.1734168791986,11.206484399393055,11.212362860701658,11.204234904144919,11.142045848605221,11.183856875829234
tid_1151,38,11.520118532718222,11.705413500872796,11.227867903686134,11.187060397792349,11.305384872410501,11.211947081306871,11.504405055627782,11.163625606208212,11.192061764503562,11.250597985606968,11.254882328035851,11.224623434219243,11.260125804159602,11.202640631612711
tid_1152,38,11.752296633389088,11.94052251156547,11.562428576944939,11.59295874783051,11.593744916734442,11.584084578622369,11.563901976869564,11.537259440450555,11.596180834899899,11.76039486149492,11.680617186224554,11.59943743349777,11.578587532867394,11.590440426425552
tid_1153,38,10.922166988607522,11.04458605015114,10.777741734215512,10.830629129555257,10.829798432181907,10.795859697580815,10.739059559373313,10.822946645174651,10.906737327521059,10.96849663285562,11.002914924463548,11.029516824975316,10.959362536572993,11.030309666074565
tid_1154,38,11.492631937202129,11.670985920226192,11.090273013878898,11.155317783875601,11.080868414967028,11.03832930802065,11.235998015938963,11.169458864264584,11.16004796036587,11.234522426140547,11.269856373533651,11.221200550618455,11.300875436513762,11.347185395116718
tid_1155,38,10.8782094435218,11.007796915348733,10.869930075550364,10.907369731760273,10.867489912842476,10.860768007138097,10.903959939067027,10.910329386462992,10.898098348375186,10.975714029001328,10.963058956394256,10.942009366919084,10.87472304928992,10.997131979137382
tid_1157,38,11.299092188231716,11.44011495843615,11.14081901786305,11.139237581906261,11.123444204334573,11.142537440993413,11.171716253023842,11.11556176574482,11.227529152655078,11.136735648554662,11.288284458880064,11.2508550647251,11.228831125585382,11.279361626643544
tid_1158,38,11.058503803850776,11.210780642665664,10.858754994754992,10.872735226128583,10.860565274289042,10.860372520725814,10.804997027437928,10.839048706567079,10.832709581050848,10.978873964035131,10.988992920924465,10.923790641409436,10.83460639696766,11.025532987225414
tid_1159,38,10.905519188023616,11.02751251968818,10.745185191230105,10.710194090566073,10.77369159703347,10.790559020093635,10.791491961690282,10.706329987058217,10.743204847472963,10.926259290213705,10.88569677997307,10.923096601499239,10.778700998284327,10.90448397726983
tid_1160,38,11.061427936618928,11.221010446228808,10.911303646928381,10.828814132111386,10.893380185327379,10.880207482154997,10.863631615381497,10.820012967844711,10.86040194262657,10.976941184247654,10.985308994288905,10.932745677734239,10.889647401388661,11.024687168010836
tid_1161,38,11.202637800584618,11.366672350447868,10.932941466792897,10.972235350491593,10.91656953336396,10.910908383965866,10.90300301073221,10.920934050398257,10.968143987188293,11.069369326942892,11.072356981788808,11.030702003834994,11.064601534503998,11.039951270622065
tid_1163,38,11.097023582714538,11.330592708113551,10.784982355910973,10.788237099617296,10.777302816509394,10.778639189295271,10.799486048636972,10.78588570695328,10.833935482578855,10.89504473063019,10.903438356343722,10.892669811496704,10.847336431619626,10.951799074511012
tid_1164,38,11.51661166258805,11.634568596417031,10.674235215021978,10.742657691297167,10.677952429173828,10.687521656465163,10.749247483771747,10.742693787871733,10.74256405254603,10.856147851129215,10.866072465516195,10.79721694907971,10.693191294698813,10.842426434133694
tid_1165,38,11.622367141350848,11.807517111241998,11.455714815556798,11.635492761646226,11.502229160352265,11.442276469977285,11.603495959829036,11.602439696591983,11.616566883145838,11.415335399007574,11.495545919729652,11.479103490624873,11.433017660593949,11.50341822453017
tid_1166,38,10.859717969810296,10.979625848987896,10.743110696047935,10.759534723868718,10.746780536306131,10.748984297184775,10.7320455879051,10.723899958165834,10.670066936013372,10.906181352492005,10.893806117803706,10.839989880083792,10.672916120148113,10.931090629731994
tid_1167,38,10.926458129370335,11.056146009621324,10.808949833517499,10.799159848144225,10.795279767622702,10.793128389385618,10.82210691323171,10.816105631799523,10.83064638500659,10.905023859493221,10.88861337726612,10.858017205040909,10.78745449144497,10.927219096892385
tid_1168,38,10.929206515683912,11.06532187114743,10.77859303674492,10.77286088561722,10.75427184836,10.750732075433373,10.783657768354022,10.773510044298522,10.802285259081385,10.944866793196116,10.9469711060365,10.888006311586821,10.812730750697018,10.925386564861014
tid_1169,38,11.224241557515972,11.39056346182507,11.027989172820183,11.050758514846779,11.01374641578361,10.983827436269454,11.063581843872486,11.03738825179001,11.033306427562486,11.114742466421665,11.107733432024933,11.107377504837677,11.127835808096494,11.134918811344246
tid_1170,38,10.892746178350317,11.034818693766963,10.935085539093715,10.969204484365457,10.908936229086832,10.876868270844485,10.890134467447549,10.92591258904809,11.002290874881572,10.970468417846666,10.960965330523663,11.07202885587669,11.014999576805694,10.987057780909323
tid_1171,38,10.912831373446055,11.066433653890464,10.700551311888042,10.68109145870016,10.721525626504594,10.729729381416636,10.715169941014096,10.606796289365462,10.73672525339852,10.854478503274793,10.786462590934015,10.791952971821443,10.739813259165757,10.76366139707362
tid_1172,38,10.842836391191824,11.013122204485974,10.752199410280774,10.786635920041268,10.779555151243333,10.785947370361948,10.802549751422902,10.774951004043617,10.850036362493142,10.850978265091985,10.844123163276292,10.855069466037236,10.771919716029393,10.772857355521987
tid_1173,38,10.904003617314144,11.035055779261588,10.775395619083964,10.708957266395286,10.81240990376781,10.777040669110276,10.814158362041514,10.792418795363563,10.671835242319881,10.938115379376432,10.888238940550037,10.831664498099705,10.695791522996908,10.854665300510689
tid_1174,38,10.889543124519436,11.031915891907955,10.689677905302332,10.787518439628467,10.689408599501121,10.689691551174281,10.777160739552873,10.780166916597054,10.763927731744028,10.837697481175223,10.86969779787707,10.853911517124246,10.715157198535806,10.877800441609846
tid_1175,38,10.849251646108684,10.988122613273378,10.816413743736753,10.873351338865653,10.819357787075164,10.823763874033745,10.801058846318915,10.86740563435391,10.875798742661184,10.905023859493221,10.902054909900656,10.914171079262326,10.854546518451789,10.896243947814124
tid_1176,39,11.124335172886903,11.29347010391303,11.186982295844327,11.236483892402862,11.161249855253578,11.231051787181595,11.248115157806748,11.1598049001577,11.258499025759098,11.057370343451487,11.05267178634668,11.084394817591717,11.273311393886505,11.054631272867187
tid_1178,39,10.745834606451838,10.935210113701576,10.664348609165836,10.771330447972316,10.715344142646966,10.755231199662136,10.735855635392879,10.711055741558324,10.773211831510537,10.464982082226966,10.521630940162396,10.575924135358553,10.718966785672654,10.558052694599185
tid_1179,39,10.982176006562744,11.183480677881963,11.130936037490544,11.240776031680127,11.140502327305393,11.095096129047393,11.153632924159847,11.184218230893888,11.184458434946496,10.87046159944842,10.915994485431344,10.994799333328904,11.155712622148307,10.901159068161604
tid_1180,39,11.367705454403712,11.56771474128548,10.77666678860083,10.86471204727947,10.761776386955352,10.767451178239217,10.870779675880842,10.89496357803075,10.838728853733016,10.640533863395971,10.696099794917705,10.701344439682929,10.760374670229474,10.700714011918954
tid_1181,39,10.777615808512849,11.021554368705027,10.827793401306973,10.858714139397591,10.826913563387315,10.859941297789444,10.899316937503775,10.892431481560196,10.904029234572063,10.695667272360255,10.693543688359952,10.751236953627025,10.88056902057649,10.702825371335193
tid_1185,39,10.814818002527696,10.936908662687722,10.684725429890907,10.780762265802185,10.748856087435959,10.71493885623176,10.831876091370418,10.777232791555303,10.903178304259063,10.556179042150157,10.611992395602455,10.726409831436035,10.849104754164076,10.668094413705221
tid_1186,39,11.075463369661833,11.254953639602322,11.17942506885579,11.236924265125785,11.129211818642224,11.197577026493159,11.225892969142986,11.126490704647658,11.239278414422895,11.038032896857459,11.045847606857645,11.065317237287182,11.201014290360792,11.055530608296758
tid_1187,39,10.677474815089884,10.889658761858488,10.785842397816396,10.802537027515363,10.779349468193207,10.806404274259043,10.81519457643084,10.838663417707856,10.876653671192557,10.648200764057062,10.619032705380903,10.70021322113767,10.840789500959799,10.662573888127806
tid_1188,39,11.100635117818795,11.21592813996036,11.386900636988427,11.257407226738616,11.213320436476769,11.326522777380635,11.389507055447194,11.224651251820118,11.321340640345571,11.057184282657406,11.063661832420143,11.103738802957707,11.30687025149634,11.048323894048847
tid_1189,39,10.928736719785448,11.04098716545628,10.65646784270661,10.735456381464099,10.652178150184707,10.66113308087323,10.68403745730515,10.686800214199238,10.686835884194224,10.507386106450396,10.553713093874693,10.541493387998043,10.628366398925001,10.552742164275454
tid_1190,39,10.912541587311662,11.100542986929437,11.252409980084236,11.22138088090753,11.190695344925784,11.224237102367407,11.33460815921627,11.189401169043784,11.233601697341085,10.984735597446495,10.993927635475067,11.013556824347674,11.222578942791248,10.973856846337114
tid_1191,39,10.850674056586758,11.016104647821468,10.740340881257108,10.819665026555024,10.721313268902955,10.730944680178906,10.766301698150068,10.841683919579436,10.801672297489775,10.561520149723135,10.592399436840628,10.60654811026492,10.756978830970082,10.63484841857543
tid_1192,39,10.839172985378577,11.02911658018762,10.675332185630882,10.77775629569329,10.696306553286592,10.687672038673036,10.679719396347922,10.767782423099353,10.684088905277054,10.504427049269047,10.562428727674924,10.55282595269625,10.653451069758352,10.596730261100811
tid_1193,39,10.81869369645735,10.950803038038602,10.669996634452879,10.747039881092553,10.671028464474515,10.656085851911898,10.70255453743914,10.704826585096779,10.709370539660888,10.497884346925712,10.556515753680337,10.578511967441734,10.657241058070907,10.594497801973386
tid_1194,39,10.7435903043854,11.007783657672537,10.675007121421173,10.739080367535056,10.679142914836332,10.686846538129547,10.70238317286742,10.661923339244726,10.696399704460969,10.522783388825406,10.55468155310773,10.58628908357955,10.652832820405324,10.586455984830119
tid_1195,39,10.980309138996104,11.188089661684616,10.646589626504579,10.655988170330328,10.663445879925046,10.645767569496655,10.651209141120477,10.68357519099649,10.607030580201975,10.506658216991047,10.547600148330003,10.559508300926879,10.612725352433014,10.567515986578375
tid_1196,39,10.64860080112068,10.753674806032334,10.66513506365968,10.757203584383577,10.664525987553036,10.676047923019054,10.675354592067139,10.731432163764627,10.684374284205546,10.51702653727226,10.526591891495086,10.59930269499461,10.697437516267057,10.594574487527414
tid_1197,39,10.808957955218286,11.044087556008508,10.797642543641002,10.882569335469556,10.801246796359283,10.82544565295637,10.92500079120961,10.904233310060832,10.891359512213086,10.68335932502006,10.690707887082729,10.783824885485432,10.905140663393771,10.705658237296658
tid_1198,40,11.09238529698808,11.282535723317046,11.178449816642958,11.129470252134764,11.157514498013663,11.178795200998515,11.141552987132787,11.116949122802906,11.198457853601814,11.146277080368018,11.131339144391363,11.12204589363303,11.235485143049106,11.097491666830246
tid_1200,40,10.951073177934118,11.131848044918897,10.833773753236365,10.79675190502191,10.809246099381545,10.825919555218347,10.787260161644454,10.781936817317199,10.803473579046624,10.79101410433469,10.779346433540306,10.814567281283583,10.784002519465421,10.794833578784578
tid_1201,40,10.853004141188908,10.99555010510239,10.744113959272292,10.673990318544808,10.699121261707743,10.743254711937995,10.738356143989641,10.67588778525727,10.916130598513604,10.717037161055107,10.754909251943422,10.850131102662104,10.952700006390154,10.726675108855863
tid_1203,40,10.947289844144311,11.140247437745812,10.856296661618222,10.829144768275855,10.840014669146875,10.843455429605225,10.826006164824632,10.814221238816621,10.826625695235712,10.816506350635569,10.85057348139229,10.821832148085582,10.828842360055445,10.812044945973753
tid_1204,40,10.501450045417284,10.652265731030033,10.773290936241768,10.708581616932953,10.76308481268893,10.787835935462509,10.711875963385104,10.742202996923965,10.712674418205566,10.666616160593652,10.68145100259265,10.692168399221162,10.67410153583809,10.69963701741612
tid_1205,40,10.53971776069503,10.694312562350502,10.706894039079051,10.723298143232649,10.687685877143089,10.69355643776636,10.721768435919609,10.726537247566158,10.72777084402094,10.704490505609552,10.73093788099455,10.756203773517294,10.806840832882385,10.74421350323604
tid_1206,40,11.120270949698764,11.333009013590118,10.872171568780557,10.788419939683076,10.871698870666057,10.853078092605076,10.843760334997295,10.804021303096572,10.829563122991004,10.837288717270342,10.849217254264655,10.880316450406633,10.884037042946822,10.840599499209072
tid_1207,40,10.762640576238324,10.943746596190673,10.879796838045202,10.819730291726188,10.879137054104918,10.869505045877856,10.842571194096257,10.827971574892791,10.766617654820804,10.770534238483043,10.792243513360912,10.781076628767071,10.78496708303255,10.811731977546108
tid_1208,40,10.666582814891033,11.132976045266732,10.724988063415575,10.780680947528921,10.704047896981203,10.694192240856994,10.732126316102704,10.693480375933989,10.794928377765572,10.645698230549115,10.672756241819053,10.715503019390548,10.716002698868559,10.661908048166723
tid_1209,40,10.763036489654905,10.94592094747779,10.87268971843205,10.829835885997337,10.879781140764592,10.870780299963995,10.820354978326021,10.845579255707847,10.800411914260721,10.767652236722117,10.798415475870085,10.822977466014757,10.834442893462233,10.817309524259466
tid_1210,40,10.699207115520265,10.940070170268426,10.830332581092465,10.704669596459443,10.7684087651273,10.771280470240294,10.789726451964977,10.675050765633276,10.760693809661115,10.737098376852426,10.712371500408562,10.755996842041691,10.85300485192597,10.689147402244
tid_1211,40,10.810378242120589,11.026047460909156,10.879796838045202,10.82455022042769,10.879137054104918,10.875385539290107,10.842571194096257,10.824685241597816,10.83416645229312,10.770534238483043,10.813889708701026,10.819326489923114,10.87795138241627,10.843918151128413
tid_1212,40,11.06350533453173,11.253224251432858,10.974705455556336,10.904075932181746,10.96170318493379,10.978001180501467,10.89780949913896,10.894186223089761,10.895789604148401,10.931280434062732,10.927925999172926,10.891707066431344,10.897511028248651,10.92073576938581
tid_1213,40,10.680458744160871,10.817208986589604,10.813695110543197,10.674191606639274,10.801216138788668,10.791425937424783,10.771088724573158,10.693332191200604,10.71412811202457,10.734549162042207,10.758971634328459,10.734730561674601,10.755851206896754,10.713289979260228
tid_1214,40,10.616939685186418,10.790627498918582,10.832163722784026,10.734561246702029,10.806316422469488,10.79096492275653,10.751253147699748,10.739707744407271,10.814765018957146,10.708860909006729,10.745744508893866,10.730467162348297,10.824687227682393,10.746888366037409
tid_1215,40,10.636667616349913,10.8137903927158,10.68134729295474,10.576732177047711,10.67164604652122,10.677488211296756,10.683927735076473,10.570645319280752,10.623721164052075,10.623477141941104,10.677717995397751,10.648800305642002,10.693390399822421,10.63374569385986
tid_1217,40,10.636086188857,10.79785982030926,10.805932155745642,10.688938897573532,10.746917379902232,10.783387987125458,10.742486300707943,10.702961968061164,10.790798141312377,10.674705834705417,10.71518135754312,10.720159253905704,10.856305290269304,10.709597896684258
tid_1218,40,10.707592305965036,10.828940185722669,10.834770459463243,10.773418243183524,10.816600982983584,10.828968636827135,10.789791984681314,10.776897754716199,10.807407757363848,10.749172422734857,10.756044393578458,10.797409243410826,10.775124128714369,10.769966080072654
tid_1219,40,10.829774158780785,11.088042035710815,11.062203662166807,10.79878209907692,11.014657111713388,10.99443814761156,10.917234096440174,10.821685416211269,10.868527513368276,10.872817670594213,10.8186330059018,10.85109288299066,10.900050025620416,10.818592963359743
tid_1220,40,10.77393537282203,10.934058302770753,10.682319365778083,10.629810605500392,10.667497630850024,10.669677023904171,10.667690111106282,10.577051627663263,10.712250530928435,10.594321550161762,10.634668998711643,10.71551507364381,10.787787452904974,10.604715525567148
tid_1221,40,10.96899796969912,11.184812987983491,10.97573109981258,10.896845129572698,10.931675322550984,10.976856099283593,10.808481478608702,10.945566336324122,10.921073481304777,10.845306104779716,10.908851342651468,10.829092450811094,10.857090885733149,10.903071451551885
tid_1222,40,10.581020970244342,10.799289821982947,10.568926645086144,10.549217622529344,10.567135209121473,10.576554936163483,10.56906713708218,10.554725817831615,10.562932909312854,10.577256588787687,10.582345646234067,10.591942779131744,10.599938879337335,10.591072357157637
tid_1223,40,10.628888928625406,10.798669043866676,10.828456545832688,10.73729611933873,10.802106030990709,10.795111268803705,10.773014069534119,10.753864815856288,10.767734334898075,10.743480483346435,10.72075656809312,10.729917726524207,10.778907232457108,10.739715236881134
tid_2646,40,11.368930375457026,11.443274162479437,11.342356771349921,11.342558683683228,11.308616154159232,11.296874795555947,11.279888806864287,11.342543904589588,11.273880695866861,11.27897033968903,11.297401443627201,11.301178574029578,11.317028730249412,11.279362103643193
tid_2647,40,11.3027660043393,11.49319203527984,11.035199162232653,10.99362367141105,11.028042184046148,11.045630064735459,11.010966889361761,10.976445178987033,10.984910441913836,11.015754832939834,11.018448291367239,11.004644829998103,10.999739353264662,10.991081962779194
tid_608,41,11.790719309640403,11.91039872314884,11.62912999765608,11.68436300103435,11.608075353706242,11.666175093986979,11.66418739335144,11.734990170484096,11.659418633851221,11.676798509500417,11.713839558656003,11.656510349522808,11.627145927185886,11.76522170007625
tid_612,41,11.561674675920136,11.681872142165153,11.692161208971909,11.684435230154063,11.722591062203968,11.729578728743382,11.703713266649178,11.685891366296742,11.608580404155038,11.762915336733606,11.682860296418161,11.624585347113339,11.639191508946325,11.717550457640678
tid_613,41,11.386109757282997,11.529734399951629,11.695277403242665,11.727489141228503,11.790988673157097,11.650081261540647,11.701314485878738,11.826543395418382,11.709987298990955,11.707385356387643,11.814669074779829,11.712385040545776,11.716518935968198,11.829363696933788
tid_614,41,12.25861433534778,11.98139103701216,11.841648570408562,11.77519277472252,11.850859350172586,11.837520142161488,11.784597602626015,11.797374297896539,11.748690640084428,11.851090319930996,11.775327956641423,11.721789190565234,11.745441469654502,11.79421693997595
tid_615,41,11.869401289085925,11.984285049492954,11.853258683047846,11.762210984637965,11.836344157954668,11.819196002404878,11.779471003361035,11.795273695043763,11.776779081860692,11.845056769511787,11.74571928212236,11.747027770680802,11.810725630441874,11.793425739855738
tid_616,41,11.519351771956682,11.59087675638741,11.766823384675286,11.75777882123243,11.766560845540972,11.792079744994815,11.71108839749728,11.760470306563514,11.719482230378157,11.875814678852342,11.840325717876741,11.697540084451699,11.684840453991253,11.81641062734544
tid_618,41,12.286724552219686,12.171554179464003,11.804258835315133,11.746462402503184,11.829570081341041,11.814633282296928,11.784597602626015,11.846148360432222,11.64349289554175,11.806877235113674,11.76122798443774,11.66278465921785,11.653805549843527,11.85779296026141
tid_619,41,11.684464094398711,11.755605725874698,11.804258835315133,11.794034924544345,11.829570081341041,11.814633282296928,11.784597602626015,11.887748531931326,11.834688789259225,11.795715110585613,11.793136984600412,11.815050474627006,11.801678640966513,11.879970954287801
tid_621,41,11.541371026429909,11.658523388310716,11.820081338631285,11.817202458653979,11.839137076310237,11.82349822105821,11.784597602626015,11.840144892350363,11.847510652581581,11.843802655144408,11.812102065354573,11.844890105243996,11.848697075387,11.821849057842336
tid_1258,43,10.9925645242209,11.174833917973366,11.047402941791844,11.112555210825652,11.04564295974107,11.025407430330272,11.078343392945339,11.071185017839333,11.047063729932752,11.081992100132904,11.088799783060004,11.0778298298096,11.070913618443873,11.126456957726633
tid_1259,43,10.713515139282796,10.855048898492202,10.78127371916795,10.84564023630365,10.773940199197424,10.785223159450096,10.771350095630538,10.810899649440493,10.766423882867114,10.816483694804715,10.832953568240056,10.779566662093158,10.739584087931435,10.81019217352198
tid_1260,43,10.934520256271483,11.105567566664366,10.942446736468174,11.009959570474212,10.936932718996676,10.941450674576743,11.007301768142009,11.001982918954058,10.994480998753959,10.95749027556608,11.002841218263878,10.995862093727201,10.975606469212101,10.953600100830172
tid_1261,43,10.61863836776998,10.76107656263599,10.704755927502,10.780177763118438,10.704127092323006,10.706963451999544,10.785857213652287,10.799078435855316,10.75811989194986,10.703460220314096,10.713656649819505,10.746551055282072,10.75821317158218,10.723164448497819
tid_1262,43,10.736048788878753,10.911976353891683,10.719161923726276,10.778883916325402,10.746979181697103,10.721527775876407,10.715523045248492,10.781547241243372,10.810281038823254,10.756967445979145,10.732792924912843,10.781716511739205,10.786838824942206,10.740854005243667
tid_1264,43,10.514437205464674,10.686959780477366,10.45275658099009,10.4827859812911,10.504266158804342,10.513312062603152,10.516275954913164,10.466529088324503,10.526696960835322,10.50671358392284,10.518804169370751,10.552907208456345,10.507963435690279,10.491189254972777
tid_1265,43,10.48367318038765,10.627658481197736,10.61944781237575,10.680830078283478,10.665420737098776,10.619667277221282,10.675241343094527,10.659653354124673,10.696985260319808,10.614722242904186,10.644243350339874,10.65173559099624,10.681368334493978,10.619070357087114
tid_1266,43,10.545312490921118,10.698383233273017,10.625770746517984,10.599327855586607,10.619800674364464,10.629274176883444,10.586292212505048,10.572290250635332,10.623080943015806,10.609577571897534,10.61885613180195,10.683213439462634,10.656801993840288,10.601869983567486
tid_1267,43,10.704131714883957,10.865720587747012,10.532037700041563,10.61634119245639,10.550860570908256,10.57993080293918,10.529804312624808,10.634541527563888,10.597892387623448,10.51557906046219,10.561669180980877,10.586977258945115,10.566443759993113,10.55524571020561
tid_1268,43,10.555575731325153,10.764259231965196,10.698086594351965,10.746712342560782,10.688049952569983,10.690167411503491,10.713809690223634,10.72951504910948,10.742714557409748,10.763644407155615,10.754445806734868,10.743737455204212,10.718294246953064,10.777719032554362
tid_1269,43,10.631644670285525,10.793530813654211,10.535345792700381,10.518336322402558,10.530092300361408,10.538121985907337,10.52088224409822,10.532617764856688,10.546341574408663,10.535977661034508,10.54642622334565,10.558093893321315,10.577585794545064,10.541543147798805
tid_1270,43,10.498721418073297,10.666011530873892,10.677948528174785,10.730097555920722,10.66767414747928,10.670162420688067,10.657800204737477,10.765944119123276,10.689742037418862,10.712159070313108,10.746196677415822,10.717623425942811,10.669527918139934,10.78235077003964
tid_1271,43,10.52887770478312,10.67447964276456,10.547241597283087,10.53397778934936,10.548661229598563,10.546970164406398,10.551800014634335,10.554096542851761,10.58066694671021,10.521736759111581,10.528303989062751,10.543584311973285,10.588632597418114,10.535368766672537
tid_1272,43,10.702414910683512,10.877745260164817,10.644781103241153,10.63098167307996,10.64076580540628,10.641277488753866,10.636947690865703,10.627981086552213,10.654376830692124,10.639961770276251,10.625370072574501,10.641159050019585,10.652035122274874,10.622371169246946
tid_1273,43,10.426341544559008,10.569851749702224,10.531165416782093,10.543305475265608,10.525946725284925,10.53789109119209,10.534383700836349,10.576171101027976,10.520858493362672,10.503975515322686,10.510644975684587,10.526519690410588,10.547265046963231,10.534149510261166
tid_1274,43,10.477724499891163,10.653582013537823,10.535873752547895,10.573050904562187,10.582057310040542,10.539711568144996,10.578954234299223,10.579984094785772,10.57701035826814,10.54769302150674,10.568899063333628,10.55515368023801,10.617342260358729,10.541982733508277
tid_1275,43,10.727037800108558,10.956790362415145,10.778676211232682,10.86154601778316,10.7573654059849,10.83120244004793,10.79877273833964,10.86185852118275,10.936085607075794,10.756179595259406,10.769567229627304,10.860352657605219,10.915655066925696,10.7756190257354
tid_1276,43,10.562684904393006,10.736418414365376,10.63013575715154,10.666547141145413,10.647256091840978,10.63386359881737,10.665906791387936,10.630698493453517,10.633059285665327,10.579400009192863,10.60487707404188,10.641107108112635,10.630724829262084,10.583825790697425
tid_1277,43,10.786672278273285,10.965681331542203,10.680336888748881,10.686683558372179,10.674102822437785,10.697498833768092,10.77557143421772,10.621269511568833,10.764186333586233,10.662597619466517,10.687957000789531,10.722080450600947,10.779716268074372,10.641849076923862
tid_1278,43,10.459037945081628,10.613720437603718,10.52321460777436,10.550410165237022,10.525664976518417,10.525549066064382,10.539684259660882,10.579882777317021,10.564888969398625,10.532955791019319,10.553022154622465,10.590202178278965,10.573259862119421,10.573497927348035
tid_1279,43,10.58942631476276,10.73035673255396,10.687615973903103,10.732952179489281,10.665915941175319,10.682736581096675,10.706318887015922,10.714132408478667,10.620491359672481,10.746995937260548,10.763329160522183,10.699677372416323,10.604149620724447,10.735349302237623
tid_1280,43,10.553909887636076,10.6945936745592,10.620818732395295,10.604260328434796,10.615245395911552,10.624272371775957,10.588470067595539,10.613255684808554,10.65097571947153,10.646369731437908,10.621616453467336,10.636765430350348,10.636034551275268,10.61114060436922
tid_1281,43,10.908122439523115,11.082502484093322,10.582057987578347,10.605199595100277,10.572266453387286,10.571809203426643,10.568079822824275,10.607343636506991,10.613508590649406,10.60024821475303,10.64957095813516,10.645566797465545,10.560172774223789,10.624408568168365
tid_1282,43,10.561331337226838,10.69806704344808,10.504581917145538,10.545476535887488,10.567990364057291,10.560630646556145,10.529605915198943,10.562227980650743,10.525044973073172,10.571850537354964,10.539537887992644,10.546043263614953,10.545087974842348,10.565483486864707
tid_1284,43,10.517385876905715,10.691260587894352,10.606443338572069,10.624800466910205,10.613386005875078,10.617923897152538,10.634348879170028,10.633874448428003,10.639618584923387,10.595024948114858,10.597690156136592,10.652583804468746,10.639965982823316,10.609682291644981
tid_1285,43,10.723780468238251,10.917496471726889,10.833747879022742,10.912504298869734,10.815887304093252,10.811564544930487,10.841624573835428,10.91983263148198,10.788353436670382,10.806426149529658,10.848530025535805,10.782413191491486,10.804581100654087,10.838441200903913
tid_1286,43,10.593349342104544,10.748368208122004,10.702819345890402,10.784000722793223,10.700544743320755,10.707804334673433,10.678716209913702,10.780200289524847,10.696993573251055,10.747946096984062,10.80181257027993,10.744521733209869,10.657890808360285,10.716839490667645
tid_1287,43,10.645393944405518,10.83390207248068,10.699399982311155,10.716739213139686,10.68481332626426,10.682969258301359,10.699857477898874,10.733589438681843,10.718050598179694,10.65456351354438,10.64764112290875,10.69223670939573,10.748501530819569,10.675072161502609
tid_1288,43,10.619051587380074,10.805289831841868,10.531433476438508,10.542822706279356,10.531885426171476,10.540425804852369,10.530029753808876,10.558497019972613,10.575871353196735,10.516784381528014,10.565365847196675,10.597473516375295,10.630878332997264,10.544127214270889
tid_1289,43,10.58579620791508,10.735598530951664,10.604461503673416,10.676324145857748,10.64389070006164,10.598460647904533,10.645808913627638,10.648763404924468,10.644821793715591,10.545398840589856,10.579636825164783,10.599035508669399,10.610033450419447,10.592209305056354
tid_1290,43,10.628491863031734,10.76416197503345,10.631392473303428,10.64718683384873,10.62211899625212,10.634375174346372,10.670611850212008,10.635158935042503,10.644493372254601,10.646142849951774,10.69076371125543,10.68981064083206,10.65645176721276,10.654670729172564
tid_1291,43,10.44077008526448,10.58554092372046,10.511781229114424,10.537250445726263,10.497153932239476,10.509794134656742,10.541975566718941,10.534143207457,10.56044060978592,10.495522094911127,10.528520354898045,10.538199427177998,10.569845395637145,10.51328045353458
tid_1292,43,10.535001321372157,10.692624227568478,10.637026797427742,10.621495330126491,10.630058282660183,10.621467752805122,10.59108631315156,10.622471800631994,10.598184952979805,10.548207079786051,10.5727744779082,10.600183756275538,10.590717050428035,10.608414475951022
tid_1293,43,10.690698682131863,10.851623790538836,10.754755587753305,10.818434700737185,10.735788093555309,10.738808666293655,10.84166310389766,10.802916801353772,10.893363661352328,10.758306512985799,10.781317324340648,10.82033294387492,10.856095910381582,10.740842725659563
tid_1294,43,10.588957841021465,10.795837988758544,10.677948528174785,10.735883568812385,10.670451853078067,10.670162420688067,10.751462963082918,10.697981726754534,10.680353693538887,10.65466743601049,10.687719558091306,10.688897822679646,10.677546036691368,10.659438131291271
tid_1295,43,10.684505948651884,10.837276297337342,10.432424349962787,10.496743929311775,10.431852197489489,10.435292045245,10.459706134679914,10.485299506139139,10.569100121529845,10.506168008463328,10.56025115457131,10.58697093833118,10.539525444440141,10.52708409982607
tid_1296,43,10.449630125829504,10.595506596989765,10.52863080963144,10.554334060423994,10.539556868098728,10.529427091062617,10.538432102658284,10.578181108550533,10.531833980555774,10.508967895182371,10.53505032447548,10.540308277808924,10.556774609346542,10.557435462963781
tid_1297,43,10.536420183438556,10.69358220816432,10.543001666193783,10.499075976181993,10.585926861760743,10.623729794556803,10.539800481553359,10.626310816863874,10.532581846752908,10.543786125228854,10.553680332171808,10.551627542947623,10.582500134289978,10.518238999035516
tid_1298,43,10.587301311914995,10.747942805110696,10.664431276246628,10.664087651025117,10.659070128685192,10.662641226159732,10.667802210824393,10.670411088649319,10.622626430091488,10.638353805504716,10.6090265304648,10.634981648579735,10.640838016690704,10.627305282426137
tid_1299,43,10.563589711045864,10.71084249618667,10.511781229114424,10.486119720113933,10.500875477947694,10.512588834359843,10.506278806586892,10.508801676694402,10.537592321964857,10.535484611742302,10.534181035116807,10.526210703733648,10.585078307232193,10.533873282398542
tid_1300,43,10.54232109257818,10.700037082797737,10.572489499632155,10.62089363062933,10.56325380426049,10.569045112498996,10.5904170209884,10.65388304106155,10.624056242708672,10.535517194693378,10.562994708524787,10.586579003936864,10.632714457327834,10.588014196459332
tid_1301,43,10.81273755655398,11.03231700273152,10.633076958224615,10.644155863251997,10.63866911073285,10.641806263762676,10.617288448468292,10.630330228615998,10.644340996895693,10.61362485939753,10.607916200590635,10.619825669640365,10.647353582090924,10.631697181854342
tid_1302,43,10.549708206275277,10.700915916484332,10.664431276246628,10.726413906612617,10.656980899740432,10.662641226159732,10.69790623800872,10.730445611912874,10.673401492484793,10.61901897570461,10.640284852444635,10.669721606667931,10.632105168237512,10.651896431996567
tid_1303,44,10.92140122402464,11.120984492081922,10.974602403491428,10.97374763976282,10.97570378652867,11.000792814679027,10.976957357881446,10.992116032607694,10.984832149590384,10.940462163407426,10.918327142906884,10.9576526339971,10.983903155472131,10.912241361319673
tid_1304,44,10.852973186467924,11.051640517319903,10.78279876832356,10.8597607994683,10.774098865434581,10.779491468810765,10.820779352657297,10.862416121948645,10.78070279291113,10.780330181132708,10.782072752532398,10.747966212338016,10.73493752455108,10.808388785164144
tid_1305,44,10.98295949455181,11.197273181131353,10.819298459043136,10.862991909261323,10.79191104631112,10.809898910509308,10.874661234960474,10.933839594000116,10.865598366308491,10.695641311065508,10.768708522373768,10.797795289332159,10.824704990595185,10.826192203306721
tid_1306,44,10.743268661369672,10.895306818516495,10.854224060111452,10.780281356007409,10.820114406485368,10.846156703113492,10.805749238280356,10.85354322597297,10.746260207887264,10.747828836522213,10.782129881318959,10.761966994790061,10.704782038848423,10.814899579760155
tid_1308,44,10.72687759944042,10.921135597936066,10.785210456281998,10.796813941981858,10.787973339978615,10.806268047412821,10.82306528269463,10.8132067372591,10.77290639458625,10.789615134680211,10.77914306031547,10.755836705541896,10.734598178206841,10.787684591163197
tid_1309,44,10.524566602127909,10.679363829194918,10.588330134457427,10.612657396857461,10.585444246278442,10.589996557720328,10.60454968542996,10.60592900726866,10.542331410320864,10.572022249786288,10.59012691964466,10.592592495182458,10.513882961294716,10.582402003982006
tid_1310,44,10.4671038989841,10.59707463632446,10.74091758738532,10.80640121303635,10.730356105785946,10.729388145717245,10.77186580093246,10.774802049886071,10.75299160669578,10.699279491263555,10.702550176694587,10.667567243642692,10.718649575124237,10.74110739453925
tid_1311,44,10.485756243606188,10.65102348161829,10.533985126277205,10.54357809132811,10.533036600112275,10.525850670613607,10.520344314110899,10.564808933490903,10.476334424013968,10.5474611898074,10.551165156033127,10.501419097508009,10.442976217497222,10.573842609030502
tid_1312,44,10.834924991673532,11.037261043631132,10.661654472817165,10.707671224274334,10.627250796846289,10.641477420426583,10.630054453701668,10.657474888427057,10.628930774343196,10.62013653962998,10.627525955391423,10.616741570055781,10.642744069731402,10.627153131257778
tid_1313,44,10.4644395901493,10.609010338413906,10.572333592622321,10.563899661227074,10.558220547168212,10.55458379993662,10.566103148135698,10.548763565918822,10.53339038780764,10.54206335586445,10.567866794256991,10.54122689073869,10.5235161676057,10.532544014494652
tid_1314,44,10.408879440261105,10.56671404038007,10.573845515237187,10.547272448352892,10.598435841322965,10.577523382480807,10.58493863232147,10.537730043104332,10.54982777287157,10.566219178993256,10.559818200857448,10.526966374481713,10.531070902294267,10.559551899656745
tid_1315,44,10.652627467796004,10.849467175277312,10.904990564089896,10.878761787236368,10.928565975990736,10.951469149210551,11.017223451826489,10.869945451531192,10.880299880420903,10.816080601826815,10.769631325178187,10.826602522533857,10.921919217468673,10.77953541167298
tid_1316,44,11.070876244819264,11.2546351905243,10.795288356801635,10.746996531619837,10.78293218309837,10.779975694250838,10.738398036765272,10.74174786847652,10.830245519606088,10.606713549728328,10.623568912414887,10.61636757379207,10.834280851077319,10.657841309317206
tid_1317,44,10.44145352245429,10.600753738334678,10.550451078500203,10.526015792201447,10.560341666427993,10.560646055275342,10.556106129504734,10.540378447697176,10.52939562730503,10.558185759939063,10.527551805741895,10.5336981664013,10.544273627698637,10.541242210119039
tid_1319,44,10.504933283983362,10.68637488359446,10.575959728482442,10.562332323309626,10.598435841322965,10.577523382480807,10.639871818200298,10.58307513537287,10.557604816435605,10.5743257882728,10.560177352626626,10.52660046792227,10.549141709916302,10.559875840139865
tid_1320,44,10.63057711727143,10.773979342072876,10.647345855318058,10.640195113772391,10.617049055603735,10.642824139551031,10.596493726806273,10.640450094863304,10.627911577442786,10.614993386424894,10.595796075284973,10.610949790979754,10.618012827683277,10.624888239604665
tid_1321,44,10.703361315260029,10.951592203020292,10.780958002153357,10.766982587310238,10.762849679140604,10.777240254092826,10.774941236197382,10.811981922764643,10.7460019305472,10.670159919801867,10.74002570369073,10.7108751831615,10.772951017279018,10.71627395077311
tid_1322,44,10.465785454671082,10.670823416278289,10.589943536338764,10.559455003396755,10.591577343123301,10.58635966499477,10.603544513109153,10.52664889883899,10.513242176466811,10.593057770923341,10.585419962995726,10.575786874140926,10.528852351562131,10.621440173966056
tid_1323,44,10.526957699051856,10.67419513161871,10.590608518748498,10.586748933127602,10.582874778155801,10.591421198696695,10.584205844507558,10.605421593400916,10.56706729944601,10.54401310324254,10.538031035762097,10.54004387294182,10.594443381077689,10.529841181124583
tid_1324,44,10.435999322779493,10.604910395147156,10.593070161020604,10.553201960975034,10.60299868136056,10.593836297901943,10.615611856328762,10.553990561221998,10.558140657669728,10.63578629548603,10.601959775051558,10.578473005670098,10.54217052330331,10.601857225575122
tid_1325,44,10.484856445301483,10.641165840345122,10.568674760512144,10.612354526547032,10.596403988690396,10.606604118045018,10.585759337154466,10.618487553963186,10.557518655450814,10.590583014684263,10.592143950261317,10.573546006196096,10.540945225190635,10.601057925342417
tid_1326,44,10.528449571038305,10.631987398064068,10.541771018362185,10.62260616118058,10.651051369580072,10.64699061617315,10.638215626733691,10.640792525001315,10.54728017522273,10.568409404663258,10.589886251892658,10.62253942430433,10.580529943086306,10.619933551463301
tid_1327,44,10.482849943789454,10.675693110321465,10.575447112694995,10.556797019065723,10.598435841322965,10.577523382480807,10.639871818200298,10.582189882804565,10.52002354469479,10.581835645949903,10.571169697073898,10.558340511969963,10.54720037973081,10.608661726144534
tid_1328,44,10.634765910613217,10.789706630682891,10.588196965119572,10.594232274842733,10.598266719170455,10.596198629506965,10.595022244760038,10.60296466307923,10.63182589450161,10.63418933905497,10.618049314422661,10.620692184684103,10.64844977562213,10.641047457615281
tid_1329,44,10.73543316796866,10.876479927279586,10.620921529041427,10.61332357720039,10.631012416383756,10.625255581508352,10.63621121253049,10.618861632510956,10.67564280010304,10.562599542776049,10.599938787226536,10.65122726414118,10.676864053714043,10.59866422621906
tid_1330,44,10.595736830101805,10.75176707379374,10.622678659646043,10.595988557827484,10.585444246278442,10.60438227245144,10.600206924158785,10.61583004499048,10.567366222271248,10.605961934333449,10.600413581822313,10.618774846497443,10.564635506565665,10.618678291110268
tid_1331,44,10.415733167637049,10.575924243817887,10.601426350865395,10.614695480118362,10.60109776272359,10.596198629506965,10.595022244760038,10.619083783860656,10.533040621078728,10.601515755601495,10.586826670535274,10.538455699047441,10.54610727150378,10.594846947538759
tid_2618,44,10.699270289422245,10.82923344318104,10.736710673697733,10.730656776177073,10.728296871588539,10.731325950016489,10.723178114476708,10.73053547676632,10.704326300191983,10.67877362746606,10.70564889904678,10.755357893937306,10.719862500432297,10.754085139142314
tid_1333,45,11.013787935199428,11.235730872810397,10.935184854132602,10.971427984187152,10.939161281411023,10.950554410659727,10.967886091102029,10.961440871835748,10.950578582032454,10.96070003210183,10.954630823421873,10.950829207920632,10.949011442615213,10.97263188339853
tid_1334,45,10.87151078233384,11.075895383604486,10.776294449085313,10.926853238032372,10.778087808104205,10.782190558717124,10.837405153896608,10.876569582559725,10.842860677497393,10.767784904860173,10.83909597382878,10.804670292599365,10.758465782523933,10.810685495581136
tid_1335,45,10.470203786818956,10.715064226420331,10.528860409496547,10.468965409813778,10.506760521238753,10.521866546625576,10.53250921375321,10.472665099689284,10.502755182179584,10.537892642550627,10.511504387495556,10.527311080854467,10.539691785171865,10.50933196222301
tid_1336,45,10.534190018415078,10.751197470872937,10.612807254604503,10.525819237717066,10.587653440905122,10.592596416445664,10.576695795711846,10.496571815746819,10.529621519781491,10.600147150299684,10.54438315622185,10.525221258271435,10.561894378377456,10.527343873167936
tid_1337,45,10.727581851859544,10.930979708701113,10.610848433156928,10.601167945876075,10.597203211407246,10.605608813031186,10.615192420428619,10.567090072023989,10.646461806628814,10.59574758432929,10.59603781396407,10.605884093576568,10.650486726757114,10.599424124843855
tid_1338,45,10.779816336610464,10.97129349443586,10.690790540435477,10.703882426797653,10.701044920615267,10.698958790441987,10.697988429096577,10.682270241829917,10.675705052213967,10.672276945129907,10.691403409575628,10.66901693137716,10.681626288263637,10.685947126458425
tid_1339,45,10.428434992419602,10.672215192037388,10.506566127921431,10.483380816486127,10.509480199625532,10.508748054148892,10.553748114359102,10.485305783105437,10.495992799641947,10.531822414096066,10.542879079511065,10.524805086883774,10.488543629526873,10.540471793237108
tid_1340,45,10.628714626559486,10.84213451123922,10.68250822592894,10.66653463555373,10.665011847943786,10.674398453825964,10.6363101271626,10.670263922151337,10.674531725341126,10.649359485028839,10.651380838672134,10.668266441048873,10.708112267161665,10.675603449392332
tid_1341,45,10.630717268393232,10.843227197097184,10.65801087280454,10.652024227948878,10.650322613869735,10.652201962486178,10.639459225432553,10.650934414645127,10.658125209923693,10.613381062607719,10.62022295661305,10.63908130221729,10.69810300188694,10.656990471872808
tid_1343,45,10.55874593255326,10.79432918575647,10.681161620117129,10.656402551375987,10.668574636051133,10.665896038192258,10.637012553636646,10.69043978341462,10.653757398059131,10.64661503833954,10.62548273403972,10.638690047754588,10.699897129168994,10.651176567189722
tid_1344,45,10.547252768847514,10.76663274936784,10.57166821508323,10.520155733427073,10.557486718795245,10.556055636726947,10.540240829145532,10.524223059576885,10.560587186956921,10.576275470985031,10.551737072632521,10.55581584587882,10.570856172477411,10.539650934212471
tid_1345,45,10.68382338603806,10.89744833340019,10.626064341188735,10.597939848701046,10.610253102745407,10.614908298729269,10.603818692654876,10.600338922387834,10.61492111157578,10.611936304228683,10.59171777439164,10.633283011872921,10.643141758835352,10.590454018340312
tid_1346,45,10.581048902602332,10.810674974733375,10.650261167439753,10.603758756002081,10.624886132724738,10.62180610985773,10.59668277427714,10.585800062237839,10.575792673287738,10.61125968296482,10.590226043906299,10.596879179392554,10.62456038428508,10.592261453452114
tid_1347,45,10.482824731975196,10.723982986955416,10.533518576476407,10.517466003443358,10.510949587288424,10.53363048522634,10.523401865085122,10.556235556178258,10.532277922718416,10.520554590045776,10.521894674807236,10.563379295884038,10.55122202140986,10.58504563865931
tid_1348,45,10.577783153410712,10.77903545342318,10.576499641616891,10.573429214229959,10.575214264800447,10.568621218993451,10.557666931070926,10.584562882464194,10.57958774409603,10.591698255874682,10.579829721558175,10.584539108644144,10.56275071808189,10.571591401236525
tid_1349,45,10.488403434013229,10.718989524555226,10.528860409496547,10.491430865902299,10.509259309129916,10.521866546625576,10.498961646924423,10.487418548789853,10.521217769115252,10.531088793776442,10.523919815192112,10.532852184334365,10.557172216796014,10.510942403137282
tid_1350,45,10.578857652993392,10.81349659585208,10.492992466815041,10.515132061508753,10.500313758951057,10.505150217371321,10.506046259315022,10.522629772218,10.510176756485443,10.522466896975489,10.526384762597127,10.535941122265719,10.554188918619651,10.521672852564627
tid_1351,45,10.428118443568591,10.706157076322665,10.538393352303945,10.538108178511195,10.590938110810404,10.61184745368455,10.60268470997934,10.497289280689357,10.59578786372156,10.589414529711105,10.575087883222116,10.611502451425228,10.60163828630754,10.546201048303944
tid_1352,45,10.46033952464882,10.691924458145747,10.5800640631196,10.558887737167586,10.564264936134988,10.571304549416084,10.575999654293026,10.497768828065652,10.536648212069235,10.606848224320007,10.592000850461607,10.544195359511132,10.56604638137694,10.519353792110962
tid_1353,45,10.49486221730576,10.71522855109072,10.461320133206058,10.537016374286218,10.513847796718746,10.467837725981594,10.493522739768142,10.515005090982633,10.608881902129587,10.536657031298878,10.582301083900349,10.628490998234582,10.585225729974354,10.620035973561162
tid_1355,45,10.47533113251714,10.686260605977434,10.576499641616891,10.569964346679269,10.575214264800447,10.568621218993451,10.57358231121978,10.548772602294656,10.617771576215686,10.577883104553846,10.567789404497997,10.55358236589489,10.624876025091826,10.57427163139916
tid_1356,45,10.693675233214217,10.88146022941644,10.71026152465504,10.720763400910815,10.698821923393773,10.696658229587701,10.742094436560034,10.725008799422808,10.699756485019703,10.72175826399979,10.724093873188744,10.693783949955023,10.704202407084194,10.721628571917497
tid_1357,45,10.672382075034252,10.92267957866042,10.668887082282923,10.715007512602813,10.665397028087947,10.676984323570563,10.740676043473464,10.67868013102455,10.71833724566469,10.67914799147274,10.6861969648096,10.7000752518852,10.715743874825737,10.678645641973743
tid_1358,45,10.815782311132937,11.010276322488371,10.641946572733342,10.626673215284372,10.64814711699969,10.650496119120303,10.670347753305606,10.647369622775555,10.620071265414193,10.616451248515455,10.626416212866822,10.653175946627185,10.663384988979155,10.647694138901258
tid_1392,47,11.058977845362696,11.230516133820505,11.106507720775909,11.203220282625704,11.0716009819506,11.101034231870909,11.145758371974384,11.198772154188138,11.168888249948568,11.000347648732019,11.133045951042021,11.07894374964388,11.066676940853172,11.071413735420636
tid_1393,47,10.958299457349309,11.138460353094176,11.08701123430954,11.138135571627629,11.069331176022406,11.05972509250839,11.011233101163938,11.080969356438969,11.035393076502672,10.94939093553357,11.004331040111046,10.972088674171962,11.041511676728234,11.019425469187745
tid_1394,47,11.070770438544232,11.251642515670714,11.07492530888235,11.202120495438432,11.094425388541586,11.126055282370459,11.110631357000639,11.236530951550662,11.15170290975591,11.01460397683505,11.162214268719284,11.100330626936122,11.030642621923354,11.145132179236265
tid_1395,47,11.313064996740884,11.503509271440318,11.513660225457082,11.494623682871076,11.497010795438793,11.46175039560235,11.464633042534945,11.530598430814338,11.487244915797069,11.457716587420926,11.428861026434491,11.459554534933403,11.474857697672876,11.467486761798709
tid_1396,47,11.260754670112114,11.425017322370122,11.221952668694497,11.312061279843135,11.326882913031328,11.217667329656893,11.240127086596184,11.324350189726614,11.212420850147012,11.209068656039996,11.21233965560836,11.188592750107146,11.16942850875544,11.171240565243801
tid_1397,47,11.15446750382922,11.321600297042538,11.235680317689184,11.273034122084526,11.197267912612553,11.214667215285745,11.234345222570195,11.313758505885046,11.224198824388502,11.215703781561098,11.236232503763345,11.217463777320564,11.208445948230555,11.212204128236428
tid_1398,47,11.50806366555332,11.720412693176293,11.284855566192322,11.416361621267184,11.333991794907647,11.25328785728373,11.281434571592223,11.43699532716073,11.32796555085653,11.227621039605609,11.267336358540138,11.228994823327222,11.220972067766972,11.183671129808284
tid_1399,47,11.207763505571112,11.35643772300613,11.15546492313834,11.398321457268072,11.172307039919538,11.189939780729928,11.232884224977202,11.375275547941204,11.387090244089713,11.045497974108702,11.202739879604385,11.206165128857402,11.190516384688866,11.205695049399774
tid_1400,47,11.218971766924213,11.37204484711091,11.24168546832746,11.205870282823641,11.321719624921325,11.24714719098628,11.26363854267,11.115967810445099,11.177437883928816,11.174526178932398,11.176640660806559,11.136070246877903,11.152972100785048,11.108063224817235
tid_1401,47,10.81484614136472,10.9860991772771,11.204308470780594,11.13423147433147,11.146936205162987,11.208900227052364,11.068181994677294,11.108864060188923,11.126014663508139,11.030553478826997,11.07839685677385,11.084506076102798,11.016642054407669,11.073972712432468
tid_1402,47,11.49291865683056,11.654142001084692,11.462326550547075,11.287804279178866,11.380415174616171,11.461836176483256,11.317871598534552,11.336353336553005,11.370597449378232,11.293244557238777,11.278299682195362,11.334090034899196,11.38097566301293,11.312511703871314
tid_1403,47,10.990448898463375,11.157678073022682,11.12627749180201,11.090283124232638,11.14786637174167,11.122586690686022,11.107705517941666,11.111332639219574,11.041072629176682,11.019670695786385,11.020546529506275,11.00715449357423,11.073901128751594,10.98865847431837
tid_1404,47,10.846141695561007,11.024777416840513,11.137743338208491,10.979326482042383,11.047442323358332,11.057027087622327,11.01123679958715,10.983927973507473,10.931842607847209,10.960434221752145,10.928304198595063,10.916382060589743,10.95630679998285,10.931787410667566
tid_1405,47,10.991348923300094,11.165450924366093,11.075272308984534,11.147867364726336,11.110903143822632,11.137245261384525,11.113525154091214,11.135016086631119,11.109948063478877,11.02629714941115,11.039287568881882,11.057300011824983,11.04906050798596,11.031209818592012
tid_1406,47,11.01893401471018,11.263372484428976,11.193563617348774,11.260467403258929,11.192947771187615,11.210562452855466,11.236060131354957,11.254138117882457,11.18807813343676,10.986565011417943,11.160970976975799,11.080132431821944,11.14096842803844,11.10556907975139
tid_1407,47,11.06036246000026,11.317480977947728,11.047038782741728,11.170207623415186,11.031812809984991,11.087842075364648,11.219686548528692,11.190619458790856,11.113163576520353,10.988815727002736,11.047219604542537,11.081350325040026,11.064927464995215,11.045288812303651
tid_1408,47,11.127592341678806,11.305457162483073,11.25494032697883,11.330759982329205,11.329828882238548,11.244823144595246,11.209547656297454,11.284506273425082,11.287501939778068,11.20933084964158,11.259710849474407,11.20729755462636,11.220729680407366,11.162950354444447
tid_1409,47,11.54814587989664,11.700156616622204,11.570249344310538,11.54475270511428,11.505320261881444,11.626253175682015,11.521318296976528,11.55052384705436,11.499194022119443,11.449155333894769,11.483399174363973,11.471217145326678,11.504176612946708,11.465497460303009
tid_1410,48,11.071888618096658,11.293034119496928,11.01231509555871,11.005445710631225,11.022933133924575,11.013676511408672,10.98198804435766,11.016517506201462,11.016214724593482,11.009424786963951,11.001074027340966,10.993627298996659,11.074355857645756,11.002197384643235
tid_1411,48,10.839276943944316,11.005774747124976,10.888776345056202,10.843963231025151,10.889567770901037,10.888186353803828,10.849902189686087,10.8411609708157,10.872876275824455,10.819471609073702,10.810278882956757,10.81617575313947,10.881616975760243,10.81056063852989
tid_1412,48,10.656381322496015,,10.694240587607739,10.611881607656219,10.700396102579425,10.695898031786745,10.649666013149186,10.570805104629152,10.642550096439228,10.658241141674312,10.61409583008265,10.634445539414811,10.685915515367764,10.605696752058268
tid_1413,48,11.042765023430087,11.259862508905204,10.82016846067737,10.823779965400316,10.833571440577005,10.832271999316502,10.832414016743588,10.790139722025406,10.80292925063716,10.78360116566635,10.793915909189126,10.815011190032399,10.808137379898227,10.794743687297574
tid_1414,48,10.788345407186714,10.987953586428132,10.857466743729443,10.799478938514673,10.864416243468606,10.851863715940386,10.807767428482116,10.819448534132619,10.771222553308622,10.83736360057622,10.830173285683347,10.773463239426718,10.767168004442597,10.851593360964701
tid_1415,48,10.893355830198525,11.083996214393188,10.745429137322677,10.682554671654515,10.730502167557656,10.733645455235408,10.742782361221655,10.688561381305314,10.720786906464337,10.685326980655724,10.701464576245684,10.718192656205732,10.703968333657262,10.690933564543487
tid_1416,48,10.67325312294136,,10.65393296096407,10.655722453152887,10.64216392961853,10.658427338149124,10.692088791370159,10.673541960771376,10.675439202181028,10.715751272766319,10.717856919224163,10.68584128060875,10.722598996635277,10.742147586647071
tid_1417,48,10.75637831487678,10.933228390916865,10.645128735888262,10.625745623560972,10.642570908001149,10.649080258589409,10.640611614465996,10.62490060782658,10.687771488028677,10.639603018683653,10.638602575692017,10.65541714338489,10.659102070524158,10.634583934103176
tid_1419,48,10.864730617327048,11.182892451977915,10.742166727437874,10.683737797391776,10.743401475197672,10.74732265111871,10.749338880903416,10.692230348222663,10.708751616289359,10.670283840746906,10.66845164916931,10.707055982402476,10.764023603010397,10.695851787615913
tid_1420,48,10.70796812555816,,10.678468182071397,10.654460512248429,10.663722100869196,10.68378362683715,10.661365957883536,10.639504696225847,10.668046206870786,10.646732515661563,10.653363658614044,10.649703003087632,10.688130268167457,10.647957996715956
tid_1422,48,10.907714067338391,11.08948170511067,10.845315002003936,10.779466644377155,10.836473459819581,10.822626181710932,10.811678200589304,10.75306789519523,10.791277683715668,10.779040139869474,10.786467350380455,10.800223763132017,10.800490402894164,10.743107876414498
tid_1423,48,10.812012206339228,11.036573729064314,10.931770872059284,10.77892108719177,10.880796508049096,10.889455217783494,10.83712446471903,10.802016379540596,10.799231819818166,10.846445581829867,10.83757758518833,10.785657014408667,10.876172652340383,10.842338009241665
tid_1425,48,10.817922563625064,,10.619995146151693,10.659866577498716,10.616862104065167,10.620702359413285,10.649840790983092,10.734195317429123,10.741485840829826,10.62178125114697,10.671743537225787,10.710424571229463,10.69292901101596,10.64478181406151
tid_1426,48,10.838739381248423,11.041830039932314,10.802586303056637,10.655138304542353,10.802252000304073,10.805462826135049,10.7467533859995,10.629613555686529,10.663415054340627,10.709429058496312,10.64791406010683,10.653620114954293,10.674920462481838,10.643691371559958
tid_1427,48,11.101568031157226,10.894896888560549,10.752136867698615,10.739243382638872,10.735869955355366,10.745851783784136,10.7198741751693,10.721194131651584,10.75316491224436,10.684608403809355,10.725455201520994,10.740222895128921,10.755069839382568,10.770611892572806
tid_1428,48,10.771341957633018,10.989254356768834,10.685630318252278,10.632763798777477,10.689610731360167,10.69736519205896,10.669677582095701,10.589685954767102,10.59624250106396,10.656826884281115,10.632708832553385,10.634763158934328,10.61537629686461,10.62011219472832
tid_1429,48,10.811770305968746,10.989217215373223,10.817523636041502,10.75752861471749,10.816048707290028,10.801283742081754,10.759982055114962,10.768747487840516,10.776122861468332,10.795421654609148,10.776186573687227,10.77117469591759,10.800165596698024,10.77738640452659
tid_1430,49,11.814107994755828,11.952912443427769,11.704164868187037,11.658665878921074,11.724837075949207,11.7458408577342,11.74052190900343,11.651922992908261,11.701519460233335,11.729941547625787,11.731795493792081,11.763787136997873,11.6797402928384,11.780711571019193
tid_1439,50,11.369313721611748,11.534555832695474,11.592780659728309,11.389088232661804,11.593267480427972,11.525394289515548,11.561120173918813,11.486200546401284,11.543663386261576,11.5333826412005,11.445833214285035,11.440758692808508,11.547607671854351,11.468945498189495
tid_1440,50,11.152892030467568,11.281540546691854,11.447476720041305,11.268060196613108,11.507342103213274,11.412928671644595,11.242649951888966,11.266901652483353,11.21545120684261,11.266130683646427,11.216389312867081,11.207682720355184,11.242194104603936,11.20569639703949
tid_1443,50,11.42168260240541,11.597130574739374,11.630082553321378,11.370497183382065,11.526613504828799,11.533259886490704,11.525990223673826,11.547137540612171,11.440783365920314,11.463936679822513,11.402934036604435,11.37995864892604,11.482960793270758,11.466846602564987
tid_1444,50,11.671028609223194,11.85304105650624,11.644534800628172,11.49807821880599,11.645784256537121,11.588718050684122,11.562598417900315,11.489342197497992,11.472062660016022,11.556292711707846,11.472581530907464,11.437909272777986,11.494222816226118,11.471909864843948
tid_1445,50,11.494605677723127,11.66828940849534,11.508169625372162,11.333957270632,11.4946183323342,11.415310013981296,11.421585012704048,11.444764204250076,11.324116194263853,11.43659802837317,11.413858915513849,11.319532562953327,11.413070078593774,11.433561609371367
tid_1446,50,11.496694451859812,11.692393788496048,11.634245778387594,11.460524828152717,11.547928393383149,11.670564895331145,11.521764320193212,11.552846134886172,11.458785326855065,11.407333359055974,11.395663341536741,11.405507265280331,11.500553281287404,11.453859398234407
tid_1447,50,11.163302738444653,11.32199374689456,11.1157403483318,11.165081292475463,11.148273375881391,11.132397197325831,11.09740428939089,11.142094529822893,11.082863227177153,11.077799914839172,11.07640599487454,11.070002162395639,11.069578713240892,11.082952857885013
tid_1448,50,11.516685387593812,11.66784841794637,11.684343081797424,11.432678280881378,11.639365868075876,11.569248702801485,11.5826347814345,11.525658736516892,11.513118943839071,11.529696074595805,11.44597230134277,11.453917054486233,11.546476170293833,11.451755222853363
tid_1449,50,10.914455536685503,11.083334146335757,11.014627237484556,10.917759117598889,10.99463112944097,11.003902042175513,10.889123423541397,10.931045237926835,10.910950768215535,10.92250669736726,10.885974942119814,10.878387471238476,10.941525382843782,10.894691475255009
tid_1453,50,11.44469908536759,11.623328446003883,11.51998033376598,11.335308885930678,11.503869118489044,11.43319768118125,11.476824211458085,11.449515371680501,11.41398018369927,11.44869721297959,11.386491436642752,11.365048825219825,11.459536444241765,11.444832403609604
tid_1454,50,11.160100244186244,11.354414961575792,11.243309287060317,11.120775092082617,11.269024652182253,11.232691767432758,11.143418122195971,11.132601525597165,11.114038203093664,11.13922658290243,11.099464182302787,11.101534391232807,11.11458306603148,11.126495916333372
tid_1456,50,11.518060259320627,11.673650486376616,11.638130212239332,11.535667650330932,11.630823042555763,11.574202729779488,11.597031477505734,11.516491623063601,11.518416787564366,11.556292711707846,11.49623069789117,11.418046246368164,11.500710032422512,11.495057825993607
tid_1457,50,11.547582897562604,11.684969387353048,11.653133979283194,11.617769085117438,11.629625821005408,11.61537006785805,11.591598090916941,11.599957133419613,11.496042757547805,11.54326774320438,11.488180437291259,11.421850280079669,11.503848993191596,11.469092743577432
tid_1459,50,11.6618686090895,11.829937429970585,11.717795291812438,11.483194869830987,11.721203687016512,11.64831030569165,11.619669876760018,11.592910940434571,11.512990376427988,11.615943718650033,11.54111363981388,11.456336832999675,11.548683026970096,11.561300476217296
tid_1461,50,11.731951751972318,11.991768040383167,11.618209570716166,11.442449815562608,11.542302118938602,11.506770534574406,11.508336814522815,11.579726403366845,11.460202644298418,11.417848785186175,11.441045076715719,11.384831526757493,11.470483424801536,11.478078360023826
tid_1463,50,11.26278834339174,11.432357285927456,11.266814667691127,11.082567456367496,11.290909396728539,11.26193191021993,11.159301226734009,11.085125221341759,11.099293557853018,11.124966890570027,11.066244694431118,11.099623934877302,11.201438468352455,11.088034218148648
tid_1464,50,11.441036260299684,11.619291574848663,11.642233662473004,11.492650908663752,11.552523083329731,11.671497652061293,11.52993895232715,11.559309125698139,11.41732934640326,11.453269089978178,11.437040914251048,11.379034317283876,11.43858380971884,11.525803521291438
tid_1465,50,11.47087354773836,11.626896800875947,11.49967180852213,11.3470234683962,11.495728073114213,11.427646150267499,11.461020037631064,11.455150274101502,11.438956916457984,11.44869721297959,11.403439481170171,11.37948455761478,11.484039868797762,11.4455866953209
tid_1467,50,11.44974495465175,11.613803750425747,11.550615705720036,11.53461531983928,11.568856155023925,11.507851688593583,11.483816918676949,11.49914132690189,11.500099677370796,11.51189022511783,11.496592650815131,11.44574814552398,11.510714368569843,11.462345058246493
tid_1468,50,11.221893788854524,11.4042293925229,11.440506734454445,11.283017436199737,11.422273686985582,11.481557973609846,11.414483673481335,11.462411279305384,11.328833261676342,11.343833272790942,11.308606248247077,11.286341901605622,11.367698569423295,11.442169995901512
tid_1472,50,11.90117523585879,12.057660220383172,11.525552531149437,11.385039515331819,11.523543160479363,11.58365358824528,11.492486789985831,11.496060198652964,11.395972557482311,11.442056033788814,11.392220497058256,11.365576169790423,11.4496706102145,11.44037668414047
tid_1473,50,11.212322948576336,11.419458385612288,11.163285839007015,11.089691056428936,11.148746080767484,11.153968724912314,11.057435231928533,11.059344165435391,10.994840024590042,11.021866558423683,11.084478903213377,11.008939955802894,11.04506501703523,10.998318238844961
tid_1474,50,11.2343894396261,11.371858321190174,11.167602747381046,11.207041162121854,11.155135515119273,11.129581103866807,11.057122584875577,11.099759584152377,11.193365731896025,11.030050135492605,11.076539708858073,11.132679898365812,11.108607499639856,11.051066572620249
tid_1475,50,11.382984191577156,11.581522924959025,11.691164320623452,11.56933482485252,11.675856929647386,11.620561704954907,11.595058165745254,11.563944196126467,11.544745778394743,11.578404810966774,11.487535110638117,11.456304115518613,11.556743608245855,11.467598214628959
tid_1477,50,11.263532903006306,11.429454721624042,11.129918741698315,11.021787982971045,11.139351522651532,11.132397197325831,11.077245611292234,11.008265151131042,11.028560544925138,11.086414872681667,11.068143948396116,11.056871319563282,11.047199754914216,11.055772501867281
tid_1478,50,11.012228374000278,11.16628288529494,11.15177667174625,11.036646474313349,11.116238349741824,11.1273189929358,11.035637950352713,10.97566654543849,10.9608742293871,11.01979701855603,11.01684007235215,11.00516720878758,10.986440713896828,11.007422304998387
tid_1480,50,11.285422424878568,11.535514402973382,11.266381683371794,11.185649358433407,11.24709292305614,11.258906572158217,11.228280373096046,11.126844711751515,11.189157459093275,11.181978153514315,11.162953949227296,11.163234511594137,11.224679480129385,11.118326599500852
tid_1481,50,11.600146653281255,11.727677909209836,11.672183268770297,11.506919787491924,11.556602833530242,11.55854478911205,11.538584480325412,11.569721575380244,11.452557415981357,11.469394685238157,11.468244327775466,11.396657270013495,11.426900203713274,11.545299420223756
tid_1483,50,11.702834001044677,11.867650108308526,11.470979388751521,11.417593566815293,11.52143034938437,11.464448719835701,11.391420126735067,11.346358562719601,11.339752681548141,11.316884984573312,11.368679202658255,11.340106298847806,11.365306725828573,11.326539066962292
tid_1484,50,11.227405054442904,11.430409785353968,11.441848453350056,11.346832361291673,11.416308280368224,11.498943320604331,11.424552349529085,11.354339495718033,11.258931314322059,11.290918803224917,11.335918259889874,11.243484261465584,11.342027838804277,11.302048299086715
tid_1486,50,11.038687282646494,11.183412555954808,11.224453856764056,11.0268296258026,11.194126610527254,11.194094984330409,11.040264462002362,11.01228964127863,11.029343635899096,10.988628526458799,10.98495610851845,11.027383349662186,11.083800533102055,10.97844902669205
tid_1488,50,11.681379645964016,12.069792335234002,11.441848453350056,11.346411341366391,11.416308280368224,11.498943320604331,11.39209138566544,11.403895104334842,11.327153716493768,11.310087119994469,11.283110630892285,11.298937783632184,11.341394923710368,11.34432629774922
tid_1489,50,11.098964872206764,11.25269123037758,11.117841757111506,11.027090428504144,11.144471087060873,11.132497196438452,11.080899765553527,11.039544227277146,11.025311174215089,11.047235354855726,11.03985677035429,11.045295217227425,11.03171214123814,11.011760889691873
tid_1490,50,11.218732911924162,11.397216027921468,11.202858602634985,11.18179508037847,11.265171759289794,11.197575085371547,11.170626845425419,11.155716480791405,11.149011346894193,11.151312719570496,11.136180064665552,11.126361199964903,11.13728053267277,11.171413020405693
tid_1491,50,11.242736164609436,11.403893774343963,11.322065982433331,11.234725972871205,11.421179414680223,11.332133097073386,11.346375705205212,11.250967033393401,11.268144936127976,11.251903172561324,11.227875618341347,11.233281692033291,11.312300952252194,11.172108872389003
tid_1492,50,11.153996554184214,11.325134578624011,11.251585268109343,11.182738875385866,11.320658811624739,11.237680273623543,11.22618991850625,11.164106934479664,11.201516144978289,11.164399164395316,11.158219921107559,11.152935395347786,11.204456245057157,11.079081646805612
tid_1493,50,11.50780940020043,11.686541740514988,11.629078395361164,11.465916607591112,11.629758541999482,11.576437043363564,11.558873266705456,11.538182964881326,11.460082957612649,11.557228278918501,11.482654288697006,11.41337192711397,11.549618662535764,11.455223728601883
tid_1494,50,10.851825250738536,11.024941962202863,10.94728366556686,10.83235757451506,10.931394666075441,10.91169314899518,10.888832677983894,10.79198586414102,10.920615165471935,10.831127446220657,10.805529821977101,10.853223735736004,10.923100107520362,10.82294358255256
tid_1495,50,11.034973531477997,11.18358910729591,11.25161452595135,11.113533841032442,11.277644399141876,11.225805790806382,11.183678362173357,11.139829767226203,11.129474137703946,11.149133024449164,11.14514711097496,11.118523174526578,11.186556877116875,11.137228506746553
tid_1496,50,11.38644799199614,11.575958478399574,11.265738089041013,11.246697591117591,11.355512240491253,11.27781554971003,11.292423509697576,11.246240993025369,11.25124754917706,11.265849514471222,11.204231995472673,11.23823457570042,11.288905335683378,11.237934497017513
tid_1500,50,11.322860001378304,11.49105810758515,11.41521313883054,11.293546049076634,11.407850630470568,11.459342653431245,11.374439414589641,11.40243102652616,11.29454827689861,11.302475060471602,11.28432885440081,11.268241524201928,11.315860388375539,11.338112345170718
tid_1501,50,11.227536760738056,11.409369985919868,11.299205670606987,11.277408384237724,11.273599354312859,11.301986904057754,11.301677926349804,11.276398087436391,11.303953153756014,11.251903172561324,11.244688645605464,11.285265015568381,11.330244120823867,11.194192363543921
tid_1504,50,11.180502618490856,11.367225477248349,11.030462209007732,10.995716154887173,11.01766519424152,11.03639496101434,11.022345708026217,10.979691944063447,10.999662418913006,10.968804865520172,10.953320887870564,10.952036537500604,10.969134945007605,10.954303093584096
tid_2644,50,11.213023701948613,11.464291788555949,11.276994797406696,11.21579147423444,11.257390538113643,11.285601394207857,11.288070253486286,11.222736650645267,11.218112929971015,11.262671240757742,11.21749997404526,11.237987052520873,11.270220202126431,11.164265805526897
tid_2648,50,11.117732418132668,11.271873765700086,11.417340334222512,11.245431953500383,11.4217284980787,11.371808224918992,11.34135588727776,11.262905481797148,11.236131123973951,11.296108425751921,11.250895798461418,11.249964868096992,11.287824227225427,11.26988805598262
tid_2649,50,11.358506582513192,11.508212375793702,11.440506734454445,11.33897378097646,11.422273686985582,11.481557973609846,11.403375840437004,11.560697610834536,11.346406088326011,11.342897705580286,11.33369854671654,11.288459828249671,11.364087076818686,11.479713382475222
tid_2651,50,11.537012040298574,11.753574890414104,11.550615705720036,11.442515088392867,11.568856155023925,11.51791181607789,11.497295817812489,11.472397440762274,11.455169211977188,11.525361501910531,11.48096318857645,11.442717778281748,11.552641544016327,11.46347210436572
tid_2652,50,11.16830330778414,11.349383659572046,11.156664991226261,11.11099459368536,11.224278108812253,11.174218461390115,11.121600749379088,11.106501945676163,11.112901613883416,11.150377152359841,11.102835195306332,11.101783256085398,11.141021506833003,11.151312746680775
tid_2808,50,11.195894221636047,11.387758988677334,11.265738089041013,11.246266957842609,11.250313993295093,11.27781554971003,11.271246135579224,11.243299104334085,11.275047706727404,11.239115365269221,11.210884323002945,11.282337185892825,11.333584009307346,11.21424267932262
tid_2813,50,11.049463591703832,11.192746371269337,11.1157403483318,11.022573801959293,11.148273375881391,11.142874461808333,11.043372900501609,11.065947727187288,11.046350376384966,11.05747720565205,11.100615755637012,11.061463733785844,11.07111880762655,11.048248327317463
tid_2814,50,11.209890132092564,11.388009424817144,11.499117808493994,11.341400664887624,11.495728073114213,11.417544327565372,11.465716378413754,11.486816331781345,11.408756055592363,11.395736685927247,11.397391229782372,11.345915778371577,11.42488328726903,11.424353156046491
tid_3013,50,11.330211031010146,11.538604907556842,11.497594929786054,11.356766866060374,11.440391979534404,11.523535863172492,11.435105555444371,11.568860298751634,11.326838819376144,11.302971930345018,11.294698884194691,11.264910975597774,11.344798442620752,11.422048543722424
tid_1506,51,11.601734558432192,11.7379504452864,11.53707125991678,11.610599712544344,11.535866566551292,11.650406822300216,11.593162788150632,11.658322938815402,11.576458325239674,11.579781920326829,11.571080531005673,11.596735789057165,11.55338430961071,11.516619675580227
tid_1507,51,11.377369166464002,11.521910974096924,11.672797440619277,11.839987542865714,11.733180030701174,11.712963830112603,11.773574060268489,11.865134481967896,11.755512685713372,11.623551649477223,11.651170478442632,11.679169037258262,11.72646243149327,11.627193943653529
tid_1508,51,11.757298076721357,11.954189412653458,11.73658821235422,11.82649530005761,11.75969543872752,11.743331492460536,11.819689987003715,11.855495527344962,11.820908449677537,11.721550260299395,11.719194015662133,11.74745113127719,11.762402874020815,11.688499772345653
tid_1509,51,11.500346682763368,11.614687513905766,11.767038806496624,11.874619055058258,11.79822728700939,11.776948895577789,11.805660165872249,11.871816271240748,11.658492646082399,11.638572145340182,11.64778341266321,11.633037670384983,11.569077323677305,11.671180287143901
tid_1510,51,11.32085049793297,11.51309345085981,11.678290424081675,11.700837444501031,11.655967180984291,11.670993552320127,11.73518394175125,11.728949801631394,11.604151338328148,11.538077564597973,11.643041706836527,11.55438557051832,11.536603514120106,11.674639740120279
tid_1511,51,11.79758171423274,11.86650412035107,11.792488172244074,11.737458754455947,11.760958960838082,11.796930867394327,11.669170442648843,11.745893081919943,11.641010082792786,11.630303654837753,11.661034681628355,11.637516682845568,11.640760173914781,11.61656799822838
tid_1512,51,11.48348223604983,11.685763023827583,11.790088798218934,11.799696069715958,11.738552946976572,11.750583979036303,11.74174407140922,11.920125207433387,11.644058421296256,11.606179820965364,11.662828396367678,11.65492565009769,11.566846801583727,11.72390320007251
tid_1518,51,11.292682702297546,11.450225253106296,11.664016496533682,11.677641162270676,11.726436722874379,11.660344927596126,11.577154176247738,11.661428930850079,11.562573163196362,11.541898947600762,11.619877586232585,11.53496249469799,11.479792661483282,11.588016076265985
tid_1519,51,11.702935721148252,11.835061861290988,11.378913726235565,11.416304825089474,11.402475814933831,11.374970738948935,11.440754724093136,11.42235499732003,11.436645578140203,11.236481909285006,11.263274864266052,11.276391614313491,11.404663756555719,11.340523373818574
tid_1520,51,11.191754169616676,11.366429248183966,11.571099074226462,11.57227454556983,11.554484279477727,11.58644796119676,11.48129420995005,11.62044108790943,11.501752618499808,11.478963564585918,11.607672061071908,11.466895038310874,11.481116903213218,11.54587151794698
tid_1521,51,11.464797681378338,11.575363970116944,11.695205506327161,11.713335391935193,11.757699774247682,11.732094432462105,11.632356208728156,11.712403682044659,11.626906197705287,11.611764165645226,11.66693004036798,11.595676270826784,11.538531657157671,11.62516940819332
tid_1522,51,11.26742254568215,11.361802530226642,11.375936016941187,11.323766451671464,11.291197056160065,11.319771897085747,11.245111147051391,11.402544285095766,11.404191560166984,11.195635248715728,11.265986286954288,11.28233741897569,11.403087737765166,11.320532719960262
tid_1523,52,11.239786460918056,11.42750591126648,11.196066019878595,11.151502687239365,11.171446370650397,11.191896844379032,11.147079338942032,11.131497765487973,11.148264598928455,11.099892339170848,11.072417763051972,11.104232662536791,11.127419261816302,11.07692316228485
tid_1525,52,10.945086710927768,11.164779757742904,11.036948012369463,11.038671325644078,11.03559971512946,11.033633939248245,10.999195980005526,11.02534914949611,11.007888986700571,10.968259394768024,10.963200498898457,10.965406400569924,10.995764092497199,10.961448786581247
tid_1526,52,11.21185280409282,11.419501205699309,11.037626587839194,11.012482775665996,11.031597803669152,11.043592898586319,11.042822043772643,10.978074379698898,11.030672795149782,11.044141960349872,11.01366951289962,11.027234780510828,11.025775093999933,11.014611878442068
tid_1527,52,11.065540885334167,11.310678305318907,11.069495908146084,11.067453722226029,11.105597305704487,11.085171450147438,11.06457373859775,11.051539219370191,11.061329201862788,11.0433369209338,11.023709089492632,11.05773600266578,11.068606910467144,10.993169695206154
tid_1528,52,10.940529355532924,11.151865205288969,10.865748118992398,10.807669933539191,10.86047092840796,10.856260567910036,10.816221538038203,10.825001524983463,10.82524527566946,10.853541376187781,10.805772155510988,10.79728532255228,10.887922019943254,10.802720751491957
tid_1529,52,10.901479922989028,11.059882782208716,10.786751082975014,10.77847058901861,10.774333840439247,10.792055725827895,10.785082050933495,10.783621216500684,10.839228247589906,10.795375824877581,10.736496201844878,10.765287341404147,10.865087026507158,10.76270067368418
tid_1530,52,10.677788361929666,10.845323216599915,10.703217618900126,10.713353328903024,10.710722834888218,10.693485602227852,10.70573642924124,10.700073330346298,10.694415712914907,10.712265218093346,10.672660895879396,10.66384457713732,10.715610881532054,10.69529709054058
tid_1532,52,10.642081218157712,10.859579598213152,10.792728250792377,10.776042737352856,10.796403913730208,10.790980794404327,10.777104818346414,10.769334166230284,10.774136260637707,10.765995176766198,10.740185812243162,10.769528704656775,10.77354938164805,10.731302022608148
tid_1533,52,10.652781107218765,10.83453092706942,10.730722770958161,10.734546041605391,10.721539322435452,10.718798094569244,10.745861897630963,10.761370441101896,10.763666893685004,10.720442578602455,10.717998520078469,10.73477482851863,10.79137352100944,10.70543405117042
tid_1534,52,10.81997626481087,11.065465800159387,10.705515852832953,10.660132098906974,10.718814979598026,10.724723871489376,10.66355675761847,10.66949559991449,10.65148048057509,10.725981850104668,10.670858356653756,10.660919559657945,10.70093037645096,10.677891405175206
tid_1535,52,10.77167358525602,10.916396699011266,10.70141733223644,10.703798683609616,10.694121444584676,10.68695681382321,10.715793401421553,10.689640763828429,10.695618535183469,10.646194001456571,10.665210104295982,10.70332007221362,10.709900394914952,10.627344723056698
tid_1536,52,10.67689818563444,10.84609104726278,10.786808102870005,10.761580909150767,10.787133729198446,10.799681134343254,10.735398718624674,10.759310862628732,10.741803213689144,10.729914035711719,10.710011416785326,10.724235729594946,10.75339295088188,10.708176443797925
tid_1537,52,10.725553315551496,10.841146352431169,10.656461990724445,10.632649421828196,10.656531800460176,10.66394468098367,10.609877192974093,10.657789232201972,10.656319009786435,10.686144540537276,10.638183034504188,10.665936863550902,10.665120587846133,10.65902830955648
tid_1539,52,10.829912756724214,11.067965606163924,10.913299200861434,10.871462007501345,10.925484373086489,10.931348067230635,10.900883793518538,10.887605389722959,10.885929484642142,10.850679204536684,10.829527199769524,10.859308185527452,10.89717716067126,10.87659737831847
tid_1540,52,10.71010180168481,10.913046380580385,10.916629300494947,10.892383947290144,10.929703535708313,10.932017505125872,10.881952284161748,10.898572373545727,10.936495733419617,10.89607909385513,10.86360629460816,10.911107184535568,10.936389579198792,10.89499013278234
tid_1541,52,10.700422512652583,10.86480709784654,10.776532573200676,10.676655096740705,10.775329271540514,10.7816389908637,10.70620948496224,10.698630040773399,10.658449148020521,10.724554098333577,10.695232938944178,10.629952339676626,10.667538177586128,10.712026821966788
tid_1542,52,10.712954476440052,10.90527685101243,10.679045503865925,10.62048967504438,10.675077249591768,10.696446259637392,10.607976143621089,10.641257693040776,10.646889943535143,10.649888862163879,10.630029966927086,10.645595446235335,10.6429028479716,10.649159319077077
tid_1543,52,10.666447601626867,10.821255193243314,10.780554023175958,10.792942899234024,10.76906458608926,10.745317582813513,10.721755324268212,10.830636113753654,10.71638121190437,10.736228501086723,10.69777265294454,10.696830899545668,10.70149051005627,10.750573925977479
tid_1544,52,11.040461210868672,11.00909200561469,10.778927435248518,10.790962394978719,10.763092552092774,10.745829872319995,10.78712098303553,10.817367219983838,10.727391336547988,10.758400079651723,10.722109657339159,10.660480925574012,10.696758606571937,10.736845033016216
tid_1545,52,10.475644371965862,10.65796969079952,10.711708822784281,10.687213652467616,10.695835052437758,10.689358724538941,10.662700031314253,10.724492856750238,10.682654967281161,10.680371291899304,10.684360870574853,10.687660313647253,10.705911843805566,10.70728716324047
tid_1546,52,10.585917508254868,10.76156637466187,10.677887615127245,10.709853752233686,10.71421149816511,10.70971287148134,10.626154146481113,10.622112113862022,10.768821967857733,10.701452136158563,10.641451155706694,10.700615956893143,10.758116098494583,10.639827014044736
tid_1547,52,10.52257906726666,10.684586084837653,10.715915106063422,10.733346414815683,10.709311859236465,10.704119284933915,10.639475609756216,10.737283968139119,10.658677457021716,10.67990235797046,10.667343486305413,10.610210515383109,10.575942629483794,10.656852708167225
tid_1548,52,10.577862125147789,10.75095539847497,10.648945090810363,10.635684824643159,10.650515478291569,10.653025067843002,10.602621135997946,10.640833485542068,10.648960567145998,10.671342453968824,10.620630316315438,10.6285438020988,10.62489931013959,10.629029594188818
tid_1549,52,10.839478945723796,11.093120531257238,10.835256240609167,10.877425147965631,10.879059729286801,10.852479781993303,10.84904356535384,10.876837430279089,10.91575123097123,10.774242952968688,10.813508226241453,10.882205687864776,10.873767477120156,10.830702870704584
tid_1550,52,10.70777352233004,10.868259829533184,10.654387117685761,10.673718181180622,10.661046062761098,10.670165692134002,10.64558122994128,10.688870465128696,10.681032276314399,10.632814495743665,10.646270493734992,10.677348994426522,10.678659871990462,10.649562785430467
tid_1551,52,10.579974214202965,10.760936572265402,10.682741226856761,10.660478106772135,10.685321399155324,10.687754281477913,10.662638032928033,10.6600288642351,10.674362514708806,10.662648031976152,10.659957606787513,10.667663425328794,10.685255569316189,10.638548360320598
tid_1552,52,10.593311717991998,10.77414682627218,10.580894270852326,10.504742561518267,10.571608860215877,10.571671174390161,10.522625768248886,10.504403450204045,10.554381765806435,10.592378534764727,10.548142423479458,10.550012920815803,10.548092160569588,10.523675278085072
tid_1553,52,10.76175078714436,11.038192268935113,10.890158410407487,10.840873072812846,10.896010319170008,10.901546816465034,10.855201231151941,10.842372141648282,10.84564061795158,10.81058924217215,10.79281119203641,10.832897396928548,10.85613987688937,10.827822303058888
tid_1554,52,10.733368181164815,10.913578233480957,10.767718960956627,10.788641815338286,10.770893860432755,10.761182823738606,10.72550406804389,10.770760542911265,10.782954409756574,10.763156868980765,10.726996802426104,10.74149610379112,10.782114590961616,10.746873633256032
tid_1555,52,10.66304727840292,10.832858365945636,10.86275747001614,10.735531155984205,10.842079340916166,10.838139826093657,10.806469670196032,10.736830013001981,10.721316229242223,10.847840533607885,10.769983262460421,10.770996550730413,10.75480070339887,10.797320878649717
tid_1556,52,10.80913383271097,10.990238101439047,10.814510485960545,10.732045215085174,10.783520800870983,10.782060268469316,10.71050869553936,10.70740536990164,10.758902090510087,10.828261998988483,10.807395325466539,10.798467354747226,10.79624103207598,10.784281227104518
tid_1557,52,10.662410769445732,10.837865716108926,10.677887615127245,10.710239741377416,10.71421149816511,10.70971287148134,10.697654872081115,10.73672708967952,10.715676729393303,10.650450430217637,10.680923231493566,10.701478940833493,10.728452587326853,10.657598034900289
tid_1558,52,10.539410728869829,10.739251292823552,10.722714940253757,10.760979251608287,10.72098263357596,10.718506450177609,10.742208793574854,10.771718142448881,10.767383843578042,10.683047818560793,10.670279417271077,10.711639422520637,10.724992696656964,10.695399793102991
tid_1559,52,10.445090653133764,10.627120290233629,10.550108331864536,10.530020646452327,10.53303326472497,10.546356297495274,10.515139611202459,10.540969442051775,10.559015614977271,10.548696938980436,10.556587427466532,10.593863144679236,10.563768579785322,10.553944088821444
tid_1560,52,11.161098749356317,11.346515445579762,11.052242291325893,11.048889178900993,11.039985728522243,11.084602833109452,11.042406621361492,11.02937520477979,11.02839842187943,11.02387015551002,10.987612928455915,11.011591046165139,11.050580333681468,10.997785781636866
tid_1561,52,10.523367561216867,10.698374200665302,10.713193845186096,10.682141692779933,10.702903354303741,10.718015794199713,10.678145211267044,10.669499897499902,10.686053568526543,10.734893454893966,10.62721386793406,10.660547074891273,10.71201016235211,10.647141955675627
tid_1562,52,10.613813823888782,10.82373843266192,10.859708362452388,10.834629031902972,10.89349639637893,10.875573486882995,10.824904312789537,10.846649703767357,10.812469838061594,10.866856598994174,10.825269815527236,10.822528262656993,10.813759634984976,10.85635241066646
tid_1563,52,10.980208634343422,11.297426370201476,10.934032003092373,10.884905705030596,10.932517812045587,10.939011571504203,10.882156960348555,10.894052558711643,10.88557029802293,10.960682466561444,10.894641450427775,10.916058915519676,10.90871421942804,10.931162650765112
tid_1564,52,10.771251685504476,10.816412626933982,10.687415043499804,10.66340609543861,10.68589725716423,10.688781600259533,10.660532155562711,10.647387374907668,10.663010792644767,10.731003921643396,10.708081363706919,10.694582794784775,10.663304833571527,10.665089038647148
tid_1565,52,10.693007984003662,10.84837934661182,10.857740914722681,10.874566433702075,10.827820771632704,10.81840437156598,10.813195835087093,10.906075327108773,10.846524891810674,10.842410712548146,10.779974124493032,10.784029139611537,10.840529803437695,10.803243117815489
tid_1566,52,10.855724411183752,10.935746340654216,10.796292944736287,10.809122742469642,10.790470973884762,10.794895852701313,10.749573912199374,10.795214861779748,10.745047345144277,10.842021832008776,10.783496355466397,10.774305559502707,10.744753396152158,10.78262739958749
tid_1567,52,10.734026477465507,10.860687955086872,10.67791580223134,10.657498179129115,10.669797371542277,10.681887060799543,10.645749847495239,10.644628834970879,10.65164590902427,10.709901322825784,10.656904054145583,10.649323136374692,10.63141045002479,10.64098775022866
tid_1568,52,10.67731800479543,10.950115079738245,10.682741226856761,10.715257158748011,10.685321399155324,10.687754281477913,10.634981005794762,10.689603140145852,10.676853257174708,10.70306400222363,10.6827036298469,10.666947516779251,10.68703003595516,10.690662433622085
tid_1569,52,10.524545107325618,10.706042796370268,10.580937100879378,10.520885638522618,10.559063210839364,10.57187795884638,10.544694426195207,10.555070108779011,10.555253370285248,10.574119242205237,10.563764020744067,10.567600933277857,10.575030965155959,10.571901684113824
tid_1570,52,10.524359695475658,10.678599438701529,10.847253034378715,10.764167101232703,10.763556879480731,10.82307379856073,10.764159010056042,10.769197908348225,10.680163451849275,10.723280545791628,10.716867680023197,10.672124033995159,10.647774481640319,10.753820241009239
tid_1571,52,10.529928530901264,10.677915136047172,10.703895323845584,10.750765679413343,10.695728461025963,10.69665509157545,10.720606509809814,10.757364241433434,10.685501984499915,10.677944294333297,10.693238736070601,10.636698178387498,10.623223639405824,10.679219883669042
tid_1572,52,10.642004769576513,10.816984385105888,10.815501794897896,10.829511337258731,10.828391098298528,10.823948681421422,10.805151769706626,10.831453988400382,10.787667606847334,10.76219327498391,10.734274486400091,10.750539657211752,10.773933986134482,10.786091689972618
tid_1573,52,10.557769156874206,10.695927879438612,10.70953181957845,10.735120139803598,10.713549446669273,10.704668441956073,10.676091716224235,10.737472313060637,10.687948904240676,10.659526181393902,10.670712043865546,10.61809696148235,10.65869475330338,10.677280224715034
tid_1574,52,10.609111572606952,10.78761866296868,10.710879230579831,10.719547111072128,10.700425258371833,10.71843064782793,10.681337448913258,10.723448597324392,10.712527869046978,10.70817116812981,10.667500798691888,10.680111432442265,10.730505677736051,10.703838864567137
tid_3005,52,10.953613130987998,11.149513593093063,10.950346908957584,10.948420656994163,10.954646726199115,10.961186537404643,10.901325131573147,10.937317684780874,10.967232073495312,10.951104201889187,10.898676605783361,10.908412944400315,10.957844377772386,10.912938149134385
tid_1575,53,11.046033788572498,11.231149914622517,11.096339718286211,11.089466220246782,11.110991667490747,11.083111867450231,11.109136349603718,11.097863839238368,11.113597266870686,11.04848747152531,11.027882086152436,11.013447508794144,11.093194189949159,10.99308094444297
tid_1577,53,10.81432343372732,10.99414327148778,11.001596006927713,10.905579725750716,10.995826154430802,11.000910752261856,10.944838920723535,10.906985076523727,10.898815799834292,10.910353302337484,10.856833020119817,10.85025178533493,10.922088035377842,10.861477691664398
tid_1578,53,10.83752782517376,10.992423172902058,11.036473868120488,10.887879265626436,10.969318885885773,10.95681804295542,10.907020839700689,10.899089781596821,10.868069604717533,10.817283281237458,10.79756374268393,10.815392334938766,10.861930977508331,10.800891931521381
tid_1579,53,10.622770206700698,10.772565076191963,10.63722452199106,10.672624598273153,10.638488588032676,10.625546287344083,10.571773269241875,10.656172018971482,10.622131241793427,10.536791721047614,10.571483881334016,10.581859199546491,10.61223495114339,10.581409301130332
tid_1580,53,10.649087230348297,10.760690481083136,10.642505378145362,10.667900856947766,10.615237163455575,10.640682237053856,10.632823916268302,10.698510176433906,10.641330539991486,10.58749800603262,10.539930595564345,10.584320365343688,10.65531108618565,10.551784056357265
tid_1581,53,10.96418853706734,11.159523729663109,10.913831601352141,10.822579158044991,10.851436633694862,10.857770998292162,10.81082372509676,10.833919094495919,10.73792819143237,10.743722943503528,10.7161927005903,10.677801310025155,10.741563213256095,10.70917807645353
tid_1582,53,10.784302390659937,10.936755662278236,11.015478169466789,10.880286447569077,10.8644300973179,10.887069913328622,10.860288572035573,10.874910950304063,10.78720374356751,10.771057328762826,10.66831266415545,10.730056790749856,10.749121490525686,10.69618450760054
tid_1583,53,10.856370546209872,10.989068635994418,10.908324563346337,10.826989195831596,10.83310678140689,10.863133797659062,10.803341081781713,10.833904764694527,10.825838013016533,10.783375799623409,10.75984626621554,10.809511581564111,10.814341625626058,10.786354695132875
tid_1584,53,10.555414221678507,10.676888956860044,10.717652675279263,10.588243064605441,10.68513292119221,10.671726666387052,10.641534109074074,10.60762216455494,10.711215153380666,10.538631812379931,10.552558471872533,10.611924496850293,10.739493740538858,10.573049606775763
tid_1585,53,10.520166670426091,10.657581655909135,10.911930930636405,10.869575307179892,10.814538165642746,10.85479557213401,10.874148871155402,10.825563630686048,10.789959243390767,10.69995389954344,10.657532858486107,10.633990866029507,10.781013209906844,10.681103187087386
tid_1586,53,10.896417051399457,11.10656045206918,11.059485381536724,11.042958673990965,11.038577233868702,11.035597523665677,11.060408324569597,11.02692416016291,11.02617433699535,10.986319664181723,10.961619887011098,10.96526805072574,11.033714526788406,10.957352192280595
tid_1587,53,10.88472109881032,11.060958198210592,10.958299161627707,10.834364036198824,10.934364889079973,10.926497505075504,10.868934489595267,10.86641611856622,10.815989037846112,10.82760090165824,10.740445846777577,10.739470794193506,10.840282232754381,10.746727318369373
tid_1588,53,10.621897914588365,10.75641453961935,10.728640951464708,10.722958691545816,10.721800997874688,10.743869712842638,10.752094100337972,10.691063256156403,10.70724867427114,10.628247571635976,10.62623506499759,10.630905358955928,10.673917207895435,10.64559916843689
tid_1589,53,10.699380834148414,10.871275258053808,10.94471396544057,10.834149949684688,10.940915738254171,10.93992731207389,10.920290228112862,10.839960128456395,10.778335251160932,10.823352379821573,10.777338694484412,10.74021218321625,10.816019595007951,10.8149158209789
tid_1590,53,10.55146998914168,10.690436958326362,10.729720508948374,10.695056518091558,10.743299504912905,10.741478049872383,10.709779187676196,10.665014358555824,10.65453717981421,10.537978088215883,10.564480161133465,10.611510238550105,10.67871430884405,10.587452785529896
tid_1591,53,10.561243278963287,10.7258191914769,10.729720260647003,10.705101085118716,10.709930133184756,10.723429268241393,10.63013488977601,10.71361554018992,10.649546696485501,10.633680812196348,10.60477601017342,10.573616203794646,10.66880350351085,10.619061310123222
tid_1592,53,10.78551183858262,10.887668681729194,10.86043956732314,10.824702045582914,10.874008532150171,10.854844430373385,10.849037343312588,10.809316504352104,10.758433309928742,10.768749904041726,10.738181433817106,10.737179041684469,10.731128798709449,10.73546711023746
tid_1593,53,10.7995919034901,10.970418237412964,10.955517050864895,10.870910223042198,10.910305225963336,10.906609481331733,10.827295477134395,10.886346558414395,10.787637148540753,10.809627441226432,10.751613253063868,10.74874233518545,10.815332726377992,10.761460974628127
tid_1594,53,10.661270124541565,10.904521925362465,10.795936067316708,10.729456105432375,10.751060888854411,10.772212761733801,10.763054778906026,10.668954918304504,10.738306233186025,10.601948683078922,10.591353804698047,10.649014899456342,10.822165926238386,10.604522663650096
tid_1595,53,10.945744634119126,11.147688254941972,10.930239332128423,10.896882541713541,10.917542823986626,10.910003296347513,10.868934489595267,10.981319304127824,10.943606627699937,10.848653072726808,10.852948284843421,10.875320791560279,10.952838947843109,10.91776592618294
tid_1596,53,10.833249143598128,10.933080183644256,10.66634341995885,10.66221135565398,10.648954042035516,10.668648856569185,10.697673329546989,10.675597658178452,10.659259041061024,10.59703427503646,10.563847779916896,10.606358236315272,10.673420869384277,10.576821815822033
tid_1597,54,11.274091967680336,,11.20123492708245,11.173801115251361,11.178275129258804,11.203742427110438,11.183046713369095,11.12272706363303,11.198921573737323,11.17166358166225,11.200789475547266,11.20434555515028,11.191241825106287,11.18362222470915
tid_1598,54,10.98713001707958,,11.110659052606225,11.094912476778742,11.079329809518644,11.10952409286728,11.063364450003924,11.080031053687545,11.058238206369944,11.092392877721757,11.100515343449993,11.103199586595608,11.03183536883793,11.097792449082672
tid_1599,54,11.059169917809234,,10.956585049493693,10.929994349588622,10.961116011454484,10.971361158377194,10.917584732615817,10.943694555302557,10.974985154007085,10.990263705294918,10.94516529430476,10.969116902899767,10.965619093544241,10.963997649029176
tid_1600,54,11.35552517754952,,11.171467777887466,11.057046513442934,11.136712050277847,11.152413457849347,11.178471544166657,11.067467288765958,11.043981977757445,11.083239836566248,11.074004357457662,11.055144648964205,11.009777667230297,11.084375498806216
tid_1601,54,11.591063590847996,,11.532004671379676,11.377056391909234,11.395203400458124,11.416367572717062,11.361736214800308,11.462841783139787,11.465285748462076,11.472309447613599,11.43760817713437,11.4615974460446,11.480707671847124,11.496033827255724
tid_1602,54,10.682096576845584,,10.669009913655424,10.69154615027586,10.672846087813035,10.687387536456715,10.682685473877477,10.699345775727242,10.710391748506284,10.632754279416568,10.669530422449672,10.65108023509815,10.700771685028535,10.633758709072293
tid_1603,54,10.902863129319243,,10.872190090355081,10.885492995701277,10.875382025179452,10.882620905348595,10.873815181651624,10.895502964705907,10.925128377946667,10.845170632312222,10.871197870419515,10.88527437321523,10.952700851265636,10.864308690987027
tid_1604,54,10.793280293104054,,10.789267401249292,10.821881249555164,10.788199848088821,10.789130219196444,10.794099347024911,10.802037127383725,10.743440016925572,10.809499740809114,10.828858708738528,10.799692263391938,10.761894159436943,10.826378118432508
tid_1605,54,10.70771535769278,,10.630923278838884,10.615548434455654,10.634285885748083,10.640776049561849,10.631648829235468,10.621309807594724,10.66971675401305,10.617736177927455,10.613304352049733,10.645250909378996,10.6409844170285,10.603139466289134
tid_1606,54,10.64128538892981,,10.622294495039506,10.616412218781319,10.618003196620178,10.608767572691947,10.610237743532341,10.607367965520064,10.591392554030639,10.589960274941213,10.600984245355603,10.6005769431067,10.624328032720024,10.569049745477033
tid_1607,54,10.740228455252172,,10.640098040795088,10.606141573723663,10.638324646806218,10.644512622367026,10.64208943411464,10.617503589408887,10.589162189948137,10.592446185311365,10.58879179941042,10.557007520244836,10.576792317936063,10.587962053482078
tid_1608,54,11.00393648687086,,10.812717585753049,10.867956590407843,10.796653997765095,10.809223860209544,10.878007212999776,10.866245252104916,10.878537717933153,10.794617316416456,10.866813616809113,10.915479610305585,10.945488388915608,10.860443628746228
tid_1609,54,10.837038466744326,,10.807456941414973,10.848970016685126,10.80064448068955,10.816821143804093,10.804553593758355,10.844025608196784,10.864821713758074,10.727884483630952,10.748387592945848,10.794242619190197,10.899946729956412,10.788354643078385
tid_1610,54,10.70937619244823,,10.669009913655424,10.640503638979862,10.672846087813035,10.687387536456715,10.670433682593812,10.642662332151637,10.653639031304156,10.69726819675699,10.7632224299462,10.691189586756737,10.68464888733172,10.66313127916757
tid_1611,54,10.793965995215949,,10.840181631127228,10.841249126145366,10.822760444308573,10.843418101814786,10.798922125302289,10.858158719060807,10.889911670961297,10.818804126936504,10.82442971621961,10.826492959838726,10.845130043411563,10.837474169171259
tid_1612,54,10.893175575518615,,10.804361660240218,10.840854252928374,10.81378504518747,10.813863167838944,10.82290171209015,10.82989909096315,10.797966800572107,10.801152902952325,10.855553195938809,10.788017493572205,10.779277282628405,10.864920686476573
tid_1613,54,10.748381096297749,,10.619801355372214,10.65762671015987,10.623028122028083,10.629040225378297,10.618638902272643,10.634922034480756,10.494818659919433,10.58976667690636,10.594556889294674,10.561274231343129,10.5280558438629,10.61050126701523
tid_1614,54,10.794653278351328,,10.736514168617065,10.71146664981038,10.731396222905142,10.729491935107463,10.751814378574505,10.706310267997424,10.734502953469939,10.68618877985086,10.680792738750839,10.679141598976052,10.738393888567135,10.67758168605388
tid_1615,54,10.847132717065898,,10.873346950693389,10.87492820328771,10.885496170620076,10.911684554726325,10.936000944193998,10.887340834493536,10.863924607828446,10.842576964664802,10.862951241009478,10.829207146719755,10.857002428915902,10.861616945368576
tid_1616,54,10.732988701004455,,10.739560561640364,10.725703834079882,10.7388861320354,10.742075469086513,10.742284172598636,10.724276411370639,10.704738408279885,10.68780271969567,10.700104186379619,10.677881926440104,10.67671955007873,10.703041597895217
tid_1617,54,10.713172549344025,,10.703059521894325,10.68747823542008,10.680479052264573,10.718268482618868,10.70791040813729,10.708809302923127,10.763296800588524,10.733591645767284,10.767963521721448,10.755228325638688,10.820246145920368,10.734544010128163
tid_1618,54,10.904560512024895,,10.839650956840426,10.773677632910756,10.812542573945116,10.825839964198163,10.779713131533162,10.774259307548137,10.84383009519613,10.758591791355526,10.79546708230787,10.825263224469335,10.812199301051024,10.811397731590011
tid_1619,54,10.925569707214288,,10.800105720012521,10.829745224843037,10.81378504518747,10.810422853296055,10.790237760076014,10.803131180023845,10.750082656473792,10.859096325167226,10.935698821561852,10.841049342838621,10.758889572502282,10.833282791728706
tid_1620,54,11.143972597721191,,11.157446842027724,11.111363575491273,11.094561094755061,11.128651140751623,11.118519232783163,11.081544081444893,11.128633834087761,11.162553074796913,11.14085448709147,11.191235482655518,11.216847709111303,11.129163375632926
tid_1621,54,10.822791739390569,,10.814937307998523,10.843930448345366,10.816995566734352,10.813742711797351,10.806328120161446,10.85552399839116,10.857539763776412,10.793884997710816,10.802772300379047,10.808237782053713,10.892304584562096,10.800189668260325
tid_1622,54,10.663557129294274,,10.645391030819852,10.709863712026635,10.668241213865938,10.68226888390909,10.650757154424818,10.646705706334222,10.609090303680276,10.717323754904054,10.687803674865547,10.659800668781676,10.59227614034344,10.678431228546378
tid_1623,54,10.675732378954724,,10.789110072243346,10.852271743438232,10.795384729742413,10.791424537515253,10.842197990619795,10.85670530305666,10.833356730510214,10.755192246418474,10.794861189945275,10.784593919596299,10.844783487770362,10.816172526383083
tid_1624,54,10.79614111464413,,10.805406557559754,10.860427636441223,10.813448590485207,10.814468730233255,10.885575077877071,10.862930417686512,10.826499892095708,10.786904554357545,10.843774567692288,10.811489310900278,10.805110601447739,10.822435447921794
tid_1625,54,10.795971129686365,,10.757219347925131,10.79518132239211,10.772455674421835,10.771688938505415,10.788456143536285,10.817521980568058,10.752912332136933,10.72162263420787,10.71665388532585,10.731779893470264,10.766708692699277,10.750264243580354
tid_1626,54,10.646338765275187,,10.69334534835405,10.634015368595492,10.692988926110166,10.685645972282035,10.66142574364551,10.628844732860799,10.612226148252786,10.689770451877713,10.680909572589982,10.653479532828884,10.625114080937264,10.621559192330919
tid_1627,54,10.680500124993277,,10.820028141582785,10.741657115108476,10.789788127058149,10.813319839905807,10.75453918393997,10.778833876451152,10.894907703697116,10.75214140532393,10.796571859371197,10.814804765087038,10.894833331669105,10.812693183079993
tid_1628,54,10.826676437351267,,10.810218496073444,10.798337922876504,10.788727423356855,10.802164310704539,10.76561195323455,10.793685847188023,10.782708497296843,10.75681190710246,10.753844996644041,10.744023242652661,10.815577504402292,10.774125304742435
tid_1629,54,10.811917468998434,,10.865677574840891,10.854405699847389,10.830474992574729,10.830581698171855,10.797678950312918,10.860270420022207,10.923051184845542,10.758185560453311,10.809549973157,10.851545524537544,10.904985651793652,10.818801421369518
tid_1630,54,10.641706086289684,,10.677937096317999,10.726969581547802,10.675339164715691,10.68888052093874,10.728381128344491,10.740509141635993,10.667223575423636,10.68834931070797,10.677334680026872,10.701863392194284,10.656921842869835,10.651333033715863
tid_1631,54,10.835692971294836,,10.692632738677778,10.726613156344099,10.691036089369867,10.696010837910826,10.719836202067569,10.73172889570812,10.711966951033203,10.670683550170757,10.759924909097295,10.750642336437718,10.703727051495301,10.737077463903661
tid_1632,55,11.093435466253151,11.257093419032486,11.069356976063748,11.07602849760625,11.074190651250497,11.046212501464918,11.096444384153767,11.113040000728471,11.156153736878338,11.122766681733154,11.140791766465235,11.19464088522277,11.15027343752964,11.149641183809615
tid_1633,55,10.664239641808177,10.826501631970787,10.700118098574132,10.723345084960384,10.712077799507941,10.691656318142742,10.731840388511753,10.760453005795492,10.829416992992545,10.72018430531388,10.76391239046211,10.885631019543753,10.815141333759982,10.82674646527348
tid_1634,55,10.553429693043652,10.717267039057184,10.642390181833479,10.73622348060203,10.625380471178456,10.629300047523635,10.629233521654816,10.672174201631188,10.770706512392824,10.679146458504908,10.734519766779508,10.809133385402445,10.672311436738541,10.710207493765715
tid_1635,55,10.543537180434088,10.698001534482929,10.568317674336395,10.54849529104527,10.57947417144043,10.552633529353145,10.550287321879512,10.567934494580683,10.616944984411141,10.571836002796099,10.59549280175111,10.65516556389161,10.588318748109709,10.577705578054486
tid_1636,55,10.549506437258188,10.687975682280245,10.614724568912882,10.601330686366257,10.610853011451228,10.632580698924922,10.610979059548358,10.571036260914253,10.613268718203727,10.626354525629823,10.607736029268656,10.582316909816004,10.637684470751164,10.580850579327583
tid_1637,55,10.500368846749703,10.653917305894646,10.650272560364556,10.70528196725413,10.632841968802628,10.642202414637067,10.662463991057605,10.693397924474052,10.676551889491975,10.656447883448397,10.70170329633821,10.688977998385596,10.657328705669835,10.669225071037859
tid_1638,55,10.574279199906895,10.736759653065157,10.745313203113229,10.776499719103,10.757055451327396,10.767446234964664,10.764850201874923,10.765402722414063,10.788606967193672,10.82220768337974,10.773535804294896,10.764340807968331,10.799894200204438,10.781475929028344
tid_1639,55,10.699103321159363,10.86037689398198,10.745368588561044,10.79490884355104,10.736043795618357,10.763000271383728,10.772939673203572,10.761698219842936,10.828083986218385,10.786774333996448,10.779174333857439,10.838012475888677,10.833293929218893,10.764285898030982
tid_1640,55,10.53638566575023,10.670064082180096,10.567391399775671,10.593251519572743,10.566393839795829,10.558467279866276,10.58053914499295,10.600989050646314,10.6055134277151,10.564729580698168,10.609748694413465,10.63133418152196,10.630358710048295,10.600652855345464
tid_1641,55,10.688016753228029,10.888742622156816,10.676109035695434,10.667640468839538,10.65720103464351,10.658370945377637,10.687147392262494,10.69440011148201,10.692398343715729,10.691306949035027,10.688865454608845,10.702164123762723,10.728751070537514,10.702772694182535
tid_1642,55,10.57366544722484,10.737467840699296,10.639881650249407,10.642279724182261,10.649813678724989,10.648359827826292,10.629913515756456,10.637643909952233,10.664836778166583,10.683684786283559,10.652442824611457,10.662229483890172,10.692967408261332,10.641405127050803
tid_1643,55,10.64776026341202,10.831475603242424,10.71263499579615,10.738938939931057,10.692346837396169,10.701731937431848,10.707111628475575,10.766228818249928,10.770797357365282,10.740199294361929,10.849390067571502,10.858293375572945,10.744335289756304,10.822975825432005
tid_1644,55,10.65855498580843,10.829956312110834,10.732880447807126,10.72573031727001,10.73314005926279,10.728485905303453,10.773014359000252,10.725570595848959,10.796792733027418,10.779959412489031,10.771645845725924,10.800402272757768,10.799360850855528,10.753272366869737
tid_1645,55,10.602527337550873,10.786806645059668,10.687691354073838,10.69400453601499,10.697785288808968,10.672169467497877,10.696036125356507,10.69108444909127,10.67903536165582,10.714492560730509,10.699306225029689,10.695965058246852,10.658049474031317,10.680075321957585
tid_1646,55,10.524225317577931,10.664489623995326,10.660598062851712,10.63221226669611,10.648664727918748,10.649515868881995,10.636112340882097,10.651765213486298,10.63622967824701,10.69029067888738,10.677422056615367,10.620544359287692,10.627359833333342,10.666657048049531
tid_1647,55,10.591702590050511,10.746717148747376,10.659043186560531,10.652460839034461,10.63781255735043,10.648040079677557,10.679315988417237,10.634342087293192,10.63646479395853,10.691288397796498,10.679996030508304,10.659932458872339,10.647609101494796,10.653755490972316
tid_1648,55,10.514619038696964,10.68970832268707,10.602541888920767,10.596243722991092,10.582568651917462,10.590323576800511,10.585536161955917,10.557326921336973,10.557724233337634,10.603385284217804,10.604163795222757,10.574853722760007,10.548860636658125,10.570342185844916
tid_1649,55,10.671078720219011,10.826583079188566,10.630903434034794,10.637547488132,10.616914908011191,10.62380401827303,10.635255910195925,10.64160949648006,10.68508698115875,10.65338866243548,10.630222460202264,10.662299735205908,10.694935696236806,10.625724704931562
tid_1650,55,10.60666674378167,10.763019555391596,10.661253597244997,10.666200210682184,10.661070026629677,10.649629980617568,10.64248770413255,10.697982534842827,10.694630170077769,10.67792518138163,10.684415482220505,10.710670928400425,10.703288418662968,10.697100801495097
tid_1651,55,10.56706430578696,10.718544796401805,10.654094667113492,10.657048331779338,10.653581008265004,10.648380529867385,10.656058233157037,10.673417609724611,10.632272750495142,10.660898949022691,10.64882737853737,10.62840682393851,10.577515780801084,10.655670513210008
tid_1652,55,10.74718823654943,10.926395210453922,10.810972257021248,10.855661127061893,10.811076993860778,10.82294681481584,10.776988113730798,10.879966451439893,10.916058905422961,10.85272206286796,10.936664978971976,10.931034148800197,10.924117817908263,10.934773509065108
tid_1653,55,10.611656341671562,10.779778868146416,10.665038386280845,10.6978599792874,10.655981896278771,10.654447510198903,10.675556997966586,10.703172341705566,10.684923723327788,10.68768713510229,10.697635522872252,10.689284672276958,10.682159117872184,10.70161659098799
tid_1654,55,10.601256536091144,10.77346624714639,10.669628208374709,10.697933203515584,10.68954038120733,10.664207113400646,10.700089163329476,10.712652046836189,10.665911971132843,10.695571903006288,10.687633960928736,10.665561334822854,10.673818080479661,10.709329036319948
tid_1655,55,10.544996642431013,10.712482564117948,10.65058683380415,10.610709773224942,10.65099147555059,10.648664228423446,10.618583040152808,10.59915204483119,10.662929786365291,10.661234902043166,10.646055763608862,10.693112004982952,10.695567241513533,10.631886724510954
tid_1656,55,10.561214787864811,10.709304719365631,10.648112660715016,10.679154530647143,10.65099147555059,10.642719023015625,10.685631887121092,10.737564286649437,10.642438008042573,10.690801915592774,10.694795431880776,10.641705351969682,10.651568291110285,10.727960004835177
tid_1657,55,10.545928108689294,10.68435252718105,10.559540163949974,10.571723862227135,10.557325140041698,10.562646615738121,10.553146020355628,10.58690614235202,10.601556193605989,10.567022180769934,10.60517254319985,10.621363697476042,10.615833473173243,10.579809738115745
tid_1658,55,10.608234692662316,10.77559648539601,10.723738661366578,10.722525080073742,10.731959746941149,10.702038918687848,10.69578860968176,10.754178476818058,10.755594223835173,10.727314643147661,10.736289192514569,10.79550340979885,10.768549148100188,10.754690458533892
tid_1659,55,10.651487435269122,10.803652967512788,10.806285252495748,10.842249046774423,10.80464568735736,10.796405591761793,10.807707187540535,10.851841700754445,10.869406006950292,10.811301970702107,10.814285613265632,10.839747380537327,10.800165197596703,10.801977042562587
tid_1660,55,10.556507809458076,10.724781655443756,10.645360359849665,10.649407383533482,10.64722602999245,10.651262086892746,10.650205175091044,10.655676108729839,10.670697190515083,10.660522546380909,10.683111854008965,10.67011033764586,10.697872930901248,10.670889733124092
tid_1661,55,10.587672189220674,10.74477668231901,10.631987112007868,10.649083174004067,10.629318222930277,10.630877673978997,10.646123157681801,10.630092847327603,10.670247492646224,10.678385934601314,10.67557910329411,10.683999157845829,10.707032008443445,10.657012863014375
tid_1662,55,10.535575485593576,10.702880356930065,10.59362972047878,10.677446117031067,10.60399019595602,10.619723329121815,10.64328418479423,10.68521170820103,10.709945010283537,10.575654505564097,10.600945137135158,10.713751220433497,10.69232024357279,10.640749444350872
tid_1663,55,10.545465115270789,10.70431804896354,10.733004459370934,10.76213408882093,10.73744609676243,10.72665165437596,10.757963012084966,10.756789624276076,10.752463527627885,10.763073712058615,10.747291842554493,10.747595868883133,10.726371870330807,10.737975564104852
tid_1664,55,10.579272375917355,10.73024518509532,10.660276600690342,10.638421895606827,10.658653151261106,10.66167352248927,10.657466648190718,10.620640668558018,10.711033641930268,10.69413905939613,10.695405912101727,10.699966863547111,10.745120074354615,10.681546219775331
tid_1665,56,11.121840958566782,11.256760147269532,10.977885828050994,11.015123594431424,10.988532087310187,10.978773598901197,10.966295929870473,10.988315793154968,11.021960896640346,10.960891164981101,11.004581076541129,11.006700234331303,10.98552480215676,11.00648080236346
tid_1666,56,10.900327325413922,11.0557417088666,10.649002012248435,10.660148641625748,10.685657774892238,10.653084544511614,10.656329101600067,10.641475658228888,10.64097663117338,10.643931620741984,10.639936356679707,10.619389039527176,10.63891303204424,10.651552618680102
tid_1667,56,10.894338297235366,10.997956268451354,10.849459865630253,10.807088203577578,10.876110563883147,10.85993360350095,10.822541913788042,10.835893569553386,10.794911383949499,10.84803465200823,10.831978836329872,10.860173983466956,10.803731356236037,10.906595563125402
tid_1668,56,11.107369352721314,11.287008070106625,10.947858971099098,10.929440253931231,10.944322226659688,10.954752113352034,10.967646686003421,10.941243267692407,10.941278700651619,10.927002713783502,10.913620250880657,10.922694632184333,10.91493626135727,10.95912933110902
tid_1669,56,11.130940039027696,11.331697310194365,10.738786916072092,10.806093263665215,10.747429871301875,10.737198005331129,10.811426998061005,10.830521528294645,10.874583667511748,10.791599576785265,10.858238711855511,10.860198704770713,10.837775350893548,10.878058060718248
tid_1670,56,10.677207300369217,10.854229951411446,10.66567956124743,10.671646709000978,10.657823850793388,10.668543814383295,10.654355924536217,10.68018865956313,10.65623147171128,10.732145262883055,10.731917189039885,10.6877217572702,10.686244798808293,10.67814477065977
tid_1671,56,10.875691590091348,11.080180625564234,10.718884072780225,10.718769908909811,10.71837951029708,10.70718361363469,10.674274319997393,10.730841120101294,10.703493613136034,10.751528119493509,10.81805482891859,10.751284298184492,10.704464165969545,10.773698548465827
tid_1672,56,11.040141975490831,11.215263087882736,10.842071880392478,10.932111105016224,10.8301735344162,10.833866998373788,10.912355478734284,11.003572469432028,10.90233236377519,10.860566577738929,11.001887583461137,10.900766809653229,10.826187268389242,10.96658822479949
tid_1673,56,10.927561263532754,11.212403985634626,10.80998787777908,10.951310111519007,10.830135362091585,10.825453193163495,10.872946331401966,10.97829467943151,10.923801846176346,10.860756013438156,10.976505843297387,10.932810377043602,10.830568288961427,10.961968818031357
tid_1674,56,10.652109647312082,10.835206652687502,10.702773428088692,10.764518379889713,10.721112363746606,10.70647394759324,10.764929738910809,10.77013732823502,10.733859230602217,10.771625349118631,10.80681512156859,10.775352967987516,10.66719164790246,10.805554112954628
tid_1675,56,10.634580595510828,10.793356277278846,10.692386016378794,10.752238209447722,10.698314930669373,10.713598599348057,10.77146954520243,10.756652540345106,10.738134418027405,10.740044332956888,10.751629007371157,10.759490941054283,10.724769618495854,10.791951945299282
tid_1676,56,10.864889307881755,11.070750209599256,10.806738971537568,10.795527370551603,10.800942091868952,10.826172024580497,10.823360595254895,10.813983743224806,10.835456925359358,10.702631547607005,10.857386817199716,10.838611268452203,10.793848633739833,10.807705022353487
tid_1678,56,10.485462920066826,10.682849125911504,10.626969034909388,10.61172740951851,10.607872407561104,10.623304584393912,10.576469883551617,10.578190344035587,10.611196365798914,10.61678639503804,10.603250224581723,10.588128236139893,10.639790099243237,10.566453199155061
tid_1679,56,10.437970130832554,10.633043804980238,10.63876241119959,10.632542226035849,10.619790896968807,10.63090588401502,10.587125411371613,10.622046876591568,10.628251048526218,10.584812440867841,10.641347510024266,10.605761306913564,10.553592845579226,10.61316785184269
tid_1680,56,10.76191821270131,10.88157868531573,10.551560723600517,10.552769171226329,10.543022705833522,10.541492674113242,10.542880192025695,10.50963201956019,10.53845720885674,10.536826612686216,10.521789420777374,10.537341259588178,10.537579866994482,10.52514160916411
tid_1681,56,10.65905303941587,10.821307115152774,10.606074872726776,10.598709078998487,10.6019512250282,10.607706743387464,10.587662476646152,10.588869533880628,10.58767466039064,10.61483755656534,10.58947459462715,10.592100245708414,10.593554497645401,10.606397307769655
tid_1682,56,10.619002694558018,10.823080825014756,10.586391639528035,10.61134773780041,10.585764569960926,10.596707672018189,10.621189428521312,10.608159588009496,10.622869811703127,10.580249502527609,10.632746512083475,10.644821494791685,10.578269092194471,10.622574560728552
tid_1683,56,10.760822020111169,10.895471855979446,10.804514761868287,10.790536419492957,10.808295781372928,10.827235260680112,10.707311296978967,10.768470520647845,10.771332427892032,10.753586429412556,10.806550438994268,10.844643194127519,10.820776558213554,10.82930611735392
tid_1685,56,10.664253661154875,10.884985332034216,10.601043910050866,10.56369111597446,10.579236941746013,10.59654199729889,10.570316707835074,10.57042833743586,10.555539265095755,10.573710920249406,10.572376507878719,10.550459604222253,10.53960451667695,10.553038000638457
tid_1686,56,10.759524968651222,10.913215802787304,10.605124028867492,10.627252375166627,10.614524150225675,10.603503330024223,10.598875202668234,10.632409821065059,10.631387136649218,10.543136143505874,10.628358606712329,10.616273801115161,10.64852918440956,10.565086635089996
tid_1687,56,10.588088316294233,10.769846168462042,10.607447655481248,10.678452155686001,10.594010377300371,10.606883797241059,10.661134745765644,10.67271998235694,10.650363995154416,10.642834573313428,10.67176673371165,10.643489303264934,10.664679155898028,10.668701217566905
tid_1688,56,10.726640543151612,10.885290706152668,10.591976481714017,10.61627262868243,10.580232921992414,10.589406252572694,10.599577974619331,10.58332993613558,10.60657496729998,10.608223034337088,10.622260278049536,10.599669313347256,10.61991713139169,10.5915545807222
tid_1689,56,10.542437225561134,10.730715349869396,10.648342138143592,10.631046778591559,10.647222807042938,10.654173740934498,10.658759426905453,10.613918810776129,10.634879601266762,10.611755956664817,10.611788034496112,10.621169431037748,10.622313027438215,10.633298994411978
tid_1690,56,10.712088391191186,10.841328403560633,10.606479629331432,10.595055853720229,10.57765107336903,10.589903261001998,10.579681258230334,10.56794398823788,10.586339906849242,10.584932485515704,10.579719144761363,10.569922308803873,10.595221526525531,10.570575306006488
tid_1691,56,10.513907801113636,10.824148720127818,10.514382277245621,10.518412913954501,10.549962637146098,10.51491821011309,10.555972935885979,10.550729419162677,10.504022285614425,10.525195063355993,10.517611732533256,10.500672016448108,10.556750014980247,10.517577559522508
tid_1692,56,10.988967319213907,11.090920829858575,10.612427891104343,10.64826047382988,10.601158831105671,10.602919676164989,10.588953947912449,10.647565645980754,10.647167054857558,10.627509130656101,10.667259931337199,10.640040639985669,10.682633935832655,10.640552678388778
tid_1693,56,10.788768409872382,10.917686903527034,10.679893897764945,10.66434086155054,10.70857753123867,10.672609984107208,10.688840009121376,10.673824325160362,10.691207773182544,10.693131094965796,10.651312577374096,10.679401862839885,10.706441587765534,10.661294514856284
tid_1694,56,10.739106045290066,10.882634766713354,10.582297539995363,10.654469694065083,10.589046722202923,10.59808064265402,10.60173826851535,10.618446886591544,10.618920103746492,10.589342645601526,10.697668030763225,10.63184957163117,10.623714630690477,10.64612901858654
tid_1696,56,10.677154250154867,10.896496703523477,10.639282950787438,10.623670083392275,10.618041725923703,10.638533922317222,10.590914779448122,10.596743956571835,10.66341921078794,10.604746221840355,10.613039386587968,10.661804757065761,10.630877506046172,10.613743939586387
tid_1697,56,10.701557653022851,10.903681837112986,10.629075209604634,10.663860706007009,10.664035381965792,10.626569376929107,10.638944714036178,10.700864268413905,10.699126748796928,10.600220191327926,10.663027437849829,10.686098538224595,10.64746279094094,10.680453578587727
tid_1698,56,10.444697851009328,10.672650883519095,10.64930153559566,10.611099915728106,10.644481200296978,10.649160400265474,10.61235922905905,10.582908710757746,10.636229878484993,10.612751392257191,10.603946440827688,10.623800942072565,10.678184019461664,10.602810773358227
tid_1699,56,10.69711561267086,10.910859534884572,10.665724938559192,10.667922649461223,10.645644455168306,10.668040164431803,10.624725977081916,10.696401476586976,10.761717088517598,10.66795017410389,10.686127655060885,10.725684866336758,10.654327750538023,10.72199509415451
tid_1700,56,10.663786243651396,10.850129006010611,10.67699762806652,10.710355353905387,10.700555317198171,10.66812096774173,10.68208535838067,10.70186361647345,10.67700626880286,10.716758890768553,10.716927028321068,10.65468142161326,10.66339739349655,10.7165703291135
tid_1701,56,10.515378581163418,10.736083582984634,10.648236468252339,10.650767129098496,10.663375544074832,10.647452709655525,10.660306146847503,10.668841726629587,10.656643531967141,10.613290691785364,10.719499766600501,10.67365969078553,10.62758294196558,10.702612218520448
tid_1702,56,10.842693708981024,11.007193513069984,10.553186256772127,10.579695579841971,10.552456342128716,10.558296714046788,10.54724825514705,10.574955686840184,10.632198551516158,10.64148855794995,10.62184346799044,10.620733027229969,10.56886122583922,10.56645760504533
tid_1703,56,10.789502565245202,10.95896788911844,10.635294440137413,10.69247355136481,10.664035381965792,10.626569376929107,10.67135133009157,10.67963715244718,10.751557559017156,10.594759482107616,10.652066644755083,10.734288398802175,10.650189936772614,10.684325665336091
tid_1704,56,10.556976124080393,10.757292055878825,10.943192380811475,10.94180055351194,10.936148311443427,10.90707171162287,10.913709273262992,10.89236802889895,10.816949718110834,10.895342320788872,11.055316906551953,10.92480500998889,10.785390823944098,11.018610878379645
tid_1705,56,10.491229772006118,10.647498935436795,10.576094775093887,10.62476716475753,10.589046722202923,10.585140780006402,10.584976503645864,10.612833223071808,10.62784856271601,10.605967460876059,10.654766928859898,10.620791494822516,10.609184215013384,10.661255114661012
tid_1706,56,10.612050300320847,10.739110381342828,10.569024257090772,10.616828771706034,10.61548549426977,10.57753623405989,10.589858127915392,10.59711770663043,10.57986947851761,10.574996128285699,10.641044018997372,10.581223555854168,10.572945957700645,10.625789667609993
tid_1707,57,10.872253080549672,11.02315984760253,10.956516247380662,10.958633245250342,10.961731087091696,10.97958611773189,10.943694109252199,10.969074094938028,10.980163338209735,10.89968897570908,10.904711248780599,10.9239145204908,10.99538583755226,10.91029326933358
tid_1708,57,10.683213724954056,10.858227546225333,10.803226131630536,10.781361074302014,10.815030666992318,10.796099319993568,10.786159791214164,10.815108910412139,10.771084959698129,10.818728481939358,10.855331216533294,10.837252756318886,10.760307508347292,10.830993118597844
tid_1709,57,10.655184262219652,10.88236991157911,10.837088318063701,10.866211726814363,10.869507871753365,10.851017026721369,10.821398916795888,10.854611980856752,10.864187858266988,10.8355155021847,10.886823232489691,10.861353485341805,10.855383501639182,10.84993771300261
tid_1710,57,10.568592704970866,10.71810651251965,10.6878239212348,10.69456096295513,10.688183902309403,10.689874953616474,10.667728400960304,10.695260649213331,10.732393963341412,10.655483818113971,10.681014338609451,10.730958038294398,10.687155180684151,10.693165532294282
tid_1711,57,10.676037235882186,10.870357323778435,10.72533031512966,10.673769423930189,10.70767453023642,10.721817431057266,10.697117642086242,10.649458205953016,10.681170666615815,10.679007415508641,10.67945715582062,10.668959664627382,10.719058081078787,10.655599536322397
tid_1712,57,10.646048512301032,10.809768351780964,10.606719453676082,10.61293698781809,10.612434082617327,10.618603184227528,10.59706180618332,10.610751167617522,10.599985294357094,10.591531666740055,10.580968602531883,10.578014322931972,10.606987975744596,10.576999028729205
tid_1714,57,10.70843993706592,10.837476738702035,10.55650725845778,10.54772489371258,10.550811141589278,10.554877529749604,10.541281265610248,10.543529701495101,10.555026559805563,10.559480275742608,10.567513915144042,10.563363344836931,10.540111873372839,10.526088230839013
tid_1715,57,10.617772253339806,10.795608535103078,10.626992319229776,10.605370852984176,10.617405903014063,10.624627789448434,10.60610664633982,10.596943231008767,10.612281641692695,10.600639770867991,10.583987941710078,10.602392362752136,10.616247186179011,10.563170747728659
tid_1717,57,10.828805416969788,11.141913956131429,10.634570051503063,10.650337048188806,10.622621980879156,10.626246653044996,10.61115200700191,10.628271248626744,10.618429763049464,10.614463970780081,10.651572911041422,10.623807946545115,10.62579370731732,10.651779011603509
tid_1718,57,10.716040895214158,10.826161865929222,10.52953070069191,10.604363732535905,10.53779862989957,10.528455795558422,10.552957481990582,10.581569306384118,10.604142281774743,10.571684341243103,10.595513408514751,10.58810153132879,10.547382952375548,10.618028176086595
tid_1719,57,10.713470653713909,10.904439234643164,10.993560576528644,10.859062410383485,10.919892354804846,10.899730335863724,10.932401652415162,10.871688742847974,10.888634787359724,10.806726644609581,10.812220392820972,10.837214888049973,10.934924190038783,10.802606857671364
tid_1722,57,10.593507347920992,10.75314263249701,10.65022217409852,10.606625382306444,10.63648662967998,10.640467248188239,10.627511146146775,10.595560028065632,10.609509829213533,10.617627678706013,10.613091369956061,10.609482002371518,10.613098527687601,10.572334399273112
tid_1724,57,10.698936325013428,10.85838919628794,10.680237665874786,10.640462401681267,10.681889543982061,10.677065538834283,10.663671024093619,10.638446326510028,10.603227780163271,10.62939086319678,10.626833039936189,10.584499199714397,10.631576129117965,10.593627892292911
tid_1725,57,10.629597927986032,10.83674748958988,10.597484375766998,10.568154968311681,10.586784822241798,10.592649734279961,10.606513561239474,10.596800169415904,10.548021014833433,10.5896202876573,10.578664551950615,10.568480594506353,10.580724994449561,10.556294844431395
tid_1726,57,10.939286054079716,11.09423376993832,10.988417228065352,10.9441623867277,10.977074872258813,10.978316901826222,10.935727359816005,10.944637828324074,11.004380095854083,10.954954359726138,10.94624981544918,10.955753291646925,11.062566648179155,10.963027382974687
tid_1727,57,10.77079390138159,10.88228161094357,10.641287695010602,10.630752681703061,10.6365225876384,10.645728759646548,10.647099592287645,10.632882414291503,10.6737723191202,10.62184601925941,10.62958774894492,10.633283873917545,10.664276940775562,10.651077079883946
tid_1728,57,10.6706284130044,10.804768194538454,10.612595647774297,10.597443731755009,10.60757980099513,10.615527536785274,10.601432112154626,10.60935429272703,10.638571698095502,10.578211865886768,10.624319141910782,10.670414704330005,10.664799360318366,10.59928250672044
tid_1730,57,10.821167319254558,10.908115115930162,10.552363025244976,10.597837927027344,10.551047591739065,10.552078696862644,10.566686132533702,10.585183339920842,10.74529212196621,10.565432362343778,10.583844343018754,10.656299085404669,10.735481229947517,10.540804304856223
tid_1731,57,10.49776974243181,10.689526080792342,10.637470591139925,10.70274518012403,10.633158164198422,10.636899897935121,10.65411516944089,10.710752157306953,10.739308384599898,10.636048095646961,10.688444247942746,10.72723473996481,10.707125931847244,10.70605401455177
tid_1732,57,10.726996106514774,10.891509004566824,10.561810982821516,10.508800453352036,10.549849346906317,10.562898966131613,10.54895326557312,10.52245713867314,10.521491609308493,10.523106254813326,10.525350530216883,10.51192429609224,10.513001875194107,10.496649856566446
tid_1733,57,10.813293302294475,11.00973230636282,10.581279285413046,10.5993681590663,10.557212579641064,10.55322059834105,10.566422423345662,10.618434346461665,10.573619508873659,10.57028254835182,10.592892898236409,10.55877196510459,10.597690198318519,10.625494276740438
tid_1737,58,10.85735341356337,11.006987875277014,10.701394098105443,10.644851490376258,10.69077202120401,10.690465720703742,10.670264291765157,10.630810286225334,10.666286457504821,10.668953108098185,10.65055926869293,10.66051824897756,10.68545594097095,10.6377425340656
tid_1738,58,10.572254946570526,10.780827454835151,10.662974621340085,10.65134982204817,10.665878136723707,10.658461094777543,10.641793492984261,10.628465638468901,10.621952653676152,10.62832912774152,10.638532744927016,10.622651296594881,10.623314820618143,10.670165340466696
tid_1739,58,10.58761164721838,10.740568396512732,10.67322577578926,10.58131924508259,10.66456178583583,10.681973599721639,10.65351874260288,10.620677657112243,10.604584260033603,10.638112210579626,10.565734774030323,10.599132207250518,10.638332689612925,10.588010930297958
tid_1740,58,10.811770305968746,11.041456763029414,10.755676507602592,10.772146952949653,10.77017523861011,10.75438781732395,10.700311448613485,10.752223370011778,10.71550510270924,10.70847649531656,10.748146571785659,10.74577009341029,10.703277712112595,10.732350799022509
tid_1741,58,10.587926929985493,10.773101685088234,10.498179964288774,10.484862549830737,10.503402211411519,10.508594979741888,10.495755919521644,10.469560937371668,10.497663204206775,10.533143181492889,10.515736401364737,10.538725946023428,10.524865223633633,10.485675679587978
tid_1742,58,10.590440588932744,10.775537954031542,10.680396506121792,10.636695883188,10.741306135826141,10.687173682503538,10.643504383531806,10.614199174808352,10.680704033884785,10.604219039496478,10.634249685887307,10.66582569534316,10.662134383461638,10.630586116555683
tid_1743,58,10.69550447921153,10.845892325316989,10.621424764528076,10.596183437705143,10.60801266921087,10.616984495787564,10.623108425573871,10.599970775582136,10.59423329921401,10.60175856187828,10.589974845259647,10.586268066644598,10.618889074324343,10.578014627759895
tid_1744,58,10.638834178495127,10.783371528363435,10.512841240090278,10.49636187388455,10.4990311257735,10.503295010920553,10.509493049128846,10.48120939455898,10.492719834312629,10.508520109655255,10.504167250389079,10.520195254623236,10.514150684638166,10.509169922465393
tid_1745,58,10.749780622576257,10.926422176188565,10.757787361883482,10.675986530223033,10.739069856371465,10.740724310047435,10.727567041267935,10.645388825525202,10.661499233828994,10.696995857840752,10.647030739150651,10.703610558878019,10.65870541890454,10.648325404994692
tid_1746,58,10.475774154157673,10.657880338532852,10.496815344713166,10.511473254903034,10.491436018732298,10.498252416660765,10.496474418861018,10.571051220664032,10.517033745294354,10.49758683473097,10.483375047275457,10.523804766197582,10.523760961703,10.510051536647884
tid_1747,58,10.643236790819968,10.782338065236436,10.65598738115868,10.604952361320791,10.636398433594502,10.64623227431188,10.611684920273145,10.622852610794382,10.598953220123658,10.606427598957524,10.583384275747386,10.599231435462132,10.632529973087692,10.625656102675663
tid_1749,58,10.56460470488937,10.76071381991524,10.545243766334348,10.521749044609027,10.538073178736992,10.537043306631837,10.518399829216534,10.534210586412177,10.522461700463564,10.511468640087635,10.491283759740547,10.563046871482557,10.537231604387985,10.506716341672794
tid_1750,58,10.54820575369157,10.73566379828669,10.606226679363186,10.59421243550024,10.593310839870067,10.60260281167891,10.614398941030364,10.609822225678531,10.53722175068854,10.552623429972586,10.549241388949422,10.53231691797435,10.552578571303025,10.582681408734206
tid_1751,58,10.46946591344995,10.619955673667048,10.546691082247346,10.542974258326035,10.542615471951033,10.549368605487354,10.525526197580158,10.515947256435032,10.5192102769489,10.51085918951754,10.492243128495069,10.579288261860231,10.529847467141542,10.493069459645689
tid_1752,58,10.605941292416372,10.820949598154426,10.652251118224122,10.678280130811332,10.710746322584475,10.667496124801664,10.653920686854153,10.647611583279927,10.70156004254153,10.635166879955378,10.682162162540674,10.697291792621767,10.648308515991678,10.653974571769103
tid_1753,58,10.595096049930047,10.77912919160833,10.519776261273009,10.482859613702912,10.510304540847443,10.52429528167166,10.520726512601007,10.48772153147843,10.54836498989317,10.540913864867889,10.516796569001965,10.563037030538874,10.593688206936767,10.520693745519512
tid_1754,58,10.441164432952796,10.590078286496828,10.567526287923341,10.563978227226592,10.585907132102278,10.545640156809887,10.560120951880732,10.509009184890227,10.538723890427105,10.509773771235926,10.517362034125917,10.532559623951816,10.560684811238321,10.50894832461832
tid_1755,58,10.88031819675662,11.088465593156204,10.72401534590555,10.655816709655504,10.73964544382892,10.738096919719634,10.724634906267047,10.660520404293374,10.699739632372024,10.69052457520834,10.653227322293416,10.73062525546719,10.722317450041759,10.652896593782659
tid_1756,58,10.674918972493208,10.846507845402185,10.683368401325799,10.600345101828202,10.6571737614331,10.678985414730548,10.62279407324874,10.60333344045529,10.577739204323432,10.623631790844772,10.57257823889776,10.605225867995824,10.607539564419305,10.604104449826778
tid_1757,58,10.587051459869013,10.773395021329096,10.585059925377331,10.565348031560466,10.58809363348402,10.577345801672733,10.578520830949326,10.5399610333036,10.594487641979931,10.56738796990028,10.570619532285288,10.604711641673028,10.539327214353815,10.563754755739996
tid_1758,58,10.811667480589335,10.980244408343731,10.998660310937355,10.965379530514175,11.013154488353198,11.004280803250712,10.932393589719632,10.964417216632905,10.960409644646285,10.900110858068942,10.910013519421605,10.930946210729875,10.956586772565009,10.930388431890345
tid_1759,58,10.620302430396258,10.764973569035847,10.731106287347838,10.660066370800498,10.74616709488377,10.720808727410326,10.725167002390405,10.636447392395493,10.633234383826018,10.690534941632942,10.635981476660623,10.650000807277152,10.659767250943679,10.645397326087558
tid_1760,58,10.407747670459951,10.5601004083681,10.68779010705144,10.674588797235549,10.712018240879468,10.673323351095812,10.64901448583579,10.66207748242323,10.659061615727612,10.637451255841727,10.647756234382065,10.650052358235431,10.642089812171829,10.66739184383838
tid_1761,58,10.621127325683778,10.83814851376516,10.624312358616354,10.61926343620236,10.619102622906313,10.62339118718261,10.61140775694361,10.600308166792763,10.600038234655871,10.611506192283512,10.588918396873362,10.615978841987376,10.610935996571216,10.575447264001664
tid_1762,58,10.634717780121818,10.79680030100278,10.632290509441109,10.575722767950124,10.616362032305812,10.616384819299029,10.60192683200245,10.526513925534696,10.606067232606286,10.603171512309212,10.581416188201063,10.5778802631477,10.615371112169637,10.578217473227532
tid_2620,59,11.01367426504538,11.194637095178756,11.023490565472985,11.078061058639266,11.036836226516797,11.033061439417745,11.125543950414984,11.130638824861412,11.050353925503076,11.104411234426879,11.100480545099758,11.099535272937135,11.0056630899861,11.147108992830614
tid_2621,59,11.202008883045533,11.398327975071004,11.074094055156193,11.216524832211979,11.101099097081619,11.082218714660733,11.22769848312741,11.250760543279116,11.112793458751016,11.146866816016592,11.146134761402793,11.130884581414286,11.069392474079155,11.237221635260223
tid_2809,59,10.765839388239325,10.951948000373791,10.810179386692422,10.839741915725787,10.817172728885783,10.810464084539237,10.834459321254945,10.877974330922745,10.8702202783804,10.874499616952713,10.834501111709223,10.791074667478311,10.793272949557348,10.87038202305529
tid_2885,59,10.695232684070913,10.841175717758354,10.786667440505786,10.831994848095675,10.755647092695495,10.755920220226876,10.872601486279063,10.846103864550093,10.850923029590913,10.839191214127938,10.807778647351652,10.826260189754962,10.868740738193273,10.874970132399051
tid_2886,59,10.962504524562496,11.1467627974448,10.830587308016222,10.95851351601504,10.820312896352396,10.815189212737838,10.899390062742803,10.984422380752452,11.008455438580796,10.882962986458026,10.9275778829948,10.926519067782992,10.902707607234577,10.954943780029975
tid_727,59,11.216873798309212,11.386434374016776,11.14555778056236,11.138432037253628,11.128092887628894,11.149558832559109,11.146292885521925,11.104956058183665,11.110344861744888,11.151817665027643,11.172419125051212,11.12256859119654,11.127968770495535,11.185696194144095
tid_731,59,10.795210963970522,10.994338130241,10.780950443029779,10.827225209437245,10.80478707694714,10.810520419220847,10.853494888002535,10.854120056505327,10.800273823267352,10.861404840325953,10.810820560318232,10.78782774469935,10.76015156925151,10.84611093677817
tid_734,59,10.782452255209227,10.972997101616976,10.77979138547689,10.79071296136268,10.774676425763776,10.779800614845685,10.803680420328444,10.802168705583082,10.798438122352808,10.850679730036836,10.88441333078329,10.822101755875813,10.828326607090068,10.907221915543042
tid_735,59,10.90430323947997,11.0739707892748,10.708015212809359,10.689816432139043,10.698664080847461,10.706693620113109,10.727257712626166,10.685021780019849,10.746821711030503,10.726216519098344,10.68357712081453,10.724994774505396,10.722999335401546,10.670267704434506
tid_736,59,10.873787188190654,10.999952537396704,10.617858226949087,10.564907725260223,10.629872726280698,10.612280039219284,10.593707416604886,10.567830990638527,10.609597076340647,10.636114120735506,10.574250861397202,10.590488747225622,10.621851627140213,10.567893437685942
tid_737,59,10.697429843130967,10.875806949212931,10.67662819924758,10.724454569713009,10.717121507233667,10.683498430569786,10.698692540262826,10.742352171308472,10.759840506725306,10.66644319443069,10.665736489006873,10.738468405089133,10.728448093216715,10.67531243737221
tid_738,59,10.677952012772892,10.85157923135988,10.772112679472063,10.843172745327683,10.764167408785237,10.774558753922392,10.827047176042996,10.872792901499135,10.8112776555906,10.815669080898449,10.790922364955897,10.752953725738951,10.770415801484631,10.803406813787898
tid_739,59,10.982022976308365,11.115688909275374,10.809681929003146,10.83526751317106,10.797198180665564,10.799083632159697,10.817409416195213,10.919806631227187,10.830491202408554,10.848958227767715,10.821942265212439,10.790526131468235,10.793756629310174,10.881026965330753
tid_741,59,11.170570358150838,11.31263747404513,10.859521544301655,10.856424730455304,10.842597474619438,10.851117383192289,10.873538439900624,10.872758875163855,10.8950317092965,10.88653219300262,10.876372682268762,10.873424826264957,10.858285574256628,10.877612698200227
tid_742,59,10.620243832068246,10.795458952142145,10.643924096569263,10.666038662970067,10.68229232173603,10.629770826652205,10.69131569538803,10.681464530996031,10.654825131720521,10.663157787533121,10.63422630814208,10.65943288270534,10.676565011557637,10.618804565593454
tid_743,59,10.698588703060084,10.852185453385466,10.603797748298847,10.638401481623696,10.606869871778283,10.612909059004586,10.581869086018175,10.621253234336507,10.627501704504775,10.624526817544858,10.644201095121902,10.613247381537699,10.590158640897025,10.610570523367215
tid_744,59,10.648904550529757,10.815099355273546,10.6823133614286,10.75051839341377,10.685608910546483,10.681548376357792,10.719159113570557,10.75653559901263,10.744735251657687,10.721004209261912,10.709817978737426,10.74299021926576,10.71859153246247,10.7157220537104
tid_745,59,10.651636517526123,10.823853967518716,10.819662457054584,10.901174354542132,10.829911430992263,10.84729115138155,10.848432839734931,10.913734639633232,10.927858185671582,10.850148375974076,10.88127628719267,10.873144831236017,10.816978299979583,10.929099140656595
tid_746,59,10.64029030922937,10.87048660773562,10.576453581286351,10.585421055581367,10.568564564887044,10.578646521736685,10.57134875859809,10.574688313140696,10.567886214003057,10.608527750785612,10.563511279731959,10.535546194857721,10.539488243382257,10.555128861470058
tid_747,59,10.70207074590392,10.865233369571587,10.777538503639741,10.84524239859426,10.777217749134957,10.794599318441348,10.787663983836335,10.870896917390116,10.814698932207563,10.877614239115495,10.878590291862936,10.837512371628655,10.804539119652608,10.873188795664516
tid_748,59,11.041440739442695,11.20201024771998,10.931238611344659,10.96401039590358,10.937167527583663,10.94247813342464,10.979725836436511,10.9696954788781,10.92444183863826,10.958325970776652,10.936675097082226,10.92882994604428,10.903228208430013,10.956821003304787
tid_749,59,10.668341252640708,10.844388942422958,10.687359493627552,10.694671141240766,10.68215398890879,10.690806703195655,10.72424603301523,10.717195604923052,10.696073680428489,10.72310436146466,10.681538687454827,10.65971702667131,10.708962026933303,10.681188980361952
tid_751,59,10.790839569874612,10.989090586610596,10.774976857088001,10.859081386846741,10.776989273698158,10.775902050012366,10.839536294432778,10.89033873668701,10.824991836363097,10.81111947136381,10.809667726692938,10.777434174087638,10.795165867108128,10.8377654712672
tid_752,59,10.813571059387623,11.015264472601276,10.699057258157309,10.657094431243808,10.675498644171514,10.714252622379703,10.680990672062178,10.683662601941519,10.638729288122907,10.693027044634794,10.656415786126946,10.619202564420391,10.654703531695608,10.66072136478963
tid_753,59,10.722041963905276,10.89326849435965,10.644921695227584,10.5916119536712,10.64057691895217,10.643809094612505,10.63585778464738,10.661625330953216,10.650399739071512,10.653444775040903,10.603463715053277,10.614368937136454,10.671625591914223,10.619167853512803
tid_754,59,10.953242174756578,11.119153722203077,10.800799063966146,10.812836069092592,10.810661004714621,10.810836805228819,10.899865540950643,10.889793948291375,10.837421808327045,10.85693756873309,10.81061949439149,10.808007762669519,10.829565353182252,10.838326972017326
tid_755,59,10.56042448394536,10.767402298860969,10.678480447891689,10.75633225335905,10.684994083471263,10.68524645425434,10.708884298419795,10.722647001088129,10.709192470956188,10.680648017907115,10.718090998040573,10.679779846343036,10.694104505242224,10.679134065673152
tid_756,59,10.8662304795636,10.99137756247596,10.798348139218827,10.844760023565826,10.808999078901651,10.801474330486194,10.80076267620872,10.845551750742457,10.832361876741539,10.819281601586358,10.809909005198485,10.794198869016373,10.785960312621988,10.810009689788425
tid_757,59,10.999670225410016,11.197099029485967,10.895801174998393,10.92702274328471,10.89765975488793,10.893942025650828,10.957139300478877,10.94760441901988,10.971424453859305,10.96800449891565,10.952151926710187,10.969270911582448,10.941539128882583,10.9844598634305
tid_758,59,10.641051060256473,10.806924021224049,10.67263689449887,10.719907842325041,10.71326815705273,10.669548367888943,10.777070814514092,10.735366532117839,10.729389399008815,10.671096417968595,10.662589040594177,10.69753473330661,10.705199951110993,10.660873589140296
tid_760,59,10.930995814224502,11.119588018579377,10.662309467360192,10.628049201766045,10.65041058315636,10.652154593997722,10.667109442539918,10.651896546238858,10.64669933144706,10.667968079983194,10.609002204368716,10.62570338334759,10.667074503166635,10.618218335405427
tid_761,59,10.664872653012122,10.869636449492226,10.549967109542115,10.524970051004786,10.553478955216265,10.556115223784065,10.553479716393268,10.590289969789216,10.56617504775852,10.573445670492156,10.557194786788681,10.553186136977505,10.552845159260134,10.574834417396834
tid_763,59,11.00558542615562,11.164186093777518,10.900127536584652,10.957115230554084,10.892869540385078,10.892373405634558,10.959999219569054,10.962848307906185,10.945210379131705,10.95034942981253,10.973546588036683,10.937535887524033,10.896707941808117,10.968203180020552
tid_764,59,10.829247311336484,10.972770579282964,10.681433715482497,10.701446090112649,10.677885632838999,10.68775596611589,10.737799131574036,10.70416099789871,10.648137155222912,10.667636406473735,10.662734739876159,10.643513527719145,10.653526570417458,10.659748989414341
tid_765,59,10.629631792508595,10.794456373853476,10.689565166361849,10.660692422132197,10.68542832454757,10.694549857111154,10.71965281604875,10.684687460030947,10.696618647402873,10.745440211530742,10.709445435848727,10.73743315914244,10.695327298979988,10.714466067848281
tid_766,59,11.050597899222758,11.213200500452087,10.857607511156692,10.865118407500647,10.842597474619438,10.853556934126468,10.878331822211438,10.875042464338684,10.9131357166047,10.885182473795346,10.861348279717593,10.861028892134316,10.894706761326926,10.864132558047345
tid_767,59,10.812181501788404,11.035371805842695,10.835126994673297,10.862863498561179,10.833842685536878,10.8387873557572,10.857707030967228,10.900216570231265,10.935962096069263,10.899663942540148,10.861058180316615,10.882846704547552,10.877266671521461,10.868581104530032
tid_769,59,10.87832639883557,11.02098701692272,10.683770306396816,10.71423723867448,10.682598034464416,10.673655270945165,10.779818292354758,10.717640352112317,10.737451236439513,10.790593450865428,10.778082813902035,10.768223203905059,10.713288171485605,10.773670491069796
tid_770,59,10.80420972080216,10.978498507951912,10.617571805372554,10.68468367245515,10.585203694755593,10.581069050680895,10.718352742173703,10.70381015190678,10.66883374206125,10.732388251009528,10.701590922975125,10.687696728578699,10.597719050185859,10.709557918445556
tid_771,59,10.931398368031251,11.077043416525324,10.601203335501532,10.64978924376751,10.630639879602223,10.609507266153903,10.6829624390487,10.663978933184639,10.731232133562537,10.699772874525362,10.686884956089129,10.731874953421501,10.73406598046674,10.694982280363039
tid_773,59,10.567252265306696,10.719776717236952,10.608123857628083,10.606257194582525,10.640733008477826,10.604221959185166,10.621256026729158,10.601228250791147,10.558044123296359,10.634750597459776,10.64035155176641,10.596509401965033,10.560102269989837,10.652667886655367
tid_774,59,10.615927426476482,10.809398601398668,10.635131841676762,10.682995985771354,10.623780653551819,10.625740150582256,10.614360905896337,10.61861384505922,10.655732220138912,10.646316259122086,10.660822959671764,10.672507019902785,10.639471217581963,10.674720673117479
tid_1764,60,10.899143839791025,11.065914663034626,11.044774925100354,11.057671845345997,11.068895593464408,11.05593809810051,11.074575023984048,11.043645430601142,11.06249321424911,10.945472876745528,10.994246329668217,11.019683807513406,11.044947570608539,10.981606903087133
tid_1765,60,10.783089403463215,11.049597106447871,10.890340829073004,10.85654244473257,10.893417496925016,10.900458443860112,10.872715579123804,10.859988899431434,10.879708814034522,10.789650155934305,10.786912988045696,10.825249097140201,10.891822805135806,10.81928174926733
tid_1766,60,10.624111271843548,10.774473339801322,10.728878588399597,10.78276813603753,10.707527299966088,10.747007476934892,10.781417031149322,10.816905711597203,10.775938472186308,10.619731128772429,10.646692772568285,10.650858897908567,10.785288064875253,10.7094363526039
tid_1768,60,10.532597419666264,10.68013913449582,10.653992015375183,10.755696938802188,10.650482235829315,10.665582462385439,10.664813868275418,10.709491627290287,10.736041273892658,10.631065881414015,10.647670731490914,10.701084057127021,10.728026656049831,10.668466449438926
tid_1769,60,10.70484543311676,10.837309707021634,10.82311717296653,10.779338850207957,10.81116172222713,10.796440831221798,10.751413560567359,10.797781586773873,10.712193426263495,10.672698883972352,10.660044419545747,10.639045451153864,10.71052165781134,10.704886635511974
tid_1770,60,10.870155759563389,11.039869181111914,10.834784315689605,10.913158797114951,10.828549244325933,10.838390820421488,10.904776027716537,10.887108509221578,10.878094859589869,10.758309988268893,10.755287890483682,10.787912366764841,10.911664143706625,10.807947123953115
tid_1771,60,10.399168065915596,10.567429893202466,10.753642955170884,10.673873107879237,10.727673525579691,10.713457168882629,10.713661925619084,10.673803076440208,10.61391665751549,10.607296085998206,10.603250783926962,10.58852907482027,10.60178116667219,10.605893266909634
tid_1773,60,10.457504840935089,10.626931127327424,10.697524294174595,10.64935218551925,10.689204672003585,10.693627828394924,10.674551943078534,10.651090797442155,10.629278047560014,10.60936901835988,10.55038410262523,10.580212286323993,10.651547004723925,10.588629990058113
tid_1774,60,10.516736181698189,10.796349972255188,10.706710187330083,10.6748272623136,10.71530608927406,10.714026454203227,10.713859701580072,10.683223251316118,10.612672260110084,10.656920640328122,10.5902383886966,10.586515332076088,10.628410048623751,10.639941497155732
tid_1775,60,10.412315181639446,10.566899490289808,10.715302236722554,10.678631742777606,10.713282692537367,10.702907945545663,10.682033917599341,10.692775824580675,10.656437423147572,10.616587176111093,10.617189685908581,10.618073140114769,10.660742327107599,10.637483523103041
tid_1776,60,10.695318760524978,10.873341799894728,10.69679108363679,10.706657081680364,10.708826907622578,10.709057183732275,10.682146453157854,10.678409937196067,10.692518227393723,10.615995984758213,10.592339197105513,10.596253190212185,10.686330982262335,10.613289001470028
tid_1777,60,10.530460207766476,10.66636599856974,10.828713097457289,10.786282907974881,10.802037814070088,10.81541892866317,10.785804529894104,10.77648235397164,10.753070661651392,10.681295276677952,10.674103037115678,10.661641516715566,10.731913839458622,10.69954340543885
tid_1778,60,10.577729652883974,10.736516233541272,10.844794731636327,10.818552329721921,10.833567812948912,10.829218321961266,10.813633071904874,10.82589653024829,10.794824286002209,10.745289728012287,10.730775917442676,10.757494276255356,10.792101151677631,10.72905065173606
tid_1780,60,10.698064784589684,10.880931707563114,10.779705414683301,10.814514815690005,10.787594445507121,10.787888637287187,10.794681651977024,10.820154933147,10.819861777154149,10.736052704745825,10.723490925789092,10.760711823908673,10.830591628203939,10.764988952998305
tid_1781,60,10.672546612943812,10.920886170443165,10.878829913766532,10.812560479921656,10.830105346429768,10.859779174025219,10.825600528902113,10.817883256993856,10.81701949349041,10.656875771186815,10.646579924661339,10.652158222226621,10.793677551035664,10.696318019832752
tid_1782,60,10.575801725140018,10.721457376910356,10.824658226356371,10.816228277957663,10.803470008430736,10.807240198709993,10.810155628515211,10.810545483492788,10.789113242658575,10.70887702101019,10.715062091517304,10.7127148774647,10.811881443239281,10.738374130583923
tid_1783,60,10.696251535166803,10.881178135070938,11.426493687094837,11.227475373825254,11.26386770903546,11.402654735178638,11.190292613579377,11.28319306988227,11.277076501482235,11.12635995917006,11.1410391509782,11.173456049826816,11.335367790680051,11.163158147981951
tid_1784,60,10.54242139003942,10.674861176976044,10.715602253559977,10.67771934333219,10.712417531814262,10.709367689686037,10.687528800349137,10.703840114191665,10.629303075841774,10.606377555060252,10.544064768995268,10.599924555760529,10.62785313066422,10.598605847170619
tid_1785,60,10.615517820097574,10.78608912397109,10.937933087465272,10.836772219254676,10.88150872207657,10.863488074650476,10.826660448902764,10.865847942916437,10.754835227863587,10.733568132391495,10.690598298840834,10.750018211709568,10.738808823704877,10.777746254204244
tid_1786,60,10.735478863105945,10.82988305878198,10.687320902793875,10.746885647368211,10.657535116125098,10.699030256334662,10.783427474386384,10.790658196212197,10.735562050667506,10.626671458695707,10.680824520354326,10.698371129920854,10.671884464927398,10.69088842810305
tid_1787,60,10.693824962680576,10.852913208969142,10.85459805668455,10.751551596656807,10.8628994049099,10.83590561373104,10.829175324978017,10.806313374908392,10.736372966134327,10.74719661976246,10.665134880703295,10.686108100350808,10.79792035666418,10.704382803278468
tid_1788,60,10.532847929348176,10.662377996989576,10.681397955379246,10.807618005270466,10.654172272782429,10.692749889013646,10.752071913516287,10.821079975135227,10.791081791506278,10.618755115865394,10.694882708892408,10.724541687481402,10.730402122742966,10.737935524715567
tid_1845,62,11.060239810198311,,11.13400528138904,11.083986629037573,11.121359367349791,11.141231434259621,11.070725161793694,11.05431212376906,11.091318634203258,11.080379513413511,11.070740732626348,11.108207390914373,11.100270774935488,11.071409889223965
tid_1846,62,10.711950282566306,,10.812023625485176,10.795199150666752,10.82041075516175,10.813397041327404,10.764512803006642,10.884967759169982,10.748406500146283,10.826847413153683,10.831846711783445,10.791260590174428,10.747351636291594,10.897977502642817
tid_1848,62,10.621744331906337,,10.686814898172644,10.682475461318539,10.697578961902785,10.684206622480678,10.691031535811652,10.669998313395633,10.709169012710522,10.71811335952794,10.707495159306752,10.709489052617565,10.73235040890439,10.669905349747888
tid_1849,62,10.668341252640708,,10.56001076678246,10.513324897135098,10.548444481988346,10.550202242431544,10.5425192903211,10.530927175778453,10.506098515458332,10.566195708303887,10.554332641743555,10.550287211574235,10.487455753776269,10.544426759277176
tid_1850,62,10.652473804764544,,10.556135605712583,10.591289508214071,10.569502992467632,10.558190085908803,10.55140404630839,10.607610405805964,10.568043197471948,10.583311282513472,10.578516582594249,10.557059161098017,10.59454155484254,10.628941756798335
tid_1851,62,10.423756447929414,,10.574345168806078,10.56457827091797,10.57659927644124,10.5750859692349,10.575427860483646,10.578863039579574,10.596759373479085,10.588838070494159,10.565605438900487,10.577538862146106,10.621232269827015,10.555796002775988
tid_1852,62,10.85255907493442,,10.740269813225174,10.73361210103731,10.737216310208943,10.741952411427809,10.711332162617834,10.69941359614528,10.685038504707489,10.731969956203963,10.739501962627505,10.728400698284693,10.729158505794379,10.711188002378274
tid_1853,62,10.679651475479416,,10.700586829535837,10.705837951385584,10.699837239914869,10.698969363959034,10.674645634422179,10.687158400401643,10.69163911290058,10.704529764512312,10.703444075837085,10.7285561639755,10.746260399951874,10.706978577609183
tid_1854,62,10.68364923508082,,10.665568223911599,10.667093172615436,10.655813775394014,10.656982350958545,10.647761472091036,10.680783095143711,10.615184850663827,10.65760454215587,10.649067463417895,10.597779277103388,10.598141782790474,10.689030687547174
tid_1855,62,10.57034722433469,,10.727008445318363,10.714656439990812,10.735215688822773,10.727700943570083,10.686299675479114,10.680891866696413,10.70523991384123,10.69314105117082,10.701640202491399,10.70822054570879,10.740575747179502,10.67525140928308
tid_1856,62,10.833227437734289,,10.737799978281558,10.702436793118645,10.731011220048067,10.761655225226605,10.741627889334186,10.694088834252321,10.688383488370816,10.749018704164683,10.721770921547192,10.732126822783652,10.725137491596026,10.69636035639888
tid_1857,62,10.687023732823754,,10.750559286343902,10.661007134437146,10.754788500123375,10.744279331590292,10.698022299849848,10.618886929747848,10.67121694685231,10.675150218225722,10.675020181569465,10.675838200835427,10.70524375562699,10.65870536667517
tid_1858,62,10.728509128658905,,10.534114938420482,10.521663777768703,10.5236471552572,10.50786147996993,10.532593533892562,10.527184311528961,10.64052699741281,10.588686544536019,10.586073810874646,10.652376369820347,10.653118246870918,10.594689042073986
tid_1859,62,10.745470600007703,,10.787355257652028,10.747542408398418,10.774375700367443,10.80145277665052,10.73835181509635,10.740101121309351,10.672157455810911,10.724884413515484,10.761286399090526,10.745855785932564,10.722843513320786,10.762095789139265
tid_1860,62,10.97673245934161,,10.605298467019079,10.545819820246962,10.597920971936537,10.590904008754473,10.5914817121592,10.58738971593134,10.63997577344717,10.586842416556406,10.598423229624627,10.620938607297669,10.621407990211848,10.59669174983526
tid_1861,62,11.10223774272362,,10.866472478524924,10.82980106425725,10.880358436162725,10.8683773367463,10.85605513178982,10.83019108548232,10.876542691065735,10.843150525351623,10.894657433137944,10.884602001412075,10.84351311111961,10.928566441261715
tid_1862,62,10.617994970217405,,10.817815180885528,10.759595726011199,10.81065326602721,10.816186718308463,10.779190925094618,10.748530802609288,10.784744963357676,10.777161735562443,10.78885292914841,10.822770068839766,10.861058142267881,10.77938895112429
tid_1863,62,10.96113894814914,,11.038123015477048,10.946147038557882,11.026000126680785,11.04916898639616,10.975456098210872,10.933466372677044,10.96664856717701,10.981296840118995,10.978654282354082,10.96449992807466,11.050229791897843,10.979011402716228
tid_1864,62,10.679154370644502,,10.655761944269926,10.626821740436428,10.676127110263847,10.67508258840764,10.658879634230951,10.608318264010709,10.747331798588606,10.62950024351146,10.615158102424406,10.690865927083786,10.762019409123594,10.584168522490147
tid_1865,62,10.697902133374525,,10.62597407709041,10.634247827139305,10.624507018287591,10.631526131530434,10.641475196868543,10.623784085015812,10.616531879930882,10.634202766244108,10.627056843248742,10.617243804519257,10.612373386019959,10.60915902645557
tid_1868,62,10.621473676442992,,10.752681559916198,10.675672386526694,10.753905981570771,10.75074599174232,10.718133060162527,10.686132083209252,10.734928534527556,10.735978841715747,10.71039409524907,10.74761574133172,10.776165703799055,10.705980008346174
tid_1869,62,10.772086916343246,,10.67353259556169,10.646982346656946,10.68140538479597,10.682231322567043,10.660165404882113,10.611168621708698,10.730315370352303,10.691981643988806,10.683668953079719,10.70640210651393,10.773876079304467,10.685798728150216
tid_1870,62,10.521636364657205,,10.592645627665023,10.575691186298148,10.602861254882958,10.595233766064807,10.585218099396162,10.602476286347729,10.557761519397118,10.587012880980566,10.583204830337769,10.549108981176067,10.560876315129434,10.589782138698855
tid_1871,62,10.602870251778464,,10.601311183493982,10.571924896599844,10.58492222656999,10.588963439087355,10.5914817121592,10.599715863326628,10.577162845872424,10.604429131341341,10.598612815255661,10.585667075960492,10.563555811270469,10.609573502901029
tid_1872,62,10.646526671042189,,10.687073106950372,10.665403333959883,10.699562619931926,10.696537773834677,10.66722582745401,10.681791450911286,10.671814485895823,10.686995356081807,10.683323958291725,10.668255165695085,10.700538958634663,10.699565308418356
tid_1873,62,10.673915167665132,,10.752166856536029,10.744436556704139,10.744403704048294,10.764700578060934,10.745772364772257,10.715280215707015,10.68637230436264,10.749018704164683,10.733013523540095,10.68050437134838,10.682180234679414,10.721483417487658
tid_1874,63,11.144014537205411,11.306192765969396,11.123154581558163,11.12574181509238,11.121402086344116,11.144540307779454,11.161061727034742,11.069708994606634,11.149903080700183,11.108190125304883,11.11293632267488,11.14212072628412,11.120110671391807,11.05984749269968
tid_1875,63,10.858556592024357,11.07331446499292,10.952045799371685,10.89322683515512,10.964663824628383,10.95846543156773,10.924735487376072,10.8960422896359,10.914540376234392,10.910272510678348,10.910266848991952,10.904639608611491,10.924364746023775,10.935161559021342
tid_1876,63,10.852417773353055,11.032346109352307,10.952045799371685,10.886720454699653,10.955292349272076,10.95439498028539,10.9114971083971,10.928401396360748,10.91790578673835,10.920102974682713,10.920314693968542,10.921877974067367,10.923258220407895,10.924137712941297
tid_1877,63,11.001010915206132,11.167714557139735,11.046982187959125,11.031306048790901,11.043464287731373,11.040754353930842,11.012234564422146,11.00136961986321,11.001978854044362,11.01919515284713,11.024239883811086,11.011918158741093,11.042659624963743,11.007913257499592
tid_1878,63,10.901194202644623,11.054676478421662,10.675824091868074,10.710880054192618,10.68517358288687,10.690863662724684,10.67622699596456,10.728703091249105,10.659338403317264,10.663351736235025,10.698550301931,10.676251062428921,10.690595084195518,10.735152285892868
tid_1879,63,11.069814562872276,11.24606902577731,10.993669815031145,10.888529365407924,10.981735024333625,10.982721944377987,10.924929739734894,10.9019963313357,10.898735938938458,10.946889296355304,10.934274277449541,10.922059452217002,10.967595452378937,10.94569026908342
tid_1880,63,10.777559481473872,10.927290084395722,10.821510825124887,10.784879105624123,10.823255436892072,10.825026604637891,10.809453919766076,10.817259849783145,10.767613149327989,10.843834249843223,10.81119366786175,10.802758864320511,10.771417814494766,10.878195020433
tid_1881,63,10.906495284742023,11.103572810134873,10.955243905062673,10.95081057044982,10.952482644426196,10.966700297465074,10.97372584355411,10.936350544762417,10.929379929190748,10.885433946579566,10.915756909908529,10.903061695701956,10.89983686389892,10.916552101883905
tid_1883,63,10.820310142948452,11.08150080454238,10.839815026267566,10.792364734253512,10.840373259123501,10.836416446828036,10.819566010245886,10.790202304953423,10.8028379167777,10.819358498500081,10.83576026635306,10.815351049205516,10.821965735948028,10.85239355069516
tid_1884,63,10.650767741676,10.83112961360482,10.67197137302465,10.632664970966662,10.682048224838116,10.668901241207257,10.656050718171006,10.61891834294813,10.658329379615045,10.639578518714458,10.62782473421931,10.63061058224676,10.664668496268488,10.623035314013952
tid_1885,63,10.803295181391883,10.98953624875543,10.84418008736177,10.806690280056293,10.844935271882479,10.832443535793445,10.83951802318139,10.785808117141306,10.782297860853792,10.788166581070302,10.841833664731453,10.868787498548015,10.795036201345967,10.890613842782933
tid_1886,63,10.700985739370726,10.903240370110993,10.675607132406247,10.650579802198278,10.680016671520601,10.679814933033596,10.67794853679578,10.640051978212117,10.644632933838574,10.671026279856104,10.658548597491224,10.674280785727458,10.645328533247294,10.654207876987776
tid_1887,63,10.694849780593028,10.866492008555198,10.707810593848327,10.67671873606971,10.702830256381246,10.695199162748914,10.679859001705681,10.68708043647589,10.67199455272925,10.6601315740399,10.633824255724992,10.660977683257295,10.671809660788469,10.670877933266896
tid_1888,63,10.714224416727824,10.857563352133036,10.758509737780694,10.67483522368084,10.766533284487977,10.760663376286264,10.734063140606002,10.661566101764901,10.640535197179853,10.675737936945541,10.670123854010239,10.674946866762113,10.673165138150035,10.6889328584659
tid_1889,63,10.601380951958806,10.781854170309034,10.759848295874548,10.700311192712444,10.748539161443299,10.762261502697317,10.707428379663428,10.710745080331472,10.708288308771918,10.71071803373293,10.680973787651018,10.736344309364743,10.736302266851999,10.707086755781566
tid_1890,63,11.04489907968867,11.255847602823073,11.036685786768206,11.067483871830355,11.045449691925308,11.042560529873283,10.969366767987227,11.009441337745407,11.058662199742948,11.037792968004153,11.02856328685012,11.084153142059815,11.07357887410826,11.059053142974836
tid_1891,63,10.664590066526516,10.77765544415698,10.646301826366948,10.643979613347573,10.636290599659553,10.63629246810824,10.602517713163664,10.620824347155828,10.635075219828456,10.683789083391947,10.62997962938483,10.589175367018509,10.559364868980728,10.620408210344786
tid_1892,63,10.540053799541107,10.734555851759648,10.65070439231725,10.649768794451544,10.648766318449162,10.649666425738648,10.658372694143294,10.64631273890128,10.606229744234222,10.78348829661176,10.664805259350032,10.637093328366817,10.63644728237745,10.62676548941362
tid_1893,63,10.695475038305654,10.774985918386133,10.589615596892349,10.605487102670805,10.616211567262873,10.588408233030307,10.59867739477435,10.599202621248214,10.715487433352916,10.658333281648336,10.626703588538758,10.684365812365089,10.604404677377314,10.610524993605672
tid_1894,63,10.958475312138976,11.264776877266414,10.727410856609604,10.675407034578111,10.72039008918319,10.724955950222268,10.689494836701419,10.73134963910874,10.754481624573815,10.719015472977288,10.733155775548346,10.780896474141544,10.77823817625762,10.735371279801807
tid_1895,63,10.778228942103414,10.929192174037205,10.792437100044879,10.789419937789921,10.809328729801928,10.802600137915883,10.818119811017327,10.790460166279395,10.719976487501699,10.788030918713613,10.769816946045978,10.737154428356968,10.732526370219587,10.823002885639546
tid_1896,63,10.701557653022851,10.89467423174429,10.67470085387482,10.655924468773996,10.671530630719577,10.678777485226018,10.628036636988895,10.658807840603776,10.690763036661002,10.840362907100115,10.70381630215671,10.71902689540297,10.700876173581621,10.675457899874552
tid_1897,63,10.71435332223138,10.904108403371444,10.695742039976276,10.708150821973582,10.68824794428776,10.695096584625984,10.722866494584325,10.687051006812174,10.64429584111549,10.795458565074776,10.721451681834537,10.64715361271703,10.621933612801177,10.691153298202153
tid_1898,63,10.74698175962572,10.907294533930326,10.733864345276622,10.722797114008253,10.747935701183401,10.749202875572623,10.695436281893237,10.74490702145558,10.782576168154703,10.674455231870258,10.703044115060063,10.78304223267891,10.734609288297536,10.777200721042954
tid_1899,63,10.917284233565852,11.132079308202927,10.879523651481376,10.862899203750995,10.881854311181659,10.869495243404344,10.854336803022239,10.827987664856167,10.904409562276904,10.888924240636776,10.88515339541067,10.942846703197818,10.86798034930076,10.87566898918384
tid_1900,63,10.734281396366727,10.934917829121249,10.87800267719386,10.856865139236938,10.8755788922632,10.874250903152179,10.828326919934755,10.853353964390001,10.86579767939329,10.817136970650024,10.834674089124386,10.858942284223593,10.837526349128117,10.869755356993622
tid_1901,63,10.810135946122536,10.958987030322229,10.696964616691321,10.685970645932509,10.69857775784404,10.701706094301422,10.683587792124353,10.685399172617448,10.703995096484306,10.643725273972926,10.663641767825395,10.677154147036996,10.704125590662263,10.685413705176886
tid_1902,63,10.60814078388227,10.80124968519556,10.623309435319342,10.617082540029585,10.615882765659428,10.625558586220155,10.622338623314883,10.63971518807552,10.645662121735237,10.660031139295752,10.627726089087156,10.66505067074098,10.680812067388281,10.631754825573786
tid_1903,63,10.643038719272536,10.81404588556188,10.756096482289971,10.705079006958188,10.743943995820215,10.748987107368736,10.702573259164723,10.716245090768755,10.724641937063975,10.68921652973756,10.681550282631479,10.70707184978186,10.752426907475728,10.737217649669416
tid_1904,63,10.970987499511612,11.176317819181609,10.792086710893305,10.853995311526646,10.795006332860302,10.796754742859406,10.81500652067002,10.86589487052615,10.763242210168,10.87651453004144,10.894783687380766,10.842879610154732,10.758170336419155,10.869035990095673
tid_1905,63,10.981645401524514,11.12140468129161,10.965565209221392,11.044868025312114,10.946904032832999,10.978228834669947,10.948934111728702,10.981965524345673,10.998834074926416,10.893483917751173,10.906102410854785,10.864967313403,10.940288162861322,10.91298565014262
tid_1906,63,10.768661816493276,10.943304794693733,10.831366159926292,10.764976871944947,10.810206288129729,10.804516218451585,10.797929103965245,10.763771600929804,10.740859647563527,10.71924211900976,10.767560162004507,10.718481055595033,10.721407940953712,10.745729752572553
tid_1907,63,10.699471065682593,10.862004093122152,10.675965343253843,10.650363105836181,10.683295439842142,10.683205612649767,10.6954359909423,10.669659745571995,10.697094776874208,10.637166860675938,10.64146080556314,10.684587450732161,10.724308246366094,10.644991618283633
tid_1908,63,10.60836318512468,10.779441588780136,10.625071523045767,10.599141497256234,10.615721633161222,10.630365091642036,10.61701400747233,10.590694586527611,10.610361111350231,10.792701294850518,10.640274796849074,10.636174260275943,10.620743575176695,10.618267823877524
tid_1909,63,10.638016570874845,10.808753736792829,10.645470124374157,10.649249503260979,10.646859391124046,10.645681813981293,10.653615342121721,10.657905975316122,10.680585909224614,10.801172931354419,10.707391733228357,10.716600794581698,10.671828040020637,10.6880704299101
tid_1910,63,10.87367538594786,10.939585935814996,10.692499428977024,10.674772705013126,10.688942793698063,10.69329688051703,10.66030752521426,10.680742159768819,10.681753019878197,10.676744733651722,10.680392051522203,10.69668357933364,10.719820404663954,10.708013982556842
tid_1912,64,10.669999035939163,10.832408190310304,10.882771383139907,10.843014207860797,10.851370216165101,10.867988549289105,10.833274827889726,10.807450425543987,10.77292348373439,10.864131429038101,10.871985389407971,10.788214681266009,10.807534619737957,10.867961005304807
tid_1915,64,10.723256370752935,10.836125930518808,10.599317241296255,10.60131203918929,10.601228772654625,10.611213872749094,10.611511659532603,10.58277240578838,10.61934923155093,10.54990145773278,10.575426694522623,10.638777241593877,10.597441857118037,10.547173809504596
tid_1916,64,10.537929829940076,10.703080409753667,10.670414938384834,10.651648685462767,10.65323872376138,10.670797230970344,10.662323489645345,10.650095609553626,10.661931214486712,10.698999475105827,10.676463014844872,10.68437447562914,10.673196557223566,10.689131632299366
tid_1917,64,10.621019981381703,10.77756782642059,10.70072359543479,10.69265528598245,10.693484008381018,10.700517748360634,10.685942620943829,10.707638873236313,10.688350251397747,10.736724289347626,10.70177496941328,10.730406376741602,10.674873060208379,10.740543863143609
tid_1918,64,10.496938699480356,10.63757272088885,10.63034091780396,10.5672153568773,10.614495527386259,10.616584432870306,10.614336395005365,10.584951946359128,10.584181226942734,10.636341611965033,10.57603405095833,10.561139689174937,10.629577521142739,10.58684698884167
tid_1919,64,11.006825325163948,11.19355318711678,10.974488358028028,10.933497478300305,10.960435661008642,11.003645565974873,10.878774529151048,10.917815716656413,10.899833355718847,10.89074871740196,10.919465445039837,10.904535562178705,10.910499323594314,10.924749949390534
tid_1920,64,10.622090469067862,10.769549686190455,10.79924773589136,10.779559273448193,10.807488283410958,10.80864748054956,10.758796779205802,10.760225139285339,10.745341313949258,10.811904954128991,10.795570929410621,10.755710353217365,10.77735479118749,10.769864588181584
tid_1921,64,10.461908341029762,10.595989524994083,10.557803861202569,10.562591659087598,10.55018490024036,10.54596361678564,10.558977132069664,10.584807828278208,10.56327712239745,10.572627309887359,10.567306546445712,10.567313643390957,10.587448879837588,10.562517227852233
tid_1922,64,10.648009649152485,10.813212778568118,10.807564034252396,10.826233846456523,10.813931218339967,10.827517451808067,10.81160656108435,10.801031773363269,10.769334836350602,10.821890656101615,10.825505403539438,10.757514299618373,10.763017085018914,10.842507409963085
tid_1923,64,10.604875682997651,10.777594947016494,10.590236293495256,10.602531366018503,10.588096287335528,10.588857887636907,10.570566879952358,10.585846874253601,10.625772864985986,10.591051101389692,10.614849621411453,10.613915289646796,10.613649712151876,10.618754156324696
tid_1924,64,10.467507911804198,10.56738613273695,10.596458991743331,10.61275853851429,10.619485139370253,10.592665625490355,10.587898458269112,10.572652286189962,10.569407070096188,10.603640304410169,10.58039498714272,10.583247631512705,10.583595549052449,10.543680944347367
tid_1925,64,10.633819721721377,10.815083280106062,10.523313098724298,10.529348073029965,10.513537644912539,10.512056779674523,10.523756295072001,10.543493254822527,10.536854850702204,10.541585174386759,10.56179169528818,10.536026431805883,10.551832390471672,10.542911028577237
tid_1926,64,10.649680116678526,10.77447961786295,10.637932521682332,10.636476761771982,10.648222589323076,10.658470787707326,10.656416464339571,10.608683945421737,10.649562123995223,10.680683525353,10.63629781733407,10.6410038655712,10.637680773346563,10.656338732110052
tid_1927,64,10.723166057310156,10.890572199710364,10.68892589800872,10.67259200359443,10.7139066999157,10.68871922386832,10.623132024813012,10.682040162740167,10.696399553062433,10.722446822021722,10.676706429916525,10.670609172715107,10.658757491058761,10.66401597435554
tid_1928,64,10.5373915004721,10.67670667111163,10.656740614003128,10.66025706353498,10.648838005142192,10.654048713740762,10.64041208817493,10.650641536417282,10.645480408012785,10.63708629488641,10.646968529724095,10.658278724498949,10.613557400950329,10.657467728473934
tid_1929,64,10.613740098599008,10.76882177540943,10.696778019886787,10.647602636681853,10.695155521113072,10.689538689617175,10.685384202602664,10.66700840485548,10.693508887569541,10.736773247389966,10.671278433533255,10.677549956847523,10.692474869120542,10.687784802618916
tid_1930,64,10.49802637026078,10.677615462228353,10.676791806110426,10.709235697751426,10.698540325576596,10.683590724795577,10.696096113460639,10.721843274647524,10.676555470359007,10.683548002729053,10.7079280611098,10.73341959605337,10.692729410107312,10.75680160294398
tid_1931,64,10.584739261683008,10.77101651983758,10.69321389549787,10.704212027939128,10.692654248755044,10.698434398478605,10.679721925386515,10.697510551247028,10.718911640096307,10.674780338700222,10.693677615864324,10.733560677174667,10.748183670131395,10.697228499411496
tid_1932,64,10.474741072887062,10.645360609484804,10.552084084131344,10.59263309739439,10.550440340423977,10.54618126708916,10.547317861191061,10.592972893508586,10.577346397740943,10.556948541705625,10.586506553062915,10.550371309648956,10.52475072610462,10.583454383763835
tid_1933,64,10.831722665427256,10.787011261327375,10.603461448097416,10.582329501214257,10.598796594916383,10.615564352242044,10.613144728180846,10.577080448517545,10.598449542689513,10.640147237435311,10.606456179388726,10.613356264798494,10.62322742956254,10.597409295044445
tid_1934,64,10.607683470380955,10.780055685333329,10.778681738411443,10.767202302958081,10.769218073674306,10.769165161842032,10.754474009209947,10.73824123458876,10.752627312622218,10.793581431700256,10.785273203481589,10.748159207495748,10.69105398346692,10.751425970162872
tid_1935,64,10.573105069018863,10.675894057081642,10.576136353106094,10.591865395535393,10.567729151510594,10.57366553526792,10.574398443031605,10.569791088681065,10.615653813441854,10.598755574165821,10.586804125358318,10.60885088201635,10.636053452848447,10.579010670060955
tid_1936,64,10.48629238424425,10.59481808398785,10.6381022790962,10.68617319096155,10.673662215486576,10.666905607766237,10.568041746246655,10.666466907153644,10.652791287769729,10.604031343728836,10.6567278855995,10.63522884193384,10.620260716849767,10.632483494150549
tid_1937,64,10.436465980943252,10.596552229692762,10.635685717411727,10.686541653755553,10.641740223308641,10.643803574567384,10.649977286031902,10.666752534945891,10.642275652939762,10.656401761273546,10.67971599178432,10.643216353896822,10.605719635857158,10.684181417444591
tid_1938,64,10.585240059682189,10.719840815196338,10.591062429360203,10.566410790318773,10.590232991061692,10.59342303660923,10.607457789927157,10.540815910654377,10.57987565689179,10.614231560658617,10.581888597355745,10.60293222249338,10.602171495386864,10.58186148192217
tid_1939,64,10.602047557295936,10.774904341824916,10.682090122806866,10.690931325552187,10.702625175897007,10.664068818166081,10.646890337255883,10.685504726001634,10.656329453700673,10.650063864088777,10.709420111946924,10.675345719547444,10.616249389078888,10.688744041006542
tid_1940,64,10.429236270959974,10.54094758934847,10.6166044602514,10.62328965758754,10.611299466974558,10.627913059476098,10.61383995645336,10.59135430718948,10.615582090786042,10.547294186698108,10.584503727592434,10.594322450235087,10.591063491026324,10.543243393845053
tid_1941,64,10.575860433879596,10.717756632980931,10.772541032088743,10.697319986901482,10.774096603085763,10.76711038714445,10.746770654353679,10.696427148020312,10.665411674408094,10.787105485862599,10.701174605188562,10.706289500919171,10.666410601687163,10.711212561111891
tid_1942,64,10.51992646001141,10.605473059763083,10.568263333111052,10.605695983584196,10.573435570279207,10.580294637765485,10.598387665140647,10.58912053925797,10.610784474480745,10.554357986350308,10.59884938773768,10.619678407196533,10.602125915258073,10.546950103340686
tid_1943,64,10.461092749158212,10.57380101668713,10.606277370530188,10.584219769452911,10.590560562762398,10.603770359877318,10.568035734302931,10.493877628701442,10.543290171871586,10.617153753844663,10.588182844224782,10.569979503998482,10.584523657619751,10.56371873365731
tid_1944,64,10.640895607883776,10.810737539758136,10.698985959813802,10.701784955603145,10.712271482183253,10.727067708795117,10.70298574931234,10.700493526975265,10.664569045106711,10.701868591169287,10.705315909553946,10.674758180863863,10.681718702395923,10.71406267804826
tid_1945,64,10.425680324777195,10.55966987359058,10.56883870053867,10.590786024059645,10.579611202433796,10.580294637765485,10.593898351626121,10.55157639458212,10.563330376589063,10.621408223202119,10.603009894504263,10.590644590045216,10.561355705632636,10.56422422281564
tid_1947,64,10.687872997530322,10.832127715318144,10.686517966677435,10.677270146730843,10.69363721423757,10.69010844559017,10.690184738741364,10.696488704665509,10.680002319956111,10.733467741385772,10.704348186421116,10.691804046662586,10.685054646363557,10.717565744744004
tid_1948,64,10.750040135272924,10.91077919262651,10.699120936689903,10.716988761334296,10.695155521113072,10.693230316192906,10.708892276681432,10.740052905871952,10.771512584934428,10.740465866495713,10.758761965638778,10.80755677557723,10.762177200121233,10.78745425368707
tid_1949,64,10.430276088376663,10.615481020892434,10.56665214685826,10.594418713514214,10.563886423447896,10.568644163726713,10.565673374900243,10.5762553718386,10.564518488334345,10.610340646995738,10.59540149102426,10.585313159323267,10.55250598854652,10.581975338785467
tid_1950,64,10.68237196537464,10.771801589285174,10.597810087386996,10.634492571081955,10.60771113866906,10.619287315500356,10.624948827851743,10.627898345674446,10.62599131594291,10.638011788859245,10.649784328821852,10.63229906709189,10.605632868696954,10.628378899848476
tid_1951,64,10.481770870006438,10.625253773511416,10.67520112154978,10.693072234520157,10.659089566212007,10.669313932096696,10.686304337787558,10.687221234674457,10.660521381579056,10.672957808717493,10.699828774321471,10.668960525388508,10.662115419157432,10.69241418279211
tid_1952,64,10.834499395191676,10.990179070308544,11.001997029303269,10.941156544152358,10.991805511649774,11.012523148033011,10.97529452798846,10.946632041644133,10.973589990451895,10.976687009012945,10.952926365028926,10.927485394422048,11.019542307826388,10.956861191797294
tid_2887,64,10.99622930997249,11.138226197330074,11.041902933629407,11.065235038906472,11.054776404411099,11.032950306691905,10.979726459892657,11.038212075574508,11.065654702457412,11.042039977661616,11.066415095872891,11.036385156133159,10.99587027624664,11.042649525152685
tid_1954,65,11.309273217986428,11.478592785889724,11.439128025952085,11.416559674885592,11.494099521509678,11.472350005646746,11.49810605460456,11.466940311827956,11.350983048933337,11.446615363123358,11.435038963078211,11.392814132264238,11.477327490745864,11.464656266404393
tid_1955,65,11.431354172940004,11.592534848002972,11.647753605275101,11.486773574237976,11.735863322648695,11.650947385314256,11.716274022783077,11.465750001129908,11.433334210981856,11.620452812796264,11.513317286462856,11.425537443472807,11.48301027375972,11.51968536147432
tid_1956,65,11.39729236654166,11.573621613640322,11.326173242455997,11.284603302198608,11.421559709789792,11.414684221902593,11.345429319578063,11.260350491329032,11.23716672315737,11.379646639508072,11.267643643354276,11.26887135197234,11.3482032012744,11.315777355112404
tid_1957,65,11.630560934183665,11.760493105020627,11.701433680498983,11.629526443836362,11.708994989996377,11.71328941430524,11.68994416889027,11.577433772025161,11.517086770674114,11.608805697247993,11.560966097379731,11.468076586271689,11.601449992598408,11.610946585631849
tid_1958,65,11.76689614007964,11.916546206613075,11.890773736806771,11.860771022085693,11.90236118203038,11.884995953308538,11.88479858692045,11.89047788326749,11.72367634968918,11.844187689957144,11.794031795598503,11.651393330474352,11.729404175045369,11.891030509327058
tid_1959,65,11.311527505115428,11.468229308901371,11.583412201942917,11.434307787123632,11.663981420454567,11.63529331713135,11.582763140901976,11.483206711668185,11.4616715961712,11.520431024644349,11.39847696893439,11.44519778429931,11.505674839959179,11.493895971872165
tid_1960,65,11.455101417880908,11.59629831387091,11.528107944468298,11.442127838432082,11.593984217511231,11.576927821143377,11.434975130962233,11.3296739243475,11.337139181876786,11.468499897193151,11.369187498345344,11.389801984785466,11.46657727343112,11.341630107532831
tid_1961,65,12.010226238895306,12.169068354298116,11.895284116740758,11.81511587733825,11.890049690716824,11.89125823532172,11.846032123158455,11.769413134825417,11.776585666760383,11.867063520139363,11.78359323114729,11.792865298776379,11.788516905823391,11.753949724463903
tid_1962,65,11.604688451826954,11.750696708041826,11.679365683388605,11.682683117461572,11.773955765302423,11.717167423972754,11.643525887774866,11.607599927414578,11.664018262727382,11.708761126967142,11.668893587265053,11.656918211762294,11.686084229611984,11.6286080860913
tid_1963,65,11.270923965010422,11.444767601909543,11.350237532122414,11.306227107725972,11.453566899170331,11.43381484710635,11.367555543001494,11.33307548358518,11.428855844889664,11.363768538849143,11.300508622728088,11.393688276616354,11.511158252370747,11.34281940929181
tid_1965,65,11.333981796681776,11.457019443030635,11.396874581665637,11.326648632540506,11.494247995232623,11.49497423257925,11.467583781407924,11.352213724729953,11.073880316230042,11.417268708812276,11.32832191935645,11.18844355583616,11.187566943498483,11.340390236629954
tid_1966,65,11.38347146276573,11.542170625798438,11.365776831619462,11.333529346343495,11.445238437490596,11.4382358939495,11.422772122646581,11.315942482674963,11.270785840302663,11.384962361979728,11.341172027624559,11.290435309189014,11.353103650870779,11.374222529900775
tid_1967,65,11.350114728194969,11.532004300980915,11.627917046206605,11.416304445093367,11.704000870460229,11.643956483110351,11.530211234276695,11.372632525441473,11.28693711586664,11.509218573587662,11.391396020725521,11.356871756868758,11.446925731197144,11.399874003869067
tid_1968,65,11.738137275960067,11.903762773236732,11.629924942120867,11.60369216426454,11.694886494739428,11.669615988103827,11.576830397796142,11.488323639623838,11.373642086948358,11.509225444754051,11.531710506684863,11.387252674154261,11.361068331081817,11.492849035689861
tid_1969,65,11.410177090255305,11.596810627105086,11.439446788055754,11.322465222997268,11.47019384617805,11.478567524013938,11.386857091319913,11.27589260143277,11.256652838514569,11.37771531178424,11.307614895166767,11.31819772197641,11.307174257830782,11.313298138993412
tid_1970,65,11.773866409305713,11.940239471346436,11.936079625728846,11.882875821507586,11.92427781870003,11.88579189930358,11.837948207914511,11.860398328535215,11.846384228700135,11.834028623044178,11.800778608598296,11.81344784551298,11.928309890991187,11.848044818009276
tid_1971,66,11.345010828320213,11.528690540548611,11.255254424962423,11.306116087395587,11.251340774255922,11.286845186504818,11.268147271056675,11.276461847790078,11.396851318059111,11.246318110063893,11.276840854327833,11.385068824731375,11.442056666480608,11.270004583181919
tid_1972,66,10.751146062167289,10.948437075167952,10.844375628413305,10.911971352085423,10.862658105092539,10.846012425638765,10.941907292570848,10.903442910614515,10.946375383502488,10.884099213232654,10.888767465876931,10.929332657746285,10.923303168025946,10.917842547424335
tid_1973,66,10.80243475106264,10.993423981201303,10.844903185745599,10.934924657090585,10.855013284475929,10.856091540134361,10.912137144513567,10.929489385545438,11.02044228028125,10.85326062274211,10.912139346463457,10.994032440526933,10.929990738727081,10.949269587814138
tid_1974,66,10.855562329749054,11.037943062175016,11.044726740228986,11.098905531796376,11.032761390429195,11.042920816534856,11.168681788578716,11.046695291267039,11.039609420885705,11.274822150183333,11.217410624918761,11.157662082738314,11.022063818154082,11.14311636525823
tid_1975,66,10.945446593863853,11.136244587355687,11.227674021247516,11.250875452735066,11.152560096286944,11.136498356918104,11.183347890100922,11.254376501370455,11.179596573322533,11.23784206122982,11.239710937844132,11.261447695479733,11.126169427936329,11.258742706306188
tid_1976,66,11.154209868887918,11.417729778611278,11.13098847426492,11.228353148621077,11.109398032664869,11.112364517078719,11.18003372773003,11.199198536330691,11.344994213356687,11.201639052293078,11.23496689039262,11.418860752558132,11.34018270562126,11.286860361275687
tid_1977,66,11.055607432226504,11.223795678419249,11.132910904748362,11.104039242118914,11.09393855413805,11.130776643594652,11.133934218515233,11.069829560473792,11.129358107186967,11.17052019860065,11.146739257985399,11.155331143354589,11.18651494319041,11.17475751028594
tid_1978,66,10.86769187402428,11.07689959782942,11.014332076849447,10.97651240791671,11.021570852545736,11.010230384289597,11.032784578776607,10.953841306300463,10.982407586556912,11.041178035161561,10.994785239860368,10.979859938607735,10.974417339993897,11.012125938214519
tid_1979,66,11.501583386084906,11.7085917501427,11.174394306521204,11.158234365672678,11.111195682069619,11.166277337777949,11.096682358243747,11.165354732695755,11.17677948477017,11.199067596250778,11.206980994682882,11.199908343227657,11.212203629478607,11.214952373121807
tid_1980,66,11.161974110001092,11.357174171510817,11.15583747024175,11.093123159450464,11.12878896147986,11.138391542223776,11.06447193639566,11.060031348556674,11.183586999185435,11.142548441767618,11.09132767178736,11.181136567040253,11.234333937068543,11.173258168797839
tid_1981,66,11.15194985785123,11.296069604631208,11.176780219966469,11.083827280709075,11.165446120969703,11.1688258961711,11.197944196652987,11.176794985127868,11.061100823236632,11.310159751045651,11.244071605278066,11.217469077784866,11.051574475077716,11.30871457071113
tid_1982,66,11.280115342539249,11.432969503534128,11.183246015428027,11.101660418855134,11.149126311518483,11.162806705705284,11.041953262258758,11.081799494375884,11.106421064155795,11.290650159539165,11.258161212489277,11.270753191956286,11.103764463712393,11.247114600347258
tid_1983,66,11.049864082469291,11.249463698467643,11.16761194686642,10.99736992239592,11.134665160664634,11.112871201994086,10.96615465787331,10.885303137631148,10.986347578248438,11.243571844489834,11.182445677357297,11.13839119100776,11.109283799778803,11.148208247080918
tid_1984,66,11.402005077384883,11.53572262378595,10.805119694210031,10.709837497294467,10.735117911130667,10.735790985320985,10.735360964271555,10.765065818404672,11.113154661140854,11.014223288075945,11.02930970800206,11.192711035904336,11.177088015332753,11.014221299792341
tid_1985,66,10.785114373246923,10.966175555525584,10.904088593064344,10.919539333985453,10.91203684308108,10.900138397761037,10.996898735760464,10.911974503633918,10.951477255160823,11.033976243167057,10.979471662056131,10.96047077232907,10.944035294983353,11.024116564568429
tid_1986,66,11.081662433640895,11.272628125086957,11.016703206568515,11.035155705383845,11.026897356533691,11.034571848892273,11.022597574936238,11.029841239541325,11.063652672507095,11.250578890829798,11.18456615332826,11.161518877117745,11.065084405634558,11.13108425069749
tid_1987,66,10.830557974220511,11.011533536974316,10.910563982251956,10.91613466225857,10.885639436015223,10.907036343239088,10.933091701473286,10.94341139254097,10.958333323738009,10.903522636813557,10.910207722461085,11.004421575445008,10.932124225557585,10.899851768369114
tid_1988,66,10.90590827309133,11.07181711691375,11.061047416429924,11.023099093861912,11.018663766870189,11.000722118207662,11.06619464466285,11.093355516058756,11.088752999936576,11.124915008380976,11.204968688347789,11.321567975586827,11.07175237721303,11.28667495103161
tid_1989,66,10.738138635638132,10.98815979534554,11.096742363561235,10.980713825908694,10.966301519759579,10.950153236491454,10.98133404752076,10.984085229464217,10.983504877429247,11.055204649294904,11.017308492728585,11.077279353852555,10.957818296694969,10.993791167606435
tid_1990,66,11.107145807396568,11.34048334542744,11.157400493565996,11.106764235832891,11.156099925839415,11.156992201333463,11.25325125765651,11.10320270698414,11.108106684492817,11.32022380794452,11.292275175205406,11.249795920529987,11.180885758394155,11.295193961231046
tid_1991,66,10.942975967701498,11.133788704079548,10.890854823888743,11.045600193174591,10.893878173065572,10.898889704711348,10.937318188825463,11.063046701917397,11.104510808504367,10.99522444386191,11.07625406235336,11.180331944721377,10.979785752878454,11.020428302654938
tid_1992,66,10.742376586199086,11.05993311986428,11.037995591532976,11.134652674268917,10.983048496838133,10.989590110045265,11.017520045250045,11.04160940152797,10.996732119687014,11.031837361293938,11.136423507840362,11.110687488275513,10.963968936880722,11.090964293354741
tid_1993,66,11.06614136385852,11.234973237020082,11.13361573064774,11.146844874828112,11.139617189746657,11.118806752940676,11.231616558919672,11.099682545753115,11.17996868658848,11.373611500813503,11.330119988715303,11.320055866281995,11.1916828214474,11.304281812543797
tid_1994,66,11.074043687611898,11.257611190817745,10.962907769422289,10.962944975108257,10.868919240515773,10.891363414024648,10.932291364979573,10.994746376295202,10.929688325491092,10.942833209318788,11.006425200429229,11.038025585564329,10.885169989115619,11.050904176316186
tid_1995,66,10.921932264623791,11.21195955168958,10.894114302120448,10.910557679972307,10.875251222615452,10.874242914148686,10.910158399050289,10.887181426147016,10.939860828780493,10.933764522567424,10.92064754944379,10.943797483376098,10.931977113200688,10.898010549725452
tid_1996,66,10.868863643100765,11.177290477757891,10.820870209859915,10.9157686220979,10.833689396628298,10.828392674794094,10.912116545753282,10.94013374390196,10.91937196336028,10.887639463054969,10.91169361587411,10.927482046933916,10.8556181012581,10.959791451832833
tid_1997,66,11.092359409326823,11.25819191242581,11.120417106987958,11.10449730943434,10.974407545294424,10.94757149322914,10.975468449972203,11.008120470716355,11.001549259399066,11.048664732956485,11.102852215727998,11.103738749296433,10.948485143688599,11.00603983336241
tid_1999,66,10.96517475774233,11.22819902034408,11.036119732361621,10.966092784604939,11.036972692743854,11.021091021195172,11.074594929601922,10.994133941519161,11.019121296061408,11.046362842612714,11.033923877471743,11.079029439898903,11.018172046524928,11.060424505459201
tid_2000,66,11.043798251559911,11.284898760446332,11.02261453738795,11.106493652953944,11.046064430887222,11.033275911742173,11.138188697586244,11.07114766154481,11.117518586659898,11.125350785653053,11.125001995244167,11.133274717937812,11.113377281485478,11.165750912254275
tid_2001,66,10.865806542788755,11.050199290694724,10.97756401551718,11.087552921507708,10.979631216071226,10.970275249860022,11.024493735168488,11.03246667692448,11.074241142723332,11.058262679522668,11.088241704375832,11.19971840803202,11.041922675545987,11.034949512116965
tid_2002,66,10.961782927442552,11.126909980683378,10.957800242599626,10.872616069214747,10.902407605115263,10.918920439843731,10.98688276330506,10.874874907127225,10.909941527261399,11.07405952573167,11.043016051306843,11.043487732743936,10.934980743881727,10.96385384884184
tid_2004,66,11.062222376211867,11.282579790518277,11.025196147271291,11.07494683616289,11.026716637543805,11.036352937685733,11.041906229857434,11.03820859160963,11.041051383195114,11.086427455741275,11.113299961682896,11.089949765640245,11.0368542679888,11.14634226860762
tid_2005,66,11.053557872021996,11.23625586536967,11.03373823105206,11.05067073579501,11.029309690901814,11.036886878601997,11.085356735583177,11.066456149981605,11.069374650092243,11.115916435376711,11.11804740861226,11.086110472258916,11.030227190280321,11.167706773381314
tid_2006,66,11.140819211304237,11.331837546930984,11.03373823105206,11.040373928987432,11.029309690901814,11.036886878601997,11.099406899969885,11.072140841199804,11.0378084346815,11.106543608663635,11.068781835231627,11.082846719416343,11.02344886953417,11.150653781403255
tid_2007,66,10.72835135501992,10.9118705650534,10.988263276878245,10.926275494072588,10.965826189626044,10.958998280564199,10.908013714413372,10.901553321941313,11.070889029637195,10.988690142511876,11.0312431370741,11.185670495898899,11.048459070930592,10.93000978569901
tid_2008,66,10.859594973780608,11.138223288218008,10.852512096826057,10.897962607466118,10.86751138514105,10.850316564503611,10.932493082825452,10.891885622497112,10.894202405548537,10.884746572832034,10.88663872104378,10.917342758626406,10.873077262811181,10.901813307974743
tid_2009,66,11.037688968123469,11.22058589653639,11.108011792301133,11.114966384089062,11.0995633366737,11.121649966816456,11.022710115990897,11.120178750488318,11.136311124895329,11.180740595003202,11.236317075564001,11.271093331344872,11.100628591426837,11.305282461854567
tid_2010,66,10.9999107802911,11.214950603033015,10.955325529769125,10.944379948281515,10.94829942720531,10.950184822082024,10.974811477282238,10.959559254031094,11.05350484078752,11.078322276127071,11.039873202385103,11.063264662557284,11.122622461109707,11.119280505835588
tid_2011,66,11.002409793164166,11.215618555353128,11.012355412549114,10.92461938839855,11.000067999048786,11.005295524871887,11.018928947122975,10.946976732182982,10.975982258118014,11.046075134823496,10.987230998232146,10.985630742440613,11.026304901154505,11.024386138197908
tid_2012,66,10.647453790050829,10.870632982628594,10.860630347688357,10.879038224401642,10.87024308373956,10.86823501336308,10.917185880882371,10.883448071204738,10.934903420129366,10.890308721482958,10.8994793923048,10.946242906837112,10.983629769994511,10.90577366820846
tid_2015,66,10.77361077806526,11.01592877914068,10.903820324807853,10.935583599912746,10.863202611119176,10.879538364088608,10.911635199576333,10.938317506275158,10.975617451410479,10.888643391899063,10.904847632192137,10.967296914258828,10.944894027644102,10.932941527524136
tid_2017,66,10.641106060692902,10.848542596370708,10.701706388940092,10.739495579778763,10.714401655285737,10.700670197206037,10.769147448091871,10.752219562175272,10.75913365969881,10.750468431827551,10.748603246850463,10.726156464908064,10.79341913558058,10.73198189027389
tid_2018,66,10.743683108304811,11.080659911852951,10.706405110234071,10.787463522407602,10.689799962447402,10.697524161749904,10.794499624744821,10.770452108042887,10.893008651420654,10.757000262049177,10.773562607030435,10.851792655905061,10.878063729543618,10.745656963908871
tid_2019,66,10.892558375319812,11.124231924546528,10.906600684191876,10.88780694330759,10.884690849543162,10.896286841793037,10.925136596005595,10.92097238421172,11.039578749601697,10.928732670453106,10.878323484821372,10.988349481792032,11.003632424979928,10.889277283059721
tid_2021,66,10.778787525650143,10.983903622941884,10.872888468367497,10.911830918803265,10.912907749384958,10.884881465445238,10.872632438894653,10.958188429068967,10.950588721988035,10.929676771150172,10.93305326617301,10.998342240729261,10.90864369246031,10.937397653363064
tid_2022,66,11.160228313400712,11.245793452835262,10.621535196461014,10.726067905989183,10.590889831783793,10.598391192287643,10.79029454604138,10.676413317620293,10.810686784345016,10.75708650261845,10.731456287403871,10.825816485482724,10.80299314314718,10.729522336212439
tid_2023,66,10.80408986215396,10.99345087986898,10.755273136914592,10.836557818270727,10.745243133049977,10.750047536511945,10.842908904692647,10.85344676721548,10.814727988293624,10.784510445265488,10.77953289718364,10.825918542758725,10.774933234292334,10.81969955608342
tid_2024,66,10.705412901918402,10.936276940048108,10.919290343126848,11.029825580268673,10.89226508609158,10.899455450169839,10.93438317833004,10.954746628764381,11.073576638888907,10.948520700942108,10.941608474613608,11.022392236174541,11.010365978686949,10.914767975380775
tid_2025,66,10.602328492837994,10.857696226248486,10.701967743264362,10.740050312421927,10.763579058729412,10.735562152084992,10.793967149988056,10.773850165162942,10.780597981445128,10.777110285468822,10.784712463973824,10.79504139459738,10.796235561871834,10.750597843976001
tid_2027,66,10.582675251326656,10.79913058013712,10.667098537794438,10.75657908783743,10.666379651074841,10.650632387958627,10.73744334992878,10.745858045927417,10.816560999996202,10.724289597977918,10.738055622255443,10.838470341133213,10.77461887816094,10.765244741127812
tid_2028,66,10.609916143401987,10.867966362600418,10.90009516846901,10.807868017109135,10.855221195175822,10.868254802249542,10.783063970675352,10.83867611416633,10.896777001190973,10.958105430940387,10.885144643805397,10.922761481120409,10.969326033738444,10.930745651990415
tid_2030,66,10.680251814309353,10.880643818381524,10.87609226149466,10.927639269944796,10.872985129662906,10.851932468057473,10.860377512223508,10.94409026049063,10.921761967272355,10.879461171518724,10.872204879124986,10.90522607726067,10.903952121626597,10.892282805690067
tid_2031,66,10.92153672036148,11.137417138151868,10.991356871673394,10.886022654616903,10.951978892188313,10.971902883839743,10.885907596232967,10.938512363082697,10.905988781379177,11.033742445152349,10.99331306758035,11.02954089129152,10.945597227814083,10.98993226723514
tid_2032,66,10.973360802864432,11.175261518544875,11.034700841795097,11.035048781825791,11.029309690901814,11.04089036750403,11.035465782874075,10.999201841312505,11.052683900783274,11.110279621592412,11.06791834161681,11.11307453735278,11.052777909482602,11.118434003307208
tid_2033,66,11.072120184661037,11.283055592593591,11.137937937482736,11.05083733723368,11.11604756559413,11.111331598393651,11.093350931118376,11.024420926710036,11.017630527811304,11.145851592589917,11.09765257550261,11.081750577775859,11.03501450266966,11.199209147075404
tid_2034,66,10.77432265449683,10.93485009245287,10.839715622658275,10.860123409482172,10.843742590604059,10.833584984299872,10.821107278869038,10.877604584881551,10.959435614517426,10.841371448430548,10.855289927355381,10.927742453854464,10.919798074254848,10.877323544097809
tid_2035,66,10.626625480870665,10.83391981988192,10.787138929800367,10.82771270829678,10.784071795528206,10.781972174413323,10.798889647871377,10.91328301823993,10.902433346590996,10.768661372624733,10.808561732083817,10.848298105823922,10.87213034440849,10.835363018392306
tid_2036,66,10.661000583076838,10.877898124820446,10.821901853502531,10.832213536616644,10.822164512646227,10.815961797370525,10.835218282501007,10.892366464534003,10.867472454822014,10.847441553065568,10.825091720024933,10.87975924429042,10.894601931635984,10.855936910910556
tid_2037,66,10.627348208252018,10.818303197003594,10.69601168090485,10.763537515171082,10.689061063424544,10.707563123274547,10.770067284824915,10.741918432488097,10.779063605478987,10.765768389695168,10.745321152797398,10.762279008083077,10.773586698500726,10.741640620563667
tid_2039,66,10.710791200696756,10.892658789248424,10.806986464228544,10.880360845992714,10.800905583893405,10.812428361582736,10.874648671554464,10.889805360469115,10.898921843539537,10.889011205369075,10.831127596248805,10.920256950383841,10.863659050596665,10.920073613239138
tid_2040,66,10.618242103412442,10.86624384401702,11.173827729536216,11.176378362047133,11.084339830985217,11.161120222804765,11.163419681126598,11.074154460259265,11.103057904332811,11.21542480033954,11.147506958847712,11.121447365326688,11.123994987331013,11.09128523818295
tid_2041,66,10.665334895081113,10.887235043346898,10.83269573042719,10.906286636595741,10.804110376398183,10.815736064817575,10.850284400721103,10.926068395021876,10.853984183112482,10.876135833411642,10.833817694591481,10.846331112339813,10.841197880709288,10.880904637361454
tid_2042,66,10.862874171675754,11.0192240481316,10.848360312103345,10.842043338695685,10.858059262201518,10.847546267969028,10.900772229562794,10.876195758850926,10.901577753082359,10.917287401378372,10.861524229979858,10.930798764192817,10.927780316684752,10.912708723649066
tid_2043,66,10.61681719020856,10.826245327933194,10.643794130681274,10.720221404549138,10.61575795830541,10.625997470355042,10.701768629209425,10.693262052903354,10.737571266295694,10.690469275829072,10.67795841450566,10.730039531613471,10.74746388942675,10.69668439267856
tid_2044,67,10.949705941372654,11.13376678849691,11.022726208299359,11.048390512178441,11.012205008033256,11.044598326352272,11.045613610031692,11.046913935553327,11.047780197247468,11.006038467690589,11.020509142233587,11.015910828078267,11.04597589744427,11.008306009695508
tid_2045,67,11.211958200525382,11.377804237799664,11.12401895332693,11.166998067948272,11.115369995328265,11.112591217425926,11.250407186726715,11.171663557917396,11.10262926894716,10.982961440972336,11.110089407094094,11.04122866880614,11.102894543680987,11.041051601085595
tid_2046,67,10.474020671804402,10.683016536946118,10.659308660497338,10.630852826706812,10.648060242479831,10.663711417169802,10.635448390841113,10.619876054918635,10.64004691725606,10.617070393578716,10.587894083598634,10.661203280796501,10.623024680371303,10.57457155369241
tid_2047,67,10.813470431671847,11.006510101692786,11.008212704419035,10.911438817938913,10.977127829929014,10.98196514564954,10.920489711386221,10.899522739040078,10.899588761544555,10.912830237534408,10.926615409130719,10.921902181864896,10.907692822923782,10.920824066576033
tid_2048,67,11.01665342221175,11.260781692878796,11.02218390710305,10.921452107427998,11.022747235560736,11.00331057864321,10.923325941774817,10.915940614537808,10.932941562405649,10.958208275004,10.950527701731637,10.983299934651349,10.945986718787836,10.959229593465384
tid_2049,67,10.595866938417162,10.762833259565989,10.617528938855873,10.65556866218281,10.621884234371747,10.605206751684976,10.636936948725895,10.581926469268652,10.578410613222507,10.616812415115902,10.622596002097705,10.585617822016824,10.646309535781674,10.632643376450279
tid_2050,67,10.422912099365483,10.595436515520026,10.601091825745762,10.654037554724663,10.595840799101456,10.602490547889293,10.59882781183651,10.633032775410607,10.646642247671634,10.61365798905342,10.606461667136786,10.633065143297635,10.65650404336015,10.580673126107001
tid_2051,67,10.887898508584634,11.175886467770576,11.008217470552605,10.964200854042469,10.909493242741588,10.932659798202076,10.867613809122991,10.991356597520932,10.892744062346202,10.862133208596513,10.924560333992794,10.876674240827253,10.872626981964345,10.938695770908701
tid_2052,67,10.645598691686189,10.825219454359669,10.681705432484433,10.66362334530998,10.680055759518856,10.686180315114282,10.677911874571029,10.657167199429656,10.701274746133675,10.673140938494052,10.634972692268233,10.6685637810201,10.70675511216151,10.608940499339633
tid_2053,67,10.54337371453482,10.699716905299418,10.755590819528301,10.708027964550455,10.737438053459945,10.769896671045009,10.694979640771892,10.708743605231883,10.73196593228271,10.69220674186401,10.683749286866394,10.69622894428589,10.731524848645916,10.665966005037571
tid_2054,67,10.425404440201993,10.605775330262794,10.545509050281266,10.534339539661046,10.545340551346941,10.541061401388065,10.539589642928899,10.563605879518265,10.555804486586894,10.628870142562652,10.616936615998014,10.60255758519901,10.544757968314126,10.636170071385724
tid_2055,67,10.595098553776582,10.89025725111054,10.686760573231952,10.707427982630795,10.679893633215848,10.687867263607869,10.681233590963132,10.675616363575555,10.796773121879651,10.678458392734175,10.706450779096853,10.763155969093134,10.814650741813672,10.676579339240027
tid_2056,67,10.543969445324306,10.676990468694331,10.607467837578351,10.638915992970226,10.601273104077086,10.600732793788403,10.599137948979948,10.64980528125623,10.638442159380658,10.64125781473146,10.612275175490975,10.577524215139606,10.591766270719544,10.624574079052513
tid_2057,67,10.487386112991391,10.677781446515556,10.52860015838868,10.58294210162192,10.529539411108773,10.521732435789268,10.516195544892993,10.59556150587747,10.579697195293884,10.546684010156481,10.612064433081406,10.56686410214528,10.536456967153608,10.60240538246057
tid_2058,67,10.437331216847324,10.6098988741409,10.722476905128918,10.683463846143102,10.717614858298408,10.74373607624048,10.702434246638653,10.74868045038811,10.673098904349626,10.658520176986231,10.625671261954537,10.642174414192617,10.648687034267445,10.659010084866528
tid_2059,67,10.624872274507313,10.8312324344554,10.799078595088835,10.758615145117941,10.783669069716778,10.802494961726822,10.727791466823597,10.750915992314255,10.763938270708064,10.771296419546651,10.754658360780917,10.72497743944929,10.731598971475808,10.762385584317387
tid_2060,67,10.701832235467956,10.895505231031596,10.876145336383347,10.839442576099767,10.897601778597222,10.880208688891818,10.878321215064762,10.829890258560479,10.820038116071828,10.820772428785908,10.833125112581111,10.799052465376077,10.847135473198483,10.841719272349078
tid_2061,67,10.505779614751988,10.753649165609351,10.704579470306207,10.70275925117261,10.713247155017156,10.698228612170034,10.70514813192496,10.774508058954373,10.747333320506796,10.739206403232705,10.710470678127601,10.73276666763826,10.760061351415226,10.735545244819983
tid_2062,67,10.71007948309588,10.91462653936193,10.96295710534735,10.851584388949895,10.967698608848597,10.93961391913989,10.909272492940726,10.83194173912776,10.815365093667134,10.876754308271524,10.867545613166838,10.848643917772034,10.842417351878588,10.845193632048135
tid_2063,67,10.70243964999304,11.091830849973832,11.081457724480094,11.067720087375369,11.069997097963373,11.076482655220827,11.03770999939432,11.079246011209367,11.041849167283646,11.022518444287936,11.03877639439513,11.001001238088238,11.04398595457986,11.039968495454357
tid_2064,67,10.693205481685975,10.869246314015117,10.841888765516801,10.787415811896942,10.814018949436988,10.842436128832277,10.780008969770224,10.796434197222025,10.740515539754313,10.773529850477166,10.767624110030212,10.772745564966929,10.789170090520999,10.757409037334298
tid_2065,67,10.489892708037878,10.65201503926134,10.712909119365541,10.726549235199112,10.693775901042256,10.673935617788937,10.714464690188128,10.690930033607941,10.6981979913838,10.71838323166785,10.72216611793286,10.696371404008433,10.75301408733395,10.733509965476806
tid_2066,67,10.53225886539638,10.720349032865853,10.724228409180126,10.675985319947825,10.711388479761327,10.73654589382559,10.746397512287574,10.686565141025884,10.628714833066402,10.694732790627985,10.703384176222198,10.662693242305659,10.664411172781467,10.697857796682719
tid_2067,67,10.49084912710015,10.651182102234804,10.62733325653358,10.593247612066483,10.615208475769887,10.612426094500526,10.627968968603815,10.597277391906418,10.581743693773333,10.63291033842061,10.608983070962635,10.603648950881329,10.617131013117515,10.611941764170906
tid_2068,67,10.912417627977456,11.037372064191771,10.680517374526032,10.636188436408077,10.673286549351522,10.65449792437933,10.640308240549157,10.594123206999459,10.681124604145717,10.627281952611149,10.610731968947812,10.67755835181212,10.692115316226825,10.579908298302026
tid_2069,67,10.40155007331176,10.59599452820865,10.57994531491324,10.6543304217401,10.575122295598362,10.579033683091398,10.582227463149437,10.612653633264234,10.628993773231516,10.594269553920522,10.677096514081782,10.616755974849552,10.611048573020645,10.654826696674949
tid_2070,67,10.733034507976068,10.927482252038336,10.875973298888972,10.896703757919186,10.887266537226623,10.87915759570395,10.90978707521451,10.88462268515477,10.836166840506795,10.853814609543731,10.900820668680923,10.881414392436506,10.802479397246264,10.885611308701357
tid_2072,68,10.673690677136186,10.797293383031132,10.700618688002946,10.653767470323956,10.699590749763681,10.711321030134458,10.666870563458874,10.658291532992635,10.668238989069321,10.687234548844286,10.658516893537705,10.676419038957535,10.681085913655672,10.691015106286985
tid_2073,68,10.7258191914769,10.990462387960116,10.706485516707355,10.704510332404608,10.71150914737177,10.711516918660324,10.696021203110543,10.703470670901293,10.71767029205106,10.72855363095798,10.71706411657367,10.736992005624524,10.740746126672352,10.726808006419363
tid_2074,68,10.803803362095614,11.01759910465116,10.803234927299357,10.776737679720547,10.811756800361904,10.821043747693817,10.770879704292517,10.781057014497737,10.769543690838516,10.82282764199232,10.80323116497236,10.795395167842626,10.783783669461021,10.833551072561438
tid_2075,68,10.512744842830038,10.671220269769131,10.701326282519714,10.658432959632947,10.741728731979862,10.728516361197682,10.712063180236271,10.67987178482372,10.671241349888763,10.732812184938549,10.687544859317114,10.694401172016278,10.687890548621963,10.697345758334404
tid_2076,68,10.672069146565988,10.782360904274164,10.72661370023113,10.704398643934661,10.720312195214898,10.749236263976591,10.709745246154212,10.685397855132049,10.686530539222554,10.743681400925178,10.689117003102215,10.685784520493705,10.692990718853608,10.689590859198178
tid_2077,68,10.597414429054163,10.739572063369163,10.720628725960557,10.660958317401601,10.712302224321563,10.728148533902852,10.662342846253628,10.691423636477241,10.670990981831595,10.701981856032372,10.679850992125159,10.688981247911325,10.666399227317594,10.714572139018168
tid_2078,68,10.552256945061783,10.757892242337736,10.503891258230762,10.501478948979386,10.49411463422721,10.495452161115166,10.4916945914291,10.497438706286001,10.451926830254529,10.499703594253635,10.468785864115791,10.48372584726538,10.470260363936411,10.497589178600837
tid_2079,68,10.676185011854082,10.922336677787898,10.568064316276256,10.511224423102737,10.566679778228059,10.561649537927075,10.55104665459125,10.497590802426815,10.52308661630005,10.569300825424802,10.523536404833017,10.57029733747493,10.580272416591537,10.540156968915896
tid_2080,68,10.930118580355,11.075127229737715,10.725307942571883,10.699073591819674,10.738148948888558,10.75007843248955,10.681707713484577,10.721950685415946,10.707797152205801,10.748009821195343,10.732280219954632,10.72768253893902,10.71735129980049,10.753137270737778
tid_2081,68,10.603868506157951,10.891894273883212,10.641859814279332,10.63728260420629,10.638824550989947,10.64190457135019,10.647003106448322,10.626771036615269,10.645454020412535,10.654396551926382,10.656361874880865,10.664763207805638,10.647297606668786,10.67106436135277
tid_2082,68,10.64551060787796,10.844104000434047,10.642018161788581,10.620557287924788,10.649005801746648,10.649291577596983,10.621060850746257,10.613972701167292,10.645232555032509,10.653245136545966,10.606307813591622,10.643509337517179,10.640642644115967,10.659328075610006
tid_2085,68,10.665236861586257,10.791107168059012,10.617600361803591,10.568570974465988,10.616616516562127,10.621495961640093,10.620658630230958,10.587572055292878,10.591434903288915,10.657994821261449,10.626247577748044,10.591692908496283,10.607552721633956,10.634013584420078
tid_2087,68,10.576011018800203,10.707482665306587,10.588928425689792,10.57725449513128,10.588120137406971,10.588007208551037,10.58654664885903,10.601691947951231,10.574985039960834,10.614330994721467,10.603906856395376,10.573499179520972,10.58662476116596,10.618300018218587
tid_2088,68,10.640378854043275,10.862627023695124,10.603409744828852,10.651977024694574,10.593892677445975,10.601902004776942,10.581616153381214,10.61545742375308,10.580711066634072,10.624776757808263,10.647996809566838,10.61480118841914,10.583563172985842,10.662741966709175
tid_2089,68,10.760828384464002,10.947127858909266,10.680918424593987,10.663148993612575,10.674054703339602,10.676446411435174,10.653504617893816,10.689204888796718,10.69220424808769,10.693912354176497,10.672217162259953,10.633578872761358,10.673685731305422,10.707850755231952
tid_2090,68,10.71216857454383,10.841948694530242,10.562532686255626,10.55553374179037,10.557198576626915,10.55934722380854,10.562145998719902,10.538766386188911,10.544782777171266,10.593630105872004,10.571326831159748,10.582620968111588,10.564926798626574,10.58619098405604
tid_2091,68,10.573133223360973,10.764430465747292,10.558253755639708,10.56481573553184,10.55842423347329,10.563795198059792,10.552493693247307,10.54959141883221,10.568560693978995,10.563788870382941,10.542381031159977,10.558700369492273,10.574779877082392,10.539959583424805
tid_2093,68,10.597249544061071,10.758940639906127,10.62210658822534,10.630239356765516,10.640943286260535,10.622275880412676,10.621065026912241,10.644890190526892,10.599193196347644,10.6400725799657,10.61398671820136,10.624998108229928,10.616170018526153,10.657237693915066
tid_2094,68,10.627978349376004,10.78058205095737,10.625861803416555,10.601728099918583,10.617650780435167,10.621620883013893,10.616019959688863,10.621518930322607,10.602725258227915,10.641375894384177,10.625904867242262,10.617963055927834,10.607326398099364,10.63173708795508
tid_2095,68,10.458624755134627,10.599146575776238,10.640302649820908,10.605822010719512,10.648773531461146,10.645908231020341,10.615728974712383,10.621257954523799,10.588763000691204,10.634660504868725,10.583433298851661,10.58354844692461,10.620203783636532,10.58924268046917
tid_2096,68,10.69832226158757,10.85540794205036,10.594524084316085,10.574541593626572,10.593466635001743,10.598691749793923,10.589483974935636,10.562959573008438,10.572731783030763,10.600066557354715,10.576162298587985,10.584459982023816,10.609796559457301,10.58724649594437
tid_2098,68,10.839814217821807,11.031546986726966,10.621665075085076,10.602758545399729,10.611504517527733,10.625386107743374,10.635827027708368,10.605460580202813,10.59639003801009,10.660226232798184,10.627144683353881,10.616519929913101,10.600011689576956,10.64606629575685
tid_2100,68,10.603540831010172,10.787403841971582,10.530845430898763,10.601125892545399,10.539981973975134,10.540369402292828,10.528722341029088,10.5674993889206,10.512035843969457,10.554665222138517,10.652589052885094,10.561540069393285,10.477005364964977,10.626146855035426
tid_3009,68,10.82227516460887,11.011246218610385,10.931708040916785,10.905892145693954,10.931485699232423,10.954399561305122,10.912886943151305,10.890537262693472,10.87981504577944,10.921202128236025,10.922586145188614,10.91341679577436,10.919965682047996,10.942019666899283
tid_2101,69,11.083951680642356,,11.206295104817041,11.156758413048033,11.164448976179681,11.228045573815043,11.12502536603153,11.121182823188548,11.145235010837283,11.13323552461716,11.114314996048073,11.084709871335864,11.127837370827319,11.087777757719417
tid_2105,69,10.860150257686168,,10.97542535838975,10.972559895771202,10.925389669139461,10.930980059366577,10.926537490470487,10.998165483191194,10.966218962576397,10.849414906139748,10.900585313459496,10.885951717539365,10.953162865770263,10.932121976362536
tid_2108,69,10.868242681237582,,10.907286111162044,10.877444271251761,10.898992984867826,10.910471741874328,10.869441038582773,10.883425098862944,10.88097255201997,10.864388579977547,10.842520528944146,10.843820196575424,10.890128328436486,10.88354087391487
tid_2109,69,11.338470882229158,,11.188329886965663,11.131928892714603,11.144430028423722,11.183176369153788,11.086122589677007,11.127126895412799,11.141678581766477,10.994529088055819,11.049745653756455,11.020611943634778,11.137864087360379,11.0475444304761
tid_2110,69,10.617130747394894,,10.841698258624662,10.770459634753161,10.771762450278304,10.795378690202538,10.778524033405356,10.799256064048818,10.75212644872562,10.71939659537081,10.75268452898836,10.707593935965336,10.758398420871377,10.749258399380063
tid_2111,69,10.753978167795696,,10.817556449504343,10.814953639044115,10.82209505236803,10.818249006159665,10.827541205676042,10.839685575084502,10.703541184277944,10.752759095746013,10.800157342607962,10.730817762338862,10.743581834788783,10.786058766442242
tid_2112,69,10.53750820732319,,10.668412800436466,10.64179276290157,10.647516583359401,10.656130214499663,10.636492122963737,10.628628324946762,10.664865568972003,10.654830527055806,10.636907620356837,10.674540849986212,10.654943973071166,10.626544357690562
tid_2113,69,10.798957018477884,,10.84890845900826,10.828518804849505,10.868221040707633,10.86520824177807,10.87911206414548,10.834295895166754,10.792930122213571,10.797221242245225,10.775612982609616,10.764727424291001,10.804749970580325,10.784464612502422
tid_2114,69,10.544472640359878,,10.69238081701285,10.651160555089076,10.66805122309898,10.674835588983077,10.634074879180911,10.662494169053502,10.674341642323938,10.650793250099522,10.679612026101601,10.70729882761969,10.659856592781468,10.694058161528808
tid_2116,69,10.434886095082916,,10.71583164976541,10.747491107836785,10.719281094321957,10.713933287200746,10.69011483729069,10.655505861312935,10.725481303984164,10.662876540536914,10.654704282976272,10.697188276797645,10.682088029634423,10.624090309491107
tid_2117,69,10.549338702153458,,10.795993836286145,10.765351342519693,10.774858917903922,10.780877631490332,10.7172267214949,10.763223915079376,10.69700412095765,10.709141848431672,10.697121600157615,10.664297859361637,10.702738186904273,10.709289487143137
tid_2118,69,10.70656255272378,,10.780248325207564,10.774459160093198,10.756682826612048,10.750270388752686,10.713887602537042,10.763691607185029,10.758097572338057,10.718881048805418,10.721821520047826,10.732465556435969,10.761466809378653,10.765108914735421
tid_2119,69,11.01286667031513,,11.130467988367966,11.049219422304551,11.135756285161449,11.102301221290935,11.029912981909089,11.05017173895574,11.039258337386844,11.012057618715616,10.993415007717298,11.014123101102927,11.04318020270955,11.006199059645908
tid_2120,69,10.664356463692318,,10.902056621863531,10.86885507312844,10.889264520046394,10.863168672868163,10.877649782856352,10.905453990589196,10.879094736524237,10.8300406018999,10.826081591716022,10.82385410513099,10.887646034184767,10.812833814978175
tid_2121,69,10.698703837999489,,10.834568369965343,10.80078849319225,10.816781662117087,10.813656295546048,10.78049942095611,10.797944388165313,10.783668066025367,10.765991699858166,10.78274932829427,10.784235657596138,10.790619755171017,10.744907477237918
tid_2122,69,11.151341347878148,,10.816669824502494,10.678362587475034,10.723507377820457,10.744114556587485,10.713051680671269,10.699274863929505,10.581993045048954,10.66948086069847,10.658539461833717,10.617237613585578,10.596822656040658,10.676360386383037
tid_2124,69,10.991227618873008,,11.05487763088124,10.961297170810264,11.035730298703898,11.02925235812421,10.970347666644141,10.964942456513903,10.926616839217898,10.922218208298585,10.939448081105162,10.910021534667152,10.929832862992129,10.924760033849116
tid_2125,69,10.569427962657857,,10.628810089751843,10.586688177482927,10.624547318083925,10.61326675930988,10.611925092692308,10.607532822311255,10.582569730428451,10.584970287313064,10.56708117546161,10.550034953236317,10.576462410431388,10.594759533298598
tid_2126,69,10.865493248805642,,11.06410642634385,10.97663345448554,10.98947924659705,10.95948759265192,10.93657220514435,10.95330925807311,10.893217000980167,10.801775876437505,10.841290058770674,10.83999062828618,10.898972711180695,10.812550928359352
tid_2127,69,10.50763957152451,,10.656123664972169,10.645413635664621,10.643938671246591,10.636762064030549,10.62265888878647,10.67205849550248,10.575704282663315,10.588022536777979,10.598457286090293,10.519107723778617,10.521655025043227,10.605177318039562
tid_2128,69,10.67040086111346,,10.805659638746633,10.74866497728382,10.803083565380737,10.796379990837236,10.72800918666533,10.765755843749755,10.774550344241666,10.731986161785319,10.720547731981318,10.715736572467373,10.793444199303435,10.678849039518571
tid_2129,69,10.541153735136556,,10.72242956527757,10.679710035053551,10.711961944647145,10.717472174040667,10.657117306917161,10.65787551441548,10.618174332504463,10.686594131538849,10.66872351249656,10.630694455535755,10.678314005419605,10.66533985313393
tid_2130,69,10.511311022105794,,10.748279187731189,10.846165216726085,10.74782318205794,10.73907776117546,10.690806236634367,10.711759838757272,10.70260272963377,10.640393606691342,10.696464380733234,10.615978087993284,10.662480370342056,10.650884601772326
tid_2131,69,10.556286584626378,,10.833933527279937,10.931099845573844,10.817286024130679,10.828616433227168,10.78049942095611,10.870841325280123,10.741132751798135,10.762908074062192,10.829851902924675,10.76190100387132,10.800006248017842,10.811736455959618
tid_2132,69,10.380721231865584,,10.820651086006738,10.785613366053257,10.811100037448428,10.819337675129203,10.729464209634182,10.760220455766483,10.724171834254191,10.715838328594382,10.698099197864451,10.689792988506657,10.716895099831103,10.71255543586497
tid_2133,69,10.48547409587344,,10.906940963454883,10.772558369843033,10.782557105672856,10.820457296300106,10.772362687418394,10.771486063955273,10.615781047872556,10.664205971770189,10.716628958185959,10.633379416660416,10.633907212821878,10.705256939381181
tid_2134,69,10.662548870140084,,10.712671016219016,10.66691865483383,10.714937145433716,10.701590922403813,10.658822418681341,10.668443368855074,10.78335292667921,10.683551850606996,10.670772669517325,10.725044349755272,10.75945587466499,10.635257967455049
tid_2136,69,10.532024209366378,,10.687970443864616,10.708790494764676,10.690638478854018,10.705294961685201,10.63985619576578,10.674026583464725,10.590303943961107,10.634967753690194,10.64371567186475,10.572767321176343,10.58639785894423,10.623238236961146
tid_2137,69,10.586917675032693,,10.728084007055433,10.72964643316398,10.678675066862608,10.687425397344166,10.68474844150381,10.721762734978952,10.59506873939412,10.62692163062182,10.666367355022535,10.569399345584207,10.63336269822126,10.66791550025655
tid_2138,69,10.499639133769875,,10.753505816514865,10.69028920867178,10.740973223452524,10.753251413374871,10.705258187078725,10.709965643524658,10.671090382586607,10.646477727342383,10.651317353686554,10.666331715257003,10.673512739743968,10.644460293975472
tid_2139,69,10.475977257693216,,10.722371960926528,10.635638393215645,10.697492039860212,10.703312126798467,10.670710841999128,10.655155186017012,10.666989121915769,10.637331458713165,10.62767694200609,10.66214241795322,10.649418799731462,10.615030654105428
tid_2140,69,10.670361382555535,,10.778694458035208,10.765305883366302,10.787675348150245,10.76525264142459,10.721474128091826,10.802416799126348,10.724605005445156,10.746506904114858,10.714956558054793,10.728930564401233,10.708555371929844,10.737776927075188
tid_2142,69,10.604131561522696,,10.883324663687022,10.777991994625362,10.917030992147968,10.924589791212084,10.858751734731051,10.817028995855589,10.764286780345513,10.741361625112631,10.686716802976324,10.705927346706702,10.773364316777874,10.71709480706793
tid_2143,69,10.514659743100236,,10.800432735165254,10.726815582913778,10.744708780253383,10.74366093326169,10.745212822137582,10.705632301760096,10.756780023442394,10.657651530834007,10.658136800257315,10.634682880892253,10.760234327520234,10.659049428050135
tid_2710,69,10.666041852104003,,10.834727058563242,10.819413215973167,10.839325231051774,10.836488904382227,10.829298154799561,10.838432378765493,10.786162372630546,10.810802541789426,10.793632359353849,10.750735783156285,10.818626847255384,10.793646277529124
tid_2883,69,10.78436248338925,,10.903375690140473,10.86709679870068,10.920126407290711,10.92900982170644,10.866282507621591,10.875140227263481,10.869888884053683,10.891460742481836,10.867521555807608,10.87065136030729,10.860826930668935,10.88665601112047
tid_2884,69,10.84587673761179,,10.809234920744665,10.775347375115983,10.822661095822685,10.80716352373774,10.80988124220962,10.810065401936027,10.766204720789696,10.812681240566224,10.774256961815743,10.765810191531088,10.790943910454635,10.809088108350464
tid_2144,70,11.265744055417226,11.412489470595586,11.203757572271703,11.14513301331281,11.184037618802224,11.216262553713722,11.241194031709956,11.123673013916061,11.187797268779587,11.270961617574262,11.228888166396432,11.245729771684802,11.209355186426766,11.228694015788673
tid_2145,70,11.116906600288472,11.239798287594176,11.10213165600538,10.898939174035185,11.034190480270992,11.003914681076447,10.979819212196052,10.886617889799183,11.07033609790672,11.035012856473324,11.08819443795534,11.031579691663357,11.081674280334173,10.989322006129303
tid_2146,70,11.40537477485258,11.5415430477046,11.395882415426453,11.527894208410498,11.42407572293988,11.380624425983184,11.511824312157705,11.541575054195148,11.493050735004529,11.549887042339371,11.561830737026698,11.535601755190417,11.386184852097909,11.539946439123634
tid_2148,70,11.5992811270258,11.748775150381702,11.309265406944295,11.426392452855339,11.393607863713292,11.411419416889766,11.483885179605387,11.465845118038903,11.173870476781167,11.310358492660093,11.298987881777748,11.217041046431904,11.05685022513287,11.351589524434402
tid_2149,70,10.706188445005516,10.85721471436895,10.799998153243985,10.841046477379852,10.790788194423,10.795610107660753,10.919399584349518,10.854656707408594,10.775130839876361,10.764897942408197,10.786501975140007,10.756677554982181,10.783969577595844,10.793603054068726
tid_2150,70,10.9067904947329,11.045146559191048,10.709212477454445,10.713507619055001,10.719415609025937,10.720929959441275,10.728183701902742,10.710897028021861,10.70078967555467,10.691570076849668,10.691799511451409,10.664601205993987,10.677608017153931,10.660691395694318
tid_2151,70,10.941571048129417,11.087453038618122,11.008523871812384,11.055628204320449,10.950362000351483,10.901169867166947,10.99501515957598,11.087887455809035,10.990465291331384,10.877719205988868,10.992419002078448,10.83942191806955,10.944678640246945,10.962819294372647
tid_2152,70,10.731993517522678,10.843846311743985,10.619704670143514,10.628983944613722,10.632406234654594,10.625717122517974,10.627402009879264,10.624559251143289,10.59783696492626,10.620514161221383,10.614828568069836,10.586206152051453,10.634462788042466,10.597673478341031
tid_2153,70,11.373579486070266,11.523069836402248,11.090974805687791,11.034726454162941,10.991740054147453,10.944991462124632,10.873929277812687,10.981302055082548,10.930588524389028,10.883949251112425,10.955765370790601,10.906878145066178,10.911715098664333,11.004309992511647
tid_2154,70,10.780030712491293,10.923970718125943,10.688474212217333,10.71942457116648,10.684025499633481,10.695259879116293,10.733229672011595,10.706133915469637,10.721000746532598,10.7270169683051,10.729594161560122,10.699018649157026,10.726595504086626,10.6799426314848
tid_2155,70,11.133787243055648,11.270865368672933,10.894408035038381,10.88422340166449,10.877753892618944,10.885609941362258,10.888198760321028,10.899400897346412,11.011813014302568,10.89420795940029,10.903423470278558,10.914174898848048,11.035934255760115,10.90284072045254
tid_2156,70,10.96787754844146,11.075721981074851,10.75239190643683,10.721544888205571,10.730368747454445,10.745864346225057,10.720594151861867,10.728427497505143,10.733370859153755,10.723566391382544,10.703930203192952,10.712004426744214,10.75472898519196,10.716682694850181
tid_2157,70,11.001939828402872,11.146983428146672,10.741732252259697,10.77855112151933,10.727169063006714,10.72519395468782,10.729109509580072,10.80086924329179,10.813376645849031,10.728279108825149,10.734031851058722,10.73211156260263,10.769901829693378,10.739412518594355
tid_2158,70,11.52710150837598,11.659196611220016,11.111853375790119,10.923212692721743,11.038031424151269,10.963624783807127,10.954686742272052,10.903974527245763,10.98598162043401,11.036544336076448,11.033877396785359,10.988672373400941,10.992957694210807,10.985968157227918
tid_2159,70,10.711477896002712,10.850129006010611,10.678118460728216,10.707222520790959,10.693217315038423,10.693740130151019,10.702937701154005,10.731081020152722,10.70197612620851,10.702847767600685,10.68531767782293,10.6850951856237,10.737561105521463,10.672818710860158
tid_2160,70,11.085890899640734,11.16577360362571,10.756871914657124,10.726511346054252,10.675238385960636,10.69452144261211,10.725876889227159,10.702435867121967,10.733123116282433,10.957055810927729,10.984909812639993,10.841999257339205,10.73322265960123,10.911662041794898
tid_2161,70,10.916587340338344,11.103007959635775,11.224801133211287,11.181140764172195,11.157164091005798,11.210474656165026,11.269660130240794,11.181139182926781,11.156239343305053,11.287359162715308,11.248470090623318,11.172347621359634,11.14149751372952,11.203535255631067
tid_2162,70,11.036565678085516,11.14368909852929,10.749420509560103,10.649422473432608,10.72945969130725,10.717910921816731,10.70400632932921,10.684871815319124,10.723022371350325,10.730928138761415,10.707113576816822,10.684101726618541,10.727383307883114,10.714870637493654
tid_2163,70,10.690794251143002,10.820755806479868,10.698250220727191,10.768951133196781,10.71442249914914,10.723910623915978,10.859302746226353,10.727294878908513,10.773310933645922,10.730917693929463,10.771469497999746,10.75426887349022,10.743011968838676,10.714001113748099
tid_2164,71,11.165898118653985,11.376826206770572,11.220158534113674,11.157476390519337,11.194748523736495,11.198243494793983,11.135766135919136,11.117701391885587,11.190314309113148,11.180697676258255,11.155396063559975,11.174100711351494,11.208052366419157,11.146305528596969
tid_2165,71,10.865275413438637,11.092420320404283,10.955402684326076,10.955907269528703,10.940244234973791,10.962020231009902,10.913072491996415,10.930758188054208,10.919400681418821,10.9654436129096,10.956705471963959,10.91423309385271,10.964302932719828,10.965402308708837
tid_2167,71,10.778270638217966,10.928650626381224,10.8633832889465,10.81590568910841,10.844567992888573,10.8631783533608,10.81217866264432,10.81482035599937,10.80116373184932,10.858483133314476,10.856306975797422,10.825243405207864,10.830092194623273,10.844011465535601
tid_2168,71,10.891246489729037,11.09151540914266,10.866043972176703,10.87550669702774,10.897133731316135,10.898442808594321,10.852062256918169,10.852282659682238,10.849423622014386,10.857246324575334,10.864718588390785,10.853632280373473,10.872534745099149,10.84480129224877
tid_2169,71,11.090948279762506,11.29942402869874,11.022703681263742,11.02175345863432,11.035175851705317,11.031125341160594,11.043349385056272,11.009127474616871,11.011511357607429,11.04547746340059,11.020088181148122,11.037968698550014,11.024274037984537,11.014022685308314
tid_2171,71,10.56984147820076,10.78365979438312,10.872115876755926,10.767706043837235,10.815077581113107,10.787010371684119,10.851398201031914,10.761683560822528,10.717072316702035,10.772194011203553,10.805576301952968,10.723579644514135,10.785367069164785,10.755990966155867
tid_2172,71,10.680387473157449,10.95539250643891,10.880182305872413,10.778258334455714,10.87345898893181,10.85268269240945,10.856203799089991,10.776253961730147,10.739203007294812,10.786402739734466,10.782202602937003,10.75051352721625,10.78621860317283,10.765094081112876
tid_2173,71,10.919373814425684,11.079830647723355,10.894946302896168,10.844565356198343,10.905597564293366,10.89332075385159,10.865707038572703,10.81082284301567,10.836082608771248,10.859400235092838,10.838129224075328,10.813623036513155,10.891071539456787,10.848444827974769
tid_2174,71,10.81743955170572,11.028133018251054,10.911462176748794,10.858891688085878,10.904698814857293,10.903495707143856,10.914516640182045,10.851523277921286,10.858809301835487,10.904695424817453,10.892661320855792,10.879755488928158,10.837817109678893,10.866448710717865
tid_2175,71,10.941254049098124,11.170602747613,10.859393051429777,10.766641291302946,10.853207779871516,10.84860995596161,10.835861047909127,10.819872648449923,10.757139407140558,10.816041048602035,10.82737956907599,10.798883617510588,10.830982484401527,10.813603194262123
tid_2176,71,10.717606014225511,10.909801787057871,10.81764510625788,10.75569763934054,10.79427124674684,10.785590239307876,10.773143241116884,10.721713396016451,10.71667850912451,10.785678891105206,10.779335165899104,10.68419483988561,10.735472753268114,10.760510932000225
tid_2177,71,10.8178844923175,11.01842584380301,11.198481071883775,11.047929376528234,11.152935985358535,11.163908138744631,11.08005534236972,11.037495685348741,11.108904689458681,11.089681035330011,11.047482021735155,11.044076825634123,11.102189682077357,11.034505595555393
tid_2178,71,10.789119056922909,11.00421759717524,10.79330615182078,10.723211349895905,10.765029915065774,10.763249424008782,10.74459183761201,10.696853516774143,10.882893631843002,10.724252733332454,10.69366161634685,10.75785435410871,10.87152590720918,10.680874862875799
tid_2179,71,10.81186304136047,11.038277467322828,10.817611741321704,10.78375000004744,10.815460111007411,10.800617522022588,10.765372194474859,10.801159876200078,10.779857774489113,10.788894834034409,10.790485915882723,10.78990431526673,10.7781930720765,10.765283761237253
tid_2180,71,10.747469922755013,10.926984695354658,10.846393984879127,10.840576687080096,10.879104957789409,10.860897976629136,10.91262624951451,10.840581457174693,10.86726803592039,10.834909889292117,10.862595928603673,10.866398962423578,10.885664770397161,10.855022096690366
tid_2181,71,10.749576825733117,10.953523904086552,10.770473657231795,10.665345525291903,10.773185555578674,10.770904514630926,10.740174999058665,10.686562587076713,10.719606950495859,10.711609274868616,10.708418686099208,10.711110408092203,10.766246900310778,10.669415987656516
tid_2182,71,10.72381569183102,10.922040605616338,10.84626618238876,10.732033986613185,10.804035696091205,10.797870233596939,10.825164177062433,10.72063774267085,10.679641355717575,10.778237882658615,10.798685879438946,10.743843163079411,10.678918675248282,10.809159524921078
tid_2183,71,10.828890640498273,10.939640933947734,10.928422309886047,10.847174767379641,10.905207094815484,10.89570259240913,10.893767314899364,10.843341323806664,10.809434691071333,10.849916730980294,10.876007059907169,10.785307235075614,10.813172950322363,10.864216102132756
tid_2184,71,10.780783785668593,10.995603787460537,10.819768439596082,10.780378869798305,10.81774534833353,10.828007431225357,10.854634189656272,10.789928651078046,10.778209567915052,10.810358990193535,10.795751787881617,10.7567860645532,10.792071967441187,10.767809113307457
tid_2185,71,10.629873648610232,10.821975867953771,10.77771654568256,10.691982108518054,10.774256238524703,10.7700650974626,10.79230196630809,10.685660269508043,10.693188296277217,10.726088628186742,10.724182473960163,10.709757274222307,10.727778991237175,10.695256512382192
tid_2186,71,10.99072876824146,11.21662233778618,10.98100528326935,10.937930265765129,10.977719542272029,10.96963732989156,10.904897609058839,10.942094892137655,10.922187362543545,10.941609098337636,10.944437623284589,10.935923238627554,10.945564158158573,10.946731606331468
tid_2187,71,10.740016204023894,10.928395889987168,10.976955231326889,10.891740177562394,10.935416276465546,10.937767995434493,10.87639410705089,10.87253742436323,10.822577357929204,10.808681983078255,10.857386268283934,10.815924999311294,10.837641001611038,10.825608099965233
tid_2188,71,11.00195483069072,11.217036474371117,11.047279797083899,10.981675748390256,11.049433776075507,11.038332490995458,11.01367994870593,10.949621373504772,10.95912904698014,10.9914825068801,11.00270914504099,10.997473780663714,11.039494719415995,10.983258399112191
tid_2189,71,11.119918431784091,11.35364247065283,10.987098948156111,10.895710190968042,10.94212711200422,10.932217032599915,10.888360811216524,10.8671793624628,10.917917782991337,10.905630577509223,10.980635709963371,10.94970095317852,10.954090585456317,10.956814843879851
tid_2190,72,11.41449421970422,11.573926486527627,11.377057634242904,11.42443191250895,11.382463052625011,11.340803227567841,11.379652522484408,11.408404049122455,11.399113680181392,11.428710749509118,11.393906342744398,11.379742838545187,11.483515093682897,11.422524699127074
tid_2191,72,10.876105686388836,11.018373372744067,10.886834107437483,10.889541403102514,10.89396666653811,10.873473130857837,10.911952717313456,10.930725142610966,10.878857579315323,10.851860044540015,10.812614285056299,10.860996491544531,10.879132140594315,10.899243780419967
tid_2192,72,10.913299592409825,11.07919667558918,10.950457735190385,10.951295656053361,10.94730776563596,10.945753179685136,11.007220492775453,10.984255181426681,10.973581134578353,10.986414405767377,10.99040094395907,10.991208106197874,10.966339906100186,11.04363195872849
tid_2193,72,11.27229108708814,11.485921107355196,11.185325701671301,11.1370969178173,11.210710664804118,11.166098515921446,11.140300673546228,11.116535955549097,11.156840949817095,11.345357021421535,11.252121340744988,11.249296891366567,11.21090639212797,11.200961466093982
tid_2194,72,10.882888285699057,11.068140358780198,10.877717387481606,10.945055027271762,10.904694709213915,10.900784152622792,10.974838535374593,10.973852120323325,10.968628018657773,10.918847584513315,10.901592398665487,10.945764395726284,10.960605364648442,10.988849714720935
tid_2201,72,10.820294151328062,11.03792698218672,10.745384061643101,10.803137989938012,10.742445357190258,10.75206349383829,10.749279089253601,10.832373024000601,10.777123868480455,10.724466620112096,10.721862466374311,10.730895618856396,10.833818043566465,10.772339352988498
tid_2251,73,10.953905249646224,11.149197132842144,10.98097281017743,10.95956255151961,10.990701796800359,10.990658392677613,11.011728471588622,10.97109444462881,10.94900127719461,10.96372278263023,10.934535405570886,10.947416773231334,11.006187445184429,10.943149070091783
tid_2252,73,10.923024165804236,11.07062260220657,10.881964915705472,10.857299685854185,10.865969598190492,10.880092502126248,10.836754580977212,10.880712220021257,10.854810585912597,10.901257322316887,10.88074617334432,10.85117784081817,10.848915322803169,10.882765254896468
tid_2253,73,10.761203809605565,11.040132348720707,10.646815312710803,10.691585241820112,10.649234027324436,10.66056964333768,10.670130513138094,10.711407386163101,10.644388304800422,10.673008048364736,10.718561241669256,10.6702414835118,10.632681145241333,10.717077235921407
tid_2254,73,10.357310985552823,10.56193458676648,10.571805658495132,10.593168271488459,10.580796257157317,10.579634969822653,10.58729627264711,10.614721465713286,10.56107604186765,10.591318497276418,10.573021639611591,10.580272623517217,10.603099611050709,10.586392884080537
tid_2255,73,10.452622897705316,10.64631021953778,10.670930303038675,10.638191475418747,10.66656039004362,10.671222801175858,10.690582418604466,10.633487207675081,10.617634257994649,10.657713867308395,10.65355897381528,10.648950231866527,10.64245650026257,10.661453947413653
tid_2256,73,10.430769032933338,10.60334218774303,10.571720358262157,10.588975193303936,10.57961566005009,10.576430934854377,10.58856456029949,10.581485920523342,10.630353609341245,10.602229644613699,10.597403735229001,10.601443945310272,10.589976236627589,10.59123851038745
tid_2257,73,10.50905137437426,10.722266883695855,10.680801688302791,10.657577951419645,10.658463782060611,10.669146247689989,10.670791607585024,10.700895504545233,10.64902881163246,10.663389355286176,10.681324451571486,10.66255045476654,10.629397096517337,10.673727592784887
tid_2258,73,10.410672557283576,10.566412610906486,10.563765511399872,10.541851001330556,10.564511988316381,10.566038971487163,10.589011900220134,10.527967130548827,10.549233085022278,10.562756838284697,10.535245352516743,10.54414378223512,10.56134957253525,10.51834226417179
tid_2259,73,10.46388589134159,10.67481956213526,10.648613862369704,10.622912973842565,10.638049387342278,10.641629300053914,10.644073065498207,10.59550478422325,10.620243287674825,10.641238905753392,10.638912941918068,10.6325685127347,10.625791441371119,10.624732174623126
tid_2260,73,10.477423177590891,10.658350524076726,10.642205812015604,10.617268961158192,10.625509227975446,10.636031025141097,10.618830945214668,10.591405748975323,10.618150191518335,10.64819821574278,10.63411025409604,10.626026571678551,10.61205597966713,10.630851080168235
tid_2262,73,10.59842313295529,10.781623562885985,10.622544983829377,10.60423628373768,10.65562274599322,10.624306842557267,10.634154018494563,10.574013221704892,10.623285743988529,10.600136773444818,10.589844454158323,10.622210505732362,10.645111291226058,10.560607933673692
tid_2264,73,10.708967386813978,10.894306739577202,10.654573481709297,10.669141314734887,10.65159860378956,10.651834221486396,10.658196505383996,10.693497000949973,10.696282892386902,10.652492995962017,10.684442290973225,10.732362023253623,10.660449765885186,10.705418926244453
tid_2265,73,10.668110852103483,10.798928428962066,10.581830716119377,10.567739559413095,10.572685790168785,10.576555834693231,10.560124759396496,10.519789315212968,10.592528415957473,10.567224457690397,10.555186322206461,10.58057703338632,10.575143675377298,10.555542342584415
tid_2266,73,10.420801084237644,10.592250134778247,10.610021573983174,10.605096042722167,10.600599831012298,10.614328729191609,10.58294682719293,10.590335828974315,10.606662224180345,10.595174567707131,10.589131205471727,10.62727054476471,10.634489593478207,10.595563173931358
tid_2267,73,10.696765095314968,10.923247813279032,10.633643315611597,10.624138897095134,10.626664661746016,10.638170107035174,10.615016835477482,10.652845141937187,10.633045589162895,10.66976575354857,10.612639005080323,10.610496466357532,10.647821820952645,10.628595113548231
tid_2268,73,10.34743271496214,10.503721428490003,10.500069573431558,10.477958744314037,10.491767337139674,10.48756318740801,10.496947061801594,10.479498142176542,10.507160339285349,10.499076345991904,10.502136666558084,10.535767151041684,10.483692272612577,10.5011131200215
tid_2269,73,10.440676587452844,10.628704942220514,10.616892469605158,10.551750930697315,10.606310073998463,10.609244196573298,10.584695304554257,10.544002036174302,10.598731711433313,10.621430423185082,10.579972843457375,10.569363492746117,10.623811470801881,10.56073200544718
tid_2270,73,10.37842275157726,10.599026869654624,10.60887875583875,10.61617450048623,10.604702961122946,10.602482106494106,10.623097138797611,10.623981674675834,10.571965633853758,10.601662152796445,10.62719890870674,10.600474916002463,10.565913090190525,10.644434699912543
tid_2271,73,10.45149912842484,10.655262067543696,10.6039334241703,10.55924017980257,10.608890599977169,10.60987662855654,10.595662467524297,10.565614143046986,10.546785804769494,10.615668018436788,10.558186809920803,10.552846595284112,10.549891354461232,10.571413674447156
tid_2272,73,10.679950539870209,10.877769795572712,10.671916292770097,10.698305822125853,10.667419597962997,10.675252705516147,10.69276283018802,10.747682914704267,10.742066027580968,10.708329967319774,10.777285280221555,10.774237835882005,10.64335774124034,10.702925331693464
tid_2274,73,10.893703239817462,11.142910508837096,10.677390213367316,10.716860717604622,10.692513881395959,10.675981467428276,10.742213242790786,10.717859120200082,10.72352644606593,10.710106305365255,10.760127268400083,10.741774082633775,10.71372155448505,10.733437301845585
tid_2275,74,11.137286113759306,11.348233588096084,11.126145670449533,11.148952165588323,11.122019701355432,11.130184886908127,11.14709885418306,11.110001978639072,11.116010940870291,11.103746488311828,11.123995508916869,11.11969401803914,11.086259565978594,11.193321061453243
tid_2276,74,10.760128062711823,10.98605853127666,10.768617284411132,10.827035453195148,10.77176644564838,10.785076902591067,10.80108094866005,10.855895774853842,10.780297621612817,10.755559257012187,10.781970730875313,10.773864803460118,10.77932795033207,10.82377261325861
tid_2278,74,10.881715926191545,11.10627515478748,10.802008023301122,10.811483088549164,10.774733794854264,10.791061886366421,10.805381025265739,10.805924705011613,10.79401200825667,10.792969163172122,10.858267710646592,10.868221362448425,10.781145850142048,10.874965887435442
tid_2279,74,10.947902333669298,11.179651707755845,11.029389917880685,11.06354451076799,11.037869655216774,11.038829845142141,11.096373254668407,11.059717901669986,11.058130078853376,11.08233686920582,11.033462548668345,11.05028862610908,11.023561823450565,11.077900917654134
tid_2280,74,10.899936062386056,11.09315096408818,10.88532124706924,10.931037252663968,10.892154055202559,10.901436681312559,10.917565942630658,10.92492412017418,10.939706585562584,10.959373895534773,10.901801369727838,10.918684974586276,10.900041706939042,10.944318725838736
tid_2281,74,11.116906600288472,11.330249445361751,10.938858187509744,10.949665274586001,10.934209553956654,10.935604790762488,10.976743902458159,10.980103649569486,10.979295037824915,10.940128473953648,10.932263394111795,10.915915643033813,10.978855960013046,10.980086036907949
tid_2282,74,11.059336770480288,11.277092998802503,11.004695422683527,10.981740705558352,11.009697048493079,11.017489275233352,11.04094004515625,10.997110380254687,10.984628488846955,11.056196395601079,11.00539498665359,10.99017409106965,10.99374077715736,11.050533273694867
tid_2286,74,10.799485777142502,10.96329317565475,10.79506815024465,10.829929052632032,10.812731031457828,10.812664668070974,10.817909268179381,10.874866204912818,10.847213793713603,10.838481827771576,10.810282836991572,10.832205284745887,10.822494677893816,10.855755712698883
tid_2287,74,10.718597908670086,10.95161849779701,10.808971360354183,10.78628685963794,10.815053351932542,10.833763555647273,10.823031256356352,10.818772911487434,10.772416082033995,10.82022489801485,10.835317914204623,10.792141750768272,10.741917766686917,10.846920043640884
tid_2288,74,10.722317593914529,10.960544939284068,10.890827043998717,10.940210087933892,10.901079824356675,10.894835851843734,10.946321118998465,10.952714296369699,10.911987128011104,10.972094447592875,10.927751666534263,10.92080281242134,10.890633077568998,10.979909885228262
tid_2289,74,10.920542653951898,11.156701847739702,10.82852213855573,10.862039654839561,10.837473781680526,10.848677484909171,10.887644713777416,10.888395001354404,10.84174579909018,10.88934851903488,10.885039684312884,10.864172571558411,10.824388438985318,10.89707677061294
tid_2292,74,10.777016910508976,10.998026556632928,10.698243380936647,10.680796129813567,10.6877909355145,10.699876033104667,10.70418388494972,10.686664492213103,10.706839171206529,10.681378683811767,10.667598999198391,10.688939493781842,10.732729758461014,10.70580046368119
tid_2293,74,11.003723522320335,11.161651623070028,10.91470826873381,10.881093556906139,10.893236270031544,10.889195400861102,10.900898935052423,10.875705280708647,10.881738569779097,10.920306688657934,10.954268925508629,10.906858114921864,10.853747059074173,10.956832498928735
tid_2294,74,10.588068144429949,10.789337633454432,10.642719935379093,10.613569990581315,10.63963531864346,10.6351259798456,10.652829212446223,10.630163411465333,10.624510493934908,10.653512317076679,10.61341025216786,10.618386066465968,10.64958364221375,10.6262331336535
tid_2295,74,10.97500609820612,11.20381135845978,10.711794642874723,10.734263325202498,10.713802551373124,10.713124252535668,10.821949635738294,10.742645250572247,10.707387322622955,10.725666175705506,10.714353626765945,10.708630803536836,10.694634819625074,10.71939327600354
tid_2296,74,10.978165690908607,11.161353194507347,10.7103392354512,10.71670678516037,10.724713195292596,10.702304649324574,10.71691234539202,10.719678078139175,10.804611972185743,10.70189336406248,10.710230708722527,10.765289973749114,10.78629362098716,10.721502626006615
tid_2297,74,10.672653200519507,10.906759327606515,10.835346031233122,10.904445224848471,10.823879646752147,10.83151477859873,10.82690729052305,10.961574676544323,10.892011595170327,10.798214666889566,10.88482378778292,10.851523824894455,10.859144197029577,10.959506741387232
tid_2298,74,10.82030814400989,11.029809037538756,10.7610669716504,10.765186945330266,10.774832404225673,10.772792515927883,10.786511126737432,10.747720275827836,10.871431049925818,10.751621728679613,10.735351243284438,10.78359220519385,10.878738063356645,10.737008012296835
tid_2299,74,10.887455624298198,11.060560554831731,10.70573588099421,10.723293860640224,10.687657926861702,10.690412382491939,10.711246051680568,10.740538157057085,10.761152367103367,10.721017518339156,10.712394239597955,10.722486646895764,10.744764620839725,10.712918839120581
tid_2300,74,10.774159386456397,10.946234708362844,10.83493148560764,10.837167526738996,10.827868975339083,10.82612988439327,10.849515666767049,10.856817084620019,10.859217384884095,10.833122001034939,10.81992894886984,10.818067829134812,10.843400423042183,10.83610819200203
tid_2301,74,10.676309680846526,10.88795829227977,10.745195088594093,10.75606107787249,10.731080686061215,10.734717420614656,10.749655191603093,10.767907549043834,10.714917022928786,10.733889625005965,10.741675686641706,10.698314909200327,10.687198775748382,10.768269222595327
tid_2302,74,10.58607163954218,10.7616744826555,10.634350300084703,10.657598329507122,10.617355290354258,10.626882150654529,10.65055268149329,10.643745906507291,10.672033899771366,10.634195564692245,10.644743746696179,10.654514642051138,10.644177015190376,10.621187915781935
tid_2303,74,10.780170136213735,11.005143537790028,10.812957244156767,10.889039457430146,10.823264220186761,10.814146453308561,10.853220729057446,10.930138375168752,10.857032581478203,10.856795862592946,10.863410238697922,10.79728858630772,10.781685214947323,10.941259861555999
tid_2304,74,10.808919541075408,11.019833335857086,10.776490126018833,10.8112805051793,10.779060630141464,10.776579663231594,10.807246605259133,10.797511446474358,10.796544470874073,10.750271247978471,10.755626062794564,10.732895870579648,10.804661048607581,10.755431803618968
tid_2305,74,10.657231119219768,10.864631183906246,10.67973500175656,10.65938813673472,10.718852406015541,10.680639348935207,10.703258961350576,10.677666669888135,10.683329084112872,10.673555593879685,10.641604564028173,10.641546821144992,10.699367459519614,10.680749939991829
tid_2307,74,10.74884496003321,11.003254174704892,10.576989401504965,10.588528542227534,10.553750744871612,10.578494893822791,10.594266214085277,10.604695368270098,10.609299576516507,10.583602187302725,10.586073147561327,10.617882423296543,10.574427516267521,10.596657720826862
tid_2308,74,10.549833963767837,10.7414339669885,10.646013235196017,10.6219745044596,10.645930165238635,10.639383967696697,10.643288671396112,10.615391941761612,10.65310178094652,10.63172316641985,10.635106467870527,10.627784815655657,10.672327325401211,10.642587668825545
tid_2309,74,10.662080654921091,10.873527560404474,10.600256689532781,10.586017500188364,10.568275166271611,10.582712264699424,10.57877930366354,10.549174842382783,10.63147468155916,10.610771467959294,10.611732607698444,10.626707726735674,10.627961359312028,10.605688514899587
tid_2310,74,11.468318190308016,11.541006476788064,10.899652256817268,10.879489231070261,10.87971989160527,10.860474711340853,10.88640632060646,10.89695802012863,10.886137748435079,10.842339519263446,10.886324658564426,10.847810851289339,10.852463816871328,10.934829946197187
tid_2311,74,10.809360204179429,11.009050628416002,10.903351384532044,10.911947868688378,10.911936769804024,10.895907897019823,10.956868809873493,10.891905262454761,10.845038375172088,10.915793540468808,10.914887194162329,10.842960607427957,10.825087350973517,10.910393407736729
tid_2312,74,11.060489811182322,11.274864957010577,11.073459136176613,10.992532404822011,11.047083342654265,11.059556380347027,10.991442826616469,11.00084747708222,10.997076624247596,11.101279173213912,11.036391434001636,11.029928871078317,11.00559724868857,11.1128978430966
tid_2314,74,10.983569204584803,11.150506915204422,10.7103392354512,10.74159293032339,10.7027018662491,10.702304649324574,10.737146021082992,10.736740496824263,10.73263681054582,10.721216139864097,10.741233294579503,10.736766485134686,10.759884018815267,10.738952874883152
tid_2315,74,10.593577564715371,10.773275601958504,10.663954549802913,10.60978832059499,10.641104785305028,10.641632286261425,10.63506483061132,10.627848741153269,10.66678269823745,10.63140084314433,10.640703086479382,10.660283984343474,10.66448663373665,10.672620236070623
tid_2316,74,10.77038213666989,11.006740722303824,10.731926814046163,10.712565040283229,10.71358817913069,10.71565938359221,10.710633166623728,10.709398440174606,10.763160260320745,10.721216139864097,10.750580569505555,10.75352474490146,10.806879610297347,10.751103988151625
tid_2317,74,10.707357346975488,10.893931684103586,10.646982580278031,10.656898648916066,10.652090270431469,10.651156802371005,10.665799062406597,10.667952804829747,10.668891747719927,10.637753272933415,10.626966493717632,10.645940279938506,10.672991975099526,10.657810568702851
tid_3011,74,10.775930884630007,10.97497527380758,10.83246191561229,10.88354485591543,10.835157196482688,10.847818005652625,10.87121817533025,10.912058938547666,10.866460116381456,10.904536179952105,10.880743698725613,10.868906590423913,10.807333245280558,10.902208074906692
tid_3012,74,10.58788153539299,10.77035271841586,10.681705719999755,10.665708022097212,10.676989040237416,10.684432235074105,10.678153174518009,10.655401979690536,10.64799021123133,10.665013128927367,10.663941566873454,10.660565385399625,10.630646053225982,10.681107780896342
tid_574,75,10.803768813989914,11.008229350653789,10.817906825633225,10.92046687019623,10.873831427511885,10.806422333454508,10.815085504207532,11.022216164506409,10.821539000197316,10.960760307132073,10.954620448973701,10.869641027792412,10.792422217695536,10.94649439133052
tid_578,75,11.168440209694136,11.322464472661936,11.01198756555534,11.085721440674318,10.984161752620368,11.044423678019829,11.090942279231458,11.056160726664658,11.101511028555889,11.139497302200304,11.142089322476327,11.107339727522632,11.094250038466305,11.036021171437822
tid_579,75,11.035881107868189,11.23469458892375,10.996972807964028,11.001260968388694,11.008131123541267,11.027257406805884,11.041156396656703,11.003135841402328,11.026436458256747,11.017626504999269,10.993887648014217,10.988042748665702,11.064870459925398,10.987787562419339
tid_580,75,11.633016945228048,11.825312101160478,11.250108195030046,11.346371928835511,11.326224591871233,11.342543869898453,11.414054453996687,11.229870939559508,11.260302861733992,11.335402981845306,11.204052443946804,11.250512921163633,11.335409963426923,11.190964837032999
tid_581,75,11.255013175738188,11.448369877020353,11.144252561494193,11.098146348534152,11.141990525689113,11.14639997663615,11.30177187247886,11.157967782639734,11.217031836513653,11.101363831452618,11.076557186144145,11.192893118722415,11.33586834151949,11.10965483288675
tid_582,75,11.875038296760057,12.161032391650474,11.495351855770597,11.520974654844212,11.50657239669234,11.486772274940284,11.553502859571653,11.618565950103795,11.449021186854432,11.534404028630197,11.643034478099453,11.539922712667034,11.35178155666701,11.565670035732033
tid_583,75,11.258004827841743,11.518063243951271,10.691174727368638,10.783167028308336,10.889554133324953,10.87412888464559,10.931621878254782,10.751032872105775,10.814991465192518,10.923484017818337,10.866754687737231,10.878092294167674,10.889647390989548,10.823183762696504
tid_584,75,11.105675765425596,11.279980284246244,10.867148722339826,10.867350762147698,10.841506558071854,10.880649431756996,10.872323954473266,10.919944047155724,10.911579151914479,10.972778663487581,10.9817948297395,10.940050326121614,10.892745080893949,11.002113184529659
tid_585,75,11.050491513287833,11.257706710431608,11.059212160156545,11.230903364050874,11.062609674182527,11.045000708202029,11.271746333636434,11.191134670214364,11.133747692901894,11.051270339140787,11.238331640669344,11.180819255990606,10.980697253184823,11.199842347922724
tid_586,75,10.822542460552947,11.187423830627448,10.837966160037283,10.911567091824418,10.811513077549959,10.861319219522409,10.853243292393074,10.945016287138255,10.90714290576106,10.925078048508109,10.892007859875584,10.830615716485848,10.984760152193836,10.853961034341651
tid_587,75,11.470948637220026,11.315480118030427,11.017625989925548,10.992488155747832,11.0433695767636,11.155211550154041,11.104707799363077,11.011909447290762,10.947144535077856,10.977070688149675,10.965193176842824,10.900441539029796,10.969940631421709,10.9267687706922
tid_588,75,11.430820215051384,11.646116299611464,11.057567665740189,11.19137213358788,11.147671288220993,11.17020075014804,11.354625369321347,11.114645685574565,11.071597277976814,11.196112968087748,11.158825158571547,11.120887840067724,11.00172356439694,11.157862727075784
tid_589,75,10.885300071982934,11.125948885814983,10.901267008509933,10.941599797205741,10.905527684393515,10.880073123807122,10.93627406895452,10.939830336279856,10.844323971104684,11.054270305406016,10.982361649745622,10.933395694676824,10.84541535218357,10.98401561993876
tid_591,75,11.010603581695458,11.1968960428385,10.972457912853644,10.918989662777022,10.92509298862251,10.92415522120385,10.895297186957114,10.906447822710096,10.869203184355015,10.963234007909598,10.937761809270423,10.901827036658808,10.845852489904095,10.901043066254857
tid_592,75,10.635001716541217,10.83248718315162,10.75191906594979,10.886340372406226,10.831353791108722,10.822487101944583,10.918902486824726,10.837422690730818,10.795429907914084,10.881910192631725,10.852789020292793,10.87728922055221,10.78640458595502,10.8429483917087
tid_593,75,11.042910635661771,11.249790303437935,10.79309868322006,10.774033541699925,10.81596819852805,10.802185191562836,10.803810259490584,10.770531425369722,10.754098729161852,10.929439288330965,10.838892238377639,10.792718999363109,10.814969443627092,10.859557309265744
tid_594,75,10.8317285941697,11.028227196416728,10.94294868650096,10.944217183717624,10.932552057595853,10.908733886237608,10.91152312720832,10.98305855229951,10.943372600359385,10.962523577804962,10.940628986127033,10.93731484420516,10.991146900834323,10.907767231048837
tid_595,75,11.294158572098572,11.451541429872508,10.947239194441815,10.85091339497282,10.944637556001632,10.903108166173698,10.872100972392836,10.921505539964981,10.792519829736047,11.032291378486674,10.934505694995535,10.878792131775963,10.809534555400896,10.943544884971882
tid_598,75,10.817138804044776,11.073423106324537,10.818113476042594,10.804708077288241,10.821988820327272,10.829770735503597,10.818285855799104,10.786867386477761,10.870565535642529,10.944410336041553,10.90769111431267,10.921332510561651,10.871656090716746,10.872836780133051
tid_599,75,11.130384577500376,11.28233676720636,10.821461553786678,10.827730845253393,10.844537499442776,10.83466549221566,10.808623930301904,10.860076984665689,10.81496373045903,10.956349838801763,10.940023334576065,10.889451224495708,10.849676235678855,10.948780970895847
tid_600,75,11.285485195971242,11.48525000811986,10.939704917221292,10.982066591993636,10.908851216140706,10.908759008362656,10.8971466215461,10.93686280785345,10.991159852154873,11.079017173221223,11.000758271491408,11.00037371466757,11.042482727826187,10.977977688736525
tid_601,75,10.912864174132686,11.076777413010037,10.826476402544564,10.920167817752242,10.83551611319202,10.842232200639824,10.867046443293663,10.936536328185467,10.91644508767734,10.973785047204311,10.990302797619472,10.958534087974316,10.939106777705147,10.980776978732976
tid_602,75,10.760741401469122,11.02427709781559,10.593473938667222,10.613594697090065,10.665471300239911,10.687787238490928,10.747106849995385,10.530553232379644,10.656072141799322,10.89597512530441,10.787998150715756,10.746875257954013,10.705077225217382,10.675308723286197
tid_603,75,10.985806150383434,11.219234709820164,10.876703410901202,10.942461012535546,10.863233493351297,10.873944900924778,10.876453784324582,10.921438092826227,10.91246378287699,11.07849589043749,10.995265230809022,10.963391540517769,10.918242299723067,10.995237459198856
tid_604,75,10.844868866580743,11.05858571412442,10.848873767644935,10.928105048747527,10.835946955431519,10.849283322822313,10.876420829584319,10.914525933682715,10.910735912707695,10.92823047457751,10.87811274225554,10.866645009386454,10.909868671252605,10.905327464643436
tid_605,75,10.630521534662972,10.81002285456268,10.864239170475747,10.937783920322133,10.870719393097874,10.92163767469478,10.974083264926627,10.91815670240991,10.971620179092293,10.946789254685193,10.904862651778156,10.91110384434267,11.019000673158322,10.918543620791006
tid_606,75,10.755943515580956,11.038827063576266,10.784233700213068,10.739497329697379,10.80837330646593,10.805951482730448,10.84702200185874,10.768321403236872,10.802000775133743,10.89708633202351,10.84440273450352,10.834288553851309,10.902331756919564,10.81142945756934
tid_607,75,10.73294289193447,10.93648518568616,10.847447343648753,10.769370016606466,10.827517656692814,10.858496988141301,10.812849864075543,10.789782832602338,10.806745674849026,10.974302181668286,10.870614036313544,10.879112473675717,10.830939360539697,10.85652928679987
tid_2318,76,11.08036250399904,11.247838196490088,11.252246536748071,11.156018021913034,11.299573819114311,11.245547733608754,11.196900570794302,11.178880624693624,11.167332170053287,11.130512685205812,11.103006733174016,11.113405471279766,11.11621417403679,11.113475878102436
tid_2320,76,11.022748515730264,11.190972117331038,10.943242622277436,10.935516159760793,10.949494491605956,10.953348773353314,10.975302759535413,10.947627205936566,10.89778034594027,10.896066190746327,10.8568974372895,10.850641407040516,10.878284067034599,10.865787425498853
tid_2321,76,10.669762045989218,10.833241250611245,10.62479999423478,10.625636390172556,10.623840286443013,10.641089230937585,10.611571398464841,10.601111999968337,10.635987005185232,10.590240569259986,10.614107367802799,10.602488841337792,10.674978782826608,10.587450557307017
tid_2322,76,10.708254369524951,10.86853797192483,10.825313641579363,10.79488729236466,10.805783420405243,10.815554678967874,10.784182976209786,10.778340321561432,10.792144120185895,10.698994492522212,10.72856994678684,10.755238731326042,10.792353345865779,10.713343680203623
tid_2323,76,10.58377236637913,10.728235200183205,10.65732062687667,10.631884883317683,10.655671211050857,10.649429947707514,10.63927187539405,10.594912856955272,10.608491475984806,10.566731487222647,10.56765998655939,10.580945739367776,10.609737152344676,10.57552951443226
tid_2324,76,10.8437408745015,11.036074445767047,10.836459112506141,10.849770297100426,10.833421721646534,10.823405398290786,10.74995503773103,10.875637554552458,10.855284883294848,10.689850712905946,10.785070686954525,10.804212729438364,10.76301877233896,10.791239602613176
tid_2325,76,10.728677831259624,10.898458217774737,10.730343537184213,10.712574754948092,10.735281181063886,10.745862368272538,10.743559926017967,10.726173245760927,10.705728548767876,10.673821993114283,10.675488689545155,10.687458076431714,10.708167648066885,10.683946963072978
tid_2326,76,10.62478720711566,10.799551086996964,10.631180967829255,10.653652194578052,10.637251299423912,10.636371814635385,10.67221901988763,10.667484748154088,10.658667447098388,10.6130143250783,10.650239283235829,10.614190504366046,10.63920182014622,10.649789685321355
tid_2327,76,10.911418100298706,11.04756703008422,10.784817639879712,10.780652882436904,10.71321525443016,10.739504595205371,10.711709839740285,10.776410389698569,10.85917747169097,10.72282027072629,10.753618979291591,10.77317104135,10.83467024368351,10.750670369072608
tid_2328,76,10.820865692967237,10.97973663843097,10.746956580271414,10.6930658379201,10.735995264114594,10.73341977560671,10.688245857357893,10.670837814026088,10.713822087682578,10.632000574594842,10.651550419425554,10.657057147517957,10.725357039741573,10.60884199890837
tid_2329,76,10.756804405248472,10.926202833783403,10.782271361272986,10.798932520248576,10.782173172381382,10.788375497115526,10.769849065732352,10.787969824346268,10.83367605130479,10.701975758585892,10.732270674517993,10.75337067855915,10.835825596089201,10.715253575706848
tid_2330,76,10.647220902529693,10.8226302137909,10.66274342172786,10.691839896253967,10.66771612872322,10.657857652826337,10.670595069020099,10.658081286243323,10.684591849078823,10.597925786154558,10.642709667975014,10.618735597467804,10.64042401553762,10.616970464843707
tid_2332,76,10.535402739366656,10.715319584216848,10.644103438163784,10.635380773825476,10.65114995658501,10.645116970934467,10.642274900553991,10.66996337035766,10.649484420595387,10.597622835271595,10.591562056427625,10.60005552661762,10.63152012374883,10.602956814662056
tid_2333,76,10.799330649141178,10.992130310166749,10.9036613061023,10.85232768282283,10.910891606414319,10.90784120108302,10.882776854218035,10.8336883069206,10.811247533833017,10.79145255331834,10.774044224480114,10.757582755668002,10.79018472184122,10.781020647758437
tid_2334,76,10.93649586378076,11.135818924547088,10.817733380266375,10.887729661225558,10.79565989866862,10.79740221751826,10.836102772514762,10.882735127897234,10.965141647777335,10.74081035478629,10.76153816721026,10.764028908295897,10.896621920292207,10.781512026374905
tid_2335,76,10.747796665349249,10.96085935635134,10.9759615132801,11.002666680185405,10.958310623694379,10.94879925511721,10.98754064966551,10.98654376789354,10.948877537516262,10.810729823515013,10.861255501016277,10.833414386570917,10.878680384540742,10.835082003241398
tid_2336,76,10.783172389637766,10.96380936191591,10.984515993226958,10.9005096581239,10.969464676212903,10.96628361002509,10.900996328224041,10.892699599153488,10.895236376554724,10.830887667785698,10.818496797853726,10.795503663916762,10.851631093305217,10.830797332195939
tid_2337,76,11.062617790664712,11.25674722752312,11.244481851292315,11.168433172315783,11.277885128851066,11.230528511228206,11.29342352490818,11.205109042304965,11.167425050400546,11.122282787994202,11.09168823384984,11.088924849152733,11.166893319324487,11.0974164883988
tid_2619,76,10.901129673847704,11.096280595568912,11.025388977217208,10.982075436790744,11.031205576011272,11.025035536307609,11.022343952732022,10.962534914589959,10.976946592256764,10.954078246502368,10.953069097217359,10.944620527921307,10.992453896075515,10.924868283614513
tid_2587,77,11.594501765319912,11.741160035028589,11.626814100022266,11.452409318306383,11.622242202424907,11.621199821766236,11.616187801366106,11.451133918954858,11.502323760745055,11.595446607786407,11.484843503391433,11.484373147772011,11.511496526618997,11.552776192736196
tid_2588,77,11.756341337178876,11.862488076126914,11.386377419307097,11.404851811837913,11.390480972309042,11.493002631415974,11.389046254342855,11.403663658126062,11.334491870244033,11.388407822104352,11.34791067780147,11.36022662852623,11.325870087378885,11.384917097689765
tid_2351,78,11.472232628775345,11.590836980188648,11.639824273810875,11.512623461651014,11.54885716188125,11.563376658614537,11.509721008696653,11.57105834846457,11.54031046069295,11.666609618708494,11.702562695920491,11.630429309965876,11.519897300079906,11.639204590962702
tid_2354,78,11.597333706741406,11.70728675245888,11.6300619999373,11.588213091472868,11.567297041843732,11.59244552207967,11.522658487994773,11.655257031222348,11.630030765819887,11.681104558941025,11.767036865031065,11.733160383053772,11.58794140565495,11.715223798503745
tid_2355,78,11.407570504852526,11.52836368009936,11.711184782424203,11.598004906003721,11.67359448026872,11.641045856952303,11.589313334615607,11.744549689675447,11.56847659732831,11.7067947597379,11.734784787048326,11.70441801814974,11.595098555056321,11.745669349951596
tid_2356,78,11.581893536149655,11.744014963464476,11.537461100463357,11.378126131681986,11.400039173705922,11.49091983999778,11.38927725376861,11.374825301153397,11.376856561554726,11.531199033793028,11.54183903052128,11.490281136584931,11.47141004051065,11.437247411923808
tid_2357,78,11.67164995467796,11.806780197298302,11.644213071927695,11.578839239353144,11.612872613936059,11.58918491398409,11.529618393355909,11.658545706547951,11.55631357673024,11.684632802225213,11.7346466948937,11.678549303607596,11.538007435729122,11.700333821992706
tid_2358,78,11.646765559941278,11.808569010620191,11.673034848750225,11.586460874560101,11.62418845363713,11.593822489981452,11.531886047305406,11.670901875050813,11.581113482311627,11.684632802225213,11.740829933318672,11.703436814114095,11.547570438916521,11.700333821992706
tid_2359,78,11.958491667812828,12.127618009536365,11.645985423777764,11.553142404388602,11.616878634267659,11.61342267586818,11.58797167467567,11.60057430809405,11.583916896021073,11.683037781857045,11.72019838824799,11.728326196759726,11.61314573283908,11.656580201240548
tid_2360,78,11.612332694936187,11.762812207926606,11.696080067794247,11.553801998266778,11.669439800854812,11.641045856952303,11.589313334615607,11.661153159407336,11.581042114089545,11.7067947597379,11.733217517873783,11.718846223116932,11.602917164019834,11.701915729199438
tid_2361,78,11.766285466305938,11.929587651171609,11.678480367552174,11.589054190094549,11.664010032050994,11.621327336896984,11.590937818957924,11.737015054844093,11.585956007463967,11.698442911163609,11.729195718397984,11.714516067893982,11.602851528504502,11.71404295680518
tid_2364,78,11.700641611431488,11.809544731462978,11.633476870989597,11.575418784076538,11.605090530431754,11.57600291161084,11.528276733415971,11.65742595353032,11.566652871229454,11.688837504570412,11.73021270816944,11.721657292312363,11.549214138577613,11.703376022591202
tid_2365,78,11.535970867996978,11.648827794700743,11.677444914930966,11.583144278380393,11.683242262755558,11.640524338219425,11.599987808799566,11.665681374883379,11.57853071026165,11.678922061095301,11.73021270816944,11.712471197614125,11.573919017917065,11.696621735062271
tid_2366,78,11.484031011999829,11.605053313799155,11.628348007903378,11.559633515051862,11.56813384723665,11.562322517187093,11.527989634453442,11.659654037268805,11.53114406742297,11.675715434617695,11.71758808774983,11.688868485494034,11.52998093648527,11.701983155382786
tid_2367,78,11.46230983565267,11.56643779547499,11.591777143312054,11.455888469171331,11.520787297784592,11.544348280818744,11.477016781776912,11.586530321342092,11.472757845967077,11.653482452860143,11.67279501590491,11.626522676075265,11.516365436634874,11.669851276600504
tid_2368,78,11.569720646182526,11.817928411243429,11.582308805747065,11.482345275154207,11.519157621158618,11.544348280818744,11.464157357017305,11.565832757337478,11.485344956022518,11.65266340167958,11.68280933582636,11.610721894024357,11.495299526375307,11.585218738853003
tid_2369,78,11.28378521937156,11.407812696398336,11.640708029854228,11.542653651668907,11.628140115236675,11.540845622369703,11.492046014043739,11.615961140244949,11.564927933555113,11.662219458704154,11.714986330121432,11.696215277297712,11.557526704753803,11.703093651854257
tid_2371,78,12.95382140456615,12.913091665687825,11.75633366161801,11.57839568789615,11.667098732288636,11.673450996369866,11.611564363813054,11.7077306790068,11.550981261637904,11.700526808179607,11.76498261228602,11.69007357737089,11.519578903541897,11.743578684942293
tid_2372,78,11.55807472336472,11.75863957403018,11.588852915235547,11.53087286890886,11.574943905878783,11.53639833249188,11.505539717643593,11.563820773342421,11.566652957040754,11.67845990039503,11.70174106832901,11.693792677613036,11.563305730416436,11.665125288441608
tid_2373,78,11.83569640895442,11.906054124375595,11.677444914930966,11.558209074379933,11.66655670627257,11.622245206056286,11.599987808799566,11.59584441471696,11.579920301064396,11.678922061095301,11.72019838824799,11.691883403060555,11.59050949956959,11.659340031102099
tid_2374,78,11.540162155720829,11.717760839740246,11.657505261915258,11.58502920084873,11.665828297876953,11.60002678732474,11.534771970345588,11.679088104579934,11.569441672947532,11.676534485798257,11.73021270816944,11.70652422051698,11.549538101711097,11.703093651854257
tid_2375,78,11.457009925500667,11.617406193729032,11.677444914930966,11.594316264341472,11.683242262755558,11.640524338219425,11.599987808799566,11.67835278836562,11.535448927314006,11.678922061095301,11.73021270816944,11.687181857893272,11.55691010157264,11.703093651854257
tid_2376,78,11.647955359280074,11.78657123785638,11.616531720564705,11.506195821095615,11.619793468517695,11.540845622369703,11.489778360094242,11.529324399651577,11.548223560236506,11.662219458704154,11.714574142872971,11.709781909221693,11.55520592934613,11.656297830503602
tid_2377,78,11.550171152119947,11.680815892109198,11.668398716431257,11.537359223937152,11.659503476951674,11.59062945043546,11.55499419854822,11.61472587572622,11.523370480034517,11.684127884069506,11.712072314395575,11.666173740704366,11.529483995780373,11.701633358462493
tid_2378,78,11.669406000004358,11.823975126214478,11.648477912171305,11.544788502741428,11.585127289339155,11.552336537361526,11.5099964089475,11.66773121305442,11.580644619420214,11.655306986972288,11.704411369014752,11.702486173036176,11.558746476353345,11.64800780000607
tid_2379,78,11.559227775090813,11.698674474664442,11.666440571705602,11.546398251825147,11.665611034817612,11.58083593396389,11.510059204160887,11.654009351368588,11.572703642559592,11.676534485798257,11.718701248909037,11.689368686050235,11.564285620879868,11.703093651854257
tid_2381,78,11.348333800605634,11.55041390938122,11.5348804733178,11.453424978910151,11.480709197417042,11.50263237383362,11.437232781331547,11.592007188103493,11.457116192733624,11.618357788531297,11.67279501590491,11.61681261382223,11.452508920851932,11.66652725803813
tid_2382,78,11.42356733651213,11.574742787001608,11.657505261915258,11.55562211678298,11.6538529411397,11.60002678732474,11.534771970345588,11.591716047772248,11.537041062648312,11.676534485798257,11.726085602133374,11.703501980181757,11.540599135311874,11.656297830503602
tid_2383,78,11.188465985393854,11.394689076565015,11.598547361317474,11.445239022130545,11.497021302413467,11.558520221229882,11.461684967913225,11.480971738663827,11.460273287848347,11.657888186686833,11.681674230475732,11.5981325664425,11.506045224851118,11.573967675333003
tid_2384,78,11.132326612912122,11.33726407991188,11.645487537962694,11.51338105195644,11.5983269394767,11.585640657489993,11.526815404079207,11.588550383058424,11.561705901355745,11.655306986972288,11.704015923081615,11.701744356435476,11.567823400047454,11.651037821998301
tid_2385,78,11.574341303104228,11.78923739160844,11.569983358373463,11.48034490843497,11.50021502707426,11.536824075406418,11.464230122310438,11.565832757337478,11.459601477669736,11.641065810545618,11.679094417038755,11.60679120357978,11.48405641956682,11.585218738853003
tid_2386,78,11.21543949094399,11.307276732951866,11.522555025944198,11.45317888038633,11.465018748454233,11.495108168421295,11.458642298873547,11.503906460154784,11.464361624747225,11.606760197397334,11.678682229790294,11.602103722859797,11.480756496058996,11.57064365677063
tid_2387,78,11.183555745651512,11.282099983036542,11.540081213645928,11.4834510553041,11.476567366975798,11.50263237383362,11.42190096746786,11.58136584372047,11.446604762998584,11.618357788531297,11.679094417038755,11.588149083479454,11.44421760453196,11.581894720290629
tid_2388,78,11.627953598254278,11.794654100834476,11.590048658306085,11.486949974408919,11.487769990819734,11.55454230907399,11.45871882363097,11.560439008885169,11.49246176561941,11.646539239525344,11.685801336511798,11.620942877905128,11.50534992019572,11.580102037980653
tid_2390,78,11.233334570474808,11.387264731571962,11.609750915630707,11.483487788439474,11.49675236761312,11.553952982997588,11.610660311047894,11.55065549923226,11.458893636831972,11.650721829382995,11.682086417724193,11.61053324655076,11.497325753180846,11.582177091027575
tid_2391,78,11.60682009790611,11.771445426488064,11.524868837764208,11.388434639628484,11.428669702569016,11.517763343527799,11.508572856207099,11.352438527146798,11.438108391265196,11.418324721658873,11.493347974420846,11.482867571256293,11.602757232868676,11.381677158658755
tid_2392,78,11.391778778578184,11.556861964381016,11.192318915211779,11.197364784851766,11.170620303205371,11.172299877386617,11.163517284409156,11.159524827287573,11.292672625562801,11.342048899567096,11.380650281378385,11.369643272576099,11.263589959749643,11.267038238716815
tid_2398,78,11.452858000412858,11.600668907267984,11.645487537962694,11.504935386844286,11.595713970976606,11.583563542587536,11.526815404079207,11.573375204112176,11.52189740975107,11.655306986972288,11.702600524609595,11.677151644722963,11.541216606632263,11.651037821998301
tid_2399,78,11.66873619472327,11.58565534513409,11.628348007903378,11.52979496795871,11.56813384723665,11.56374752231321,11.527989634453442,11.581722802821758,11.560871872366635,11.675715434617695,11.713460981713764,11.696711240825463,11.554297812142465,11.655187334032131
tid_2400,78,11.7328430183441,11.911980069637062,11.607550083453114,11.537630458175705,11.535621470581196,11.550783982317688,11.502858451562435,11.654644725619812,11.503661056935872,11.666631731196041,11.705583192256158,11.618166275283768,11.499613772233902,11.68295821171486
tid_2401,78,11.375303431356262,11.50746257049687,11.351213437596261,11.303733395050804,11.316055353985462,11.301388745063672,11.275620093525937,11.317591202417658,11.353883545469742,11.46385752192421,11.518843331260051,11.480287888655067,11.363594024466533,11.4306446596896
tid_2402,78,11.504899341641767,11.633149075554856,11.591777143312054,11.457184765587606,11.52403944290614,11.544348280818744,11.461684967913225,11.504267436817944,11.404907196794536,11.653482452860143,11.681205226498186,11.588415331364303,11.449100895905008,11.573967675333003
tid_2403,78,11.375155387514356,11.507205135035322,11.503776323534625,11.373404530902663,11.41858581352536,11.457823405346707,11.378834369929798,11.411008351577532,11.32799207539923,11.525977123613394,11.534101071564386,11.447586560301374,11.340016791774511,11.447973424158914
tid_2404,78,11.171676638586092,11.326791048456348,11.60811768437668,11.512716948859948,11.543427393077431,11.541480281254813,11.50582459584469,11.580987486607444,11.546024347475102,11.657692251100976,11.704015923081615,11.690239556840156,11.57813436160337,11.644321291835052
tid_2405,78,11.261788735185725,11.471875319425507,11.636471373580413,11.53485525573543,11.6372074333963,11.581343173264388,11.55499419854822,11.529324399651577,11.575069150873148,11.664607034001198,11.709374385379427,11.690628181778415,11.584192724304673,11.656297830503602
tid_2406,78,11.4993618942208,11.449166373331884,11.535154610325078,11.454119609524783,11.47331522185425,11.486430356572939,11.43977793572876,11.586961257926761,11.405639709421418,11.618357788531297,11.678682229790294,11.592568717320809,11.404479466318481,11.66652725803813
tid_2407,78,11.37402769908698,11.475965793734057,11.58957419951193,11.451319426820971,11.499981835068219,11.550996015817557,11.464157357017305,11.498214076979595,11.39342444661735,11.64629059555287,11.680258832003712,11.576098891573105,11.437614184970238,11.573967675333003
tid_2408,78,11.162729487129203,11.28903663600561,11.59341795253089,11.367322664715092,11.42313401371471,11.511963190733306,11.383573637261987,11.372326366617832,11.319533939983446,11.531428440105573,11.546310845934643,11.457766242733744,11.42276873843299,11.439191375974291
tid_2409,78,11.3292405792656,11.48442824904648,11.580884902571718,11.43737281366386,11.488098785623032,11.55581532855494,11.482144177167937,11.542157700862253,11.43755988645683,11.65811471817176,11.684692818727973,11.620138084762631,11.464263166720748,11.671228097430625
tid_2410,78,11.189402029590388,11.301428824305418,11.541615885655672,11.347550238902135,11.399018961623607,11.47628463580397,11.381054888371356,11.396473294530614,11.319420498806773,11.531450552593121,11.496598707750925,11.463651923608712,11.371674266407032,11.461693777752219
tid_2411,78,11.219822056932362,11.331805186352636,11.736103338091311,11.455812203495228,11.642392278129417,11.63656940576919,11.589399325204301,11.613612723015951,11.543523371663795,11.672402076239694,11.706224613037222,11.741907065253265,11.613275319142867,11.688628109421037
tid_2412,78,11.440075163155973,11.604242227140404,11.630840552607406,11.527623551778486,11.599636922636005,11.57659223768724,11.522755836221691,11.545501554539397,11.457759406935661,11.680389699318596,11.722525084899221,11.65181255799431,11.47100543499842,11.665987290305365
tid_2422,78,11.280635209808151,11.429705799439375,11.565387869828829,11.366268238872998,11.408001338416993,11.489613963747809,11.400203150181827,11.386370864160092,11.311782397279915,11.535633142450772,11.500769111913884,11.465968325253549,11.35414565446129,11.448749332876314
tid_2423,78,11.785186745846088,11.996789468894749,11.658546107593793,11.574037463090686,11.621932709262133,11.620627638800219,11.58797167467567,11.642313723380529,11.583926121415848,11.68277727461564,11.732910637185588,11.702760381049275,11.597700663691214,11.696904105799216
tid_2424,78,11.481820688325842,11.616320149647867,11.668708235698004,11.535137108581752,11.609833743498374,11.5855244623273,11.532161447556254,11.588165946255106,11.57215792732538,11.676534485798257,11.70757376782838,11.68928061267964,11.551470035385757,11.658229534630628
tid_2425,78,11.613392326209484,11.784013108350074,11.643277171843177,11.54948824191798,11.605780917700445,11.570615669524665,11.514874585686332,11.675571560455113,11.600785407374984,11.655306986972288,11.70814302911768,11.654587322753846,11.547670020579217,11.682675840977915
tid_2426,78,11.781458356583183,11.89734533405995,11.630840552607406,11.54243525233849,11.599636922636005,11.57659223768724,11.522755836221691,11.578374966065642,11.514598424472158,11.680389699318596,11.726085602133374,11.68440964026679,11.512579839303651,11.659622401839044
tid_2427,78,11.72674407383517,11.84956268798044,11.685210816901645,11.552664714844068,11.683242262755558,11.641985073535261,11.599987808799566,11.57866019748669,11.573137199771592,11.678922061095301,11.722896317264139,11.704695563361659,11.574731634388232,11.652868114310113
tid_2428,78,11.613175243028689,11.617298092827545,11.580884902571718,11.466503216626739,11.488098785623032,11.55581532855494,11.482144177167937,11.566188387132044,11.429497589622255,11.65811471817176,11.684692818727973,11.6064126229612,11.428642567652608,11.664734575728154
tid_2429,78,11.300047788779263,11.455751756895676,11.573982656257177,11.501092179303278,11.49135093074458,11.55581532855494,11.464662164938542,11.536073088482091,11.482928276048181,11.65811471817176,11.685105005976434,11.61313714368137,11.480710916197946,11.57489435364247
tid_2430,78,11.358409718514256,11.576547941667176,11.595231750888491,11.456303757636046,11.508099553540834,11.55491735879936,11.477016781776912,11.564272185615117,11.483240434991625,11.65266340167958,11.677266831318274,11.622915051884737,11.494726121761751,11.669851276600504
tid_2431,78,11.526382511390144,11.718973313958816,11.535154610325078,11.448336355523482,11.47331522185425,11.486430356572939,11.437232781331547,11.573112079028208,11.457372547927088,11.618357788531297,11.677266831318274,11.609957852601633,11.432908779920446,11.67094572669368
tid_2432,78,11.48740763698327,11.616511306825636,11.531361363213405,11.431324196486013,11.47151164174495,11.495108168421295,11.42190096746786,11.488384499966127,11.468114268743813,11.606760197397334,11.678585282717378,11.605746338044439,11.471978552305105,11.57064365677063
tid_2433,78,11.208083669671511,11.36132552922753,11.535154610325078,11.447592883769612,11.476567366975798,11.486430356572939,11.417022790729028,11.500738407144498,11.459133131688379,11.618357788531297,11.678682229790294,11.614138083105846,11.453738837797351,11.57064365677063
tid_2435,78,11.309069702563304,11.422202846197903,11.579451695938452,11.457184765587606,11.505096848821783,11.536824075406418,11.498426299318913,11.510817444306635,11.419757762473619,11.64188486172618,11.67279501590491,11.581095140820722,11.469494911268704,11.573967675333003
tid_2436,78,11.572152404601471,11.789053799298166,11.657505261915258,11.55562211678298,11.665828297876953,11.60002678732474,11.534771970345588,11.591716047772248,11.515750892560845,11.676534485798257,11.726085602133374,11.672840069050782,11.52253022442197,11.656297830503602
tid_2437,78,11.237879223098018,11.372744584852908,11.749988091968751,11.557307201049095,11.700726294321072,11.683971783629744,11.581128325672216,11.696731214976936,11.487732215347956,11.69199672768508,11.768467214685877,11.672185918665573,11.508663140254066,11.760818129517144
tid_2439,78,11.7787176934037,11.969292157424247,11.761900092779214,11.61650950895502,11.728105882991311,11.72371706022046,11.668991651123255,11.787081699717257,11.583147697938605,11.702914383476651,11.772616282697815,11.722694694050286,11.642976408311005,11.749345686373195
tid_2440,78,11.85720074989909,11.966504318051744,11.740001998618064,11.631881265588808,11.70039064721256,11.718869298034145,11.647749135662362,11.822873499596174,11.623776084224561,11.698537084589649,11.774836386556991,11.735718696409483,11.606399373471803,11.793099307125352
tid_2441,78,11.704519730343954,11.764329889201376,11.801764071718862,11.6416844799699,11.762377283283938,11.734173169563578,11.668991651123255,11.883457402928169,11.667281391758724,11.720648849547821,11.785328531635413,11.764334302204231,11.701686309043339,11.828569683312155
tid_2442,78,11.756001831184276,11.941944977179563,11.66809004248985,11.572196097289494,11.656573803573727,11.627678817520522,11.583687594176391,11.721865386975237,11.596361918780126,11.710000182252745,11.733629705122244,11.694757328300044,11.610703915392325,11.742239633758107
tid_2444,78,11.944361717591883,12.153824158249003,11.702790401287904,11.55252030760238,11.672677693996018,11.641045856952303,11.589313334615607,11.662022121355255,11.564606715897527,11.7067947597379,11.739400756298755,11.66365345715805,11.543893048891476,11.69848601300595
tid_2445,78,11.354766429073354,11.503698022770086,11.543686810587007,11.4378975690287,11.490454235829308,11.50263237383362,11.42190096746786,11.486022449340066,11.388542427085286,11.618357788531297,11.67671436898866,11.591579853867943,11.417055590174357,11.580050745835447
tid_2447,78,11.34190224095755,11.482306450902696,11.642264262416079,11.499436947944327,11.657264388098632,11.58083593396389,11.50779155021139,11.54174229404825,11.498805114045567,11.676534485798257,11.713158744400952,11.687291750777142,11.522428410846446,11.660716299159152
tid_2450,78,11.465130255669004,11.617339532887655,11.492889003333163,11.364558481970958,11.40239594333589,11.438742725511647,11.360397704222649,11.405270808623994,11.403048390858045,11.513297213347158,11.540712444245425,11.498018280984219,11.428385991638688,11.448276402981536
tid_2451,78,11.352824785617772,11.465992125833706,11.522829162951476,11.44689825315498,11.45762477289144,11.478906151160613,11.417022790729028,11.516294311068036,11.451655797917173,11.606760197397334,11.67279501590491,11.598293489034866,11.434287615321066,11.57064365677063
tid_2452,78,11.37798050229759,11.476758245157496,11.584575498742948,11.44936174341616,11.499981835068219,11.547393153387034,11.461684967913225,11.508731414617056,11.47030919053224,11.641065810545618,11.67279501590491,11.605790117221542,11.468603266361251,11.573967675333003
tid_2453,78,11.35125441121832,11.463603909637518,11.539622134194662,11.450021911378473,11.509903345810349,11.500200161186735,11.42190096746786,11.511781507320006,11.40843099062005,11.618357788531297,11.678682229790294,11.59176660364236,11.435620156457741,11.57064365677063
tid_2455,78,11.544478394123276,11.604369088361244,11.435992333338909,11.352695888585274,11.354923867405548,11.397026818526523,11.318141314673204,11.390351275990206,11.360628736086984,11.478172549018312,11.53441304311158,11.474892530047047,11.356225528994692,11.441951205835842
tid_2457,78,11.677088142773243,11.744880481053965,11.656203239949411,11.715484611782273,11.651724503592275,11.618970391735465,11.601949425249074,11.863747879223281,11.584133429632322,11.707087823581128,11.827418792271908,11.694318845803918,11.5395804425127,11.827921899568643
tid_2459,78,11.715748751036848,11.883746676967732,11.70937225778181,11.586369329401407,11.700828106565195,11.649810615390496,11.599987808799566,11.747507484267112,11.577644934444127,11.698442911163609,11.732910637185588,11.696959289136652,11.586099656801585,11.741957263021161
tid_2460,78,11.523297489076516,11.64397565696074,11.645602796694254,11.606314123296144,11.62913345741874,11.642000696061396,11.605480683052386,11.673016372786567,11.617910395755747,11.694384302982124,11.73809903826239,11.737919001952948,11.637901386818585,11.708941441080555
tid_2338,79,11.101236025842091,11.242547476215965,11.274240418028512,11.348556428228575,11.318420398659145,11.281483035918427,11.402185284684334,11.351758176789394,11.392800756326622,11.307605020891618,11.407045102067185,11.360257302573187,11.242485311754702,11.369339579733625
tid_2339,79,10.838923833132514,11.032371981192911,11.052670712732414,11.235516508053097,11.179799208605875,11.219793074489933,11.136118412417053,11.153288449175214,11.132957091945846,11.142688296533134,11.187148755137294,11.119861303186319,11.020449144419475,11.117081737653303
tid_2340,79,10.90377010713103,11.10818359526211,11.266648884636089,11.241084983481668,11.271961410138392,11.180593672777814,11.160759136452493,11.148943512289474,11.14733081293965,11.233224736869081,11.230726196815324,11.197254478088007,11.13501940525196,11.12153455453541
tid_2341,79,11.310144433202884,11.483400872143536,11.360364680243915,11.346266195029282,11.384439737686794,11.41267238315513,11.405613864424028,11.355602430020408,11.354068917450403,11.280326189819462,11.270542149073902,11.323070696438258,11.302990539140009,11.282999752727918
tid_2342,79,10.802597536981205,10.943345448585069,11.168388697775754,11.180764299758117,11.34828199136418,11.305124533616853,11.182476301831684,11.201886194726557,11.140996693315435,11.17943567948032,11.180583435427014,11.069643294971854,11.082630383167341,11.192983520526456
tid_2343,79,11.228537959467875,11.4793635107972,11.125435052627694,11.084721439675912,11.18962621629155,11.23641947205271,11.218915710514967,11.029303814197783,11.129490518417729,11.105131076666675,11.077538417225915,11.191250881236131,11.177531276116493,11.070225313901705
tid_916,83,11.540455998071655,11.641335390241046,11.649991390362226,11.78069620546521,11.663228408667361,11.639799977102868,11.68074358923326,11.742020452314094,11.853041194974386,11.689852037143456,11.682050456704152,11.825236812170843,11.81744569838635,11.64455757201817
tid_917,83,11.82009099614226,11.976460719312168,11.65688545827033,11.758603173631782,11.663432985413987,11.651876370819679,11.720878190353572,11.787091647712039,11.759138728337945,11.583944429659459,11.630542290970796,11.69572622742283,11.759885786690083,11.617535746254317
tid_2216,86,11.688469103484724,11.798866522735098,11.633558861690139,11.713924597160947,11.594886893842867,11.695004122346619,11.629644745228662,11.769587563754996,11.59334481699532,11.660199598920077,11.715267394360877,11.609181449207508,11.63549085543385,11.681507256269008
tid_2217,86,11.664954467058797,11.86554449479832,11.548359319316969,11.734743642637667,11.659656237435756,11.65846081494547,11.577737357801665,11.730384442093117,11.612772439915865,11.806498874826616,11.855625065573738,11.629295781744506,11.579033912913825,11.854053350919902
tid_2218,86,11.480729698993857,11.646085663710824,11.16690121013063,11.29707716250801,11.182027089770038,11.183336224564348,11.225299242442594,11.302265683582373,11.235447289362964,11.233353273324685,11.335493451766771,11.285196462661158,11.128114926909689,11.30778796124631
tid_2219,86,11.597715042256496,11.733928326642465,11.466475346652619,11.604450068156472,11.52684717735915,11.428253962765664,11.59428912033384,11.520487678713808,11.391512812314447,11.632682644289147,11.659893431569508,11.471582344604835,11.315733349168847,11.613984827041913
tid_2220,86,11.654453672666977,11.808939480183438,11.453625310059346,11.67278066323519,11.606556892469877,11.611308928293077,11.62177137257005,11.7221372049435,11.706059258080877,11.664101556086635,11.743022000929354,11.71586485677908,11.694059914164649,11.7633091180101
tid_2221,86,11.52798943154668,11.690113869652436,11.424054219832824,11.590455743510738,11.400921073001042,11.579514697998123,11.528047311672838,11.654714052400925,11.508690884135927,11.698949609537257,11.752200990620405,11.583426112162517,11.495986158164897,11.77577519979409
tid_2222,86,11.483395722306453,11.67770997609869,11.546803530006452,11.784986927339595,11.659656237435756,11.65846081494547,11.737946920367145,11.693610136463345,11.655995091717628,11.655116400227362,11.69451776384994,11.671344389393266,11.627090698205771,11.648582694127965
tid_2223,86,11.49463012115136,11.655203370089865,11.216661518469456,11.328338049527217,11.217307827407172,11.240282615779249,11.348569486860198,11.323345512170064,11.387897891491205,11.350421384133416,11.44339965420266,11.406077907759931,11.349969911257276,11.384470283410716
tid_2224,86,11.52509610139693,11.680815046662374,11.30223195068494,11.208156989732846,11.28636124483521,11.214724164881483,11.24638204394402,11.226178602697594,11.105204323199985,11.340180462043568,11.263366162709733,11.164222565214814,11.096186477667382,11.300631671241185
tid_2225,86,11.480498343029986,11.675847563184574,11.061724673167435,11.21145786171716,11.061067392880595,11.048636462611121,11.12871710315253,11.179112404934882,11.156174011328982,11.220750125684077,11.280034820601951,11.253019660873887,11.105001863035774,11.322809717953957
tid_2226,86,11.745176219528169,11.85566161369593,11.52140464416044,11.59560981117886,11.51219966406746,11.629235701228406,11.566830523174453,11.66521699941772,11.653185209279716,11.674209568731152,11.71885697171279,11.682994348957093,11.585087310850728,11.744062740101299
tid_2227,86,11.48951557933376,11.64759009024401,11.565754210728858,11.523128953657924,11.625546170300426,11.536327270322975,11.452652469193046,11.55033517574001,11.5098518373164,11.62323324390809,11.512577279279697,11.511555140011724,11.529815472072118,11.545555420790434
tid_2228,86,11.789263182869147,11.863972401343318,11.396422221112767,11.235859278684186,11.402222582872147,11.306574763977633,11.275224196212701,11.131836526957981,11.229704841020453,11.438060754452376,11.321935885607607,11.256157544037375,11.248405829285618,11.316195297589166
tid_2229,86,11.796007473331898,11.894580687436592,11.292065305052665,11.571933292590762,11.256447670692678,11.270650066471426,11.42879394758193,11.55667263072959,11.277678354945449,11.407743515043677,11.520447900675974,11.346381205060043,11.251059233634686,11.541435839644922
tid_2230,86,11.59483535145688,11.720699508178926,11.300242828726951,11.25072305733614,11.25777473895966,11.271893687875076,11.351046169782128,11.334166462813306,11.452186490188598,11.41822444723511,11.370518771173705,11.41278192252397,11.49508683247174,11.4015137453568
tid_2231,86,11.518483987719058,11.666266960353186,11.149218305669917,11.021446236463287,11.129740483017303,11.113111613648407,11.004824565868738,11.021533758114018,11.062095951768713,11.16115706946929,11.095310321384448,11.068220211383696,11.093629363090342,11.130434628558751
tid_2232,86,11.674213186842858,11.839268719066729,11.148606651221273,11.214734054649371,11.1806979001646,11.200434221418497,11.250277004966149,11.287361454970833,11.260498221962134,11.31814470282275,11.331024128515024,11.297121998803068,11.309137577070501,11.409169840252035
tid_2233,86,11.585598622555372,11.75845731745074,11.010128528550126,11.103197964638237,11.019495001793041,11.007495829672006,11.03096578823456,11.125749541444463,11.093938380277512,11.127979121548437,11.132829249897604,11.159081669368092,11.096861001473274,11.141402634396963
tid_2234,86,11.638619349408993,11.771094789119966,11.154685312355532,11.1417309346165,11.106256107513238,11.10560275869678,11.119884934426155,11.124260570050199,11.283626249912247,11.219037195655334,11.249680727573969,11.221062579586267,11.29209056350768,11.192184302801683
tid_2235,86,11.429037205966576,11.565725673392295,11.082656678485991,11.11621027075098,11.113423268748587,11.079980717345373,11.10598710919144,11.053049107848803,11.116091092215223,11.192512206665512,11.143092672093013,11.10894017451329,11.10080339498571,11.14188105742921
tid_2236,86,11.722982155660508,11.861592329663406,11.128959466509283,11.406059050990862,11.156068152658786,11.186111090764271,11.251952619058123,11.491011254177646,11.31045037852162,11.298524794259684,11.443658215610592,11.346657106395696,11.202902395021274,11.451687368432506
tid_2237,86,11.693124771383085,11.865301280886971,11.037320505602262,11.029312852124722,11.017577709983641,11.056653557105097,11.008537154343498,11.05623962720491,11.217822563601384,11.113037041485207,11.084260552146159,11.102122626290509,11.356252060716336,11.08631559709211
tid_2344,87,12.056994163663663,12.205352886565825,11.826022714747419,11.821839343811833,11.817347384462838,11.779988351077263,11.81098415005634,11.86780768040519,11.715887777584788,11.739112716779786,11.80961320670497,11.784141153268674,11.697000127078493,11.861554636698553
tid_2345,87,11.900780420551923,12.047968076039693,11.71044584320094,11.831868466552006,11.752164721296364,11.734582685356385,11.77539880985797,11.929683399848502,11.76124410605338,11.67363899663211,11.730273033041117,11.73905469993352,11.768741046583775,11.793140352230562
tid_2348,87,11.878902410830458,12.028699226485866,11.683436023769476,11.850240785515682,11.664847138948508,11.70731123289345,11.748506015756845,11.866828903771486,11.756308009757577,11.670167882668487,11.730405536874086,11.75321261408404,11.725621703229288,11.864792764015501
tid_2349,87,12.029036496328514,12.203050583697852,11.784311109311739,11.869554773415047,11.768769784747946,11.790606591037392,11.78858408443611,11.846253781505158,11.749099898872213,11.70145086117619,11.78608350403902,11.760724340008716,11.766619790550996,11.911159105469798
tid_2238,89,11.927164634840487,12.037919639091776,11.697932865408957,11.710606599388942,11.717150051951595,11.72068530365201,11.666721486846257,11.763679702509798,11.647581688795468,11.779648608558169,11.686805632079528,11.712386404494875,11.72411032440718,11.763129905019971
tid_2241,89,11.631578344425002,11.775885705654762,11.537838776988334,11.482028053873641,11.570477270424261,11.515714255227785,11.514828892141194,11.483385782318683,11.61825089883657,11.65313892650299,11.640196546298814,11.61808883983463,11.477353235039258,11.668627817424076
tid_2242,89,11.972239033580172,12.070244331285444,11.558069167408748,11.636959574268994,11.53858118858657,11.579554602484537,11.582829843436706,11.644935619841407,11.682231863970596,11.641287545102925,11.651698139788355,11.730522467864736,11.661370379326621,11.670396831453715
tid_2243,89,11.84186367768736,11.95901478804156,11.484687065703962,11.610073430845663,11.520047454471282,11.52945101474058,11.549623489221723,11.638605347721814,11.558539784194066,11.613146931983238,11.645215758931023,11.587777860950762,11.493456064173731,11.672753767317614
tid_2244,89,11.958352037448762,12.089525346037256,11.832200946439928,11.8142928735648,11.858843797579699,11.872478699540007,11.802109087938591,11.757157912449964,11.783552434338139,11.876657677282784,11.84265996845518,11.855332107177649,11.79049727568927,11.787853541368976
tid_2245,89,12.09140506430192,12.16837181676722,11.53728926809969,11.661897569058425,11.541246149410874,11.554700558534677,11.543235647712528,11.61817503027075,11.640991436738013,11.65733073706363,11.701997441148066,11.717711849156569,11.55079272649791,11.751533016749619
tid_2248,89,11.942312807703033,12.107337356731176,11.479504275792861,11.701247397277479,11.534351460716959,11.480908942240953,11.568346139302266,11.672690383832,11.646978336869243,11.630684102099975,11.661371128255992,11.665268914774892,11.706120312992585,11.688174437339141
tid_2249,89,11.541434201522613,11.682555152994505,11.44471093243927,11.495362185138482,11.468978922479408,11.469397562007487,11.532049453280084,11.403178909956132,11.649049175847173,11.627525624304889,11.53430547579508,11.674202566877643,11.67608765485138,11.521717873198108
tid_2250,89,11.839820558238012,12.004966966587537,11.630041175496203,11.724132326876447,11.633890795699566,11.646534509601807,11.654363098743042,11.745078979146479,11.800355829351142,11.668831532392435,11.699170669273476,11.752714416784423,11.73666650174374,11.757736895641502
tid_2872,89,11.647337469742034,11.773643760188628,11.424265937719829,11.594010287714706,11.472274462228143,11.448858868248038,11.530509023621448,11.545993889223272,11.620082476402587,11.624667395575662,11.621070280459879,11.68698580276464,11.603712888723399,11.643525269761273
tid_2879,89,11.81345293095991,11.965445263930832,11.629026508284626,11.687777278293467,11.631511684055278,11.603517403304663,11.561374228231578,11.646678610259789,11.749042483803866,11.698590878686744,11.690951641533966,11.710033786025585,11.755749026687658,11.714500499674969
tid_2880,89,11.598788432790403,11.73333889288677,11.630942689358788,11.652015344195691,11.65105720469819,11.637349025561363,11.720065532523702,11.611357511450532,11.685064624848183,11.719453823939373,11.648847768046572,11.714395554781799,11.704958829043296,11.62192779446666
tid_2882,89,11.959103121609656,12.08259002304364,11.466970568913352,11.621580102369041,11.522031026504964,11.474367996825858,11.458356429940647,11.581550570472507,11.63455872645007,11.65291932603257,11.678053445854824,11.687369804358164,11.614136295790306,11.712434142709638
