entity_id,region_code,outcome,observed,target_observed,controls,continuous5,kmeans4,huber75
tid_1,1,manufacturing_headcount_share,0.0886799932045982,True,0.14984467822630057,0.1993393417456615,0.1643941139767658,0.1634935196135754
tid_2,1,manufacturing_headcount_share,0.0345679012345679,True,0.18835358678134828,0.1670933862748477,0.18769420247489593,0.19683588257304147
tid_3,1,manufacturing_headcount_share,0.467087110760741,True,0.08879585714138813,0.20230681025968061,0.12018592924932507,0.10499271189920585
tid_4,1,manufacturing_headcount_share,,False,0.16967024451596846,0.08082202074789963,0.16027956665618429,0.14213441544082125
tid_5,1,manufacturing_headcount_share,0.1589327146171693,True,0.06543756793710412,0.10932197037822053,0.055678584217825296,0.10795254084030684
tid_6,1,manufacturing_headcount_share,0.0249433106575963,True,0.12439471763276606,0.09855111653662714,0.1339249055021099,0.12219380004623139
tid_7,1,manufacturing_headcount_share,0.1593504374907311,True,0.2438462477291314,0.1537302946488049,0.22675873871314897,0.24693769613554417
tid_8,1,manufacturing_headcount_share,,False,0.1220321242947953,0.062138208963454844,0.14922550543072569,0.11708905571573139
tid_9,1,manufacturing_headcount_share,,False,0.12685200610822137,0.08143119780419389,0.11494605490530833,0.10045031880187484
tid_1,1,agriculture_headcount_share,0.0045585820261622,True,0.017472045992509788,0.030760405511202196,0.017989560904546453,0.016591591012493856
tid_2,1,agriculture_headcount_share,,False,0.10136710735538446,0.04828055058705301,0.09214741900129152,0.07950392057966872
tid_3,1,agriculture_headcount_share,0.0561687031927473,True,0.1227256136922612,0.10069748988839662,0.12538807976167599,0.12948186646845755
tid_4,1,agriculture_headcount_share,,False,0.13497934456009658,0.14504709952124434,0.11008530131507625,0.08622316007948927
tid_5,1,agriculture_headcount_share,0.0661252900232018,True,0.1429973970483119,0.12954560675262447,0.12106250110003704,0.1617149499432003
tid_6,1,agriculture_headcount_share,0.0389610389610389,True,0.09025427142449646,0.07921437103685539,0.09216136941268811,0.08731169313361842
tid_7,1,agriculture_headcount_share,0.0206139700430075,True,0.0354073880960582,0.03862537128417368,0.03604963816427804,0.03865831322242602
tid_8,1,agriculture_headcount_share,0.0497965046684223,True,0.06453227838044057,0.06365100447421175,0.05196946612411297,0.06150602216289796
tid_9,1,agriculture_headcount_share,0.0505719446116797,True,0.1898160502719424,0.09651702652065197,0.201812708108147,0.16966004522828598
tid_1,1,public_administration_education_health_headcount_share,0.5656605696811824,True,0.49617251908933685,0.5124244327086139,0.49102319057655464,0.4883852660004452
tid_2,1,public_administration_education_health_headcount_share,0.6814814814814815,True,0.7561438650135073,0.7398367455303335,0.7544830930675067,0.7804409415175789
tid_3,1,public_administration_education_health_headcount_share,0.3297201418998817,True,0.49485013415984247,0.4987655993353711,0.48631280689105705,0.49646447107302205
tid_4,1,public_administration_education_health_headcount_share,0.6807165437302424,True,0.42877094140133204,0.6153455852945273,0.4409738369503574,0.42817374539321884
tid_5,1,public_administration_education_health_headcount_share,0.5954176334106729,True,0.48778467071950354,0.510773066645358,0.4837163761098532,0.47898582456445415
tid_6,1,public_administration_education_health_headcount_share,0.6421356421356421,True,0.5003917447534875,0.6121988367777249,0.47721753508465986,0.5116470753581482
tid_7,1,public_administration_education_health_headcount_share,0.2932670917989026,True,0.28070590291230424,0.35033539174824596,0.32009254728525877,0.27628523693614115
tid_8,1,public_administration_education_health_headcount_share,0.3114675604500838,True,0.5174731823196136,0.6760673612141929,0.45842914604306606,0.5539709802990682
tid_9,1,public_administration_education_health_headcount_share,0.6917519566526189,True,0.5497394748493483,0.7116053216179646,0.5798600195512029,0.6130634572678216
tid_21,2,manufacturing_headcount_share,0.1925723461007125,True,0.2089866421426484,0.15188615757773216,0.19946602013825368,0.19323725148288456
tid_22,2,manufacturing_headcount_share,,False,0.2404681802316673,0.18075979539148446,0.19402437856929272,0.24690529016340096
tid_23,2,manufacturing_headcount_share,0.3134638196915777,True,0.28444870673116573,0.26966138067923584,0.29358529961646085,0.23906702115055406
tid_25,2,manufacturing_headcount_share,0.2707122486552832,True,0.2940682813431264,0.26743623498855235,0.2615069258467503,0.29342680056067816
tid_26,2,manufacturing_headcount_share,0.276747311827957,True,0.2902460000398589,0.25396233672634144,0.2627408541749546,0.2964309164301304
tid_27,2,manufacturing_headcount_share,0.3945326706267426,True,0.3100539374951384,0.27720608825116516,0.2752792763484822,0.3169059379228693
tid_28,2,manufacturing_headcount_share,0.0435732491807258,True,0.27349145048781814,0.2311827493902165,0.24925085001912056,0.2348448404495846
tid_29,2,manufacturing_headcount_share,0.3357531040501408,True,0.27632814987192966,0.21349486172846008,0.24692630872758034,0.26747348256045234
tid_30,2,manufacturing_headcount_share,0.0348716169326856,True,0.13630699704264232,0.11055644948328028,0.1510808559823672,0.12384510486174442
tid_31,2,manufacturing_headcount_share,0.1481198702042374,True,0.18094475756273967,0.11849493440547679,0.14980511892780027,0.13490425746137488
tid_32,2,manufacturing_headcount_share,,False,0.10853782832922344,0.07145763215860904,0.07993188514420724,0.11106467343728044
tid_33,2,manufacturing_headcount_share,,False,0.11808968863520994,0.08442631554901313,0.09110917375724699,0.08088355348609882
tid_34,2,manufacturing_headcount_share,,False,0.15421745171142776,0.0795861191625025,0.15730600919281484,0.10986491798714892
tid_35,2,manufacturing_headcount_share,0.0644937586685159,True,0.14300087260860816,0.11827801246154084,0.10446069369545453,0.14133758797808169
tid_36,2,manufacturing_headcount_share,,False,0.08177272407057357,0.08881119932247941,0.06814723810629474,0.08994781170459408
tid_37,2,manufacturing_headcount_share,,False,0.12121823169799002,0.07830122690108554,0.09224091196739521,0.08482351831774398
tid_38,2,manufacturing_headcount_share,0.3054371690559215,True,0.24776881317527633,0.2309133057137126,0.24183031520916326,0.19619730569674793
tid_39,2,manufacturing_headcount_share,,False,0.07961008918172388,0.03344049737109115,0.05072900967132857,0.03706775091186191
tid_40,2,manufacturing_headcount_share,0.3411485524442335,True,0.23794988875822126,0.17561910956093763,0.22717436405682354,0.15662551275661563
tid_41,2,manufacturing_headcount_share,,False,0.10957311544307284,0.1103526492839225,0.09437769873725228,0.07648172004005707
tid_42,2,manufacturing_headcount_share,0.0869116128080271,True,0.25026210896428897,0.17161496851408822,0.24670290191343547,0.17793325439656454
tid_43,2,manufacturing_headcount_share,0.0531677809614772,True,0.06941811199243467,0.07474439040683677,0.04337458558813753,0.06495056500154989
tid_44,2,manufacturing_headcount_share,0.4262820512820512,True,0.2257262567670073,0.19238228461925252,0.20817058982967318,0.13580767137708966
tid_45,2,manufacturing_headcount_share,,False,0.12049665342748771,0.11930852687395596,0.09852415513707392,0.08180368704049068
tid_46,2,manufacturing_headcount_share,0.0118081180811808,True,0.10036041962693769,0.0856685071852979,0.05553889939684029,0.07731551322182771
tid_47,2,manufacturing_headcount_share,,False,0.11488330380927377,0.05878798465928966,0.09177657470772242,0.10119774770798926
tid_48,2,manufacturing_headcount_share,,False,0.11323584963702396,0.04413872958118131,0.0823135630110437,0.06576174819766696
tid_49,2,manufacturing_headcount_share,0.2520824199912319,True,0.1834597576162883,0.11831345157943987,0.14538402876831022,0.15538736125955419
tid_50,2,manufacturing_headcount_share,0.0485839281602578,True,0.19116112460484813,0.07932095321208443,0.13447015112649296,0.12335923512800055
tid_51,2,manufacturing_headcount_share,0.0144841505401875,True,0.26609348392167287,0.15174824447622237,0.2655812219512402,0.13108067759870762
tid_52,2,manufacturing_headcount_share,,False,0.14407860018206103,0.08529407518328176,0.0914214822573735,0.11046856675233847
tid_53,2,manufacturing_headcount_share,,False,0.12982051328499525,0.07853288980569183,0.11954253502343545,0.08160891945699321
tid_54,2,manufacturing_headcount_share,,False,0.05193010034861094,0.06084483163214372,0.034839841831252494,0.03451177148483659
tid_55,2,manufacturing_headcount_share,0.0121814092953523,True,0.26140199908190404,0.1590762216915935,0.2641926683307793,0.13735784466012213
tid_56,2,manufacturing_headcount_share,,False,0.19011641188000555,0.11779418509632852,0.15508502377180727,0.14000367829943802
tid_57,2,manufacturing_headcount_share,0.2046692607003891,True,0.26412645415289165,0.25630455777132594,0.25275639264470723,0.20249384612787466
tid_58,2,manufacturing_headcount_share,,False,0.06675086853063765,0.09699752994156201,0.046336433268355987,0.06823645482338643
tid_59,2,manufacturing_headcount_share,0.0086393088552915,True,0.11734426672777504,0.06912326731387967,0.09391878925992285,0.07268583333945794
tid_60,2,manufacturing_headcount_share,0.0502008032128514,True,0.12289998120827801,0.12269196521172591,0.11666142760562144,0.09834439185683108
tid_61,2,manufacturing_headcount_share,0.0140845070422535,True,0.1237827767807231,0.08354803260702554,0.061652890289115046,0.07968966672585287
tid_62,2,manufacturing_headcount_share,,False,0.1211124097551438,0.09725225253475077,0.09235312362552102,0.08002479511912258
tid_63,2,manufacturing_headcount_share,0.0063011972274732,True,0.10268507032944967,0.027943215275874508,0.08099698563058962,0.07056133422250851
tid_65,2,manufacturing_headcount_share,,False,0.11674998364107046,0.11623810872791512,0.08438426725199465,0.11944897106977664
tid_66,2,manufacturing_headcount_share,0.2464852198990627,True,0.23880900233883767,0.15702830992189004,0.2151541969695168,0.1986084268237326
tid_67,2,manufacturing_headcount_share,0.0040883074407195,True,0.08659459443130216,0.0735336791131142,0.06253834955714917,0.05057770065464806
tid_68,2,manufacturing_headcount_share,,False,0.11926296430474204,0.09097114989021486,0.10990815019344119,0.0815426662147642
tid_69,2,manufacturing_headcount_share,,False,0.1736684261409916,0.06926797371744788,0.13313049503141347,0.12066872371829858
tid_70,2,manufacturing_headcount_share,,False,0.11456347019269351,0.16761372172222072,0.07120948897084396,0.12492729295150334
tid_71,2,manufacturing_headcount_share,0.0286509040333796,True,0.15040703238648903,0.08014121526100167,0.12507831096513367,0.09662181864541668
tid_72,2,manufacturing_headcount_share,,False,0.12637294498298324,0.07504142118404313,0.0809758626611532,0.08808386257499198
tid_73,2,manufacturing_headcount_share,0.1054143646408839,True,0.21101590436090015,0.17744932687838338,0.20670949704519365,0.2025474530395999
tid_74,2,manufacturing_headcount_share,0.0053222945002956,True,0.08847125435819535,0.07935379367011364,0.07789035796010031,0.04897958964609817
tid_75,2,manufacturing_headcount_share,0.1899103816332695,True,0.2623484145183339,0.18726428740353854,0.2764266277883852,0.20234676580036823
tid_76,2,manufacturing_headcount_share,0.1098490823999579,True,0.2187707552932897,0.16535462018978922,0.2020163637587324,0.21300737417893992
tid_77,2,manufacturing_headcount_share,0.1547306838813798,True,0.2385109375846827,0.1488133687565669,0.2141358264351625,0.14372976330631565
tid_78,2,manufacturing_headcount_share,,False,0.11936451626411411,0.09436308346900148,0.08761829775726167,0.12572281633303795
tid_79,2,manufacturing_headcount_share,0.0292949354518371,True,0.1848910101246229,0.06377144926448552,0.14482363473659254,0.13076947583484566
tid_80,2,manufacturing_headcount_share,0.0007970244420828,True,0.09699113001964017,0.0628356452246117,0.05569066627065958,0.03729943116715212
tid_81,2,manufacturing_headcount_share,0.1589979550102249,True,0.22573093965164295,0.17641454815892016,0.19914907096314094,0.14221033557671356
tid_82,2,manufacturing_headcount_share,,False,0.1449456054735434,0.08265164552090404,0.1106797397367919,0.10843882161690503
tid_83,2,manufacturing_headcount_share,,False,0.16856729696306483,0.11479776780608629,0.14241456011754247,0.1496649478525961
tid_21,2,agriculture_headcount_share,0.0017606388415392,True,0.006461655782620206,0.010688571990483463,0.006843189774883865,0.007689167175393177
tid_22,2,agriculture_headcount_share,,False,0.18740749270011833,0.16101524658929464,0.17946782931720717,0.1725903887027873
tid_23,2,agriculture_headcount_share,,False,0.05250957791034835,0.021920911239233443,0.048048122345265426,0.052782535321050275
tid_25,2,agriculture_headcount_share,,False,0.015040247764848335,0.01136224632969136,0.01629933212865993,0.016076699562866115
tid_26,2,agriculture_headcount_share,,False,0.024981505222507513,0.03801618773555628,0.024702324908147215,0.025186876149733188
tid_27,2,agriculture_headcount_share,,False,0.018786136617364876,0.014398103417321713,0.017255032475830195,0.018176073817212583
tid_28,2,agriculture_headcount_share,,False,0.054237512615552576,0.03550882339219566,0.05108360748720691,0.05334051586391737
tid_29,2,agriculture_headcount_share,0.0004958546550835,True,0.014190544793129764,0.013066280171139092,0.012465945974125585,0.011818615986585148
tid_30,2,agriculture_headcount_share,0.0416377515614156,True,0.09278767330690472,0.06609518774964211,0.09333323670177082,0.09454675461315545
tid_31,2,agriculture_headcount_share,0.0202328688681046,True,0.09737967281478532,0.14615068833820685,0.09620537305658106,0.11060553432199252
tid_32,2,agriculture_headcount_share,0.0513992004568817,True,0.11901765913072783,0.17079421299522354,0.12782330333067124,0.12865428720616245
tid_33,2,agriculture_headcount_share,0.0129118432769367,True,0.12218408824446231,0.11835134509600528,0.13317107897919533,0.1061431163315098
tid_34,2,agriculture_headcount_share,0.224669603524229,True,0.12928346301093666,0.11938860571519892,0.1363254800535879,0.15088808461919367
tid_35,2,agriculture_headcount_share,0.0081484049930651,True,0.10318921439111821,0.09106224303080283,0.107953686068671,0.10435311525961893
tid_36,2,agriculture_headcount_share,,False,0.16579689423033658,0.17756599707769055,0.16074517598371973,0.16601454278096786
tid_37,2,agriculture_headcount_share,0.0403141361256544,True,0.12988763201233053,0.13370580073848062,0.1402758677746915,0.12514497311130168
tid_38,2,agriculture_headcount_share,0.0089112746997287,True,0.04353718331075341,0.02820793359554542,0.03995365192116465,0.04388024584183635
tid_39,2,agriculture_headcount_share,0.0204081632653061,True,0.0911285171931924,0.11458771478458654,0.0939062884929696,0.07587426142063966
tid_40,2,agriculture_headcount_share,0.0042240151874703,True,0.05233774647470037,0.05596126498539483,0.05428283203549692,0.06949553558596847
tid_41,2,agriculture_headcount_share,0.020334928229665,True,0.11252098667014286,0.1666813570752024,0.1151695342553092,0.12551830584454426
tid_42,2,agriculture_headcount_share,0.0293640253799616,True,0.07961437707589261,0.07919194191599703,0.0864004324626824,0.08509656798941652
tid_43,2,agriculture_headcount_share,0.2343202801655523,True,0.13752594207966845,0.15425995805622875,0.13235483390540626,0.14079157061435832
tid_44,2,agriculture_headcount_share,0.0349248452696728,True,0.07627186147662597,0.048024813567522015,0.07126884534461975,0.0724796443469677
tid_45,2,agriculture_headcount_share,0.1688874083944037,True,0.1772822864322576,0.23735720115540349,0.15657599614528478,0.16982836945366922
tid_46,2,agriculture_headcount_share,0.0247232472324723,True,0.09450050961892555,0.1404147256891767,0.09563315310214267,0.08314562219290525
tid_47,2,agriculture_headcount_share,,False,0.19121633553360964,0.15494583578916732,0.1968786910977646,0.18489406965021282
tid_48,2,agriculture_headcount_share,0.0120445648900933,True,0.14949783227120247,0.15628682992685364,0.14339810731682937,0.1302375383604332
tid_49,2,agriculture_headcount_share,0.0135905304690925,True,0.0801669971340508,0.05713838130385197,0.07797605918762666,0.0987967781698755
tid_50,2,agriculture_headcount_share,0.0792079207920792,True,0.12036127020496139,0.1542606771230064,0.11864162048750151,0.10088940481999503
tid_51,2,agriculture_headcount_share,0.0744390359729312,True,0.06678627096129733,0.0457625633939903,0.06774678053577801,0.08029341943987217
tid_52,2,agriculture_headcount_share,0.2169249106078665,True,0.18435801542994895,0.18471261917442186,0.19705589815258867,0.19405556792685408
tid_53,2,agriculture_headcount_share,0.0919626168224299,True,0.1583427863881849,0.09552231587858871,0.14577648170359184,0.1599498860696899
tid_54,2,agriculture_headcount_share,0.0486827033218785,True,0.17501779578674084,0.15621556959246793,0.17891985042799488,0.13203866000723372
tid_55,2,agriculture_headcount_share,0.0080584707646176,True,0.040338292391740915,0.04492339763855227,0.043630106403223054,0.04395290449359915
tid_56,2,agriculture_headcount_share,0.0772621809744779,True,0.12057179532156584,0.14046158210077805,0.1274208210592708,0.11248121927884329
tid_57,2,agriculture_headcount_share,0.0036575875486381,True,0.04107896912588756,0.03185019855222831,0.043286494302512794,0.04313213329385633
tid_58,2,agriculture_headcount_share,0.0387972841901066,True,0.09211971008318018,0.13368804924615202,0.0984866652704754,0.094328946666731
tid_59,2,agriculture_headcount_share,0.0107991360691144,True,0.1911179262889138,0.15750881605957243,0.19171506150608372,0.19509482252624366
tid_60,2,agriculture_headcount_share,0.107429718875502,True,0.10914096038198848,0.12956070366841516,0.10323861889992127,0.11610816717368638
tid_61,2,agriculture_headcount_share,,False,0.13249540072674149,0.12221726891645382,0.1243047502737226,0.10864614829502388
tid_62,2,agriculture_headcount_share,0.0397747911369415,True,0.13827299109180552,0.10283417368803989,0.125295948981022,0.12099300298535395
tid_63,2,agriculture_headcount_share,0.0759294265910523,True,0.130138283548046,0.14436746853959778,0.1259390914597358,0.1103816523221423
tid_65,2,agriculture_headcount_share,,False,0.15697247960268054,0.15082869686061848,0.1487757887669547,0.16166614724527528
tid_66,2,agriculture_headcount_share,0.0789473684210526,True,0.05873532374250786,0.07275646227580886,0.06222938503536992,0.06585712820905303
tid_67,2,agriculture_headcount_share,,False,0.11181805008852719,0.11989056891822089,0.13370079905633675,0.09436396101943133
tid_68,2,agriculture_headcount_share,,False,0.14110794497295512,0.1345837705005423,0.1505360300550019,0.12959664080338237
tid_69,2,agriculture_headcount_share,0.1456927352123858,True,0.14819548564253412,0.15091991908333532,0.1597423683107022,0.16859433259048232
tid_70,2,agriculture_headcount_share,,False,0.11013722454777625,0.09328477230521387,0.10362101546117507,0.11036900998716588
tid_71,2,agriculture_headcount_share,,False,0.15629174421366968,0.08674174006474623,0.14166373322802256,0.1299612661852595
tid_72,2,agriculture_headcount_share,,False,0.15008000478602704,0.11095386329574142,0.1388347808698259,0.11862949987833116
tid_73,2,agriculture_headcount_share,0.2289502762430939,True,0.06042794727770509,0.07421498746008583,0.06787924137494171,0.07602332818702091
tid_74,2,agriculture_headcount_share,0.0544056771141336,True,0.1394497086935631,0.14901427329949338,0.1452361435648134,0.11886507394071273
tid_75,2,agriculture_headcount_share,0.0208941697714228,True,0.03443681979771645,0.022838867985074736,0.03155065914167738,0.03674305804597709
tid_76,2,agriculture_headcount_share,0.070673607824578,True,0.05621142915703777,0.060371058281689,0.05214550171141789,0.05117175162805232
tid_77,2,agriculture_headcount_share,0.0176181830408177,True,0.05289060113364953,0.049558554041986676,0.055505184240111645,0.05405216039599155
tid_78,2,agriculture_headcount_share,0.010854816824966,True,0.11371389891321826,0.11305315763855094,0.1123820379416824,0.11833305573897132
tid_79,2,agriculture_headcount_share,,False,0.1447487029193156,0.18214289048398155,0.14223732204228395,0.16207520590645577
tid_80,2,agriculture_headcount_share,0.2545164718384697,True,0.11989060807351798,0.12805502620813353,0.12147518995325798,0.10387490650509615
tid_81,2,agriculture_headcount_share,0.0996932515337423,True,0.06519825739750751,0.050526537535565776,0.05764380624632768,0.05714811103295064
tid_82,2,agriculture_headcount_share,,False,0.1320399473444887,0.14914753922620197,0.14014088437961392,0.1213491309566586
tid_83,2,agriculture_headcount_share,0.0621090259159964,True,0.11082643790498363,0.06124906748489651,0.10955069634954626,0.11885584537432275
tid_21,2,public_administration_education_health_headcount_share,0.3054675419305702,True,0.3809903538132244,0.41685170134693594,0.36488992422861843,0.4279985551800555
tid_22,2,public_administration_education_health_headcount_share,0.4656796769851951,True,0.5383891565408929,0.4978467470882951,0.5815110097502643,0.5378379509409298
tid_23,2,public_administration_education_health_headcount_share,0.3949189402926057,True,0.40484577857405396,0.38828349346140084,0.40410735048064267,0.41583883595794874
tid_25,2,public_administration_education_health_headcount_share,0.273744630157756,True,0.3219821989411878,0.33021538189459954,0.32891614768485394,0.3175598601126284
tid_26,2,public_administration_education_health_headcount_share,0.2551523297491039,True,0.32113858140982,0.3275442946269932,0.32891614768485394,0.32323592668154866
tid_27,2,public_administration_education_health_headcount_share,0.2472117832464541,True,0.31230043149402165,0.3371081153936933,0.3201970346463319,0.3102247459800666
tid_28,2,public_administration_education_health_headcount_share,0.5317392887486345,True,0.37532837303595507,0.39591994126266,0.5172466471786775,0.38173011253288885
tid_29,2,public_administration_education_health_headcount_share,0.3176444920464913,True,0.3704008492884435,0.3652430197959103,0.3687594815014195,0.3679121261564892
tid_30,2,public_administration_education_health_headcount_share,0.6051353226925746,True,0.4879550886132169,0.5682028242691923,0.5019552681884231,0.4905343625046788
tid_31,2,public_administration_education_health_headcount_share,0.4726092765794999,True,0.46397806910880307,0.4488312372142391,0.46953887886839646,0.48624510285478506
tid_32,2,public_administration_education_health_headcount_share,0.6767561393489434,True,0.54001861669965,0.5647658349409225,0.5752566336532838,0.5335623775240288
tid_33,2,public_administration_education_health_headcount_share,0.715939447907391,True,0.5371838649070846,0.5606962237349268,0.5348436129024763,0.5961568241756001
tid_34,2,public_administration_education_health_headcount_share,0.4942180616740088,True,0.446369798775515,0.4513372060727484,0.44143467751408605,0.449334144600321
tid_35,2,public_administration_education_health_headcount_share,0.6461511789181692,True,0.47582976197087695,0.5481845525866443,0.6014107035328445,0.49171647149204456
tid_36,2,public_administration_education_health_headcount_share,0.7552346570397112,True,0.5327401212716057,0.45220011731735016,0.5172937997652398,0.526824922897386
tid_37,2,public_administration_education_health_headcount_share,0.7172774869109948,True,0.558589284723718,0.5520346957324777,0.5529308257142579,0.6108767053552819
tid_38,2,public_administration_education_health_headcount_share,0.3345602479659046,True,0.37173491182191565,0.366537773276034,0.3850685238659983,0.399899073152032
tid_39,2,public_administration_education_health_headcount_share,0.6615231458437033,True,0.5182202077070397,0.617113891591234,0.5733147014168205,0.6527785909319419
tid_40,2,public_administration_education_health_headcount_share,0.3569055529188419,True,0.3845029019618837,0.4726522003097338,0.39559513134007906,0.41045760765284894
tid_41,2,public_administration_education_health_headcount_share,0.5737639553429027,True,0.5059479274764421,0.5110715424115897,0.5276479329352292,0.6288258706683306
tid_42,2,public_administration_education_health_headcount_share,0.5890512025970194,True,0.34863584631410477,0.36026225979231075,0.37033225564488936,0.3750516917804699
tid_43,2,public_administration_education_health_headcount_share,0.4581343521171601,True,0.5310471042947974,0.49201445107359965,0.5461511031371729,0.5329682754260469
tid_44,2,public_administration_education_health_headcount_share,0.2651414677276746,True,0.4018887201337998,0.3839011001707059,0.4167541890864363,0.44680218033281316
tid_45,2,public_administration_education_health_headcount_share,0.5223184543637575,True,0.4561376759879398,0.49846098005764844,0.48275445105502796,0.5022094593410075
tid_46,2,public_administration_education_health_headcount_share,0.4767527675276752,True,0.5932163549291716,0.5639835066569332,0.5970798083557516,0.7001760249131685
tid_47,2,public_administration_education_health_headcount_share,0.6809167033935655,True,0.5253996418305932,0.6320339935700765,0.5143166839676078,0.5603787897976883
tid_48,2,public_administration_education_health_headcount_share,0.7600120445648901,True,0.4586521249043151,0.5409280093078858,0.4660149828781151,0.4873268777157981
tid_49,2,public_administration_education_health_headcount_share,0.4679964927663305,True,0.45036262388571596,0.46078846043683663,0.45877347806709906,0.45813740930892327
tid_50,2,public_administration_education_health_headcount_share,0.5500805894542943,True,0.4539870244028071,0.6584908690358932,0.46968649635061954,0.4839995152793747
tid_51,2,public_administration_education_health_headcount_share,0.4344057936602161,True,0.41137625315889736,0.4193693951653875,0.4123445976112243,0.43932227695442844
tid_52,2,public_administration_education_health_headcount_share,0.4773539928486293,True,0.5562912805162514,0.4857280901068175,0.5697491213346904,0.5454378326831006
tid_53,2,public_administration_education_health_headcount_share,0.657196261682243,True,0.4663002458976584,0.6282213773873347,0.4907273746642226,0.5056006871090023
tid_54,2,public_administration_education_health_headcount_share,0.6838487972508591,True,0.5511528901440897,0.6944160010161176,0.6105074966040703,0.6999530509646132
tid_55,2,public_administration_education_health_headcount_share,0.5552848575712144,True,0.4186513773083505,0.5023023437814792,0.4212477316988441,0.4460789289680528
tid_56,2,public_administration_education_health_headcount_share,0.5167053364269142,True,0.520168346697496,0.4685283869190338,0.49581597844787945,0.5111643468780291
tid_57,2,public_administration_education_health_headcount_share,0.3863813229571984,True,0.3557388137530826,0.31695106502633363,0.3538786616408223,0.35610265517711154
tid_58,2,public_administration_education_health_headcount_share,0.4510184287099903,True,0.5315015455622958,0.5070667189156777,0.5459749768232526,0.5168600460021197
tid_59,2,public_administration_education_health_headcount_share,0.7071274298056156,True,0.46785411536057947,0.504529906973048,0.4801791894015584,0.5051751024205512
tid_60,2,public_administration_education_health_headcount_share,0.5032128514056224,True,0.44961098491395873,0.44964942112139744,0.46369293652092836,0.46408432608828243
tid_61,2,public_administration_education_health_headcount_share,0.75,True,0.5070059863877023,0.5635852761345529,0.5492458853698251,0.6503090426158421
tid_62,2,public_administration_education_health_headcount_share,0.3392662549945514,True,0.4800195632574472,0.49933398858254874,0.4948589455004022,0.5221400319488485
tid_63,2,public_administration_education_health_headcount_share,0.6348456206679269,True,0.5224179113899283,0.6234660214190862,0.530573709036646,0.5426710132372864
tid_65,2,public_administration_education_health_headcount_share,0.5928543384373773,True,0.4735292192410871,0.48701861377451094,0.4983378348207553,0.48143084714776974
tid_66,2,public_administration_education_health_headcount_share,0.4030281182408075,True,0.3521410627620751,0.463423412114987,0.442379560719407,0.38401613041326277
tid_67,2,public_administration_education_health_headcount_share,0.7179067865903516,True,0.5329371852011985,0.5859306427593969,0.5603736712505039,0.6536536554086094
tid_68,2,public_administration_education_health_headcount_share,0.7806873977086743,True,0.5728345211156174,0.5734496717696418,0.5499474736960235,0.6020947016882682
tid_69,2,public_administration_education_health_headcount_share,0.5653036919412465,True,0.478950937805638,0.566567606557817,0.5725973092214012,0.48790139441283803
tid_70,2,public_administration_education_health_headcount_share,0.5972161809482384,True,0.5235572608482,0.5148093605525915,0.5735916675254952,0.516256552570161
tid_71,2,public_administration_education_health_headcount_share,0.6859527121001391,True,0.5054310504022157,0.5254050474062695,0.49990397300946404,0.5152589003765796
tid_72,2,public_administration_education_health_headcount_share,0.740782122905028,True,0.5924804633820709,0.584881316475182,0.6049276257116333,0.6375695853957682
tid_73,2,public_administration_education_health_headcount_share,0.2895027624309392,True,0.33905596242342584,0.43586861923704656,0.44945643319612605,0.3483975728838625
tid_74,2,public_administration_education_health_headcount_share,0.4512123004139562,True,0.5831377600455853,0.5985445907639098,0.5748227618462526,0.6302135277704648
tid_75,2,public_administration_education_health_headcount_share,0.373225254254355,True,0.35448642375666867,0.3797203081494846,0.37648707467831716,0.3803445392677489
tid_76,2,public_administration_education_health_headcount_share,0.1948782668139033,True,0.30040633746795364,0.3431989538654696,0.3204220688880092,0.3132409200103059
tid_77,2,public_administration_education_health_headcount_share,0.3007195212157891,True,0.3682491051085176,0.4015098438923061,0.4885189949046275,0.39352045045463213
tid_78,2,public_administration_education_health_headcount_share,0.6716417910447762,True,0.5830103479725434,0.6001072830210555,0.582519719629981,0.5784568667822427
tid_79,2,public_administration_education_health_headcount_share,0.3156239655743131,True,0.4502282508577673,0.49617772123711057,0.46726861637895606,0.4796916796786756
tid_80,2,public_administration_education_health_headcount_share,0.4473963868225292,True,0.5615305989107034,0.49163036045215747,0.5646554099385946,0.5777011517623954
tid_81,2,public_administration_education_health_headcount_share,0.3962167689161554,True,0.44467555403780895,0.42037277929120653,0.4618943271791999,0.49636391006433406
tid_82,2,public_administration_education_health_headcount_share,0.5632279534109818,True,0.5518672135376381,0.5131824023792921,0.5447219418500193,0.5992540502211426
tid_83,2,public_administration_education_health_headcount_share,0.3489722966934763,True,0.43262759617527374,0.4813547784217527,0.44398754624378983,0.45000486375088616
tid_10,4,manufacturing_headcount_share,0.003700962250185,True,0.2723202698129171,0.17121078593631717,0.2132696798818477,0.25532744932900414
tid_11,4,manufacturing_headcount_share,,False,0.1899640724314186,0.03726191408352447,0.12832142408918862,0.1633937526510848
tid_12,4,manufacturing_headcount_share,0.0569582206191764,True,0.2000328211107942,0.059505449443388224,0.1914446643085269,0.2045666143965521
tid_13,4,manufacturing_headcount_share,,False,0.12038121297622345,0.04995234640228851,0.07280797808844375,0.06822474150632718
tid_14,4,manufacturing_headcount_share,,False,0.17189791198946455,0.17260217171342007,0.11403191329849516,0.1817086276788619
tid_15,4,manufacturing_headcount_share,,False,0.12277308645602968,0.13822382845974665,0.09440402874144992,0.08568739161958638
tid_16,4,manufacturing_headcount_share,,False,0.09058211010946625,0.0,0.056793961706383254,0.03697366830457153
tid_17,4,manufacturing_headcount_share,0.0086139389193422,True,0.15533540794059142,0.014632012781346255,0.10532901886406078,0.084397410262277
tid_18,4,manufacturing_headcount_share,,False,0.12260844196572639,0.12115252130907496,0.09160265841975689,0.13636660838792877
tid_19,4,manufacturing_headcount_share,,False,0.13299571475990293,0.11674991328481776,0.12790039576152049,0.13283597808095507
tid_20,4,manufacturing_headcount_share,,False,0.1021492194129228,0.11782567160103515,0.07902699761360843,0.05552853308848047
tid_10,4,agriculture_headcount_share,0.0069701455711818,True,0.058975304705397316,0.06748328863334317,0.07025062723889598,0.06027569836332222
tid_11,4,agriculture_headcount_share,,False,0.06951809623548987,0.025802570942525298,0.05820018944709253,0.07306174800186782
tid_12,4,agriculture_headcount_share,0.025849113315299,True,0.06823923705758579,0.07024593218580466,0.06656750149066516,0.05494929796323926
tid_13,4,agriculture_headcount_share,,False,0.19910215017589178,0.11414814427339809,0.1810383773077252,0.1106387985906969
tid_14,4,agriculture_headcount_share,,False,0.12511567171435325,0.10340357062924478,0.10204860225025655,0.1298892774039179
tid_15,4,agriculture_headcount_share,,False,0.07105280027561184,0.06652657839727799,0.059974097710098505,0.07249805278625704
tid_16,4,agriculture_headcount_share,,False,0.18367451984763783,0.10420301187981043,0.18235794885088058,0.1135346226276934
tid_17,4,agriculture_headcount_share,0.1327329678935004,True,0.1234077324193611,0.047685749130147434,0.09376876340651538,0.08862019405406961
tid_18,4,agriculture_headcount_share,,False,0.0998760279091694,0.08308816946849895,0.10572559693585097,0.10852811381125314
tid_19,4,agriculture_headcount_share,,False,0.11800131948013752,0.11278495079867216,0.13587552659731958,0.12175907182733274
tid_20,4,agriculture_headcount_share,,False,0.18955742552957827,0.08511122606321156,0.1821771185912135,0.07929040732956429
tid_10,4,public_administration_education_health_headcount_share,0.67079940784604,True,0.3482381039888183,0.3536068683580174,0.37560090485443925,0.3580518745761549
tid_11,4,public_administration_education_health_headcount_share,0.7912834866053579,True,0.5994572224752741,0.6639678125186769,0.6775102896248467,0.6035881982913025
tid_12,4,public_administration_education_health_headcount_share,0.4268109407874962,True,0.3334979323442957,0.4455803471278445,0.33377237502589885,0.3662538525365435
tid_13,4,public_administration_education_health_headcount_share,0.7161263507896924,True,0.5938023928016116,0.7818246095956751,0.6414543657981557,0.702047916434246
tid_14,4,public_administration_education_health_headcount_share,0.6830403309203723,True,0.46453942116905783,0.6668132424041827,0.5380029677112372,0.4685990336857879
tid_15,4,public_administration_education_health_headcount_share,0.8235887096774194,True,0.46900183025429365,0.6670223102663222,0.46808395708918216,0.5008595736003885
tid_16,4,public_administration_education_health_headcount_share,0.8555187115111321,True,0.5489980497806936,0.7886700681456018,0.61198445268903,0.6721691563266713
tid_17,4,public_administration_education_health_headcount_share,0.6726703210649961,True,0.5128391577925877,0.6886379325237176,0.6083272960709852,0.6200234138064138
tid_18,4,public_administration_education_health_headcount_share,0.6992393212404915,True,0.40682538315890776,0.6208982017668196,0.4286918351031448,0.4315652242876577
tid_19,4,public_administration_education_health_headcount_share,,False,0.5851559453004941,0.649204363444871,0.5834681395252065,0.5704721199640742
tid_20,4,public_administration_education_health_headcount_share,0.7638814016172507,True,0.5452112445464198,0.6866028585531608,0.6210512642089558,0.6836433708951227
tid_167,7,manufacturing_headcount_share,0.0384417398977828,True,0.1289378469942697,0.05992820022007053,0.13345342854365924,0.13308654903101302
tid_168,7,manufacturing_headcount_share,,False,0.14777081479671764,0.051741545986983606,0.11221428976349353,0.11327822358410745
tid_169,7,manufacturing_headcount_share,0.1191468890314304,True,0.21826218843435174,0.1200426846136294,0.1748271140493108,0.15306694339582078
tid_173,7,manufacturing_headcount_share,0.2199346405228758,True,0.17781873602457335,0.12246705707010996,0.21948407911493964,0.21822879777269139
tid_167,7,agriculture_headcount_share,0.010276868772291,True,0.023244587002034772,0.020408771624993716,0.025106075486122488,0.025057025589723322
tid_168,7,agriculture_headcount_share,,False,0.1094024454321121,0.04693293398355285,0.11806983826756771,0.11031165634590374
tid_169,7,agriculture_headcount_share,,False,0.10160888288272527,0.10394150585270827,0.10807899603775906,0.0782756786208429
tid_173,7,agriculture_headcount_share,0.0908496732026143,True,0.1198998992171636,0.1510080100677673,0.11656471786820648,0.11098556473870784
tid_167,7,public_administration_education_health_headcount_share,0.6256204728462698,True,0.5337554935500058,0.6750679745492976,0.5447086462855559,0.530005064227537
tid_168,7,public_administration_education_health_headcount_share,0.8022864828513786,True,0.6215605238421873,0.773232662339829,0.6397132295496574,0.6703843399880064
tid_169,7,public_administration_education_health_headcount_share,0.5647851186658114,True,0.47110151665557076,0.5772948622801473,0.5836532760555242,0.5597053704616197
tid_173,7,public_administration_education_health_headcount_share,0.5888888888888889,True,0.4591295643374792,0.5713033452571133,0.46616093789603374,0.4584899626844913
tid_181,8,manufacturing_headcount_share,,False,0.1601119225579731,0.15270190881525306,0.1541618942437874,0.1450216179530672
tid_184,8,manufacturing_headcount_share,,False,0.10558357114637211,0.1322068511172771,0.11055049875619952,0.10491130816869204
tid_185,8,manufacturing_headcount_share,,False,0.04651660154265608,0.056550773008408745,0.04069052631621488,0.04743893349048714
tid_188,8,manufacturing_headcount_share,,False,0.07575788937188936,0.10825982126973417,0.0750519238236749,0.09487616162889645
tid_191,8,manufacturing_headcount_share,,False,0.0735871471167316,0.06656097570790497,0.036728966995223156,0.008512052330751075
tid_181,8,agriculture_headcount_share,,False,0.1870989505393442,0.1492846786401728,0.18413450260052436,0.1715859731065615
tid_184,8,agriculture_headcount_share,,False,0.11034099609202572,0.15324529668197287,0.11608038861267983,0.12148082570790704
tid_185,8,agriculture_headcount_share,,False,0.15480445038392987,0.15258910533700712,0.16444334107860795,0.14529500353142172
tid_188,8,agriculture_headcount_share,,False,0.15391238891905099,0.1671581141763784,0.14256087866388534,0.19093452123650848
tid_191,8,agriculture_headcount_share,,False,0.1524331049502451,0.11736821031243512,0.15324483707822434,0.09321163884390096
tid_181,8,public_administration_education_health_headcount_share,0.8317200297840656,True,0.5487386842635376,0.5970286096475511,0.5729553515890821,0.5559850443392306
tid_184,8,public_administration_education_health_headcount_share,0.8704453441295547,True,0.5414786282939622,0.536425632771803,0.5412979447965602,0.5356073620181524
tid_185,8,public_administration_education_health_headcount_share,0.8534583821805393,True,0.6263362326481942,0.7690463528609187,0.717943602531151,0.6758305761068742
tid_188,8,public_administration_education_health_headcount_share,0.8103286384976526,True,0.662896256114234,0.5879566993145068,0.6667120945930389,0.6096903171023436
tid_191,8,public_administration_education_health_headcount_share,0.7879464285714286,True,0.6085977956396184,0.759283122537705,0.7081793014811779,0.7086788484971211
tid_194,9,manufacturing_headcount_share,0.0717415889171614,True,0.09805846400739167,0.1290136325257785,0.10343354005699033,0.0819456058400361
tid_195,9,manufacturing_headcount_share,,False,0.1031619357966748,0.1504964165458754,0.09466508464845323,0.0733629622580139
tid_196,9,manufacturing_headcount_share,,False,0.13660626722054145,0.03909703904654272,0.11588748757770122,0.10885935191145868
tid_198,9,manufacturing_headcount_share,,False,0.08866590761735854,0.08693574744994374,0.07352986855649277,0.08059617203962513
tid_201,9,manufacturing_headcount_share,,False,0.12197217142572694,0.04764335018974233,0.10555278887620703,0.07269244226235146
tid_203,9,manufacturing_headcount_share,,False,0.11778728236558898,0.1946061472863218,0.14129124665708262,0.11958757078204069
tid_204,9,manufacturing_headcount_share,0.2091407678244972,True,0.11831003416341014,0.12681142476191598,0.07718115615820301,0.10582197357402236
tid_205,9,manufacturing_headcount_share,,False,0.1417364053645457,0.07704362512572241,0.14484424860920747,0.12888996233101263
tid_194,9,agriculture_headcount_share,0.0058312128922815,True,0.034652879763777726,0.03254052492443103,0.03695364572717444,0.04048433855812235
tid_195,9,agriculture_headcount_share,,False,0.0736159755699327,0.062497784688805014,0.09389040567316875,0.10377304980979961
tid_196,9,agriculture_headcount_share,,False,0.07557357804197162,0.036610749297839786,0.07942277953103988,0.08469271163275958
tid_198,9,agriculture_headcount_share,0.026563364692861,True,0.08462357361652402,0.11761859131410828,0.08475145542442516,0.10130378603108288
tid_201,9,agriculture_headcount_share,,False,0.12279104914250383,0.04340883537414927,0.11887802485141112,0.11995546020217886
tid_203,9,agriculture_headcount_share,,False,0.15264363776189702,0.13528306636093576,0.15832601612762873,0.15808421178784107
tid_204,9,agriculture_headcount_share,,False,0.0934121732900649,0.07292637051045119,0.09153375935646087,0.1135599761919449
tid_205,9,agriculture_headcount_share,,False,0.11705793476260029,0.054849342961803306,0.11288314348204526,0.12780055748526448
tid_194,9,public_administration_education_health_headcount_share,0.6218193384223919,True,0.5604080431304971,0.4513804786606287,0.5682565684878287,0.5906589614724398
tid_195,9,public_administration_education_health_headcount_share,0.793632874237977,True,0.6446427305963129,0.5669265657530921,0.671140378831372,0.6757208584020085
tid_196,9,public_administration_education_health_headcount_share,,False,0.7453693815545229,0.7802414131816323,0.7903102467536952,0.7880025506514334
tid_198,9,public_administration_education_health_headcount_share,0.6557830658550083,True,0.6782899057837183,0.7456193841037351,0.7217377327358016,0.7124584344488017
tid_201,9,public_administration_education_health_headcount_share,0.8574277168494516,True,0.7397367129357098,0.8121013804398737,0.782911101123952,0.7662599250186455
tid_203,9,public_administration_education_health_headcount_share,,False,0.4932435485730947,0.6050559564346262,0.47283154878981176,0.4788531429508022
tid_204,9,public_administration_education_health_headcount_share,0.5550274223034735,True,0.6231031266246273,0.5471781108682442,0.6770498392065961,0.70298263671503
tid_205,9,public_administration_education_health_headcount_share,,False,0.671011006362529,0.7511400080523672,0.7102488678820716,0.7214295909297194
tid_206,10,manufacturing_headcount_share,0.0900958661537522,True,0.14645170799041388,0.20898790035663745,0.15315281533956016,0.15910860861851442
tid_207,10,manufacturing_headcount_share,0.0821082825385442,True,0.05999161521776772,0.06089143144389626,0.05889353784011566,0.04883345616554214
tid_208,10,manufacturing_headcount_share,,False,0.13734710453423693,0.17074989863381876,0.15592333662620766,0.15449054488059483
tid_209,10,manufacturing_headcount_share,,False,0.10075333549741765,0.09001221302808968,0.06764579690897149,0.10992287348477034
tid_210,10,manufacturing_headcount_share,0.0506976744186046,True,0.18051290337403397,0.20714911458724422,0.18119934957173223,0.18897290435646438
tid_211,10,manufacturing_headcount_share,,False,0.1269248350408226,0.12523576167998948,0.08393818152132992,0.13258102898467894
tid_212,10,manufacturing_headcount_share,,False,0.14433194452876758,0.0809332776501172,0.1283740059832136,0.14846723063671827
tid_213,10,manufacturing_headcount_share,,False,0.1793636993347763,0.20732331490817724,0.1656844519056166,0.1736201543285438
tid_214,10,manufacturing_headcount_share,,False,0.0699516390101405,0.07684809652403812,0.09038372480117117,0.0973241958390019
tid_215,10,manufacturing_headcount_share,,False,0.18643118359402847,0.19746727473675316,0.16360002941254007,0.18353972007456976
tid_216,10,manufacturing_headcount_share,0.0728264356753288,True,0.06676787280368822,0.04913042304519095,0.11463032291812146,0.0962464025781131
tid_217,10,manufacturing_headcount_share,,False,0.14457393299339352,0.15161993975691612,0.15220544475845116,0.17102706314628133
tid_218,10,manufacturing_headcount_share,0.095001461560947,True,0.09253755498685055,0.06027743196207943,0.09063672946126979,0.09167003688602579
tid_219,10,manufacturing_headcount_share,,False,0.21928305554039695,0.19498919814519386,0.22917553712605337,0.22044012344373173
tid_220,10,manufacturing_headcount_share,,False,0.12449698967971487,0.08843070336112216,0.12676335195371247,0.14318423052220022
tid_221,10,manufacturing_headcount_share,0.2741754543414853,True,0.09899546277560321,0.11627946052641522,0.1280242465240532,0.13569066686120207
tid_222,10,manufacturing_headcount_share,0.0762092793682132,True,0.07805165279412064,0.1834873647882473,0.0509772629036895,0.09265823482947542
tid_223,10,manufacturing_headcount_share,,False,0.13734145665443334,0.1899741625771745,0.15988217993332648,0.16374993528933512
tid_206,10,agriculture_headcount_share,0.0141662087073334,True,0.013672618410065278,0.0075932411048670575,0.01807299877810622,0.01192376190352824
tid_207,10,agriculture_headcount_share,0.01697143540098,True,0.035799951102845236,0.035035133843388584,0.03932521433791118,0.0433174178502284
tid_208,10,agriculture_headcount_share,0.0920724094881398,True,0.08130925797558697,0.10447104367244398,0.08777415978575347,0.07544043956954438
tid_209,10,agriculture_headcount_share,0.0709939148073022,True,0.05339543977652436,0.08274504869591633,0.05360498222568258,0.054475625486382656
tid_210,10,agriculture_headcount_share,0.0537209302325581,True,0.049442187464558564,0.047680417613899635,0.061705040290234686,0.05938887860549988
tid_211,10,agriculture_headcount_share,0.0201658077526327,True,0.12248051741568129,0.07525836619609697,0.11412856055685178,0.1288421546514874
tid_212,10,agriculture_headcount_share,0.1671278361925844,True,0.0646037712383196,0.09672855426928566,0.07785774828725774,0.06756426577015358
tid_213,10,agriculture_headcount_share,0.0565947242206235,True,0.07664384607892598,0.1045035543550232,0.09353680789667422,0.0749514153384858
tid_214,10,agriculture_headcount_share,0.0557383394619701,True,0.09266547099790146,0.10360879278111795,0.09250373897041123,0.10280046869630355
tid_215,10,agriculture_headcount_share,0.0548672566371681,True,0.1119590784534392,0.12885967780778484,0.11286661606960231,0.09829348691414233
tid_216,10,agriculture_headcount_share,0.176772537696503,True,0.09736884710549923,0.08505430483872273,0.09288862731715539,0.10600097476316139
tid_217,10,agriculture_headcount_share,0.0216383307573415,True,0.0457968072698038,0.07522510904592117,0.06200879151319603,0.0526140724886882
tid_218,10,agriculture_headcount_share,0.0643086816720257,True,0.08050407707153519,0.05457484167372814,0.05932808448916541,0.056812225341028616
tid_219,10,agriculture_headcount_share,0.082003828972559,True,0.06866348859218237,0.08584704607589246,0.07341956656560772,0.08036638259711319
tid_220,10,agriculture_headcount_share,,False,0.11451196706666267,0.14253091177051413,0.12367534890384521,0.12218149462788633
tid_221,10,agriculture_headcount_share,0.1051155485752748,True,0.06259217672356922,0.09301093328076772,0.06351977162437562,0.07296108854740449
tid_222,10,agriculture_headcount_share,0.0197433366238894,True,0.07682297945516688,0.0837934079306951,0.07324808593200154,0.09604753553946688
tid_223,10,agriculture_headcount_share,0.1041666666666666,True,0.04748336268668985,0.04013479472753497,0.049314941914007336,0.03459379490686211
tid_206,10,public_administration_education_health_headcount_share,0.4742321548513158,True,0.32911010042995287,0.35463534583930567,0.3361088615278541,0.34461706037613926
tid_207,10,public_administration_education_health_headcount_share,0.2777578582526592,True,0.2009310558948642,0.22653989800570465,0.19390293926338856,0.18470037626167765
tid_208,10,public_administration_education_health_headcount_share,0.4229088639200998,True,0.3793800604352393,0.36587884877502796,0.37407784092097773,0.367774604589869
tid_209,10,public_administration_education_health_headcount_share,0.7028397565922921,True,0.30614842510698514,0.5379433580510675,0.30242270416568845,0.3336269171034825
tid_210,10,public_administration_education_health_headcount_share,0.3213953488372093,True,0.36112973104189255,0.3554658761215879,0.35171800132854336,0.3719610202907443
tid_211,10,public_administration_education_health_headcount_share,0.320972440062738,True,0.3980658840216595,0.3398554298493646,0.41460681293538754,0.3640204669460265
tid_212,10,public_administration_education_health_headcount_share,0.4798007747648035,True,0.36359493962354744,0.46885731679437515,0.36240570774628306,0.38601759480811326
tid_213,10,public_administration_education_health_headcount_share,0.4705035971223021,True,0.3547928601158875,0.42868114784125627,0.32474899832867704,0.3505758642339806
tid_214,10,public_administration_education_health_headcount_share,0.4906135088058835,True,0.43832932053750107,0.4390949415528859,0.41086009506014903,0.4031167189235561
tid_215,10,public_administration_education_health_headcount_share,0.7601769911504425,True,0.2503555450608094,0.42456914930078743,0.25234589217610215,0.27362210492779726
tid_216,10,public_administration_education_health_headcount_share,0.5543792107795957,True,0.4839796558796272,0.44416594767450746,0.43898539028953,0.4692360801842785
tid_217,10,public_administration_education_health_headcount_share,0.3969088098918083,True,0.43168390980866456,0.41886999879045445,0.39188150055105775,0.3928457585650093
tid_218,10,public_administration_education_health_headcount_share,0.3417129494299912,True,0.3342059204284233,0.38135874611580506,0.3326251179921648,0.3444708536696242
tid_219,10,public_administration_education_health_headcount_share,0.5941289087428206,True,0.4826431514748675,0.41850468289706927,0.45043966235179045,0.4816284381254626
tid_220,10,public_administration_education_health_headcount_share,0.6489028213166145,True,0.4944828223076372,0.5183884286906946,0.48668058723334,0.46558737381704146
tid_221,10,public_administration_education_health_headcount_share,0.335315234462643,True,0.400443779241837,0.2915765435790629,0.3631038579399449,0.36636372797934214
tid_222,10,public_administration_education_health_headcount_share,0.4890424481737414,True,0.36413785699481727,0.3547544369008069,0.35179979065223804,0.30878323379230027
tid_223,10,public_administration_education_health_headcount_share,0.4104938271604938,True,0.3825860365347907,0.36835770010583857,0.4001851365045097,0.4004371739437329
tid_224,11,manufacturing_headcount_share,0.1317728169914653,True,0.2800456029964328,0.2725604792035125,0.28862090738770524,0.295801096129062
tid_225,11,manufacturing_headcount_share,0.0311292887980004,True,0.05459116627771128,0.03302247255143026,0.052834290615155086,0.05380527782837261
tid_226,11,manufacturing_headcount_share,,False,0.20852536670787356,0.16003635583990594,0.2140435351135504,0.232538238215691
tid_227,11,manufacturing_headcount_share,0.0077878731689226,True,0.13007981320188508,0.12028171788085086,0.1406300404951231,0.1367445895276819
tid_228,11,manufacturing_headcount_share,0.049239782396429,True,0.09628522276082592,0.1730522208596389,0.10019860398753909,0.08805206895870143
tid_229,11,manufacturing_headcount_share,0.0761833628979553,True,0.1984126329860971,0.262232383449696,0.20176992574206193,0.21096629656385052
tid_230,11,manufacturing_headcount_share,,False,0.12122316004095376,0.12959248951825722,0.1792891838627687,0.12296886875182209
tid_231,11,manufacturing_headcount_share,0.0536535513541134,True,0.07851888620442324,0.027718501500626196,0.10093805954134942,0.10300534872479665
tid_232,11,manufacturing_headcount_share,,False,0.21534471439041122,0.1519954122578401,0.2235873876838978,0.23065153896548615
tid_233,11,manufacturing_headcount_share,,False,0.10831874199846997,0.10695137927565761,0.10665471591405783,0.11649236267613854
tid_234,11,manufacturing_headcount_share,0.0475343343058421,True,0.08319378039011953,0.13875855316857114,0.0632421918022597,0.09801528140908437
tid_235,11,manufacturing_headcount_share,,False,0.07863005106661859,0.06658018621183741,0.11781921166765148,0.09526536542473925
tid_236,11,manufacturing_headcount_share,0.1421087828800713,True,0.10640555069362849,0.10615442099400706,0.12543059932083814,0.12574354320698844
tid_237,11,manufacturing_headcount_share,,False,0.11782665404561979,0.10432289824806103,0.09539037957157899,0.08456281493900429
tid_238,11,manufacturing_headcount_share,,False,0.2300951796331901,0.12612556070097297,0.21647212637766725,0.23638491837139033
tid_239,11,manufacturing_headcount_share,,False,0.18257893512867832,0.1548664049606458,0.18504513779525367,0.19025142346971916
tid_240,11,manufacturing_headcount_share,,False,0.13745461784269758,0.0859574521903071,0.19922133657022015,0.16350739176522378
tid_241,11,manufacturing_headcount_share,0.2483719718676738,True,0.10335440332816793,0.16527129232170934,0.17720370171120287,0.12486537262510677
tid_242,11,manufacturing_headcount_share,,False,0.13250332357294917,0.09018978678109073,0.1370969364589692,0.12216457709655626
tid_243,11,manufacturing_headcount_share,,False,0.22861889220250015,0.14603702781804723,0.2670702260184074,0.23787898063592114
tid_224,11,agriculture_headcount_share,0.0133579828194934,True,0.01123503204700778,0.007904292613737741,0.011242153096564289,0.00992918455128153
tid_225,11,agriculture_headcount_share,,False,0.03529212107707155,0.043410995440537406,0.050486652292044736,0.049590828323209345
tid_226,11,agriculture_headcount_share,,False,0.0702026177010703,0.05474537135902121,0.0785219900935468,0.06729097192331084
tid_227,11,agriculture_headcount_share,0.0281846838494344,True,0.04286160682229971,0.05160115470030301,0.04977461206849203,0.05417782221501899
tid_228,11,agriculture_headcount_share,,False,0.043956932104425674,0.03986545476519793,0.043333747673629366,0.03558616827859237
tid_229,11,agriculture_headcount_share,0.0038589611925434,True,0.03613448145104659,0.01688468369266552,0.031633480616348415,0.04111915863443868
tid_230,11,agriculture_headcount_share,,False,0.05017730745529826,0.08209796819820675,0.06772477680696487,0.0623334304285544
tid_231,11,agriculture_headcount_share,0.0143076136944302,True,0.08382548640718578,0.06281233088621103,0.08915884687087311,0.09097623519180782
tid_232,11,agriculture_headcount_share,0.2313386798272671,True,0.10991402009347927,0.0688749398418042,0.1141342468774818,0.11564174569745941
tid_233,11,agriculture_headcount_share,0.1015415549597855,True,0.18695829781443585,0.244328819685874,0.19151477255811447,0.21632149815759352
tid_234,11,agriculture_headcount_share,0.0040560734362769,True,0.055054079201167845,0.0315648420553591,0.044403439159420584,0.049781475159370085
tid_235,11,agriculture_headcount_share,0.2391304347826087,True,0.071952964859919,0.10069207022653812,0.07200102666270305,0.07589772428220429
tid_236,11,agriculture_headcount_share,,False,0.05381732730732975,0.05082304248514631,0.05933779599702488,0.06504201695374999
tid_237,11,agriculture_headcount_share,0.1809366618526924,True,0.06786340914575054,0.0690888176253272,0.0643029284546055,0.06439710899281098
tid_238,11,agriculture_headcount_share,0.0697594501718213,True,0.11050284977312802,0.09013140913431682,0.1217811707096058,0.13717601143153893
tid_239,11,agriculture_headcount_share,0.0439709882139619,True,0.11157192248026487,0.07093759133289297,0.11709744825315566,0.12038638575803072
tid_240,11,agriculture_headcount_share,0.0974517906336088,True,0.05963264160815692,0.10237021655927743,0.07032425146847186,0.04986172075305905
tid_241,11,agriculture_headcount_share,0.0062516280281323,True,0.03781086405440767,0.06568560895169237,0.05031369402951849,0.04140684734840265
tid_242,11,agriculture_headcount_share,0.0990485484264454,True,0.19635466316493977,0.15833643145659973,0.19330759627061572,0.18728108653241282
tid_243,11,agriculture_headcount_share,,False,0.10290905998793015,0.09289248297133522,0.1128953987635077,0.10981457997700814
tid_224,11,public_administration_education_health_headcount_share,0.4939534625114675,True,0.3670023288289776,0.3323531062193332,0.3359381781390691,0.37095668006989757
tid_225,11,public_administration_education_health_headcount_share,0.321881390593047,True,0.33028787128482884,0.20560517090850358,0.33971246575458147,0.30219704367316697
tid_226,11,public_administration_education_health_headcount_share,0.2452117615322363,True,0.46227835410075346,0.29384177240419984,0.43492372398429263,0.4524477057205158
tid_227,11,public_administration_education_health_headcount_share,0.4795104765436677,True,0.42451500816437154,0.2653854510330181,0.4079803371023302,0.41586585048968033
tid_228,11,public_administration_education_health_headcount_share,0.168689263960571,True,0.3618811301685487,0.2523759705713681,0.34334394965569653,0.3538715838925094
tid_229,11,public_administration_education_health_headcount_share,0.3440699592319422,True,0.3681693524303666,0.29463732850237345,0.3362172438463673,0.3754301425538436
tid_230,11,public_administration_education_health_headcount_share,0.7479083303019279,True,0.527866460147153,0.5439398362675347,0.47659618235219764,0.5242226809378463
tid_231,11,public_administration_education_health_headcount_share,0.3658661216147164,True,0.4434863641820458,0.3762379515415387,0.42580548291663134,0.43237939104625456
tid_232,11,public_administration_education_health_headcount_share,0.5009253547193091,True,0.510534688511441,0.5548171141480694,0.4845018463345049,0.4871709073893576
tid_233,11,public_administration_education_health_headcount_share,0.6166219839142091,True,0.5785059572429437,0.5377587088109462,0.5814873228047913,0.5674064907065597
tid_234,11,public_administration_education_health_headcount_share,0.348110723688892,True,0.33824434155414246,0.269505925675356,0.3337190067138221,0.32918226323793537
tid_235,11,public_administration_education_health_headcount_share,0.431501230516817,True,0.5535230868788379,0.5420742878051045,0.5398298815068661,0.539914806250504
tid_236,11,public_administration_education_health_headcount_share,0.3711547035220686,True,0.4510739125641639,0.27656900434396264,0.4122032878382228,0.4176808310421783
tid_237,11,public_administration_education_health_headcount_share,0.516195584897875,True,0.4503903517940305,0.4877392028353401,0.4704136920648428,0.5154012647236044
tid_238,11,public_administration_education_health_headcount_share,0.6003436426116838,True,0.5056299306006982,0.5608862957082266,0.4931933789729348,0.49860066331817904
tid_239,11,public_administration_education_health_headcount_share,0.5498640072529465,True,0.6013364081082494,0.4558562113888854,0.5533582095017587,0.5829576110196895
tid_240,11,public_administration_education_health_headcount_share,0.5702479338842975,True,0.5522062173497769,0.5027686026656359,0.5159010275627781,0.55329467406423
tid_241,11,public_administration_education_health_headcount_share,0.3370669445168012,True,0.5459921289503222,0.3567964493375148,0.49299085371360524,0.5471271171968697
tid_242,11,public_administration_education_health_headcount_share,0.6338131251524762,True,0.5236052211632258,0.543905983914556,0.5170415110419495,0.521501295659563
tid_243,11,public_administration_education_health_headcount_share,0.6621621621621622,True,0.5633021960292863,0.5648094414569224,0.535955034990255,0.5707717932556674
tid_269,12,manufacturing_headcount_share,0.2887474102862673,True,0.23557483974149737,0.2855748207897835,0.1951779554854623,0.2694741321658659
tid_270,12,manufacturing_headcount_share,0.4714236529523153,True,0.10659832652060093,0.1880597743173752,0.12226173161115572,0.11689387165661344
tid_271,12,manufacturing_headcount_share,0.5019768856447688,True,0.2166679120481831,0.1887114279605804,0.2042745098987229,0.21573525146045933
tid_272,12,manufacturing_headcount_share,0.0699386503067484,True,0.07052379978654158,0.06434967955601001,0.04252035543632767,0.0835849829024555
tid_273,12,manufacturing_headcount_share,,False,0.13762518519204586,0.05736709744702569,0.08095151746009285,0.10044433175097227
tid_274,12,manufacturing_headcount_share,0.3418082599528711,True,0.1800026977348746,0.15066045700692232,0.14035745868873967,0.18553241342854274
tid_275,12,manufacturing_headcount_share,,False,0.10495425305185554,0.12148028465994815,0.12870595833584628,0.109664297201298
tid_276,12,manufacturing_headcount_share,0.2487912087912087,True,0.10673914919032719,0.1381489139376632,0.08434470362954635,0.09210003660322144
tid_277,12,manufacturing_headcount_share,0.0053763440860215,True,0.1378388217617671,0.130312667185541,0.1331622479911177,0.13981489592166904
tid_278,12,manufacturing_headcount_share,0.1421429187139039,True,0.20628274677655903,0.2120292123835604,0.24737581958128257,0.19367278028726162
tid_279,12,manufacturing_headcount_share,,False,0.06839379426317348,0.060015535498070934,0.09581997318791957,0.0784134108096123
tid_280,12,manufacturing_headcount_share,0.010535959688502,True,0.0876600068568878,0.08016560030090397,0.07697265564963411,0.09029242588113406
tid_281,12,manufacturing_headcount_share,,False,0.13463894856496428,0.1257152672982866,0.12646885866563887,0.14860108629811036
tid_282,12,manufacturing_headcount_share,,False,0.13943883233585508,0.11951288557544824,0.12616588586342561,0.15284897599065475
tid_283,12,manufacturing_headcount_share,0.1765901829799593,True,0.09400751442044342,0.08959861747792511,0.07760698134973344,0.10576275252437269
tid_284,12,manufacturing_headcount_share,0.0522565320665083,True,0.08541467788738044,0.131044308227889,0.034369694513683546,0.09902768807051157
tid_285,12,manufacturing_headcount_share,,False,0.09536551390153729,0.07484309810495571,0.10048841143791591,0.10299257707815389
tid_269,12,agriculture_headcount_share,0.0040528074765224,True,0.009773663940074026,0.008146961709696745,0.006123462734612316,0.011641175227740948
tid_270,12,agriculture_headcount_share,,False,0.09857301806431182,0.06889442603202524,0.0962586599535454,0.10680063575315822
tid_271,12,agriculture_headcount_share,,False,0.10844622652861777,0.09762432091224736,0.09722201103563015,0.09875984712549334
tid_272,12,agriculture_headcount_share,0.052760736196319,True,0.0931105657113164,0.07984438071802857,0.08726085594682033,0.10457189983918956
tid_273,12,agriculture_headcount_share,,False,0.11886633309121945,0.13213321412226392,0.1276132618049759,0.09857989448694665
tid_274,12,agriculture_headcount_share,0.0829715986605481,True,0.11298607320781269,0.12385352294308082,0.10759369183907068,0.11349564581508574
tid_275,12,agriculture_headcount_share,0.0224980605120248,True,0.17012442192142738,0.12732108099472747,0.16752837836061568,0.16194584965420922
tid_276,12,agriculture_headcount_share,,False,0.10510900138137423,0.16327611637695055,0.1121274496153117,0.10531443327427685
tid_277,12,agriculture_headcount_share,0.0822994210090984,True,0.16039856334330146,0.1363095257905313,0.15010845318078792,0.1664947832633444
tid_278,12,agriculture_headcount_share,0.1321437807085596,True,0.044341610270116495,0.05159077412701002,0.036378820106034125,0.037355196450631324
tid_279,12,agriculture_headcount_share,0.0220421393841166,True,0.1220411680724304,0.17072399850034256,0.1284020850308954,0.13964464566031173
tid_280,12,agriculture_headcount_share,0.2304168575355016,True,0.08390365175518236,0.14624892696709688,0.07051775889094271,0.09319731060986632
tid_281,12,agriculture_headcount_share,0.0866583541147132,True,0.11808667053354092,0.18220757343792982,0.12182314105471151,0.132408278680273
tid_282,12,agriculture_headcount_share,0.1398809523809523,True,0.11847323032943848,0.18918473332298485,0.1128342119487727,0.13723622889369713
tid_283,12,agriculture_headcount_share,0.0978797560267208,True,0.13490105699841698,0.14891507532175766,0.1477362646405321,0.15070774179361252
tid_284,12,agriculture_headcount_share,0.4433887569279493,True,0.11405292636922477,0.13047507960497642,0.10898314419982094,0.11490783820820473
tid_285,12,agriculture_headcount_share,,False,0.122368349778753,0.10019119466790476,0.11763673234760286,0.11815967428107187
tid_269,12,public_administration_education_health_headcount_share,0.3942565064194656,True,0.41473569228068513,0.4094884984924633,0.4176683108875893,0.41051162283990444
tid_270,12,public_administration_education_health_headcount_share,0.3220864176278189,True,0.4417685654265195,0.4259566711209413,0.45115391679793354,0.43542586792750126
tid_271,12,public_administration_education_health_headcount_share,0.31919099756691,True,0.4961933389604998,0.4958724136493486,0.49733759745395856,0.5085453902221542
tid_272,12,public_administration_education_health_headcount_share,0.4920245398773006,True,0.5244639850757973,0.5670168734635703,0.5412078636823756,0.5024060245276266
tid_273,12,public_administration_education_health_headcount_share,,False,0.6158582898229125,0.6008422499581646,0.5930664338358045,0.650458140033563
tid_274,12,public_administration_education_health_headcount_share,0.3905494232915788,True,0.4424591928361276,0.4463614674343883,0.4491437353286051,0.4423630310048076
tid_275,12,public_administration_education_health_headcount_share,0.6245151280062063,True,0.5872449796456451,0.5764631643866401,0.5758410565630004,0.6099344349959748
tid_276,12,public_administration_education_health_headcount_share,0.4487912087912088,True,0.5798365524823941,0.5234707105969577,0.6156254642622823,0.6124893630273271
tid_277,12,public_administration_education_health_headcount_share,0.6720430107526881,True,0.5633567864611977,0.5423987390273826,0.5698284977534122,0.5439312451063728
tid_278,12,public_administration_education_health_headcount_share,0.4577191621411947,True,0.41871977437279695,0.3789073637754564,0.3921469382673739,0.4234408999996228
tid_279,12,public_administration_education_health_headcount_share,0.6230145867098865,True,0.5922001993635122,0.5286401229019669,0.5786114392445982,0.5821962860012256
tid_280,12,public_administration_education_health_headcount_share,0.5071003206596427,True,0.5732489508972708,0.5701829132084413,0.5624799804555702,0.5699090680048925
tid_281,12,public_administration_education_health_headcount_share,0.6197007481296758,True,0.546853738775589,0.5637264830300461,0.5624981359426079,0.5460231258313022
tid_282,12,public_administration_education_health_headcount_share,0.6166666666666667,True,0.5847491818157504,0.5561222682216423,0.5894463604033205,0.5708967825234138
tid_283,12,public_administration_education_health_headcount_share,0.458611675864072,True,0.6056870931634404,0.5238054423199183,0.5949214671715745,0.5804964618038468
tid_284,12,public_administration_education_health_headcount_share,0.3592636579572446,True,0.6063139103998261,0.5115023157808463,0.5923948817429322,0.5978029135125728
tid_285,12,public_administration_education_health_headcount_share,0.5803571428571429,True,0.6542324996566261,0.6476288267290838,0.6405852508728098,0.6535036842106707
tid_287,13,manufacturing_headcount_share,,False,0.1302076645359461,0.1404339711703348,0.12992334623520987,0.15521199315592354
tid_288,13,manufacturing_headcount_share,,False,0.03574994735322374,0.0786089196775449,0.06038449651922513,0.04098557021607297
tid_289,13,manufacturing_headcount_share,,False,0.143045352684693,0.14021947218085506,0.15660103416654636,0.1540363191675456
tid_290,13,manufacturing_headcount_share,,False,0.06970828382401763,0.053652671357128305,0.059583318077604926,0.061545405327495736
tid_292,13,manufacturing_headcount_share,,False,0.0991039807641205,0.07144654013961037,0.10128459184956566,0.09920071894614145
tid_293,13,manufacturing_headcount_share,,False,0.08610789137610057,0.10957022234749612,0.08211107697514536,0.08016516887664484
tid_294,13,manufacturing_headcount_share,0.3426378752539312,True,0.11151267847376918,0.156890578604309,0.12788803625633602,0.12825783043772163
tid_295,13,manufacturing_headcount_share,0.3147235905856596,True,0.09083386789557212,0.08687551577408119,0.09658780373800116,0.09271694089352221
tid_296,13,manufacturing_headcount_share,0.1839156229400131,True,0.13467460446321194,0.10753103319806544,0.12756980657275574,0.1351253786896702
tid_297,13,manufacturing_headcount_share,,False,0.06372738418584266,0.1060271969714873,0.07647394698134644,0.08523197674018528
tid_298,13,manufacturing_headcount_share,0.2015503875968992,True,0.15427956462150696,0.21327625328240502,0.1883939257599482,0.1828140859446734
tid_300,13,manufacturing_headcount_share,0.0342298288508557,True,0.10382874525442375,0.147111100184531,0.13087925451145477,0.1226130518947433
tid_301,13,manufacturing_headcount_share,0.1081195675217299,True,0.12358985055191893,0.09143596033106612,0.09428543029998647,0.06769447657614695
tid_302,13,manufacturing_headcount_share,,False,0.13996854368285216,0.1523685457532815,0.14094690792417194,0.1534701470157663
tid_303,13,manufacturing_headcount_share,0.2993513818386915,True,0.19240118818319468,0.23478207560364608,0.16238080905096006,0.24760951860949226
tid_304,13,manufacturing_headcount_share,,False,0.1114153021502207,0.0754398656989561,0.10851740548677824,0.11500113015341844
tid_305,13,manufacturing_headcount_share,,False,0.04996054503024683,0.11194475796372702,0.07785293372370065,0.05221435400355414
tid_306,13,manufacturing_headcount_share,,False,0.0360005797091193,0.12959392280085785,0.05322995590099169,0.034691127467650365
tid_307,13,manufacturing_headcount_share,,False,0.13637339472223117,0.13070082003456635,0.14754950179133788,0.1341700682063375
tid_308,13,manufacturing_headcount_share,0.395587252061511,True,0.16221641419917396,0.18306060317094497,0.18600867782010372,0.1830602276644505
tid_287,13,agriculture_headcount_share,0.1064943059402893,True,0.19525308431122249,0.1539682926287278,0.18042954296744987,0.19594430980084984
tid_288,13,agriculture_headcount_share,,False,0.18156507437282612,0.1850771330205162,0.18313143390055564,0.21039531975007592
tid_289,13,agriculture_headcount_share,0.210762331838565,True,0.1387793054380183,0.12278545934189224,0.1317990818330015,0.14522282142411627
tid_290,13,agriculture_headcount_share,0.0842659644502962,True,0.09540994559868117,0.10512257192814874,0.08575591096590748,0.09315580910543128
tid_292,13,agriculture_headcount_share,,False,0.138999119556548,0.1441948924055344,0.14488217486466007,0.11651055184875242
tid_293,13,agriculture_headcount_share,,False,0.15746783086837693,0.1722253271062373,0.14406622138422912,0.15699282043619742
tid_294,13,agriculture_headcount_share,0.0166277932435482,True,0.09360920706507257,0.17503818093769716,0.10639312751497011,0.10892160959103013
tid_295,13,agriculture_headcount_share,,False,0.15645530008545167,0.19489231868761273,0.16692732351025147,0.15974711543952505
tid_296,13,agriculture_headcount_share,0.1704021094264996,True,0.13320121632246143,0.08559039541451247,0.14479927783619764,0.14369627744574842
tid_297,13,agriculture_headcount_share,,False,0.10195560253451749,0.14517488566980621,0.09827530794602597,0.10002615566552714
tid_298,13,agriculture_headcount_share,0.1069767441860465,True,0.11356898973537567,0.10173740621324676,0.12469937099954401,0.1280202892737536
tid_300,13,agriculture_headcount_share,0.2493887530562347,True,0.10805519337261785,0.07895201814201086,0.09750079926465781,0.11304762337514822
tid_301,13,agriculture_headcount_share,0.4237863048547806,True,0.09649400115263797,0.09266932884771577,0.09044690499585226,0.08961585032282329
tid_302,13,agriculture_headcount_share,0.1789331532748143,True,0.11465602973598042,0.06439320260954434,0.12021960311958105,0.12433585681926236
tid_303,13,agriculture_headcount_share,0.0620417371686407,True,0.09518788821126503,0.08488943616951733,0.08183817197319453,0.09505583450990716
tid_304,13,agriculture_headcount_share,0.2873160476524176,True,0.1368560252898225,0.06985620810881824,0.1270096679407273,0.12406200511195115
tid_305,13,agriculture_headcount_share,,False,0.11761021921244479,0.18387444587103927,0.11335545128049676,0.12129262923751417
tid_306,13,agriculture_headcount_share,,False,0.17105547642108107,0.20412546774551876,0.17300395895010373,0.17958359803973398
tid_307,13,agriculture_headcount_share,0.0598705501618122,True,0.09046186083885924,0.17460106764525526,0.09836027804971577,0.10771371450470152
tid_308,13,agriculture_headcount_share,0.313572542901716,True,0.13702066536751795,0.10717837647039528,0.14515691524120053,0.15268329917339107
tid_287,13,public_administration_education_health_headcount_share,0.528470298553401,True,0.5515398798223025,0.5426082911234703,0.5581846956274791,0.5299743432501103
tid_288,13,public_administration_education_health_headcount_share,,False,0.6268807510320793,0.6084495224986068,0.6227865008537847,0.6195872985874812
tid_289,13,public_administration_education_health_headcount_share,0.2638266068759342,True,0.5918665903485224,0.521769508795635,0.583059697722984,0.5588054497112683
tid_290,13,public_administration_education_health_headcount_share,0.5878867676102699,True,0.58875355747267,0.5855358185333916,0.581792980150942,0.5707480943225577
tid_292,13,public_administration_education_health_headcount_share,0.4861944777911164,True,0.6148398535832074,0.6555332496288053,0.6219854544676586,0.6175464735052104
tid_293,13,public_administration_education_health_headcount_share,0.6087768440709617,True,0.6145317312077797,0.6243790110437069,0.61332655447262,0.6133517187398525
tid_294,13,public_administration_education_health_headcount_share,0.4342035964186291,True,0.5102940236606717,0.4830484322916166,0.4927897425279503,0.5020742835667068
tid_295,13,public_administration_education_health_headcount_share,0.4734537493158183,True,0.5798520890414979,0.5775893974872911,0.5756251681567871,0.5720051787334849
tid_296,13,public_administration_education_health_headcount_share,0.4653922214897825,True,0.5601199079338558,0.5952421245612548,0.5653315356276349,0.5690062158571872
tid_297,13,public_administration_education_health_headcount_share,,False,0.6195979552850951,0.6123874966876905,0.6213494410027779,0.6341087174876197
tid_298,13,public_administration_education_health_headcount_share,0.3670542635658915,True,0.4520183858275089,0.4185947479077709,0.4420299753874587,0.4424916391739435
tid_300,13,public_administration_education_health_headcount_share,0.4683509915783754,True,0.6045795766108489,0.5623223032168554,0.6043952421463644,0.578085809976772
tid_301,13,public_administration_education_health_headcount_share,0.3504345982616069,True,0.460026063460139,0.4783888483610828,0.47033498041145627,0.4847099216618992
tid_302,13,public_administration_education_health_headcount_share,0.2987846049966239,True,0.6052867224514576,0.6179044004273053,0.6022921158077706,0.5999548540609688
tid_303,13,public_administration_education_health_headcount_share,0.281443880428652,True,0.4117230989242472,0.38127795149652643,0.4279109714036491,0.40383778084905886
tid_304,13,public_administration_education_health_headcount_share,0.4688156972669937,True,0.6085826252846731,0.6139045280730215,0.6070094799118566,0.5960931178612036
tid_305,13,public_administration_education_health_headcount_share,0.6578094620868438,True,0.5568773339678279,0.5774987391046438,0.5631261254690308,0.5522932464618215
tid_306,13,public_administration_education_health_headcount_share,,False,0.6260305082240047,0.6188875181967068,0.6307063070927266,0.6318393930105599
tid_307,13,public_administration_education_health_headcount_share,0.3257050392972723,True,0.5539801017393902,0.5249458921274135,0.5423510225480784,0.5341986782187176
tid_308,13,public_administration_education_health_headcount_share,0.1913305103632716,True,0.47758276035058633,0.4251633658365508,0.46160084230388326,0.4569229394602354
tid_309,14,manufacturing_headcount_share,0.0168634064080944,True,0.11518276124764369,0.050829997972244585,0.11609684752460532,0.11335316357939203
tid_312,14,manufacturing_headcount_share,0.0058479532163742,True,0.12369653153332329,0.10703804733134402,0.09281246893039674,0.09349769797124907
tid_314,14,manufacturing_headcount_share,,False,0.032788496158317866,0.08978226983238224,0.04042252868619523,0.07289605065321993
tid_316,14,manufacturing_headcount_share,,False,0.16496407691539552,0.1716197695863385,0.17556026081402282,0.15831736062398535
tid_317,14,manufacturing_headcount_share,,False,0.033418886693860984,0.103163372887812,0.038696174855934275,0.04114105522580701
tid_318,14,manufacturing_headcount_share,,False,0.16496407691539552,0.10270319628271167,0.14951123916826106,0.15786211068107334
tid_319,14,manufacturing_headcount_share,,False,0.15841850250568357,0.13047887483482026,0.13014841432293658,0.1524107399535565
tid_320,14,manufacturing_headcount_share,,False,0.03998159907460959,0.0628427225755415,0.03789304892429505,0.07133528335577465
tid_321,14,manufacturing_headcount_share,,False,0.23195230068347053,0.1175351137650555,0.15697075996371765,0.1608296326786758
tid_323,14,manufacturing_headcount_share,,False,0.16031765355340033,0.11662790404442651,0.1453878805668212,0.17270507396915086
tid_324,14,manufacturing_headcount_share,,False,0.09526394544900071,0.08390172883418191,0.11285203732913943,0.12299136111831117
tid_325,14,manufacturing_headcount_share,0.0165684538752213,True,0.08090360694793021,0.024267582259736863,0.07119804355108164,0.08142844190360732
tid_326,14,manufacturing_headcount_share,,False,0.13450927478658148,0.09677986600643224,0.14282700252372235,0.16284910522062293
tid_327,14,manufacturing_headcount_share,0.0264381095676939,True,0.1614368782020507,0.06470485122681646,0.15686366290647713,0.11744622081794585
tid_329,14,manufacturing_headcount_share,,False,0.07537105094557524,0.08837963847846932,0.0895170337970317,0.09765316303393486
tid_330,14,manufacturing_headcount_share,0.0137770848579337,True,0.13635435779489907,0.0566264025611836,0.09605667307904518,0.0939862233507529
tid_331,14,manufacturing_headcount_share,,False,0.16496407691539552,0.14301218441444957,0.14951123916826106,0.15831736062398535
tid_332,14,manufacturing_headcount_share,,False,0.18822559444003625,0.1861763176659431,0.15906258536169943,0.17512861733101148
tid_333,14,manufacturing_headcount_share,0.0102963137624774,True,0.05054354674603947,0.04137429190278743,0.04271207985299254,0.04917460650756586
tid_334,14,manufacturing_headcount_share,,False,0.1635793429526076,0.15435955720518382,0.1483984256563673,0.16151477109537624
tid_335,14,manufacturing_headcount_share,,False,0.1547527605390826,0.20582898850238723,0.13770472273077336,0.1704255777459243
tid_336,14,manufacturing_headcount_share,,False,0.04606339918539661,0.13369343307207043,0.04877828613043616,0.08501661587365363
tid_337,14,manufacturing_headcount_share,,False,0.08125485113334681,0.0936280716036382,0.05162456691708423,0.06943611685045835
tid_338,14,manufacturing_headcount_share,,False,0.15974463934434718,0.17913055348830625,0.14088162304214344,0.17270507396915086
tid_339,14,manufacturing_headcount_share,,False,0.11557069560315925,0.09026597452483155,0.05283257269907418,0.07827050859766924
tid_340,14,manufacturing_headcount_share,,False,0.17082640921911246,0.18801628415028004,0.13075777328097565,0.1646692731307479
tid_341,14,manufacturing_headcount_share,,False,0.16496407691539552,0.1678837480524652,0.17556026081402282,0.15831736062398535
tid_342,14,manufacturing_headcount_share,0.0968758563990134,True,0.13472604726243892,0.12277979148819984,0.12076438226208212,0.1352381604034102
tid_343,14,manufacturing_headcount_share,,False,0.033418886693860984,0.07904859153356034,0.03213133093989358,0.041726071808912565
tid_309,14,agriculture_headcount_share,0.012063821507329,True,0.02846115914379108,0.03974098989957165,0.03121761007257438,0.025399565344880377
tid_312,14,agriculture_headcount_share,0.0049798976608187,True,0.045853433760173035,0.026551869888321512,0.04389068866727186,0.04305786520612318
tid_314,14,agriculture_headcount_share,0.0240475547149419,True,0.10537536211568799,0.06574943667834593,0.0908088729405774,0.09221790792491553
tid_316,14,agriculture_headcount_share,0.0567307692307692,True,0.1252998891507389,0.0702034326954131,0.12832180830697565,0.1154229966179601
tid_317,14,agriculture_headcount_share,0.026451138868479,True,0.0947444079640338,0.06351600634510451,0.0893628696875333,0.0814364147754101
tid_318,14,agriculture_headcount_share,,False,0.14314906683736847,0.12886308123615053,0.1435269443913134,0.14553581364868712
tid_319,14,agriculture_headcount_share,,False,0.11556577236714184,0.11298630341126625,0.11997672095663042,0.1262737584857936
tid_320,14,agriculture_headcount_share,0.0139234211834908,True,0.04581329920246349,0.03795562695566579,0.04262948409416107,0.0381703565503251
tid_321,14,agriculture_headcount_share,0.0312134217713616,True,0.08093648120652568,0.08535030320832665,0.07864804967475073,0.07010513720305035
tid_323,14,agriculture_headcount_share,0.0311948204826368,True,0.04040779224006606,0.034730581707979574,0.058521483072938245,0.06001189661957867
tid_324,14,agriculture_headcount_share,0.0237728090465176,True,0.050933748695013215,0.054633823818602975,0.048052743991148006,0.04747298347461343
tid_325,14,agriculture_headcount_share,0.0061305921834949,True,0.07166595386244394,0.03273951634164185,0.06208341778822612,0.06643744569170382
tid_326,14,agriculture_headcount_share,0.013203214695752,True,0.0411459306636063,0.05713051536847638,0.05163793071607403,0.04793848090530079
tid_327,14,agriculture_headcount_share,0.0056154114833821,True,0.04345717348219286,0.02438855396633661,0.037537488965849616,0.0465945129724508
tid_329,14,agriculture_headcount_share,0.0104098893949251,True,0.06167571943288937,0.059797410913020314,0.05334958950770446,0.0426253668936711
tid_330,14,agriculture_headcount_share,0.0067453625632377,True,0.03999282668319941,0.01649545168715072,0.039565911470441695,0.04950570299094131
tid_331,14,agriculture_headcount_share,,False,0.14314906683736847,0.06497923404830025,0.1435269443913134,0.13601790304953099
tid_332,14,agriculture_headcount_share,0.0161261098025004,True,0.06740538854745892,0.09202356937667423,0.06705620749709186,0.06310745189585147
tid_333,14,agriculture_headcount_share,0.015012182661322,True,0.04087835341925435,0.041079409303054044,0.04684365387944156,0.032897974976880795
tid_334,14,agriculture_headcount_share,,False,0.14314906683736847,0.07455330373730022,0.1435269443913134,0.14553581364868712
tid_335,14,agriculture_headcount_share,0.0277051751176163,True,0.12451902741439336,0.13295138082081062,0.12801206101064072,0.11754740829725818
tid_336,14,agriculture_headcount_share,0.0171008152714257,True,0.047994118131596375,0.058172848524257255,0.04847043125166542,0.05298333034357669
tid_337,14,agriculture_headcount_share,0.0272206303724928,True,0.03864487750902129,0.024455650735989924,0.03258187897752738,0.04216388103109236
tid_338,14,agriculture_headcount_share,0.0085506626763574,True,0.09936681876236941,0.07308751530996349,0.10924174501137947,0.10309546876430324
tid_339,14,agriculture_headcount_share,0.016032982134677,True,0.05745859488191365,0.0241801922236924,0.058399356516876284,0.06340643287341925
tid_340,14,agriculture_headcount_share,0.0230819245773732,True,0.12212094748576928,0.09656843666291988,0.1231947416202712,0.11769143573760474
tid_341,14,agriculture_headcount_share,,False,0.12772055218238118,0.09225521707105641,0.12715955694735284,0.11681560703531924
tid_342,14,agriculture_headcount_share,0.0283639353247465,True,0.0720855069015962,0.07143691555422875,0.0662937192184408,0.07182422585692358
tid_343,14,agriculture_headcount_share,0.0126665210744704,True,0.09914596352858725,0.04188438329438888,0.09378286702211423,0.09767591516054233
tid_309,14,public_administration_education_health_headcount_share,0.5325888276984398,True,0.37852782435778354,0.45508256875965963,0.42921689625786513,0.40767385839664094
tid_312,14,public_administration_education_health_headcount_share,0.2048611111111111,True,0.268812311441289,0.38783997377301793,0.310984408167363,0.35172962518506445
tid_314,14,public_administration_education_health_headcount_share,0.6811672520940286,True,0.3234952738619941,0.532948703113658,0.32626467993239366,0.3843318202420126
tid_316,14,public_administration_education_health_headcount_share,0.3528846153846154,True,0.30327649576555865,0.26926758845404547,0.2963244872353837,0.3011341024316275
tid_317,14,public_administration_education_health_headcount_share,0.7215282880235121,True,0.3906794711777902,0.567524769991635,0.3750850048418621,0.3972538061447126
tid_318,14,public_administration_education_health_headcount_share,0.3895155938951559,True,0.2814021302123023,0.4449505672438626,0.27422505569810685,0.32618990061193504
tid_319,14,public_administration_education_health_headcount_share,0.5339366515837104,True,0.39817360389777956,0.44994545333188823,0.3789066462210733,0.4033701741420251
tid_320,14,public_administration_education_health_headcount_share,0.6177689375103597,True,0.3903177556664842,0.41473013470748205,0.38362236940284256,0.38261720350031214
tid_321,14,public_administration_education_health_headcount_share,0.6785017557549746,True,0.4958132591115288,0.6607578958163811,0.506431573408971,0.5284693896258266
tid_323,14,public_administration_education_health_headcount_share,0.5279576221306651,True,0.3724266004447607,0.26692542107558753,0.35648121605990185,0.36954594034062643
tid_324,14,public_administration_education_health_headcount_share,0.4406322282189668,True,0.4014677566162785,0.42430897437264326,0.3879058870321979,0.3987289595086547
tid_325,14,public_administration_education_health_headcount_share,0.0929366065058267,True,0.36032053312973783,0.29461148838024986,0.30548930725025164,0.3205458265094215
tid_326,14,public_administration_education_health_headcount_share,0.6407864523536165,True,0.36095667327140174,0.5067513502373059,0.36213965115704627,0.3583018351149129
tid_327,14,public_administration_education_health_headcount_share,0.1696445363927026,True,0.26725374605630786,0.243683604258423,0.2430322485873886,0.21132132158214786
tid_329,14,public_administration_education_health_headcount_share,0.7276078941661245,True,0.4423782164144013,0.5034850495551599,0.4209010897013413,0.4336959752635117
tid_330,14,public_administration_education_health_headcount_share,0.1971109484870661,True,0.2959145548903732,0.24551170436871234,0.3396269600824475,0.2739972116411505
tid_331,14,public_administration_education_health_headcount_share,0.5523978685612788,True,0.2814021302123023,0.20212907044545658,0.27422505569810685,0.2994677912606352
tid_332,14,public_administration_education_health_headcount_share,0.2023917376336292,True,0.3197647340520805,0.3024526987183099,0.29774780538560774,0.34380224712116336
tid_333,14,public_administration_education_health_headcount_share,0.2461683565196887,True,0.3641433039334979,0.3688488876245053,0.31002150037037984,0.3044850568919861
tid_334,14,public_administration_education_health_headcount_share,0.3024085637823372,True,0.26648087306717166,0.39887269303054856,0.2634112521067323,0.27504033081200546
tid_335,14,public_administration_education_health_headcount_share,0.6084683742812337,True,0.26686779177520786,0.2998150241028788,0.26637786014996,0.3063295725389455
tid_336,14,public_administration_education_health_headcount_share,0.7587989659972162,True,0.3786048484338709,0.5985475863041478,0.38009402126488423,0.4002732653047954
tid_337,14,public_administration_education_health_headcount_share,0.6349570200573066,True,0.5104668558459776,0.6764288284490924,0.5204592475751773,0.5263421251444622
tid_338,14,public_administration_education_health_headcount_share,0.3572039333048311,True,0.3902672213047289,0.5248496560602778,0.4056602309870079,0.431000268570504
tid_339,14,public_administration_education_health_headcount_share,0.7017865322950069,True,0.5309854565172308,0.697097974947928,0.5888867056792266,0.5448077063171498
tid_340,14,public_administration_education_health_headcount_share,0.3631339401820546,True,0.26686779177520786,0.4848091067181247,0.26244907945066803,0.2872894589921389
tid_341,14,public_administration_education_health_headcount_share,0.4728476821192053,True,0.26256436672268585,0.3032680146416476,0.27089252429660904,0.29038444319120604
tid_342,14,public_administration_education_health_headcount_share,0.6085228829816388,True,0.39659518875290894,0.5615449867406328,0.39979220587750036,0.4132213440136938
tid_343,14,public_administration_education_health_headcount_share,0.7457960253330421,True,0.4834233265628946,0.6195561532895235,0.48893777113227604,0.4824083502570462
tid_345,15,manufacturing_headcount_share,0.0664012196746547,True,0.15045796942781872,0.07553841048605917,0.18730472797722855,0.1388047511372544
tid_346,15,manufacturing_headcount_share,,False,0.15718985607535702,0.16057506884724024,0.1502252270240632,0.16842342136197097
tid_347,15,manufacturing_headcount_share,,False,0.19074748790083365,0.0908364190700293,0.17283014491825383,0.19377300259901584
tid_348,15,manufacturing_headcount_share,,False,0.19238833791648458,0.09580298394229564,0.1609152870596218,0.15841741280931249
tid_349,15,manufacturing_headcount_share,,False,0.1282847460089245,0.110694038456577,0.10330386560919769,0.11299486433781364
tid_351,15,manufacturing_headcount_share,0.0046296296296296,True,0.18456064850320622,0.12650516630997546,0.1711133939463096,0.170460197073747
tid_352,15,manufacturing_headcount_share,0.0176852033798388,True,0.08029628862083284,0.09600529869323118,0.09453816229104992,0.12525798174058672
tid_345,15,agriculture_headcount_share,0.0068976746251424,True,0.00898499374248608,0.0022324226699910856,0.008597785404720538,0.01827170447894026
tid_346,15,agriculture_headcount_share,,False,0.058043358438663484,0.0491071135096402,0.05967914691544802,0.07633152330259108
tid_347,15,agriculture_headcount_share,,False,0.08508446639054956,0.07679159907432073,0.07205824294764247,0.10747135209939854
tid_348,15,agriculture_headcount_share,,False,0.09792918685812246,0.09778720334457194,0.07904685646491434,0.09851410133834748
tid_349,15,agriculture_headcount_share,,False,0.14151519474463486,0.14754412141889683,0.14426281327374835,0.14244952920971032
tid_351,15,agriculture_headcount_share,,False,0.048722577601061016,0.05358179649537041,0.04716123133026614,0.060549897484261546
tid_352,15,agriculture_headcount_share,,False,0.07448137603709949,0.06545146682019018,0.07638384811415472,0.09418754321257082
tid_345,15,public_administration_education_health_headcount_share,0.6346156692668631,True,0.48334507140665334,0.4985972539659306,0.4586222364909965,0.5049361852636386
tid_346,15,public_administration_education_health_headcount_share,0.7788353863381859,True,0.6047432584531549,0.6053679024983396,0.6133267392388282,0.6251041231631101
tid_347,15,public_administration_education_health_headcount_share,0.8412112259970458,True,0.6040274722583775,0.7129710509756712,0.6368563780572288,0.604408705081745
tid_348,15,public_administration_education_health_headcount_share,0.8444444444444444,True,0.6594937170245923,0.8157777150481283,0.7194227361432796,0.6452519461215425
tid_349,15,public_administration_education_health_headcount_share,0.815,True,0.597930454136714,0.8017540479547427,0.7032630509695644,0.6586875296511321
tid_351,15,public_administration_education_health_headcount_share,0.7314814814814815,True,0.4502886417387401,0.556722034694288,0.4396193138146292,0.49914407858946785
tid_352,15,public_administration_education_health_headcount_share,0.7767734328944783,True,0.5965619910364679,0.7158704144899878,0.6115202531074205,0.6260837238536593
tid_354,16,manufacturing_headcount_share,0.1823689736830347,True,0.14424420372525787,0.09165191143458162,0.15915671256982983,0.12695109848197764
tid_355,16,manufacturing_headcount_share,0.3875829880312389,True,0.14668384700708179,0.2117738178475838,0.1673198722922865,0.1968806553271991
tid_356,16,manufacturing_headcount_share,0.0765461304494761,True,0.14368680670226505,0.09955893702641296,0.08950051252892109,0.09157664789498977
tid_357,16,manufacturing_headcount_share,0.034294313321717,True,0.11686031235158865,0.15143150067025155,0.11922821610241095,0.08598174072303288
tid_358,16,manufacturing_headcount_share,,False,0.13427691665721259,0.10644828817523677,0.10248659150287924,0.1616908392056902
tid_359,16,manufacturing_headcount_share,,False,0.1692573652504427,0.12940606075398456,0.15249945841174725,0.1331483145790959
tid_360,16,manufacturing_headcount_share,0.0627631842791257,True,0.14552852249142592,0.04380010194950407,0.1549320890449003,0.1611882475170611
tid_361,16,manufacturing_headcount_share,,False,0.1302307609408742,0.06362283185453542,0.10509297756154497,0.07972409783454518
tid_362,16,manufacturing_headcount_share,0.091363266348502,True,0.17583828209883787,0.1606061853510959,0.16715638296692675,0.16322996099726145
tid_363,16,manufacturing_headcount_share,,False,0.16066455008237526,0.0948334265551841,0.14017417985303082,0.11885831979340046
tid_364,16,manufacturing_headcount_share,,False,0.16751544582447817,0.08696031242413124,0.17177567215689854,0.17110419784114705
tid_365,16,manufacturing_headcount_share,0.0030131826741996,True,0.09461781330747429,0.0863446706824965,0.09290404426546771,0.11391997146612363
tid_366,16,manufacturing_headcount_share,0.0413782252989301,True,0.13723519000053536,0.09470452670708271,0.09478387991137428,0.05182446207140928
tid_367,16,manufacturing_headcount_share,,False,0.18765640948436862,0.08012632781268378,0.16511192602939198,0.11261336265350828
tid_368,16,manufacturing_headcount_share,0.131693491244053,True,0.2621000020504507,0.277116734712896,0.27581811971643033,0.25130588450522073
tid_369,16,manufacturing_headcount_share,0.1443312607487762,True,0.2197881043398846,0.1342554207605613,0.23743562533185372,0.1684410466688012
tid_370,16,manufacturing_headcount_share,0.0334164588528678,True,0.13225517139598583,0.09301017451550271,0.07900058001830615,0.07375071424952372
tid_371,16,manufacturing_headcount_share,0.2075049994118339,True,0.11976503853447357,0.0960575332679323,0.1438397770652716,0.13124765531582622
tid_372,16,manufacturing_headcount_share,,False,0.1382234674187037,0.04852247417315407,0.1343558764886934,0.15413039905843115
tid_373,16,manufacturing_headcount_share,0.3992161254199328,True,0.19521416170147726,0.20414161182645793,0.1794887898369652,0.22132059810801427
tid_374,16,manufacturing_headcount_share,0.135094501718213,True,0.11671634525513316,0.1376034538942382,0.12593697605729381,0.10105502617468592
tid_375,16,manufacturing_headcount_share,0.2035543326674456,True,0.23155153297346384,0.24562420895950746,0.27309771506459213,0.2295312286356812
tid_376,16,manufacturing_headcount_share,,False,0.14389397706590382,0.11281340062317385,0.12614275134524175,0.14510899945580083
tid_377,16,manufacturing_headcount_share,,False,0.08170986003790445,0.09840067317042074,0.10888323784233876,0.07212768790044675
tid_378,16,manufacturing_headcount_share,0.2200321802091713,True,0.1452358594608956,0.09714197507454685,0.1756352682285955,0.14344169422267766
tid_379,16,manufacturing_headcount_share,0.1739855118917879,True,0.19536381730816216,0.17954886961797328,0.17153955728948608,0.21256128445724645
tid_380,16,manufacturing_headcount_share,0.0153449302202526,True,0.23055653900885684,0.30370383053798333,0.23525526333436592,0.16923422585616477
tid_381,16,manufacturing_headcount_share,0.1795970172933523,True,0.17195170181377517,0.17767335524009062,0.19122620855063946,0.1821448382232821
tid_382,16,manufacturing_headcount_share,0.3151079136690647,True,0.2138359599547065,0.15102860176823085,0.15204316971364432,0.15833879788975438
tid_383,16,manufacturing_headcount_share,,False,0.15044043798182438,0.08199162018354433,0.11786284257505364,0.10767239714410914
tid_384,16,manufacturing_headcount_share,,False,0.13789378678948855,0.08234017629369103,0.1209123583002012,0.15945380692874123
tid_385,16,manufacturing_headcount_share,0.3969111049350856,True,0.18276078182537422,0.21825530105408614,0.17919839749956584,0.19655562462637138
tid_386,16,manufacturing_headcount_share,,False,0.09993738020196528,0.008075314273024367,0.06404132117848424,0.10938992132091521
tid_387,16,manufacturing_headcount_share,0.0123070504797663,True,0.13262707404538193,0.15820469186810063,0.1495369880464695,0.13259309954762816
tid_388,16,manufacturing_headcount_share,0.074622215298333,True,0.20198418927998246,0.10466082748387628,0.2525924767162018,0.21494407428878418
tid_390,16,manufacturing_headcount_share,,False,0.2017094393074131,0.110509509192224,0.17676498014535721,0.15504903389852348
tid_391,16,manufacturing_headcount_share,0.0129933409127822,True,0.21506550665333035,0.13351673682770374,0.19396854258908267,0.2247663513176853
tid_392,16,manufacturing_headcount_share,,False,0.11548391660594987,0.2617771994412472,0.16129192360705494,0.11936037570171654
tid_393,16,manufacturing_headcount_share,,False,0.1370350465463604,0.13632480401415423,0.11794715862317125,0.13250032922184632
tid_395,16,manufacturing_headcount_share,,False,0.1369047966750472,0.030598027899078457,0.10977185696064365,0.08775039579952106
tid_396,16,manufacturing_headcount_share,,False,0.14285417249168753,0.12164699793069562,0.11199511681689585,0.10404502877124923
tid_397,16,manufacturing_headcount_share,0.2323648036875463,True,0.16589885548927502,0.1249086714908246,0.16041867501420926,0.1091472145931596
tid_398,16,manufacturing_headcount_share,0.3508522727272727,True,0.0879354378034717,0.10830458741354218,0.03100995442605299,0.09480426274607906
tid_354,16,agriculture_headcount_share,0.0029191427252282,True,0.006451987582583946,0.0110895976364491,0.007697956553916682,0.007855939178295157
tid_355,16,agriculture_headcount_share,0.0020949182827831,True,0.012102176301480838,0.017825894269499713,0.011568387408900758,0.011728070995449329
tid_356,16,agriculture_headcount_share,0.0544102737411287,True,0.0757935493582284,0.12549313403384105,0.0691680787612315,0.04669103897157243
tid_357,16,agriculture_headcount_share,0.0674006019325201,True,0.09694500571685798,0.062411140241650155,0.09776802959270711,0.0886821999113985
tid_358,16,agriculture_headcount_share,0.0904270986745213,True,0.13211340490079887,0.08375164663720688,0.12541692601938237,0.12353762931370948
tid_359,16,agriculture_headcount_share,0.2399662019433882,True,0.11603915823872869,0.08446223527886168,0.12056938256239084,0.09903445489192136
tid_360,16,agriculture_headcount_share,0.1205133346701423,True,0.11683660667800676,0.15693253098854945,0.11344247123324408,0.130671018687874
tid_361,16,agriculture_headcount_share,0.2977077363896848,True,0.15229242015895916,0.07292530512065097,0.14905964074134767,0.10163285026000518
tid_362,16,agriculture_headcount_share,0.0094332093661713,True,0.03248291471745706,0.039926603677390315,0.03085825384921257,0.03746263659389926
tid_363,16,agriculture_headcount_share,0.2243931320307874,True,0.12644929776661554,0.10239233352696572,0.12017616784433892,0.08781201045861327
tid_364,16,agriculture_headcount_share,0.1221770917952883,True,0.09033273087282027,0.0844807884722518,0.0843826733714671,0.0794996817702813
tid_365,16,agriculture_headcount_share,0.4335216572504708,True,0.14270068292592195,0.12962195037006283,0.13846736319462719,0.1648967292031596
tid_366,16,agriculture_headcount_share,0.0121145374449339,True,0.15048923312162554,0.14802663055051876,0.15125923139015246,0.11515207747708557
tid_367,16,agriculture_headcount_share,0.3361406078359575,True,0.08822989409077091,0.050638098847790365,0.09204061378175968,0.07951277982718447
tid_368,16,agriculture_headcount_share,0.0365421601376657,True,0.04386990559835621,0.050491853787376376,0.045608969859704925,0.044190499674846444
tid_369,16,agriculture_headcount_share,0.1588834501918243,True,0.07316218594945788,0.07178301610284632,0.0807713963859448,0.06272961915233968
tid_370,16,agriculture_headcount_share,0.0177057356608478,True,0.09360491363824015,0.07287099480624344,0.07621163291782898,0.07502175874394214
tid_371,16,agriculture_headcount_share,0.06069874132455,True,0.04846757104716717,0.04588625738492681,0.05475000333993908,0.056387618612705075
tid_372,16,agriculture_headcount_share,0.1385078621612579,True,0.13767567496184158,0.06447235224623835,0.12318784852156908,0.1400652264896572
tid_373,16,agriculture_headcount_share,0.0118898623279098,True,0.05554950132743823,0.059009683440487404,0.05599496418754054,0.05291877240064373
tid_374,16,agriculture_headcount_share,0.1095360824742268,True,0.06349596576222685,0.0764858640621729,0.07206172070013142,0.07458513924417726
tid_375,16,agriculture_headcount_share,0.0243677207794655,True,0.03248291471745706,0.04074000400483277,0.030252243129385882,0.03746263659389926
tid_376,16,agriculture_headcount_share,0.1479481641468682,True,0.11390920213318838,0.1272195181978306,0.13591402700985342,0.13014021688833857
tid_377,16,agriculture_headcount_share,0.098063973063973,True,0.15215309054252882,0.135254246550855,0.1520309103003634,0.15551544166576325
tid_378,16,agriculture_headcount_share,0.1208098685974792,True,0.0884254348802471,0.050853311970339043,0.09726302783522847,0.052028024133382804
tid_379,16,agriculture_headcount_share,0.0421821911661003,True,0.06820361101984213,0.04000304498440873,0.06647038836673999,0.06975156083188801
tid_380,16,agriculture_headcount_share,0.0275150472914875,True,0.0637637602165919,0.06277056763878053,0.05636798489583809,0.06143920193449576
tid_381,16,agriculture_headcount_share,0.135808345232429,True,0.07027396010844575,0.11179171888499348,0.07968538938736072,0.06586150877032781
tid_382,16,agriculture_headcount_share,,False,0.08756548491581663,0.068084251463308,0.09518274152121864,0.08544011213181765
tid_383,16,agriculture_headcount_share,0.1012269938650306,True,0.139484861004569,0.09299174221628624,0.12594201004952266,0.11578481812544715
tid_384,16,agriculture_headcount_share,0.1758460517584605,True,0.14113877389023025,0.10848391199059637,0.1275068866686791,0.14180391277464502
tid_385,16,agriculture_headcount_share,0.009780177604849,True,0.03245655691756856,0.034844568408829255,0.033413390972160444,0.030798264193604662
tid_386,16,agriculture_headcount_share,0.0250076242756938,True,0.14615899384798264,0.11104646451939791,0.1397738635711169,0.16170201898715753
tid_387,16,agriculture_headcount_share,0.0468293700458906,True,0.12333567219828603,0.07224801420769916,0.12407381706988523,0.08984985714517661
tid_388,16,agriculture_headcount_share,0.1199563794983642,True,0.06708686041797726,0.04242385081798108,0.06517102217171183,0.06348564495369635
tid_390,16,agriculture_headcount_share,0.2798261785620226,True,0.10010993924798009,0.06621174248281537,0.09774522531813917,0.08948139436599992
tid_391,16,agriculture_headcount_share,0.1031346434952087,True,0.09254958799691784,0.1065516758467391,0.09388354371171648,0.09241390599797532
tid_392,16,agriculture_headcount_share,0.0110453648915187,True,0.11600436860581514,0.13318818632778204,0.1055636159724784,0.11911139159276192
tid_393,16,agriculture_headcount_share,0.0905736330090573,True,0.1342324175526307,0.14117779464013624,0.1285653769092863,0.14562796523697674
tid_395,16,agriculture_headcount_share,0.1410090556274256,True,0.15113031296921509,0.06962504279893296,0.14259153900111482,0.11214693390971925
tid_396,16,agriculture_headcount_share,0.0150842945874001,True,0.11406090835309783,0.06264936706456775,0.12199031288600826,0.08770073920335801
tid_397,16,agriculture_headcount_share,0.043954234916454,True,0.04984379112347049,0.07639312310605506,0.05489041941637578,0.05447382618895446
tid_398,16,agriculture_headcount_share,,False,0.11465915128451197,0.17086075886223911,0.1129114417461777,0.112655614504074
tid_354,16,public_administration_education_health_headcount_share,0.3530286105774243,True,0.4852583851411185,0.4169378434901664,0.4707899288824501,0.4871354522041975
tid_355,16,public_administration_education_health_headcount_share,0.2430490303301036,True,0.5016800932204062,0.36688560322940056,0.4878958974803236,0.4785962672241645
tid_356,16,public_administration_education_health_headcount_share,0.3521459952686718,True,0.5224069271957537,0.5164466320462622,0.524521079875244,0.5426673359992606
tid_357,16,public_administration_education_health_headcount_share,0.3313004910502138,True,0.4375820276635366,0.44948671619623815,0.4397518738597093,0.4816748453994232
tid_358,16,public_administration_education_health_headcount_share,0.5584683357879234,True,0.5823842514379834,0.5839417830492921,0.5779331715069268,0.59335033894129
tid_359,16,public_administration_education_health_headcount_share,0.4296577946768061,True,0.5016020025417296,0.5111673091673749,0.5011061962746864,0.53496489353957
tid_360,16,public_administration_education_health_headcount_share,0.3649488670543412,True,0.4617492466918424,0.5023572547061054,0.4688187924811101,0.46523108970532023
tid_361,16,public_administration_education_health_headcount_share,0.426647564469914,True,0.5436856994470907,0.6434900754784367,0.5626052591536517,0.6494387201148498
tid_362,16,public_administration_education_health_headcount_share,0.2364686916409953,True,0.38734447615291695,0.3874453705142575,0.40048900152816397,0.3875945537465591
tid_363,16,public_administration_education_health_headcount_share,0.428656009473061,True,0.6728452290713911,0.683253382089885,0.6558048791020927,0.7206537360456695
tid_364,16,public_administration_education_health_headcount_share,0.5543460601137287,True,0.5331082243607483,0.6348574399078817,0.5060307232723956,0.5446242427781295
tid_365,16,public_administration_education_health_headcount_share,0.3766478342749529,True,0.6180583795376561,0.6283729721897579,0.6529954593316026,0.604475243999094
tid_366,16,public_administration_education_health_headcount_share,0.3851478917558212,True,0.45953007279863456,0.45404894102834586,0.4792394550476534,0.4974964665465344
tid_367,16,public_administration_education_health_headcount_share,0.4060783595752472,True,0.5058746507554267,0.5758649313458859,0.4903174484083023,0.5218258384825156
tid_368,16,public_administration_education_health_headcount_share,0.33753416337686,True,0.34856408746809886,0.3717973680807082,0.3574464122622458,0.3565842228317757
tid_369,16,public_administration_education_health_headcount_share,0.4025664770472285,True,0.47696462576501125,0.5745897462809686,0.4785895114057306,0.5015128450706141
tid_370,16,public_administration_education_health_headcount_share,0.2859102244389027,True,0.6024270389625731,0.5821252647299003,0.6479854641174221,0.6838639431247684
tid_371,16,public_administration_education_health_headcount_share,0.3724267733207858,True,0.6681306003019892,0.6188072729564994,0.5822635438523893,0.6292291649830777
tid_372,16,public_administration_education_health_headcount_share,0.5312813650050184,True,0.6088813259471701,0.6741652083893478,0.6185933241635894,0.579955273012408
tid_373,16,public_administration_education_health_headcount_share,0.2027863777089783,True,0.5449149773338602,0.4480258987181539,0.5558951113570377,0.47111048536995814
tid_374,16,public_administration_education_health_headcount_share,0.3702749140893471,True,0.532875508878665,0.4573891508776192,0.518236633285507,0.5322182042440948
tid_375,16,public_administration_education_health_headcount_share,0.1870453431834458,True,0.34017723598698,0.33238578056995,0.360843792597127,0.34510637313371273
tid_376,16,public_administration_education_health_headcount_share,0.3624910007199424,True,0.5968457376479185,0.6251769329863631,0.6083722259590563,0.593512401810697
tid_377,16,public_administration_education_health_headcount_share,0.4532828282828283,True,0.59564065348916,0.5416317040943415,0.5785525178693214,0.5949631297974348
tid_378,16,public_administration_education_health_headcount_share,0.465138106731027,True,0.5411751441532385,0.6388213811094364,0.5328393640874842,0.5758943691570503
tid_379,16,public_administration_education_health_headcount_share,0.1805243925892685,True,0.5198818859569455,0.37181914187378984,0.502640183416195,0.4652009196129256
tid_380,16,public_administration_education_health_headcount_share,0.3815067134069713,True,0.38363262228777545,0.381948163233069,0.3864942411725924,0.4181673228813464
tid_381,16,public_administration_education_health_headcount_share,0.4497858162779629,True,0.5718885779414563,0.5255336417617669,0.5565597750085695,0.5537851258764005
tid_382,16,public_administration_education_health_headcount_share,0.4127697841726618,True,0.4661469390041331,0.4476601238699721,0.47161699731443957,0.49534066411380495
tid_383,16,public_administration_education_health_headcount_share,0.5672290388548057,True,0.5025950460315917,0.47896679767852507,0.52459662690215,0.5750088643319252
tid_384,16,public_administration_education_health_headcount_share,0.4887193098871931,True,0.6199501860228465,0.6501847453820875,0.6468689217366014,0.5865585749891757
tid_385,16,public_administration_education_health_headcount_share,0.2324876589775148,True,0.4511795392031828,0.4077666525181628,0.47121053851689865,0.41579188091529395
tid_386,16,public_administration_education_health_headcount_share,0.3311985361390668,True,0.6133087173140312,0.6518206341920297,0.6615729883551853,0.617694789755995
tid_387,16,public_administration_education_health_headcount_share,0.367334167709637,True,0.4364178614778542,0.45518372482459163,0.45810238371684625,0.46956704087142176
tid_388,16,public_administration_education_health_headcount_share,0.4200031157501168,True,0.5815669285962353,0.5123255002356999,0.5167087006136134,0.5241726347901599
tid_390,16,public_administration_education_health_headcount_share,0.3664735317355807,True,0.5031938769197144,0.5870940896798289,0.4868299509643485,0.5375614803163766
tid_391,16,public_administration_education_health_headcount_share,0.3753451356179957,True,0.5058746507554267,0.4993181837285084,0.4903174484083023,0.4925176732768728
tid_392,16,public_administration_education_health_headcount_share,0.5818540433925049,True,0.5340968687724349,0.48303300009465205,0.49131600765134276,0.502528198828341
tid_393,16,public_administration_education_health_headcount_share,0.582690372358269,True,0.5638894935198657,0.6128919136837336,0.5870889787861779,0.5481365768277732
tid_395,16,public_administration_education_health_headcount_share,0.4920224234583872,True,0.6076023371958379,0.7225372035169181,0.6502300974335025,0.6982223871869948
tid_396,16,public_administration_education_health_headcount_share,0.4797397219757468,True,0.695767179767597,0.6777088240839548,0.6594328424240578,0.7217704688682605
tid_397,16,public_administration_education_health_headcount_share,0.4268664087579225,True,0.3911855236431082,0.46231987203579156,0.4019944425829417,0.4415352939401755
tid_398,16,public_administration_education_health_headcount_share,0.3957386363636364,True,0.5507259088734404,0.5243126557166076,0.6041917847103495,0.5540780439413407
tid_401,17,manufacturing_headcount_share,,False,0.015746598248519202,0.10272661820511023,0.018733093556563305,0.004414633159268524
tid_402,17,manufacturing_headcount_share,,False,0.11191674866892493,0.06572663369736023,0.0792631230229956,0.0750391510888958
tid_403,17,manufacturing_headcount_share,,False,0.11115245029797624,0.11215429948636237,0.09476110376958864,0.06217644593963998
tid_404,17,manufacturing_headcount_share,,False,0.12160978701245939,0.15127274838278787,0.08767051755207371,0.13456608460374625
tid_405,17,manufacturing_headcount_share,,False,0.19478982763392796,0.0,0.19395626895848705,0.18862165515056648
tid_408,17,manufacturing_headcount_share,0.0025461489497135,True,0.05299965589027463,0.04398032018427123,0.10133444804412418,0.06840596263819268
tid_410,17,manufacturing_headcount_share,,False,0.1517440548961306,0.06810646054900402,0.09908381274939072,0.0942802628627769
tid_413,17,manufacturing_headcount_share,,False,0.13618161458605602,0.1589077398280169,0.08173860606987692,0.08722728929857301
tid_414,17,manufacturing_headcount_share,,False,0.18762855921571112,0.027400694898959105,0.15621390202001367,0.13671909006585117
tid_416,17,manufacturing_headcount_share,,False,0.05774310423629324,0.11947964982112196,0.05617295129896326,0.041196982283617206
tid_401,17,agriculture_headcount_share,,False,0.22959182227662,0.12078160650179479,0.22774197236761085,0.14830012858559927
tid_402,17,agriculture_headcount_share,0.0103403705299439,True,0.23660123050280232,0.06770597101116434,0.23220908365815318,0.15510462612526826
tid_403,17,agriculture_headcount_share,,False,0.10902752862339479,0.11466045363448987,0.10416004388701883,0.07769387854567293
tid_404,17,agriculture_headcount_share,,False,0.20927577369215586,0.11557636983953878,0.2043276432690081,0.23709688532614168
tid_405,17,agriculture_headcount_share,0.0034158838599487,True,0.0640410779074201,0.04788633867630142,0.05110707725612358,0.06094843041224142
tid_408,17,agriculture_headcount_share,0.0241884150222788,True,0.22071562130172495,0.1978507974755064,0.22857961731464496,0.23322358004787822
tid_410,17,agriculture_headcount_share,0.0169811320754716,True,0.10326162974101931,0.05245981675671207,0.09500261656987713,0.08504937315169162
tid_413,17,agriculture_headcount_share,0.0255872483221476,True,0.036048748979997325,0.02319865722871597,0.039956298288431724,0.04679045347047784
tid_414,17,agriculture_headcount_share,0.015420717398592,True,0.10447445202108074,0.040402730478817005,0.10782417655845718,0.080911057152266
tid_416,17,agriculture_headcount_share,,False,0.19990960643874145,0.051835387333757074,0.19128641797198326,0.125451789694309
tid_401,17,public_administration_education_health_headcount_share,,False,0.5920036597072408,0.7257068609120949,0.6146033923906212,0.6572587479848141
tid_402,17,public_administration_education_health_headcount_share,0.8785006462731582,True,0.5794092153851614,0.7957462481022086,0.5830001726812738,0.6175931433093446
tid_403,17,public_administration_education_health_headcount_share,0.8514851485148515,True,0.5461997672002568,0.7510966855162383,0.5333624011805763,0.6074002858639249
tid_404,17,public_administration_education_health_headcount_share,0.7357086922474549,True,0.5910273726868429,0.6538178632254235,0.6333547348026631,0.5466911530266956
tid_405,17,public_administration_education_health_headcount_share,0.8047253060062625,True,0.3972392125409227,0.5421979329587843,0.36900117413403477,0.40658365660643125
tid_408,17,public_administration_education_health_headcount_share,,False,0.5941801380870253,0.6164486928247845,0.5570697565694366,0.5963305918271209
tid_410,17,public_administration_education_health_headcount_share,0.8816037735849057,True,0.6189629804376461,0.7472479071402346,0.646853846568791,0.6601843406797422
tid_413,17,public_administration_education_health_headcount_share,,False,0.5553796974657157,0.6621090220357756,0.6096317268048076,0.6160332592348632
tid_414,17,public_administration_education_health_headcount_share,0.8581964465303386,True,0.6075899515552322,0.776102864300157,0.7190577911201751,0.6321889971740996
tid_416,17,public_administration_education_health_headcount_share,0.7722222222222223,True,0.5785439703849167,0.7375943326253824,0.5935615806859348,0.6394442128633379
tid_418,18,manufacturing_headcount_share,0.2974350324687059,True,0.21596230843306263,0.23363918940326486,0.2070015979954573,0.19110594793202437
tid_419,18,manufacturing_headcount_share,0.5016701971647385,True,0.299995138091415,0.28263564058319807,0.29738875705594153,0.28499131989832077
tid_420,18,manufacturing_headcount_share,0.3494351201822493,True,0.21953927255919206,0.3071276076976254,0.22555845541347722,0.21560639884700522
tid_421,18,manufacturing_headcount_share,0.2905871761528458,True,0.1586841220472996,0.18485651810955905,0.144962599309679,0.1397626265340221
tid_422,18,manufacturing_headcount_share,0.5013768961493582,True,0.2736073742766282,0.29289859850826316,0.260074458840587,0.27893879732620175
tid_423,18,manufacturing_headcount_share,0.0164265129682997,True,0.16824301400945862,0.14839668734504013,0.17496033000988107,0.17458868951188639
tid_424,18,manufacturing_headcount_share,0.1330313705754068,True,0.11914665539185725,0.12895874953230496,0.08073920094218644,0.1216953755955999
tid_425,18,manufacturing_headcount_share,0.0598958333333333,True,0.08992883391034476,0.1171134365483749,0.03679914578817994,0.08271397963260421
tid_428,18,manufacturing_headcount_share,,False,0.09223070466081279,0.08803669964840735,0.09664764537345832,0.1131306084700037
tid_429,18,manufacturing_headcount_share,0.0035913806863527,True,0.06831208907291134,0.0634362456281692,0.0822769008220667,0.09270560269132791
tid_430,18,manufacturing_headcount_share,0.1022167487684729,True,0.21932577703126738,0.1490500102690941,0.18978460253769733,0.19623547248249693
tid_431,18,manufacturing_headcount_share,0.0894540014958863,True,0.09801618661460879,0.1521549403888995,0.05818709420549136,0.11311208161693344
tid_432,18,manufacturing_headcount_share,0.167975322490185,True,0.12676439203854478,0.10330846299274891,0.11794502629871677,0.1008965551246552
tid_433,18,manufacturing_headcount_share,,False,0.07916194333936265,0.08126994871048157,0.0833126069210534,0.08577164893654173
tid_434,18,manufacturing_headcount_share,0.2372093023255814,True,0.1196748865150632,0.10519214651523318,0.0767120231272043,0.10515681775804796
tid_435,18,manufacturing_headcount_share,,False,0.11779251412993633,0.07804890051470005,0.052733431514563965,0.09855998162352278
tid_436,18,manufacturing_headcount_share,,False,0.06846242376421752,0.0857619258523472,0.06872278092584008,0.10221629351325533
tid_437,18,manufacturing_headcount_share,,False,0.07916194333936265,0.09243922515300164,0.07705178472713547,0.08493930038630142
tid_438,18,manufacturing_headcount_share,0.0566326530612244,True,0.17386311731280482,0.07499963033316147,0.11790561889834514,0.12161342397246798
tid_440,18,manufacturing_headcount_share,0.0850182704019488,True,0.12501248316642838,0.14784147023561903,0.1145377707749447,0.07264262155743778
tid_441,18,manufacturing_headcount_share,,False,0.04515622590880235,0.03412046976679028,0.060777876388097805,0.0578058591002979
tid_442,18,manufacturing_headcount_share,,False,0.14658436814396436,0.06945058313623007,0.08447877509585854,0.16560943854068233
tid_443,18,manufacturing_headcount_share,0.3229237165232524,True,0.12917999614178613,0.08855802445426116,0.043603120075782584,0.1181457666720939
tid_444,18,manufacturing_headcount_share,0.0023217247097844,True,0.14053506592506912,0.11778453595815533,0.08813994918978726,0.1472001268234564
tid_445,18,manufacturing_headcount_share,,False,0.07916194333936265,0.09940647231019253,0.07705178472713547,0.08493930038630142
tid_446,18,manufacturing_headcount_share,0.0162641695416461,True,0.07644360024327478,0.08987508130264486,0.030170524585461548,0.06290879935429028
tid_447,18,manufacturing_headcount_share,,False,0.0836189824862657,0.07967279897948194,0.09265886938345662,0.08679785131072847
tid_418,18,agriculture_headcount_share,0.0040119031842222,True,0.008351382978508591,0.008080140396014037,0.008546422234990471,0.01625955721869282
tid_419,18,agriculture_headcount_share,0.0084324588561186,True,0.048165171597178556,0.037178628063788396,0.04518875833219889,0.04887755835190761
tid_420,18,agriculture_headcount_share,0.0154353991352457,True,0.026959869962887534,0.026714066535879884,0.029400107932855475,0.029978785060495686
tid_421,18,agriculture_headcount_share,0.0093027908372511,True,0.09572148204996764,0.06463667766895545,0.11230147064586482,0.0940598237636502
tid_422,18,agriculture_headcount_share,0.0094749124854142,True,0.032800519059196474,0.03616467437148523,0.03294267258676791,0.03282070879548551
tid_423,18,agriculture_headcount_share,0.2224783861671469,True,0.1102447249490686,0.1309223850169371,0.10344371190600248,0.07436478397564196
tid_424,18,agriculture_headcount_share,0.1092098641167589,True,0.14810049427634758,0.17703200432086444,0.14500254239880722,0.15389831504654805
tid_425,18,agriculture_headcount_share,0.3880208333333333,True,0.19877261306349553,0.1836878307823295,0.18885787220265265,0.1891369794354606
tid_428,18,agriculture_headcount_share,0.1843657817109144,True,0.15130511911479186,0.06691100470225618,0.14195992027706053,0.14673781280175907
tid_429,18,agriculture_headcount_share,0.1831604150039904,True,0.23399259628396374,0.26200873911268935,0.2514636545846541,0.22489773649858147
tid_430,18,agriculture_headcount_share,0.1543755433207765,True,0.08491117847449063,0.06922605096951624,0.08769123147271322,0.07903646743843348
tid_431,18,agriculture_headcount_share,0.037845923709798,True,0.17849970186522565,0.1673101570372866,0.178959644043599,0.17000470413710114
tid_432,18,agriculture_headcount_share,,False,0.13164463536774956,0.11611352600660726,0.13257491445427833,0.13583172842464758
tid_433,18,agriculture_headcount_share,0.0946930280957336,True,0.19037247821774206,0.2204727901545474,0.2173889318976455,0.1902749888718608
tid_434,18,agriculture_headcount_share,0.0825581395348837,True,0.11961009493865331,0.15311435059556022,0.10135361753644453,0.14815847490495535
tid_435,18,agriculture_headcount_share,0.0125536835150313,True,0.12277916999264005,0.16863987140598252,0.10603908988243343,0.13701600637941935
tid_436,18,agriculture_headcount_share,0.1121951219512195,True,0.10599923995478269,0.1840623493835297,0.10639000582693325,0.15410853505591143
tid_437,18,agriculture_headcount_share,0.0432055749128919,True,0.10521578608065718,0.19879043189560403,0.0973104413935163,0.13155535492910783
tid_438,18,agriculture_headcount_share,0.075,True,0.0996597106471977,0.15095296567305558,0.10129989325862986,0.10863760953348736
tid_440,18,agriculture_headcount_share,0.2160779537149817,True,0.17756163144464243,0.11955909249148466,0.16568975790713622,0.09095531866229137
tid_441,18,agriculture_headcount_share,0.1427688504326328,True,0.26276673799394096,0.15511552213703156,0.2738117579190173,0.2520476823049675
tid_442,18,agriculture_headcount_share,,False,0.18421148691064418,0.19288486431146307,0.19530295909356143,0.1602622542483787
tid_443,18,agriculture_headcount_share,0.1447355699506912,True,0.13082289468452113,0.14953660490104037,0.12871869278347695,0.13840097289990982
tid_444,18,agriculture_headcount_share,0.2238805970149253,True,0.12890508185002064,0.15375795502926287,0.11906354469754386,0.13563734151794488
tid_445,18,agriculture_headcount_share,0.0136054421768707,True,0.07859836139553504,0.23247926281184586,0.08118783271840194,0.09650329169444122
tid_446,18,agriculture_headcount_share,0.0384425825529817,True,0.16657217752525572,0.14402167415900455,0.14888987063591266,0.15500369009361226
tid_447,18,agriculture_headcount_share,0.0723270440251572,True,0.16224842892624267,0.17900558661830646,0.14458409552302104,0.17922603120444708
tid_418,18,public_administration_education_health_headcount_share,0.3431863908533426,True,0.36213763725164233,0.35652206581685975,0.36265197347175715,0.3943804963948296
tid_419,18,public_administration_education_health_headcount_share,0.2707756232686981,True,0.312007599211695,0.31870147544225513,0.30098103981598723,0.3074615157730364
tid_420,18,public_administration_education_health_headcount_share,0.3478078943697987,True,0.37947726956055455,0.36462970423333296,0.376043480914454,0.3924616103944005
tid_421,18,public_administration_education_health_headcount_share,0.4439331799539862,True,0.4311126864908198,0.4307288008752945,0.4328105716434293,0.45686366020611247
tid_422,18,public_administration_education_health_headcount_share,0.297269544924154,True,0.34712507229156614,0.3576077627036496,0.3531160205006228,0.34755434957001746
tid_423,18,public_administration_education_health_headcount_share,0.5593659942363113,True,0.5321493637554724,0.5569406757121422,0.5438328054040232,0.5974385894545436
tid_424,18,public_administration_education_health_headcount_share,0.4678745176983727,True,0.5291089655430062,0.5334602424392233,0.5165688429728273,0.5322883170493818
tid_425,18,public_administration_education_health_headcount_share,0.4059244791666667,True,0.5678580884128914,0.5794950603822233,0.6174624265746385,0.5413823016098098
tid_428,18,public_administration_education_health_headcount_share,0.5412979351032449,True,0.6529037753748043,0.6088835987745979,0.6514654478401689,0.6536289593608073
tid_429,18,public_administration_education_health_headcount_share,0.5075818036711891,True,0.5415584718413167,0.5763044512767308,0.5335168755877079,0.5348912372490348
tid_430,18,public_administration_education_health_headcount_share,0.357939727615184,True,0.330479162372808,0.35240771107930696,0.33851491422899904,0.3266768258528745
tid_431,18,public_administration_education_health_headcount_share,0.4278234854151084,True,0.5124994975640389,0.47228181861258484,0.5053566466218101,0.4948576231896076
tid_432,18,public_administration_education_health_headcount_share,0.395961862030286,True,0.5250832915782112,0.4727397722197422,0.5061065606747314,0.5291094865134943
tid_433,18,public_administration_education_health_headcount_share,0.3472077696843565,True,0.5985530917546881,0.6253325497027998,0.5730854076385354,0.5892225180005692
tid_434,18,public_administration_education_health_headcount_share,0.4575581395348837,True,0.5806496187297678,0.6135244809004655,0.5955683886050313,0.5884993152432745
tid_435,18,public_administration_education_health_headcount_share,0.6564255037991411,True,0.5432066946881771,0.5386411650102586,0.5996358324502707,0.5212091606529214
tid_436,18,public_administration_education_health_headcount_share,0.6264808362369338,True,0.6497453840826194,0.5938640974955343,0.6715327066835611,0.6116472687167496
tid_437,18,public_administration_education_health_headcount_share,0.6306620209059234,True,0.6048563643518566,0.5612871061028951,0.5908649785131681,0.5990751287900565
tid_438,18,public_administration_education_health_headcount_share,0.5653061224489796,True,0.5537274404595749,0.5079626560258511,0.5398364427786404,0.5285291463387124
tid_440,18,public_administration_education_health_headcount_share,0.351278928136419,True,0.49230192222715574,0.48098032294135945,0.5516681155885717,0.6268771063583863
tid_441,18,public_administration_education_health_headcount_share,0.6044499381953028,True,0.5233899302088759,0.6015795592633557,0.5171321731423203,0.522873340979507
tid_442,18,public_administration_education_health_headcount_share,0.6978536048431481,True,0.591572753459023,0.6144882529148242,0.6442700138123824,0.604854885922638
tid_443,18,public_administration_education_health_headcount_share,0.3420670985207387,True,0.48466139508339895,0.47655494033594953,0.48633747531458577,0.45888278344004796
tid_444,18,public_administration_education_health_headcount_share,,False,0.5897345764873391,0.5620159484412034,0.5901498145281584,0.5797118860512195
tid_445,18,public_administration_education_health_headcount_share,0.7066326530612245,True,0.5595609686395872,0.5186610251886424,0.5594590510050117,0.5789190908483257
tid_446,18,public_administration_education_health_headcount_share,0.5263676688023657,True,0.5847791910556782,0.6061668527575533,0.5878125105574503,0.6052719525714365
tid_447,18,public_administration_education_health_headcount_share,0.5707547169811321,True,0.6104007731498697,0.5691491008695806,0.6095880154685095,0.6305066944638903
tid_448,19,manufacturing_headcount_share,0.0424147410016321,True,0.3055421577578769,0.20985067837506596,0.32259885685352957,0.3041844795612377
tid_449,19,manufacturing_headcount_share,,False,0.29884582189609366,0.15139145787934277,0.2989401471736603,0.30404798586925147
tid_450,19,manufacturing_headcount_share,0.4110193895181416,True,0.17006953472911976,0.14330953855401923,0.14578116299502125,0.19115133322237088
tid_451,19,manufacturing_headcount_share,,False,0.2582474127170967,0.1381622513458287,0.27721383231429986,0.28059481221088584
tid_452,19,manufacturing_headcount_share,0.1157351399306395,True,0.37330955404730737,0.20542589353091337,0.3556940309474705,0.31050913654053464
tid_453,19,manufacturing_headcount_share,0.0093330298201684,True,0.1830587303804381,0.05417635369657093,0.1045256064734204,0.13228855053554553
tid_455,19,manufacturing_headcount_share,,False,0.07611443560040049,0.014170422685237794,0.010450510007799906,0.0722131959298231
tid_456,19,manufacturing_headcount_share,,False,0.16836889435390098,0.09140564531109505,0.17958466651081675,0.17610566027712876
tid_457,19,manufacturing_headcount_share,,False,0.13635831917977154,0.07635639422883986,0.13583490084937744,0.14062765022500667
tid_458,19,manufacturing_headcount_share,,False,0.11298230147317945,0.131986021782203,0.07513701144982435,0.14838268446361186
tid_459,19,manufacturing_headcount_share,0.126853028377806,True,0.255791056726285,0.04071290077047528,0.19495856788942653,0.12894592998906915
tid_460,19,manufacturing_headcount_share,,False,0.14014052461024912,0.06589439098650737,0.08090614583971319,0.14043240395839032
tid_448,19,agriculture_headcount_share,0.0029421870973284,True,0.012648736494727319,0.018602862255561122,0.010763890056342512,0.009914878948991814
tid_449,19,agriculture_headcount_share,,False,0.05971786930273315,0.0619056221250763,0.049047811565051724,0.05482973353046772
tid_450,19,agriculture_headcount_share,,False,0.07003339206126033,0.07526020812868457,0.061479857233661096,0.06454738261864748
tid_451,19,agriculture_headcount_share,,False,0.12440272770475919,0.0988406981515584,0.10003635698903342,0.11902997126978403
tid_452,19,agriculture_headcount_share,,False,0.020151544946847275,0.03240029567945104,0.01972423117552615,0.021333133566509708
tid_453,19,agriculture_headcount_share,,False,0.09198329391113526,0.09148784778040267,0.07008392154549055,0.06681560677523331
tid_455,19,agriculture_headcount_share,,False,0.09212584075899673,0.055146473301112664,0.06921511348957232,0.10206954999351492
tid_456,19,agriculture_headcount_share,,False,0.18020042718209786,0.07695343654469934,0.18219299911610431,0.17623472677096533
tid_457,19,agriculture_headcount_share,,False,0.1872118885828067,0.11096521307972633,0.1805614859985086,0.18737293893718693
tid_458,19,agriculture_headcount_share,,False,0.08411416012612705,0.0943339749515546,0.09223261271963622,0.11144683693764498
tid_459,19,agriculture_headcount_share,,False,0.05687473321876384,0.06321797020990225,0.0466820541045599,0.04836614836056266
tid_460,19,agriculture_headcount_share,0.0697392359005457,True,0.14291443838586707,0.10493734957483875,0.1421311276008039,0.13657285256567905
tid_448,19,public_administration_education_health_headcount_share,0.4977450390859891,True,0.3440338113433281,0.3452123445042738,0.33827492595374226,0.3262007920549447
tid_449,19,public_administration_education_health_headcount_share,0.5140758873929009,True,0.5265230989532518,0.5681539597474818,0.5027938090518222,0.5399990143468735
tid_450,19,public_administration_education_health_headcount_share,0.2925065591604274,True,0.371679233748731,0.43100618822575115,0.3901828668472051,0.34834699587083284
tid_451,19,public_administration_education_health_headcount_share,0.3607547169811321,True,0.47329506202450555,0.4619108586923989,0.4400451738366879,0.5020070960753584
tid_452,19,public_administration_education_health_headcount_share,0.4557625614968949,True,0.3572727356765495,0.3781732311871297,0.3539672361278122,0.35639976231985415
tid_453,19,public_administration_education_health_headcount_share,,False,0.45100740671819295,0.5776502744223632,0.5030415934869541,0.5654842754372605
tid_455,19,public_administration_education_health_headcount_share,,False,0.46924579768511215,0.6465101146881564,0.5477517974099022,0.47438232679706166
tid_456,19,public_administration_education_health_headcount_share,0.8308740068104427,True,0.5705677708507564,0.6323391994281163,0.5570705320950663,0.5755841893829314
tid_457,19,public_administration_education_health_headcount_share,,False,0.606855780428692,0.6463230392880445,0.6084343816260462,0.6072954029923343
tid_458,19,public_administration_education_health_headcount_share,0.7026903784769721,True,0.5852212782537038,0.6332948763829459,0.6638171304668611,0.540948448438043
tid_459,19,public_administration_education_health_headcount_share,0.6243117323168149,True,0.417306703182942,0.5726671532192672,0.4476399813316202,0.4609696690998226
tid_460,19,public_administration_education_health_headcount_share,0.5506367495451789,True,0.48978823656656856,0.5510980220595032,0.5312708040122557,0.4889883530069375
tid_478,21,manufacturing_headcount_share,0.2771214113057122,True,0.15169748060482915,0.2353970837839888,0.14847432151254128,0.13201898605995202
tid_479,21,manufacturing_headcount_share,0.4467706622879037,True,0.16236970868936923,0.09080433365729122,0.17506618398640553,0.15710971617548067
tid_480,21,manufacturing_headcount_share,0.277017915623194,True,0.14391977618952495,0.1234581074064602,0.17758848488003307,0.14999654602816131
tid_481,21,manufacturing_headcount_share,0.3401496785074312,True,0.2786625383242867,0.310112227499642,0.32285076641895866,0.2911020128330013
tid_482,21,manufacturing_headcount_share,0.4018420603786457,True,0.2000186515685991,0.19018419676238696,0.19722396366882014,0.17331476661602335
tid_484,21,manufacturing_headcount_share,,False,0.08345070665374077,0.0877435757036676,0.057342195979788235,0.05342134312809021
tid_485,21,manufacturing_headcount_share,,False,0.08726640284267528,0.01992491780358775,0.09883154880029368,0.09253014523420038
tid_486,21,manufacturing_headcount_share,0.2461187214611872,True,0.10631825565249768,0.1287618496792891,0.12199713578347723,0.09965761016302187
tid_487,21,manufacturing_headcount_share,,False,0.10589182342645731,0.10476155784095673,0.11302535452834551,0.08954777025883327
tid_489,21,manufacturing_headcount_share,0.2795341098169717,True,0.08344041192755605,0.05390426519982802,0.10324515622680513,0.0998539994124349
tid_490,21,manufacturing_headcount_share,,False,0.08149081031366572,0.08638079169761388,0.10572700975290722,0.07627399625487509
tid_491,21,manufacturing_headcount_share,,False,0.09334248880753161,0.0471839889971549,0.07438581441759451,0.06135745842824079
tid_492,21,manufacturing_headcount_share,,False,0.08110416616246276,0.07248676697977904,0.08408222538369256,0.06260871277822225
tid_493,21,manufacturing_headcount_share,0.1221210498125334,True,0.09182379496956701,0.15054887859210295,0.12078305151076604,0.1131767321792197
tid_494,21,manufacturing_headcount_share,0.1856141420298689,True,0.10130512336229038,0.10112489878511557,0.09383717031888152,0.06904854413699246
tid_495,21,manufacturing_headcount_share,,False,0.02710271136097725,0.0717058956576377,0.04530936976984505,0.0345828053362294
tid_496,21,manufacturing_headcount_share,,False,0.07100925538667095,0.08566372593317138,0.08475706412222676,0.09545377411993346
tid_497,21,manufacturing_headcount_share,0.2696527882158425,True,0.11018925652152539,0.18072699699539996,0.11379483408953521,0.13426263854419512
tid_498,21,manufacturing_headcount_share,0.1718230631552032,True,0.10358642942735471,0.10595374729380203,0.09657329168636594,0.09194287676672301
tid_499,21,manufacturing_headcount_share,,False,0.06546712227264086,0.06381682688188962,0.05565952624985271,0.034208734789190454
tid_501,21,manufacturing_headcount_share,0.1426666666666666,True,0.08726015456924609,0.10847613299468785,0.0842088830499981,0.06619853913180043
tid_502,21,manufacturing_headcount_share,,False,0.07725573977528197,0.06876009036223461,0.09669408585154485,0.07514060196121002
tid_503,21,manufacturing_headcount_share,,False,0.1342839185253215,0.11465340871574617,0.10828002749756384,0.14305553588471676
tid_478,21,agriculture_headcount_share,0.0022730164115177,True,0.00806062542848606,0.00949753564494516,0.009519837425578909,0.009270453016466965
tid_479,21,agriculture_headcount_share,,False,0.10621379648359551,0.17691136855285117,0.11526060245523341,0.11193157466108615
tid_480,21,agriculture_headcount_share,,False,0.05809152715741754,0.05011839190671478,0.062169165009497575,0.04379148397495792
tid_481,21,agriculture_headcount_share,,False,0.01913639783766044,0.014319752087131193,0.01855379881829221,0.020480752674131134
tid_482,21,agriculture_headcount_share,,False,0.17616410203600918,0.18035191540166876,0.1719385109807556,0.17031938494484203
tid_484,21,agriculture_headcount_share,0.0990566037735849,True,0.1748583588607453,0.14253046431491165,0.17435858133444476,0.13384157388880455
tid_485,21,agriculture_headcount_share,0.0311407689863361,True,0.14918960703881995,0.11451306734995123,0.14182921244928445,0.1671315764547997
tid_486,21,agriculture_headcount_share,0.093607305936073,True,0.15418017032916007,0.14359906547658727,0.15443456756253027,0.17186694314342632
tid_487,21,agriculture_headcount_share,0.0579835569017741,True,0.17238876621745935,0.15814975144778182,0.1766985821269012,0.20806870051935117
tid_489,21,agriculture_headcount_share,,False,0.08900853746256195,0.07074717153438614,0.09141225740412719,0.10967851037760735
tid_490,21,agriculture_headcount_share,0.0156841535965386,True,0.19790592631530068,0.19133474514696133,0.18594182823818475,0.18910627707699368
tid_491,21,agriculture_headcount_share,,False,0.18661726622097682,0.15704310622247836,0.18709602234296613,0.1468349785247343
tid_492,21,agriculture_headcount_share,,False,0.17560202150007576,0.12771847341373016,0.16515707070551833,0.16982120049193256
tid_493,21,agriculture_headcount_share,,False,0.14178867889690197,0.10586499479064741,0.14174897615352033,0.14212938804770528
tid_494,21,agriculture_headcount_share,0.0515086863761048,True,0.1725645396122006,0.1266401988554636,0.1666144970102224,0.1866759593292279
tid_495,21,agriculture_headcount_share,,False,0.1459447588724572,0.14184602727166254,0.13542818207109023,0.16025578753909778
tid_496,21,agriculture_headcount_share,,False,0.191498035936109,0.16012834430667566,0.1872251508954007,0.19595347493785797
tid_497,21,agriculture_headcount_share,0.0539606192695024,True,0.1487547173004797,0.10166822006327714,0.15104588991453485,0.148173863332043
tid_498,21,agriculture_headcount_share,0.2267962158015852,True,0.11662298496519766,0.10209110711949755,0.1125515516948009,0.09122139037688402
tid_499,21,agriculture_headcount_share,,False,0.2043849059649849,0.18052592902285916,0.19660868186715802,0.19239907115004493
tid_501,21,agriculture_headcount_share,0.0293333333333333,True,0.1828033098818673,0.1766851761823676,0.18627630359558145,0.17134524259262993
tid_502,21,agriculture_headcount_share,0.1181683899556868,True,0.1564578851149347,0.18373509707793464,0.1495509777992866,0.1441024031510055
tid_503,21,agriculture_headcount_share,,False,0.12684148238465737,0.16354602963815706,0.1276855859102043,0.13082856123863637
tid_478,21,public_administration_education_health_headcount_share,0.37348712946864,True,0.4876741575344659,0.3818561959208038,0.4783070750214549,0.46903053222178526
tid_479,21,public_administration_education_health_headcount_share,0.3453749315818281,True,0.5317988246827717,0.5143820148342934,0.5249685084855676,0.5189900552203557
tid_480,21,public_administration_education_health_headcount_share,0.3219032941629743,True,0.5349077031851905,0.48051087011793236,0.5079715263087383,0.5361127571699164
tid_481,21,public_administration_education_health_headcount_share,0.3758300832718457,True,0.3631518967540898,0.32699071588013384,0.3568866541109213,0.3498299045481185
tid_482,21,public_administration_education_health_headcount_share,0.3593723349820911,True,0.4888132009880188,0.42282270321129517,0.4755414800327468,0.4880641427309287
tid_484,21,public_administration_education_health_headcount_share,0.60062893081761,True,0.5874669174864378,0.615493201139893,0.573420233283289,0.6280935421872936
tid_485,21,public_administration_education_health_headcount_share,0.7407054337464252,True,0.5000087604496696,0.5940890527054039,0.5009694464203468,0.4992274565715191
tid_486,21,public_administration_education_health_headcount_share,0.4381278538812785,True,0.49667105869212524,0.4671887495903994,0.477793943647774,0.4893077550828427
tid_487,21,public_administration_education_health_headcount_share,0.5612289052358287,True,0.5676090989419316,0.5397146084908419,0.5437532254928523,0.6189072850191667
tid_489,21,public_administration_education_health_headcount_share,0.4742096505823627,True,0.6313304132064289,0.5728023007326571,0.6087478850795294,0.6113352711392152
tid_490,21,public_administration_education_health_headcount_share,0.7171444023796647,True,0.5542593067377328,0.5500620230827417,0.5679570980129396,0.5779308120854008
tid_491,21,public_administration_education_health_headcount_share,0.4472573839662447,True,0.6004808115538506,0.6444916377779105,0.5939725674931778,0.663440302012248
tid_492,21,public_administration_education_health_headcount_share,0.5843230403800475,True,0.5817405182348961,0.5890722448040664,0.5617306661496885,0.6237321217452654
tid_493,21,public_administration_education_health_headcount_share,0.5966791644349223,True,0.5552391454367386,0.5147604941705973,0.5431739161603795,0.5417062715410816
tid_494,21,public_administration_education_health_headcount_share,0.5693386162755257,True,0.45700144596923425,0.4892478505070039,0.45624873491669127,0.4393977623191067
tid_495,21,public_administration_education_health_headcount_share,0.525,True,0.5983766754752338,0.5631272825950824,0.6071863533136143,0.5916907871514102
tid_496,21,public_administration_education_health_headcount_share,0.7260034904013961,True,0.48457600318102606,0.5027394886905402,0.49095229299097304,0.4557567413387387
tid_497,21,public_administration_education_health_headcount_share,0.3787764918082068,True,0.49874063412740005,0.45280542612054164,0.49469415660478,0.5035025582254872
tid_498,21,public_administration_education_health_headcount_share,0.4441319355663513,True,0.5567956847099303,0.44479850428296724,0.5262769347578339,0.5517332786057196
tid_499,21,public_administration_education_health_headcount_share,0.6926483613817538,True,0.5212929263262963,0.5877008741533859,0.5437663714948187,0.5683543784465425
tid_501,21,public_administration_education_health_headcount_share,0.4973333333333333,True,0.5849704703278593,0.4647600326368406,0.4933250838734001,0.6070674633369658
tid_502,21,public_administration_education_health_headcount_share,,False,0.6321835545604803,0.5871709343744502,0.6046303763628242,0.6589323895106655
tid_503,21,public_administration_education_health_headcount_share,,False,0.5431068781244797,0.5570027435271643,0.5351850548393361,0.5481723892811948
tid_504,22,manufacturing_headcount_share,0.166945622732151,True,0.24540368234975943,0.2565102657529378,0.23792855414060873,0.26471101657146023
tid_505,22,manufacturing_headcount_share,0.2020657276995305,True,0.28716400523237284,0.1447151485103187,0.260562604125019,0.2828210883061377
tid_506,22,manufacturing_headcount_share,,False,0.1447389307543914,0.17267796620705145,0.13375296812908893,0.14894750458390263
tid_507,22,manufacturing_headcount_share,0.3201971701486438,True,0.3033958972171286,0.19864042507872973,0.30050856400068543,0.3053055112218928
tid_508,22,manufacturing_headcount_share,0.4355974321805756,True,0.27946281894210906,0.32337087687140365,0.27914858603949694,0.2953885173619105
tid_509,22,manufacturing_headcount_share,0.3048916064480267,True,0.34095910137072694,0.3282304178609586,0.34680934670481944,0.27952212354168215
tid_510,22,manufacturing_headcount_share,0.261744966442953,True,0.3222264970068703,0.23190913857859416,0.3402618173087761,0.32754437330005703
tid_511,22,manufacturing_headcount_share,0.065474060822898,True,0.1879328382152957,0.116482462548894,0.15299271427430067,0.2152810535512031
tid_512,22,manufacturing_headcount_share,,False,0.25811895069098945,0.18691591695183657,0.24329729274591688,0.27098969797124683
tid_515,22,manufacturing_headcount_share,0.0048899755501222,True,0.1578557549474982,0.056290271984734255,0.14332810388488282,0.08344041024106617
tid_516,22,manufacturing_headcount_share,,False,0.06892644883074679,0.08033868962179463,0.07936595092411479,0.07955997184248761
tid_517,22,manufacturing_headcount_share,0.1053540587219343,True,0.18163767431814848,0.02645028589855604,0.10882407185243831,0.06040853259713479
tid_518,22,manufacturing_headcount_share,0.2392857142857143,True,0.11959757937898431,0.15775104878202856,0.15463858329053384,0.13908337701397264
tid_519,22,manufacturing_headcount_share,,False,0.09912920033295808,0.08709032942883096,0.11228277536572005,0.10324520209397577
tid_520,22,manufacturing_headcount_share,,False,0.05067195369734292,0.05159799197651891,0.06331003703181438,0.08022629565023386
tid_521,22,manufacturing_headcount_share,0.1306843267108167,True,0.07219077350160522,0.089918975840659,0.09984856986965035,0.0826831149475389
tid_522,22,manufacturing_headcount_share,0.0042735042735042,True,0.1061385193535506,0.09178553985880863,0.09626509846845568,0.09801042435662778
tid_523,22,manufacturing_headcount_share,,False,0.05067195369734292,0.04927672004711996,0.04345390909494308,0.0550362488983924
tid_524,22,manufacturing_headcount_share,0.0326481257557436,True,0.051108080414664914,0.07194214799177244,0.023035635990149274,0.062371353686982975
tid_525,22,manufacturing_headcount_share,,False,0.16976946624870584,0.06782007683546136,0.16158401294912958,0.15694295941861056
tid_527,22,manufacturing_headcount_share,0.0108811040339702,True,0.17753847138330425,0.18388198767495345,0.22757662114117994,0.2141046985761426
tid_528,22,manufacturing_headcount_share,,False,0.10222300233599321,0.06249016057618343,0.11333262411073507,0.10288094276965265
tid_529,22,manufacturing_headcount_share,0.0901504787961696,True,0.18381281061991445,0.17940775052635666,0.14562065064763546,0.20399068450646446
tid_530,22,manufacturing_headcount_share,,False,0.12141647169197958,0.09737052349835486,0.08568479425301088,0.1191514087232961
tid_531,22,manufacturing_headcount_share,,False,0.10817791370202452,0.11116339770701726,0.09792431393103648,0.101796270601974
tid_532,22,manufacturing_headcount_share,,False,0.09816953620910515,0.10625399570607362,0.09794627815858378,0.09550639722908716
tid_533,22,manufacturing_headcount_share,0.0117994100294985,True,0.12122218417545427,0.08327085145340787,0.11270179987018944,0.09959018262011611
tid_534,22,manufacturing_headcount_share,,False,0.04356857586520558,0.06936593943462674,0.055755099174226753,0.05137350237825251
tid_535,22,manufacturing_headcount_share,0.066581713921631,True,0.09413845576415487,0.052120762166929076,0.06065661547621875,0.10627162867033013
tid_536,22,manufacturing_headcount_share,0.054054054054054,True,0.0321558220907839,0.07253725923492203,0.041489192942254886,0.029340903407355425
tid_537,22,manufacturing_headcount_share,,False,0.10074487065967999,0.09381864947077882,0.10120028934636881,0.10461396077541653
tid_538,22,manufacturing_headcount_share,,False,0.12831383136960176,0.18008683811377152,0.14029607297213814,0.13179460041882207
tid_539,22,manufacturing_headcount_share,,False,0.12956769717148067,0.09514216081262074,0.08989978107078493,0.15246806063326365
tid_540,22,manufacturing_headcount_share,0.0030355594102341,True,0.11030161235274374,0.08412304373110682,0.033735053052607475,0.10328499199009725
tid_541,22,manufacturing_headcount_share,0.044327573253193,True,0.07208133702068034,0.030844156023986064,0.0907613572333034,0.08451096485535242
tid_542,22,manufacturing_headcount_share,0.2390177353342428,True,0.09248450294951452,0.0659970336698891,0.09234852463040617,0.08243541156298131
tid_543,22,manufacturing_headcount_share,0.1801669840339827,True,0.14688666846708937,0.2072757906581485,0.11793341005215979,0.17302889210138986
tid_544,22,manufacturing_headcount_share,,False,0.07208133702068034,0.07062974967612083,0.0907613572333034,0.08451096485535242
tid_545,22,manufacturing_headcount_share,0.059208068733657,True,0.11601797051042317,0.14824301964204795,0.07339593994124723,0.12158008011616078
tid_546,22,manufacturing_headcount_share,,False,0.04356857586520558,0.03896345791823997,0.055755099174226753,0.05137350237825251
tid_547,22,manufacturing_headcount_share,0.1173169428113308,True,0.10745419317575215,0.0800282261543741,0.168540919388754,0.10926942806166944
tid_548,22,manufacturing_headcount_share,,False,0.08607505680576749,0.09221616261247824,0.11137544426757166,0.08992102362548533
tid_549,22,manufacturing_headcount_share,,False,0.09744868745910197,0.054056904762575096,0.07703843896668607,0.07894420993916271
tid_550,22,manufacturing_headcount_share,0.008,True,0.11908363436614561,0.08631560826266352,0.08154434152082471,0.10453777077989379
tid_552,22,manufacturing_headcount_share,0.0982297813259285,True,0.1676052583508749,0.10694800817638674,0.18133507465863746,0.1684085844231105
tid_553,22,manufacturing_headcount_share,,False,0.09404859341905453,0.09273833951865232,0.09002315662923431,0.09601882297766512
tid_554,22,manufacturing_headcount_share,0.116796875,True,0.1545022325932323,0.12398779028376779,0.15173023689977044,0.14706454658362889
tid_555,22,manufacturing_headcount_share,,False,0.09950649514884773,0.08710480826437358,0.1115852160227931,0.11138023895541142
tid_556,22,manufacturing_headcount_share,,False,0.03652255397899554,0.062334046078045185,0.04628159046740751,0.03844162463437902
tid_557,22,manufacturing_headcount_share,0.0721599219892735,True,0.10074487065967999,0.05157146018910238,0.10120028934636881,0.10461396077541653
tid_558,22,manufacturing_headcount_share,0.1458333333333333,True,0.1303649353761087,0.07748188571262603,0.1348921338186184,0.14456628353589338
tid_559,22,manufacturing_headcount_share,0.0539215686274509,True,0.1580329315295891,0.16478125247009912,0.1126252600486802,0.1798668440624791
tid_560,22,manufacturing_headcount_share,0.0316091954022988,True,0.06946245214506912,0.0646176726055851,0.07326342097875796,0.062403240062063436
tid_561,22,manufacturing_headcount_share,0.0874350351574442,True,0.09942816375529426,0.08929745082408207,0.06357614428006395,0.13029224220148797
tid_562,22,manufacturing_headcount_share,0.116469984607491,True,0.09675259057964208,0.10407286478342251,0.10057237878005537,0.11754407504045647
tid_563,22,manufacturing_headcount_share,0.0983663538408064,True,0.1218237069496671,0.07468710238043039,0.13116915806302415,0.12542359653637244
tid_564,22,manufacturing_headcount_share,0.0643513789581205,True,0.14305004316902173,0.10325000789031956,0.1541076345765885,0.1371406323990485
tid_565,22,manufacturing_headcount_share,,False,0.0570031059592071,0.14929895040981395,0.061533486433863235,0.05879615411439803
tid_566,22,manufacturing_headcount_share,0.0981067125645439,True,0.1577866967160001,0.06340939421018138,0.1560905070926809,0.14731653512688073
tid_567,22,manufacturing_headcount_share,,False,0.04748102297050852,0.02653257387401528,0.05694872919661501,0.05855679461216069
tid_568,22,manufacturing_headcount_share,0.0890207715133531,True,0.09831055523069025,0.07386627025228043,0.07046473417317078,0.09139683777280487
tid_569,22,manufacturing_headcount_share,0.2882953652788688,True,0.12998795803803828,0.06381370524321724,0.1265679675742672,0.12295558694160895
tid_570,22,manufacturing_headcount_share,,False,0.11894896711459169,0.14944864035240313,0.1354270822532008,0.14424088289890735
tid_571,22,manufacturing_headcount_share,0.1029607895438783,True,0.1354196207075215,0.05304803716482496,0.14146994436243648,0.1293867764578997
tid_572,22,manufacturing_headcount_share,0.101855848079413,True,0.15211222558795034,0.17780725859448265,0.15195157707906604,0.14560437577790525
tid_504,22,agriculture_headcount_share,0.0061902693310165,True,0.012087670657124926,0.008378466500217395,0.017488215457046204,0.013525035979302836
tid_505,22,agriculture_headcount_share,,False,0.11719790132283213,0.11653370316519232,0.08559016622959692,0.10616759343947092
tid_506,22,agriculture_headcount_share,,False,0.028500600272077917,0.03007007153791888,0.02135141537256383,0.03103232475465057
tid_507,22,agriculture_headcount_share,0.0049292537160954,True,0.010463137692491818,0.011524176691485545,0.01040548832908557,0.00862057759177845
tid_508,22,agriculture_headcount_share,0.0020708221163802,True,0.05291390524635226,0.03791479430133529,0.03902124567283257,0.047928368719257146
tid_509,22,agriculture_headcount_share,,False,0.01937122490211426,0.022947851692335902,0.020880295245748685,0.02004666516695818
tid_510,22,agriculture_headcount_share,0.002251295556877,True,0.010803665960982728,0.0182139458867775,0.016428297668605957,0.011286036766760942
tid_511,22,agriculture_headcount_share,0.0409660107334525,True,0.09198794410453602,0.0687373009627754,0.05911697258308533,0.08344209617308927
tid_512,22,agriculture_headcount_share,,False,0.09464219165938956,0.10277372936053347,0.1073477224816149,0.11054290083454273
tid_515,22,agriculture_headcount_share,0.0754453370590289,True,0.1162615407322172,0.10664242939297466,0.10452314706005239,0.10678009554378223
tid_516,22,agriculture_headcount_share,,False,0.15820814232962552,0.1682173606157795,0.14255264054043107,0.159328650194316
tid_517,22,agriculture_headcount_share,0.3039723661485319,True,0.13071813953490496,0.10090066909677207,0.12417319185019436,0.11178625488316661
tid_518,22,agriculture_headcount_share,0.0644841269841269,True,0.09869156512763191,0.14140649490075874,0.09847783146917777,0.11324452696672802
tid_519,22,agriculture_headcount_share,0.1292705447830101,True,0.14384895589025887,0.15940820617539936,0.13565704440580262,0.15139109609763263
tid_520,22,agriculture_headcount_share,,False,0.10529401262324868,0.0914388607238659,0.11794182360826044,0.11632892755719419
tid_521,22,agriculture_headcount_share,0.1306843267108167,True,0.11782498514745457,0.06872567697105131,0.13122224986946424,0.11644639003445367
tid_522,22,agriculture_headcount_share,0.1471306471306471,True,0.1302775829120849,0.16778510207463523,0.13069409590383319,0.12975028596995702
tid_523,22,agriculture_headcount_share,,False,0.09999770563104289,0.10255372349645661,0.1082687460367889,0.12732964934688476
tid_524,22,agriculture_headcount_share,0.177347843611447,True,0.08861499569863301,0.07161903318893499,0.07955641389367457,0.0926672753599907
tid_525,22,agriculture_headcount_share,,False,0.08859517070552657,0.09640856243991514,0.07896423146128104,0.09620278631170438
tid_527,22,agriculture_headcount_share,0.0968683651804671,True,0.17554445956566406,0.10109522565501214,0.1766748634106901,0.17292510360247
tid_528,22,agriculture_headcount_share,,False,0.21204871934607286,0.15423216292887948,0.22234843666935025,0.2135182547215051
tid_529,22,agriculture_headcount_share,0.0560875512995896,True,0.1242970615157252,0.08252415273886868,0.11567451173307898,0.12146357916330738
tid_530,22,agriculture_headcount_share,0.1116046640755136,True,0.1897067112483812,0.15876649129373968,0.17774141765371596,0.19933388470226893
tid_531,22,agriculture_headcount_share,,False,0.13796877007856284,0.1292240024320927,0.1371308043369501,0.1287589169127682
tid_532,22,agriculture_headcount_share,0.0810222947253942,True,0.10636994630355966,0.12620198630892152,0.09491127209014918,0.08618896636428551
tid_533,22,agriculture_headcount_share,0.1175024582104228,True,0.15113295658774611,0.13056464551134095,0.15975252383682192,0.1666284354708033
tid_534,22,agriculture_headcount_share,,False,0.20289860387387082,0.1491948199834881,0.20767133698040185,0.19432993145282718
tid_535,22,agriculture_headcount_share,,False,0.12353414094232931,0.08390505933084547,0.12755231344157064,0.11177172726075187
tid_536,22,agriculture_headcount_share,,False,0.18924161851583426,0.17013812045291174,0.1825061564156637,0.20042754843169314
tid_537,22,agriculture_headcount_share,0.2489699823425544,True,0.14386286751476549,0.11985135419231861,0.1349007947203011,0.13326787028430795
tid_538,22,agriculture_headcount_share,0.0901162790697674,True,0.09718507038049838,0.07641047041013342,0.11588342326801872,0.09957369293162317
tid_539,22,agriculture_headcount_share,0.0579950289975145,True,0.1104836029465588,0.11566000627889535,0.11377139694796824,0.11721322852538142
tid_540,22,agriculture_headcount_share,0.1634865568083261,True,0.11830647797383506,0.10810179264747956,0.08785712032951486,0.13260449433670138
tid_541,22,agriculture_headcount_share,0.275732531930879,True,0.17373778851274957,0.12216842539059301,0.18164539273517114,0.18294134196867592
tid_542,22,agriculture_headcount_share,0.3538881309686221,True,0.09476738987544467,0.04634930931508881,0.08569635937657608,0.08097748798294507
tid_543,22,agriculture_headcount_share,0.2374395781455983,True,0.08186996885142717,0.13546554653438406,0.07244554054773512,0.07589452539029494
tid_544,22,agriculture_headcount_share,0.1132756132756132,True,0.17023525004331838,0.1121423353548009,0.18787607281066826,0.1763373928467479
tid_545,22,agriculture_headcount_share,0.1002988419872992,True,0.07856161785432979,0.09720326986653426,0.0729455514207617,0.09445348030751197
tid_546,22,agriculture_headcount_share,0.3741999015263417,True,0.2148522863392961,0.14736307231031712,0.21696148124753914,0.1979763190845748
tid_547,22,agriculture_headcount_share,0.222340994120791,True,0.09713935169404513,0.08009537687310088,0.08963732367531654,0.10857037878619742
tid_548,22,agriculture_headcount_share,0.1933404940923738,True,0.10677407965479642,0.07578300785484993,0.09671242025439375,0.1109418897035073
tid_549,22,agriculture_headcount_share,0.1262928688078388,True,0.15396998920570001,0.12316855536037355,0.1597775539233096,0.1499739409114597
tid_550,22,agriculture_headcount_share,0.2942857142857142,True,0.22013244609175117,0.1843708946633146,0.23322397217616583,0.24309963955701455
tid_552,22,agriculture_headcount_share,0.1551544602568552,True,0.13029392077611673,0.09016146070682825,0.12232537442667768,0.12071738269521648
tid_553,22,agriculture_headcount_share,0.3627167630057804,True,0.1380173305965147,0.1640596616916848,0.14855385488847017,0.1857564785910899
tid_554,22,agriculture_headcount_share,0.252734375,True,0.13790151322329097,0.14439540819254426,0.14842674578134607,0.13940493464637116
tid_555,22,agriculture_headcount_share,,False,0.09589290436743896,0.0578996225470991,0.10536434055618123,0.09359363219342236
tid_556,22,agriculture_headcount_share,0.0396732788798133,True,0.19323976131649664,0.12830193642347676,0.18182747478464917,0.11538096187638179
tid_557,22,agriculture_headcount_share,0.3490980009751341,True,0.08993906466845726,0.11644183836823728,0.08766703414421524,0.10127614054120455
tid_558,22,agriculture_headcount_share,0.1651785714285714,True,0.10410354759372514,0.11198885721477893,0.10990568383575093,0.11446070185424496
tid_559,22,agriculture_headcount_share,0.1517792302106027,True,0.08613627068276875,0.13479782826175715,0.07283106435268391,0.08561623417372548
tid_560,22,agriculture_headcount_share,0.3455459770114942,True,0.13556932984857317,0.10411379261109065,0.14934159031595776,0.13909242118436577
tid_561,22,agriculture_headcount_share,0.1886273310914093,True,0.07740149521437181,0.12343897101814634,0.0848027581987951,0.08701887250403956
tid_562,22,agriculture_headcount_share,0.2519240636223704,True,0.1709738240314994,0.16573003074448114,0.1821768658090922,0.17927260149048813
tid_563,22,agriculture_headcount_share,0.0552659019812304,True,0.09961973570292033,0.12749516224287977,0.10437216277264572,0.10722008975917405
tid_564,22,agriculture_headcount_share,0.2068437180796731,True,0.17885623449468993,0.141952752819044,0.18278469185509924,0.1765249323669723
tid_565,22,agriculture_headcount_share,0.1593366979091564,True,0.14165769267905365,0.16671308023192788,0.13726822440305078,0.16463619501434854
tid_566,22,agriculture_headcount_share,0.0912220309810671,True,0.1675286330278593,0.13449826385001595,0.17265693328036505,0.19072400731249078
tid_567,22,agriculture_headcount_share,0.0458081244598098,True,0.1604967442266473,0.13576094664177665,0.1521270025331058,0.1315920097098179
tid_568,22,agriculture_headcount_share,0.2874099194573972,True,0.2143643987884614,0.146735092746844,0.1958839430415574,0.2008938885534855
tid_569,22,agriculture_headcount_share,0.0506677140612725,True,0.12158415673447671,0.12477658430467999,0.11232485228958217,0.12056514212252195
tid_570,22,agriculture_headcount_share,0.1185031185031185,True,0.1760990758174606,0.11301110929267551,0.1582986968552205,0.1562818273112927
tid_571,22,agriculture_headcount_share,0.0664177113897039,True,0.13385356808271281,0.1413047986716084,0.14447761051233673,0.15422120772731515
tid_572,22,agriculture_headcount_share,0.2149331031506258,True,0.11039889620359687,0.08477293591463711,0.11233365788608789,0.12124144050825991
tid_504,22,public_administration_education_health_headcount_share,0.4486891194357847,True,0.36260832411159105,0.3519634980131768,0.35437526678565023,0.3564193642250106
tid_505,22,public_administration_education_health_headcount_share,0.5010328638497653,True,0.4129060792986234,0.42963577913213225,0.44555729318528436,0.406564963683345
tid_506,22,public_administration_education_health_headcount_share,0.7859936011375755,True,0.3983138941697361,0.36665848429920594,0.3925212410773442,0.39021301388563867
tid_507,22,public_administration_education_health_headcount_share,0.378709710374419,True,0.31973822078577524,0.33457024168527855,0.32445705773915906,0.3271627933302055
tid_508,22,public_administration_education_health_headcount_share,0.3325740318906606,True,0.41137556894078897,0.4045838546269198,0.42554835943727853,0.39170421382439935
tid_509,22,public_administration_education_health_headcount_share,0.264035575319622,True,0.3472534499616233,0.36576749572919615,0.34304380864637074,0.36958137888503123
tid_510,22,public_administration_education_health_headcount_share,0.4983433862883357,True,0.34101343011767743,0.3645060931677365,0.3531255826165205,0.3407233674897857
tid_511,22,public_administration_education_health_headcount_share,0.5828264758497317,True,0.4451594652496262,0.45599154007566334,0.45495685658724344,0.43594526138048634
tid_512,22,public_administration_education_health_headcount_share,0.5288808664259927,True,0.454854659847384,0.5020081918580839,0.44542716561135526,0.46298546422550424
tid_515,22,public_administration_education_health_headcount_share,0.6374432413552218,True,0.4773295000293772,0.6675019454231564,0.5158700313161327,0.5403394614442817
tid_516,22,public_administration_education_health_headcount_share,,False,0.6191251448033259,0.6384747932945776,0.6186216865241134,0.6195411210032311
tid_517,22,public_administration_education_health_headcount_share,0.434657455382844,True,0.4402253339580435,0.5636827687108016,0.4495390428564573,0.4692472503016397
tid_518,22,public_administration_education_health_headcount_share,0.4682539682539682,True,0.496247004406154,0.47464001163772807,0.4779976731757945,0.4833913521331816
tid_519,22,public_administration_education_health_headcount_share,,False,0.5999722173585661,0.6130871199536216,0.5969784908593921,0.5976698079886646
tid_520,22,public_administration_education_health_headcount_share,,False,0.6098966157482667,0.644271076743828,0.6415055870287265,0.626477652317178
tid_521,22,public_administration_education_health_headcount_share,0.5342163355408388,True,0.5387822543460495,0.5395390291616003,0.5448928285012717,0.5542835669529907
tid_522,22,public_administration_education_health_headcount_share,0.6507936507936508,True,0.5603320549529203,0.5996229283877617,0.5689683603056541,0.568217094163274
tid_523,22,public_administration_education_health_headcount_share,0.6734006734006734,True,0.6806359884823575,0.6666723995524504,0.7042800068354083,0.6982626814178398
tid_524,22,public_administration_education_health_headcount_share,0.5364772269246272,True,0.5379094670903499,0.5788609979668634,0.5877204403375748,0.5318682270954412
tid_525,22,public_administration_education_health_headcount_share,0.76953125,True,0.5695889084912522,0.5980099139421562,0.5701536109407093,0.57662880001762
tid_527,22,public_administration_education_health_headcount_share,0.3694267515923566,True,0.5437483344652471,0.5043906339372805,0.48339164249621663,0.48779370874246136
tid_528,22,public_administration_education_health_headcount_share,,False,0.5567429188016524,0.5305235352031781,0.5756521643886415,0.5490979895763548
tid_529,22,public_administration_education_health_headcount_share,0.5136798905608755,True,0.4306546803967186,0.4580834877252041,0.44956314927705054,0.4294390214772909
tid_530,22,public_administration_education_health_headcount_share,0.6424208772903942,True,0.5596729302906186,0.5195531138992558,0.646351261681481,0.5691701329758904
tid_531,22,public_administration_education_health_headcount_share,,False,0.5739377587696627,0.5772089697382928,0.5687372563969602,0.5695693400519165
tid_532,22,public_administration_education_health_headcount_share,0.6188145731375748,True,0.566149183882831,0.570915217404203,0.5625078065828931,0.5600063586456628
tid_533,22,public_administration_education_health_headcount_share,0.4886922320550639,True,0.5560634029503096,0.5042691499511769,0.5495646864053917,0.5110511774190698
tid_534,22,public_administration_education_health_headcount_share,0.7150537634408602,True,0.5979275721506268,0.6324981553175814,0.5893742876437041,0.6016941711673484
tid_535,22,public_administration_education_health_headcount_share,0.4794520547945205,True,0.5326912177407672,0.5843376236271164,0.587664764660654,0.5174819503663217
tid_536,22,public_administration_education_health_headcount_share,,False,0.5903261814997368,0.5752570001144398,0.5816686446814183,0.5672115514663212
tid_537,22,public_administration_education_health_headcount_share,0.5797527957622131,True,0.6370393978898679,0.6499714702298948,0.6308750504038724,0.6471174173003802
tid_538,22,public_administration_education_health_headcount_share,0.5817587209302325,True,0.5455858835441264,0.5914221061275763,0.542432829219294,0.5376208675026681
tid_539,22,public_administration_education_health_headcount_share,0.655758077879039,True,0.5583166726546163,0.57083631466389,0.576153927702511,0.565524080769703
tid_540,22,public_administration_education_health_headcount_share,0.6235906331309627,True,0.5524524330922017,0.5164845099532683,0.6162125184940666,0.5196693779310727
tid_541,22,public_administration_education_health_headcount_share,0.4876033057851239,True,0.5335690762945909,0.6008018303552306,0.5450116870863272,0.5176582565646287
tid_542,22,public_administration_education_health_headcount_share,,False,0.5882288474559839,0.48997504885751963,0.5976212031513874,0.6144889668863549
tid_543,22,public_administration_education_health_headcount_share,0.4058883843562326,True,0.4807625694174882,0.449369234205287,0.4895435217469286,0.4867633290305243
tid_544,22,public_administration_education_health_headcount_share,0.6212121212121212,True,0.5742956551100514,0.6186395933215175,0.5660260531083641,0.5559304574437361
tid_545,22,public_administration_education_health_headcount_share,0.5676129996264475,True,0.4543838645456654,0.4565703429284512,0.458010863085753,0.4619403626281118
tid_546,22,public_administration_education_health_headcount_share,,False,0.5709984894304979,0.6503918368005281,0.5421356131027237,0.5805241321378778
tid_547,22,public_administration_education_health_headcount_share,0.3874933190807055,True,0.5419493586573702,0.5309758157828467,0.527008863041131,0.5291193528495046
tid_548,22,public_administration_education_health_headcount_share,0.5825277479412818,True,0.5514435496594133,0.5722519623520601,0.5496443209737069,0.552333988657354
tid_549,22,public_administration_education_health_headcount_share,,False,0.5463446843083397,0.600980684835578,0.5608566928466584,0.5617555922966629
tid_550,22,public_administration_education_health_headcount_share,0.5011428571428571,True,0.5645280935998654,0.6133342316859254,0.6070865366091946,0.5722142817483182
tid_552,22,public_administration_education_health_headcount_share,0.5341895175286359,True,0.5746769341509093,0.5505979921552743,0.5665882195070594,0.5558339827682807
tid_553,22,public_administration_education_health_headcount_share,,False,0.6399697129819858,0.6477090668669009,0.6381415480382755,0.6340876304059107
tid_554,22,public_administration_education_health_headcount_share,,False,0.5727159743439514,0.5704612437332706,0.5419081754545769,0.5582360600624582
tid_555,22,public_administration_education_health_headcount_share,,False,0.5264955368176611,0.6275050253981019,0.5315375696718078,0.5236987546314642
tid_556,22,public_administration_education_health_headcount_share,,False,0.6382933023829028,0.6673101472856087,0.6636129400447254,0.6616129723980143
tid_557,22,public_administration_education_health_headcount_share,0.3895660653339834,True,0.6120853120342707,0.614764829384012,0.5917221999808563,0.6163929798862663
tid_558,22,public_administration_education_health_headcount_share,,False,0.5623526512469863,0.6245030408128792,0.5746996887682871,0.5698516932333194
tid_559,22,public_administration_education_health_headcount_share,0.5669934640522876,True,0.45519798543032197,0.44211741812185,0.45882421352036595,0.4593670827382326
tid_560,22,public_administration_education_health_headcount_share,,False,0.6163149582687378,0.6126782590316217,0.6178711145085252,0.60145321298431
tid_561,22,public_administration_education_health_headcount_share,0.5405074900642005,True,0.6076948915643775,0.5342637528443426,0.5983288881734076,0.5987055196579874
tid_562,22,public_administration_education_health_headcount_share,,False,0.6112293147395614,0.5925417981066111,0.5888043486163559,0.6196489506362148
tid_563,22,public_administration_education_health_headcount_share,0.6093152589502955,True,0.592280172368108,0.5495896600572284,0.5759793250601617,0.5803088989456748
tid_564,22,public_administration_education_health_headcount_share,0.5720122574055159,True,0.5627678905447603,0.6265364049238151,0.5569632634265382,0.574344091641545
tid_565,22,public_administration_education_health_headcount_share,0.6171593366979091,True,0.631908208936243,0.5814546646451949,0.6368054597752486,0.6267360335064608
tid_566,22,public_administration_education_health_headcount_share,0.5542168674698795,True,0.564482404002844,0.6025671097811501,0.5631750447687578,0.5762774733429742
tid_567,22,public_administration_education_health_headcount_share,,False,0.6330678208300106,0.6222899307717096,0.63359144612679,0.6351485521910702
tid_568,22,public_administration_education_health_headcount_share,,False,0.5512881918552995,0.5385351693128421,0.590630407766126,0.5340293523867331
tid_569,22,public_administration_education_health_headcount_share,0.5243519245875884,True,0.559466243619622,0.5912694695615365,0.5595047652518872,0.5619307120684282
tid_570,22,public_administration_education_health_headcount_share,,False,0.5678230806447742,0.6160523910908088,0.5676491776048473,0.5444805024665337
tid_571,22,public_administration_education_health_headcount_share,0.575620165377434,True,0.5063716886316314,0.5582011144411386,0.49753578300801365,0.5069983915864652
tid_572,22,public_administration_education_health_headcount_share,0.5312904618040569,True,0.565039742954261,0.5653147959146078,0.5680902625834376,0.5772942913539533
tid_666,24,manufacturing_headcount_share,0.1334143334464952,True,0.19953103536645378,0.12618413735134734,0.1767571043205513,0.17956670161803964
tid_667,24,manufacturing_headcount_share,0.2510888019487709,True,0.4122993184217454,0.27994569945979997,0.39188486140334244,0.39695772463300955
tid_668,24,manufacturing_headcount_share,0.01171875,True,0.2296961748109631,0.18261291499287685,0.250309603929587,0.23158088435975593
tid_669,24,manufacturing_headcount_share,,False,0.27687156069689506,0.22885966730490687,0.3122242914672472,0.29966663957763673
tid_670,24,manufacturing_headcount_share,0.1667201025969862,True,0.15809448254169475,0.21328508617838293,0.14306773790908048,0.14564888134007783
tid_671,24,manufacturing_headcount_share,0.0127719018160047,True,0.12127115275030646,0.14928137974512976,0.12858025857413008,0.1269317827709458
tid_674,24,manufacturing_headcount_share,0.0671032201444676,True,0.33009116368527075,0.2730574808198015,0.3162910783346066,0.29193651446974694
tid_675,24,manufacturing_headcount_share,0.2501440507058484,True,0.25956119331088756,0.24907907103498902,0.24575304254483515,0.2676453971033859
tid_676,24,manufacturing_headcount_share,0.0891566265060241,True,0.34552560680912064,0.2515917960633559,0.31287891369049103,0.2645767581178708
tid_677,24,manufacturing_headcount_share,0.1041947061462539,True,0.24431991920576784,0.2678883277986255,0.1903628455449535,0.2584465204255333
tid_678,24,manufacturing_headcount_share,0.2406090059632812,True,0.02840470892816044,0.043850315539114,0.03368063573325908,0.038604036021980245
tid_679,24,manufacturing_headcount_share,0.0882473382473382,True,0.2957155766391155,0.31978473580083955,0.28036151519923413,0.2910956019807111
tid_680,24,manufacturing_headcount_share,,False,0.19463702419351225,0.259006780180143,0.191449903710138,0.19384202553386332
tid_683,24,manufacturing_headcount_share,,False,0.1737096237007552,0.10145085832410332,0.17419182929832353,0.15663177491483737
tid_685,24,manufacturing_headcount_share,,False,0.12029216838817401,0.10295805875587696,0.07824441757328379,0.14773869236224818
tid_686,24,manufacturing_headcount_share,0.1350656381107051,True,0.2361298077960777,0.17374713542498385,0.25590049641024964,0.1733802192581293
tid_687,24,manufacturing_headcount_share,,False,0.12981130160427334,0.12447741457884458,0.1444371935249064,0.14335064674837755
tid_689,24,manufacturing_headcount_share,0.2319187661653415,True,0.12044069445784111,0.1251446110606687,0.11301629050098617,0.13537860379523098
tid_690,24,manufacturing_headcount_share,0.0676105171915631,True,0.09431636810063558,0.05707805255488782,0.09390643139073535,0.09461604025883819
tid_691,24,manufacturing_headcount_share,,False,0.10116044155560898,0.1523035578707964,0.11872080221884532,0.11740019402870212
tid_692,24,manufacturing_headcount_share,,False,0.14761956745448052,0.08361701027611991,0.10929313700660942,0.16477784312847563
tid_693,24,manufacturing_headcount_share,0.1147477260359169,True,0.18314171108739402,0.09946237793330652,0.21047337481844336,0.21081857936347184
tid_694,24,manufacturing_headcount_share,,False,0.0881981034017172,0.16076270804514525,0.11413434630880064,0.11340554519998898
tid_695,24,manufacturing_headcount_share,,False,0.07736487271303442,0.17579106058857802,0.11703071262679177,0.09051001771495441
tid_696,24,manufacturing_headcount_share,,False,0.09209443912090337,0.04918333426086925,0.05376072779533308,0.12118461253148627
tid_697,24,manufacturing_headcount_share,0.0163685453931825,True,0.11299908300528337,0.1307160791425622,0.14956191397099397,0.12940670194353743
tid_698,24,manufacturing_headcount_share,,False,0.1517235834027207,0.0588079175540541,0.14975136309439524,0.15671898842868226
tid_699,24,manufacturing_headcount_share,,False,0.12804064893201608,0.08401018585232997,0.1429233269854138,0.14194583763534527
tid_701,24,manufacturing_headcount_share,,False,0.14696004682027505,0.11099025480098003,0.15765217736594242,0.16032221677815636
tid_702,24,manufacturing_headcount_share,0.1978400375645641,True,0.042537886202374746,0.0718070250338836,0.04095238784760097,0.032059480640968835
tid_703,24,manufacturing_headcount_share,,False,0.20202920693949225,0.11375515178248792,0.20297765941952337,0.20678044392819403
tid_704,24,manufacturing_headcount_share,,False,0.11126213900226106,0.04855173978977253,0.13391839409209172,0.1222575129791758
tid_705,24,manufacturing_headcount_share,0.0094154570419772,True,0.2560294145459171,0.1950660156652645,0.2698877531819237,0.2543552176003711
tid_706,24,manufacturing_headcount_share,,False,0.09898236019301397,0.11954808605606665,0.12951897685212935,0.1057624341527174
tid_708,24,manufacturing_headcount_share,0.1527758057645889,True,0.11218397056118976,0.12388986240696011,0.10514162933003832,0.11712577411264011
tid_710,24,manufacturing_headcount_share,,False,0.19228250420018297,0.12201865084085882,0.18948021323923098,0.18476035346238767
tid_711,24,manufacturing_headcount_share,,False,0.22718732116075716,0.0515880836202691,0.23472722351157962,0.24312348117981547
tid_712,24,manufacturing_headcount_share,,False,0.0738031488044338,0.07450009259918035,0.10272042600653185,0.08859540240789275
tid_713,24,manufacturing_headcount_share,,False,0.10366989616488811,0.046660259485282435,0.11872080221884532,0.1172804751062294
tid_714,24,manufacturing_headcount_share,,False,0.2153287737701194,0.1548688652512717,0.22148427239011356,0.22276989694608176
tid_715,24,manufacturing_headcount_share,,False,0.15119031273996222,0.15905261921551084,0.1660109853620494,0.14885405275208088
tid_716,24,manufacturing_headcount_share,0.2122053600258314,True,0.15606505839074722,0.05928547224146098,0.11867786665250299,0.1159781843768533
tid_717,24,manufacturing_headcount_share,,False,0.12075179998610938,0.08375813088602768,0.12029479258808701,0.11202872252255218
tid_718,24,manufacturing_headcount_share,0.0076675356540407,True,0.06964395667293949,0.1113595675163235,0.07575218258624221,0.060799800663869016
tid_719,24,manufacturing_headcount_share,,False,0.09340716074062809,0.09543124189483886,0.12052345822208603,0.1182459358680209
tid_720,24,manufacturing_headcount_share,0.0027880512091038,True,0.09554236384429908,0.1052489944664607,0.10510287528849498,0.10743932566268957
tid_721,24,manufacturing_headcount_share,,False,0.09936978770966964,0.08746277161917367,0.12232116748788457,0.11438646221413473
tid_722,24,manufacturing_headcount_share,0.0543990086741016,True,0.12036344421721767,0.11402746119684863,0.06557692956635841,0.1328102144997594
tid_723,24,manufacturing_headcount_share,0.0951953300404131,True,0.0934560479659914,0.16248889042505243,0.10448968038262871,0.10382255946260499
tid_725,24,manufacturing_headcount_share,0.0181433855909811,True,0.0864258030600956,0.0700943181246091,0.056531476119331764,0.113754443845619
tid_726,24,manufacturing_headcount_share,0.0375851538642236,True,0.08406181925837236,0.07813801268887363,0.08872643233046598,0.0914626196701399
tid_666,24,agriculture_headcount_share,0.0103489556345703,True,0.016141231344389814,0.01153056034135133,0.01890355169640038,0.015070681687186395
tid_667,24,agriculture_headcount_share,,False,0.021814943129608712,0.03414551253015715,0.020814020061770782,0.022483107534555395
tid_668,24,agriculture_headcount_share,,False,0.09553436865119809,0.07535213771856332,0.10562624747815723,0.08734723393198322
tid_669,24,agriculture_headcount_share,,False,0.06348784603867805,0.0533837303072641,0.06887802850605436,0.05774210520348905
tid_670,24,agriculture_headcount_share,,False,0.049301791577015176,0.03149371831071715,0.05193241710007188,0.05428613634582013
tid_671,24,agriculture_headcount_share,,False,0.04441961125616693,0.043881142971835936,0.030488407492748705,0.04869575855586522
tid_674,24,agriculture_headcount_share,,False,0.02329619883576098,0.022950540938607645,0.022307889767064194,0.025516675355565392
tid_675,24,agriculture_headcount_share,0.0507778738115816,True,0.052137500755632095,0.05999294321384775,0.04679854259007302,0.05128062067173672
tid_676,24,agriculture_headcount_share,0.003575592693354,True,0.025798685120993224,0.03181568862216047,0.02872699703865463,0.02903501076859091
tid_677,24,agriculture_headcount_share,0.0062808434275459,True,0.06616695472013065,0.0487214055728212,0.04991252447084315,0.05459554097755799
tid_678,24,agriculture_headcount_share,,False,0.03447583376726117,0.015513880104744882,0.03203046301738357,0.032145818563863934
tid_679,24,agriculture_headcount_share,,False,0.029935023018232646,0.033022210819749834,0.04085034006083666,0.03695678006482077
tid_680,24,agriculture_headcount_share,,False,0.05632326591994003,0.034819993857482696,0.06601498043785237,0.058559819190682476
tid_683,24,agriculture_headcount_share,0.0219210840972499,True,0.12891335205504675,0.11239102189454993,0.13908722434176748,0.14121747842209098
tid_685,24,agriculture_headcount_share,0.1192594373647511,True,0.0993577601599821,0.06297337428372633,0.051435731734172874,0.11424685909906707
tid_686,24,agriculture_headcount_share,0.0412775747733116,True,0.06404399550552588,0.04924102745939172,0.059810899337353875,0.06551261024171003
tid_687,24,agriculture_headcount_share,,False,0.17069853915749406,0.25274438228818336,0.15936464903382075,0.15839057520197042
tid_689,24,agriculture_headcount_share,0.0760609253759938,True,0.04629890121345041,0.08019511643006046,0.03794991721846766,0.0394814541845744
tid_690,24,agriculture_headcount_share,0.2467494943657902,True,0.18767602475976078,0.19739684562617144,0.1920062762949331,0.19747748554731823
tid_691,24,agriculture_headcount_share,,False,0.14536678718016174,0.17501409442069177,0.1432060565012817,0.15301726486901907
tid_692,24,agriculture_headcount_share,0.0841956726246472,True,0.12392839437798604,0.19050245050052947,0.12460128910354717,0.1286860602758385
tid_693,24,agriculture_headcount_share,0.0536422296509368,True,0.0779514238702262,0.06827130008176654,0.06989592493836412,0.07546059765533442
tid_694,24,agriculture_headcount_share,0.0378523489932885,True,0.03415705462647419,0.05923005988368247,0.0484454167278494,0.05190180786459264
tid_695,24,agriculture_headcount_share,0.05403431909456,True,0.1361696377817959,0.12607666253230237,0.13960217777502368,0.12633641236685658
tid_696,24,agriculture_headcount_share,,False,0.174168918647808,0.22352974075697757,0.1524846696169034,0.17284343185294315
tid_697,24,agriculture_headcount_share,,False,0.09038170875725417,0.1329798998004393,0.0842251895949671,0.08753178981245442
tid_698,24,agriculture_headcount_share,0.0125689760882893,True,0.11809727156831985,0.12680647378339543,0.12209174764338063,0.1179551609715024
tid_699,24,agriculture_headcount_share,,False,0.09781621453923575,0.11599600204956134,0.0848557110956549,0.10259499355103356
tid_701,24,agriculture_headcount_share,0.041649652919559,True,0.09933221603586621,0.08511409075423076,0.10477840940983818,0.114742030992565
tid_702,24,agriculture_headcount_share,0.2314916262325872,True,0.050236252590981564,0.04499345486443036,0.06159700079948559,0.04900140333164445
tid_703,24,agriculture_headcount_share,,False,0.11247251053705096,0.12077581437906874,0.11178477123662853,0.12771022447020033
tid_704,24,agriculture_headcount_share,0.2875231624459543,True,0.1507848444626411,0.11361242952250561,0.12956671621274796,0.1421899964883834
tid_705,24,agriculture_headcount_share,0.1591473780567542,True,0.05582208574003896,0.06874648086011685,0.0631431917127841,0.05352958172863448
tid_706,24,agriculture_headcount_share,,False,0.159323860465623,0.18193669645663185,0.15317902548966622,0.15501068531618886
tid_708,24,agriculture_headcount_share,0.0200198778929433,True,0.053827870190942685,0.1140297794819948,0.04627183819113841,0.052890102702830885
tid_710,24,agriculture_headcount_share,0.0145208131655372,True,0.06086616026619262,0.10949019139652,0.07888283292198346,0.06949669352236797
tid_711,24,agriculture_headcount_share,0.1573783359497645,True,0.1093065500317754,0.09384239171255263,0.10875171693557137,0.10111953566801532
tid_712,24,agriculture_headcount_share,,False,0.21108773038242437,0.23840906731117562,0.21409806265070558,0.21567355797879548
tid_713,24,agriculture_headcount_share,,False,0.2021892490258388,0.2180172673212168,0.21991350598547055,0.22305812133381142
tid_714,24,agriculture_headcount_share,0.0618113410373555,True,0.07521645313863133,0.07975976050111601,0.07886928445639216,0.0731249498019571
tid_715,24,agriculture_headcount_share,,False,0.17690555022814913,0.1428813885485623,0.17204459951121467,0.1787624690276672
tid_716,24,agriculture_headcount_share,,False,0.0558414086065127,0.05440036379767817,0.050847602147775436,0.0502386882868211
tid_717,24,agriculture_headcount_share,0.1864881693648817,True,0.11729390902180656,0.1325287280001365,0.11558238112115587,0.10765724431244487
tid_718,24,agriculture_headcount_share,0.0090476920717681,True,0.019517441052692604,0.03577271087212668,0.031751621041805705,0.022704765338751376
tid_719,24,agriculture_headcount_share,,False,0.14364511829169838,0.20475907089931544,0.15306959616045643,0.17315105021933555
tid_720,24,agriculture_headcount_share,0.003357041251778,True,0.05484115097704608,0.08601126841726553,0.04529135109394897,0.05228187186098867
tid_721,24,agriculture_headcount_share,,False,0.22140237538309043,0.158480699324564,0.2114309466987841,0.20259102202163026
tid_722,24,agriculture_headcount_share,0.3298636926889715,True,0.07423781388613555,0.10602430377664199,0.06178922782526146,0.06856830045521407
tid_723,24,agriculture_headcount_share,0.0132465199820386,True,0.14351630076291866,0.16430976042545703,0.14567244269769544,0.15482522085636913
tid_725,24,agriculture_headcount_share,0.121366919147437,True,0.05562827969030403,0.06793411994381855,0.046306102685427425,0.05173377185527783
tid_726,24,agriculture_headcount_share,0.0096311956777073,True,0.025431307110781863,0.09905422087903401,0.02927217584665267,0.026463534584472734
tid_666,24,public_administration_education_health_headcount_share,0.3816999303160791,True,0.33370401717860887,0.3549362119759727,0.34360782035465065,0.31211495272309814
tid_667,24,public_administration_education_health_headcount_share,0.4126005757732339,True,0.3165413269655689,0.32223343930251874,0.3220825512345733,0.3320492715846815
tid_668,24,public_administration_education_health_headcount_share,0.2965494791666667,True,0.4556896941550416,0.5203059937887187,0.4366810695541627,0.4565950995883969
tid_669,24,public_administration_education_health_headcount_share,0.3207681365576102,True,0.5392892732530743,0.4811330100610683,0.522337201242049,0.5206807033948981
tid_670,24,public_administration_education_health_headcount_share,0.4576787431869188,True,0.3530411978126055,0.2803734995756096,0.36313480407084225,0.3498621302012839
tid_671,24,public_administration_education_health_headcount_share,0.6260227499501098,True,0.4310217263526067,0.40602083355706975,0.4429400082669757,0.3921679531053064
tid_674,24,public_administration_education_health_headcount_share,0.625531627624384,True,0.3267859814650653,0.3355418256150499,0.326045883732138,0.34194876958461634
tid_675,24,public_administration_education_health_headcount_share,0.393834629789686,True,0.3492282336900282,0.34644900852104143,0.34938327506265443,0.30256427886661574
tid_676,24,public_administration_education_health_headcount_share,0.6274387874076953,True,0.34218460729214206,0.35520778535363334,0.3429071745764319,0.35821785309739
tid_677,24,public_administration_education_health_headcount_share,0.4682593091072229,True,0.4202318547517578,0.4528709947099234,0.4275553289157513,0.4130677825001687
tid_678,24,public_administration_education_health_headcount_share,0.1762806968117575,True,0.4558376819438871,0.2739123070825453,0.442116943685236,0.45313129619427966
tid_679,24,public_administration_education_health_headcount_share,0.5692055692055692,True,0.3416001744374108,0.33060738178932275,0.3216501597151708,0.3437935842046696
tid_680,24,public_administration_education_health_headcount_share,0.5837403497715457,True,0.3499026899906821,0.3434951117429846,0.3520789541658074,0.3508748694597426
tid_683,24,public_administration_education_health_headcount_share,0.708250298923874,True,0.5354943651644131,0.5432633615601393,0.4895579561894543,0.49877043931027165
tid_685,24,public_administration_education_health_headcount_share,0.5049290694878577,True,0.49158719126438954,0.6144311583763613,0.5980010735869801,0.472835539599429
tid_686,24,public_administration_education_health_headcount_share,0.3759642712139667,True,0.3520990309073123,0.34410903240879703,0.3598562608307065,0.3656588434597554
tid_687,24,public_administration_education_health_headcount_share,0.6041055718475073,True,0.6137296974401998,0.6339716296675526,0.6058764327779451,0.6123594789737534
tid_689,24,public_administration_education_health_headcount_share,0.4242743557812051,True,0.34973029243250303,0.3605955439595036,0.3412099911929043,0.3266346989247767
tid_690,24,public_administration_education_health_headcount_share,0.4388904940768564,True,0.51396084990301,0.6040578910577481,0.5127174102426989,0.4964777549127264
tid_691,24,public_administration_education_health_headcount_share,0.1616294349540079,True,0.6150294155295793,0.6433075128597042,0.6284657666652186,0.6475359705969804
tid_692,24,public_administration_education_health_headcount_share,0.6726246472248354,True,0.5639020618702841,0.6210760312614053,0.6634620855677966,0.5477276846653336
tid_693,24,public_administration_education_health_headcount_share,0.3056829666485268,True,0.33995706685131805,0.4126101390763305,0.32580887266598496,0.3456331275343289
tid_694,24,public_administration_education_health_headcount_share,,False,0.4209458402113649,0.4263088707355533,0.41561447289831777,0.4171209764037861
tid_695,24,public_administration_education_health_headcount_share,0.7101131799926981,True,0.4818706713316561,0.5358579153364363,0.45341110810692137,0.46795685543807597
tid_696,24,public_administration_education_health_headcount_share,0.732427366447985,True,0.557234496635877,0.6242497176178455,0.6552727962497094,0.5605030961758339
tid_697,24,public_administration_education_health_headcount_share,0.3317583530205872,True,0.5255677726914556,0.4565764215490464,0.5021684103695827,0.49507542431839485
tid_698,24,public_administration_education_health_headcount_share,0.5079705702023298,True,0.5826309761165723,0.6515002361581574,0.5762669407630978,0.5647691674681792
tid_699,24,public_administration_education_health_headcount_share,0.7166014533258804,True,0.5690519349223261,0.605965296052087,0.5741210007915503,0.5838923720237107
tid_701,24,public_administration_education_health_headcount_share,0.6929358922008984,True,0.5743577028011626,0.6061443445350496,0.5731205116814738,0.5684831593542634
tid_702,24,public_administration_education_health_headcount_share,0.3296290499295664,True,0.43802839940615645,0.2939784745040822,0.4336086093622239,0.42456338894173923
tid_703,24,public_administration_education_health_headcount_share,0.5916373583431028,True,0.5979449939347026,0.5621578395857046,0.5860308387464095,0.5769937785070415
tid_704,24,public_administration_education_health_headcount_share,0.5021618282890673,True,0.5849679585680764,0.586375457309243,0.5758689456322309,0.5672909779978315
tid_705,24,public_administration_education_health_headcount_share,0.4434418726297894,True,0.44976884450522936,0.48646561904958674,0.42787489645451937,0.43706884916973165
tid_706,24,public_administration_education_health_headcount_share,0.7060969254820219,True,0.5573233216189386,0.5763388288859963,0.5550710461006132,0.5315944886880678
tid_708,24,public_administration_education_health_headcount_share,0.2294476785460741,True,0.5076384692810988,0.4807776395485313,0.48472616417770614,0.48244619049912724
tid_710,24,public_administration_education_health_headcount_share,0.6793804453049371,True,0.4990933840219025,0.5065782898081227,0.482176521275146,0.48256906199718835
tid_711,24,public_administration_education_health_headcount_share,0.5635792778649922,True,0.5532160415598882,0.6111226186444626,0.5367326887248696,0.5457243809341952
tid_712,24,public_administration_education_health_headcount_share,0.6223277909738717,True,0.5679511321968786,0.656112519427155,0.5733723932622183,0.5638039825301298
tid_713,24,public_administration_education_health_headcount_share,,False,0.5771907270143839,0.6830732112326854,0.5976208541952323,0.6152918897164408
tid_714,24,public_administration_education_health_headcount_share,0.4004299919376511,True,0.4536684178227921,0.5076302714058223,0.4223557739244724,0.4461947439544976
tid_715,24,public_administration_education_health_headcount_share,0.7330654420206659,True,0.627652128725338,0.6145913675839839,0.6187608429144994,0.6021486525798642
tid_716,24,public_administration_education_health_headcount_share,0.0861478850500484,True,0.3812698939631222,0.25572940128334753,0.3754416436461494,0.42068556623764963
tid_717,24,public_administration_education_health_headcount_share,0.6105230386052304,True,0.5814491876485629,0.5881159788269162,0.5589791250518782,0.5765221857441504
tid_718,24,public_administration_education_health_headcount_share,0.2408117364412411,True,0.4030190314528958,0.31761059405804815,0.41177867484648206,0.41026641758179266
tid_719,24,public_administration_education_health_headcount_share,,False,0.601265068969546,0.6405089534285129,0.589099856852821,0.5807059887962044
tid_720,24,public_administration_education_health_headcount_share,0.118805120910384,True,0.33937580798117484,0.1298183396568588,0.34664903062805535,0.3344311862699565
tid_721,24,public_administration_education_health_headcount_share,,False,0.6205913489596853,0.6371503983906625,0.6072431396902762,0.6042668870062099
tid_722,24,public_administration_education_health_headcount_share,0.30545229244114,True,0.4956414826733645,0.5117307753172811,0.5378626397820679,0.49654013154952054
tid_723,24,public_administration_education_health_headcount_share,0.5159407274360126,True,0.5452540696018738,0.5299342629166819,0.534216459057917,0.5329161663858887
tid_725,24,public_administration_education_health_headcount_share,0.5288004227584993,True,0.4942052632336093,0.48153753724009657,0.5456691003334951,0.4909193347897913
tid_726,24,public_administration_education_health_headcount_share,0.2186986140474512,True,0.36371046209666646,0.13347119549947253,0.37326266713990225,0.3658940231405451
tid_775,25,manufacturing_headcount_share,0.0688412590526636,True,0.04447703367900394,0.10472538417596057,0.03908252005475815,0.0206463738493297
tid_776,25,manufacturing_headcount_share,0.5398646417959723,True,0.11809115680308596,0.13991762681438139,0.10300412242556631,0.07199317721965894
tid_777,25,manufacturing_headcount_share,0.0742527477992738,True,0.16184261077994574,0.19900132545567162,0.15981332703669288,0.1868312285254788
tid_778,25,manufacturing_headcount_share,0.6376230404666423,True,0.04607150836526842,0.09864121512546209,0.05112782810672318,0.031987578487350773
tid_779,25,manufacturing_headcount_share,0.2206905436743107,True,0.1483542672315922,0.1809101490964152,0.16607633352785134,0.2112574910382628
tid_780,25,manufacturing_headcount_share,0.0426212040490143,True,0.1271371360965931,0.07743704078176183,0.13617719642016435,0.1150997898802857
tid_781,25,manufacturing_headcount_share,0.0996032870501558,True,0.1540564371152502,0.08108537166105467,0.1552749303846023,0.11458823988041611
tid_782,25,manufacturing_headcount_share,0.1255957829613964,True,0.2050641259996661,0.2284312513654058,0.17568293334526647,0.2061481184161976
tid_783,25,manufacturing_headcount_share,0.000359066427289,True,0.17274478586971603,0.20353015556814197,0.17738780861821268,0.218163594623401
tid_784,25,manufacturing_headcount_share,0.0797297297297297,True,0.15061972270252333,0.09672137682186825,0.14881933084799548,0.12372919029383513
tid_785,25,manufacturing_headcount_share,0.1551513387660069,True,0.24362376724604262,0.22067381706021488,0.19949712277912507,0.22151004316517664
tid_787,25,manufacturing_headcount_share,,False,0.19591838925538724,0.06814037733876645,0.1790087605202996,0.1626384018597908
tid_788,25,manufacturing_headcount_share,,False,0.11184620793704235,0.005341238238904044,0.0319453717277948,0.04230084013000919
tid_789,25,manufacturing_headcount_share,,False,0.08090284665177634,0.07001216951196917,0.08275814410262754,0.05039650466164271
tid_790,25,manufacturing_headcount_share,,False,0.09275515161988124,0.03163378174149351,0.026229515575566142,0.012576375206119308
tid_791,25,manufacturing_headcount_share,,False,0.12048099705742996,0.046961608669297446,0.07983956843462038,0.08904118868196682
tid_792,25,manufacturing_headcount_share,,False,0.16208705342378354,0.09203458141690832,0.1354556616110656,0.1437638669237946
tid_793,25,manufacturing_headcount_share,0.1285914505956552,True,0.11144294274838804,0.09573076000835962,0.09458227867560384,0.08732062336650347
tid_794,25,manufacturing_headcount_share,0.194916950170102,True,0.16210850027870152,0.1466481508700549,0.14336226908960803,0.10722237379671931
tid_795,25,manufacturing_headcount_share,,False,0.12661883326092127,0.09415547330930087,0.1104630288403811,0.10871580996624827
tid_796,25,manufacturing_headcount_share,,False,0.2584643791079239,0.07346798728722813,0.1937393097985605,0.22214540978941577
tid_797,25,manufacturing_headcount_share,0.0213039014373716,True,0.0994720803995325,0.07780706987145694,0.08846138674293572,0.06198925702114825
tid_798,25,manufacturing_headcount_share,0.0011210762331838,True,0.06304075684449403,0.07112437167791322,0.005172059890912534,0.087315845156156
tid_799,25,manufacturing_headcount_share,,False,0.08519749771388105,0.08991125324522524,0.06715136400165748,0.06018096679245674
tid_800,25,manufacturing_headcount_share,0.3526478679504814,True,0.195825423179799,0.08497551072409018,0.13665232247619197,0.1394721559708368
tid_801,25,manufacturing_headcount_share,0.2245164662833246,True,0.17970544038282882,0.06627164755656885,0.17955838537106975,0.18906152133956952
tid_802,25,manufacturing_headcount_share,,False,0.12592609464462276,0.060652557612958895,0.14471463879271068,0.15033649384632963
tid_803,25,manufacturing_headcount_share,0.1366296670030272,True,0.0798847120093646,0.08865609420378558,0.06317689877603652,0.05589610370845472
tid_804,25,manufacturing_headcount_share,,False,0.10665425046454045,0.05420858136531252,0.10240850094452572,0.11557688754311776
tid_805,25,manufacturing_headcount_share,0.102087353095948,True,0.13991844671180328,0.10204598280376861,0.07402332313646648,0.10913621397220134
tid_806,25,manufacturing_headcount_share,0.0471956224350205,True,0.1572932148214393,0.0745210223051948,0.09017931902654219,0.07282322811251972
tid_807,25,manufacturing_headcount_share,,False,0.2018707560392613,0.11774930778265051,0.14949675535288068,0.14932134644331058
tid_808,25,manufacturing_headcount_share,0.0041763341067285,True,0.2859717465897767,0.07314881487860099,0.2795939198131919,0.2759591502964597
tid_775,25,agriculture_headcount_share,0.0300583589190709,True,0.016737326712374635,0.025132555519544072,0.016598793176382663,0.019825702643968192
tid_776,25,agriculture_headcount_share,,False,0.05031394824036024,0.05680127094517263,0.051011300148805276,0.0564719077830398
tid_777,25,agriculture_headcount_share,0.0650022380265579,True,0.014852330858191683,0.016299966679586816,0.017046153235807868,0.01631506909837327
tid_778,25,agriculture_headcount_share,,False,0.05789621927475907,0.034834225422042585,0.05503648255910584,0.06219604578980751
tid_779,25,agriculture_headcount_share,,False,0.09669050861150287,0.09687141490140604,0.0876654082372503,0.10950355822945923
tid_780,25,agriculture_headcount_share,,False,0.10405641247102226,0.0854697586335314,0.1017186658137761,0.09064744576786384
tid_781,25,agriculture_headcount_share,,False,0.09226337652634949,0.09287907130709619,0.09347722282883197,0.08954928543100227
tid_782,25,agriculture_headcount_share,0.0537230516713487,True,0.012926997570435701,0.01837282197303269,0.013085184678375869,0.010293665354801303
tid_783,25,agriculture_headcount_share,0.0245960502692998,True,0.1072804522693061,0.06552036739223266,0.107554509150159,0.12807297746994195
tid_784,25,agriculture_headcount_share,,False,0.07807695748041667,0.08028022099198295,0.07968619270593601,0.08536896857126855
tid_785,25,agriculture_headcount_share,0.0211001164144353,True,0.008978718258648427,0.015796791158974356,0.012561718526194681,0.011591868659388223
tid_787,25,agriculture_headcount_share,,False,0.06337828235059031,0.051275656399810486,0.08223370541686909,0.059404159554263904
tid_788,25,agriculture_headcount_share,,False,0.09146003482922277,0.020480667023065433,0.09904111155936438,0.047384622022315026
tid_789,25,agriculture_headcount_share,,False,0.05680181562047747,0.07486674741781162,0.06902045330060003,0.08503550496109086
tid_790,25,agriculture_headcount_share,0.0212765957446808,True,0.08445386229788485,0.07411510806251109,0.08166197582091352,0.06444331836655044
tid_791,25,agriculture_headcount_share,0.1198241113961157,True,0.06470123870369622,0.07234323361132723,0.049617898668736685,0.0536737363968708
tid_792,25,agriculture_headcount_share,,False,0.030760551004553438,0.0942001143011441,0.07681182789068051,0.046671566281108814
tid_793,25,agriculture_headcount_share,0.1830763840224246,True,0.2104557917113206,0.10199652807285897,0.17944818097344464,0.1455432057104715
tid_794,25,agriculture_headcount_share,,False,0.05782902904283561,0.04646473213251087,0.046625752977698685,0.05605685319219286
tid_795,25,agriculture_headcount_share,0.0487193763919821,True,0.06357397734304195,0.06438877341407404,0.0924544222098086,0.0704570705954654
tid_796,25,agriculture_headcount_share,,False,0.06529757530948672,0.10136462258386969,0.0742651018485459,0.08316525336526641
tid_797,25,agriculture_headcount_share,0.0361909650924024,True,0.0765139499094248,0.07888086977996821,0.06653571964040575,0.06754637410225231
tid_798,25,agriculture_headcount_share,,False,0.06028751610670606,0.06547251896771451,0.06451584218540705,0.06699789431624713
tid_799,25,agriculture_headcount_share,0.009188361408882,True,0.045619639695431195,0.08596237273804694,0.06979748956093658,0.04119332404104492
tid_800,25,agriculture_headcount_share,0.1009284731774415,True,0.028015626514098127,0.05545939668126973,0.028021713719354874,0.02291622431572753
tid_801,25,agriculture_headcount_share,0.416884474647151,True,0.07829199393421792,0.10878893334207723,0.07623500256827967,0.080756831572143
tid_802,25,agriculture_headcount_share,0.1668928086838534,True,0.09356606045072544,0.08112994515010814,0.10614276971827682,0.10079581959046212
tid_803,25,agriculture_headcount_share,0.0119071644803229,True,0.044264214800175436,0.0655798267372936,0.06827982244477243,0.04213629573537913
tid_804,25,agriculture_headcount_share,0.0123203285420944,True,0.03332722533360084,0.05068690702215958,0.04913541473183361,0.0725819493179953
tid_805,25,agriculture_headcount_share,,False,0.1263747493379742,0.07816329897751308,0.12772368802095188,0.0955692050844803
tid_806,25,agriculture_headcount_share,0.0601915184678522,True,0.07839387438294708,0.11559224688125394,0.08826726424278132,0.058582658592131846
tid_807,25,agriculture_headcount_share,,False,0.06311711691060434,0.062424193113411984,0.04415211363900755,0.041269734935915764
tid_808,25,agriculture_headcount_share,,False,0.04333534325297852,0.09675623344162392,0.06683303774453056,0.05198533621133114
tid_775,25,public_administration_education_health_headcount_share,0.3777392364122155,True,0.33160045358096935,0.37977100768017413,0.32014526654360215,0.31503322667342226
tid_776,25,public_administration_education_health_headcount_share,0.3076923076923077,True,0.37478295889594493,0.4199723843463394,0.3732095919219992,0.41854393299771486
tid_777,25,public_administration_education_health_headcount_share,0.3594767991246829,True,0.3258988046828211,0.41419135709620436,0.370784948976364,0.32602182277217895
tid_778,25,public_administration_education_health_headcount_share,0.1830842143638352,True,0.36585294880402036,0.38993084001548123,0.3586424818749697,0.3956924427079457
tid_779,25,public_administration_education_health_headcount_share,0.3491368204071116,True,0.41726886544790903,0.4638242257386945,0.3958587058293251,0.34586187818924113
tid_780,25,public_administration_education_health_headcount_share,0.5202450719232818,True,0.40876774077810996,0.43372148504038727,0.4238407935387902,0.41387950195004125
tid_781,25,public_administration_education_health_headcount_share,0.4586285066591102,True,0.4459166322899048,0.4834964288693004,0.4614317336633854,0.45503576084792824
tid_782,25,public_administration_education_health_headcount_share,0.2885009942867965,True,0.29792205295250934,0.3575177674370431,0.3410049006042778,0.30620371587113837
tid_783,25,public_administration_education_health_headcount_share,0.5131059245960503,True,0.3979830887203986,0.48142487362619263,0.40620936593852364,0.37013380358375236
tid_784,25,public_administration_education_health_headcount_share,0.5163663663663663,True,0.4163731889278275,0.4330062476665548,0.4344483695230447,0.42578529308464835
tid_785,25,public_administration_education_health_headcount_share,0.4648428405122235,True,0.3309860503157006,0.3978290192272199,0.366355715812687,0.32370573551197257
tid_787,25,public_administration_education_health_headcount_share,,False,0.5407410724067454,0.5673642238186046,0.5497551220575919,0.5689296345624372
tid_788,25,public_administration_education_health_headcount_share,,False,0.617938217881155,0.643917823379562,0.6669746364135214,0.6967489311790377
tid_789,25,public_administration_education_health_headcount_share,0.6454151908697363,True,0.4073475771249491,0.5036546476617948,0.4472938161480685,0.4414358616124173
tid_790,25,public_administration_education_health_headcount_share,0.6840966462315182,True,0.4666453617423549,0.5985453019362518,0.5054519524364645,0.503590296260114
tid_791,25,public_administration_education_health_headcount_share,0.4661048002931476,True,0.5405745929605336,0.5842141167799952,0.5492131725546937,0.5368021783443412
tid_792,25,public_administration_education_health_headcount_share,0.2308746915272827,True,0.5495670596029739,0.4907472404580779,0.5483658234838567,0.5325046751309802
tid_793,25,public_administration_education_health_headcount_share,0.3759635599159075,True,0.4554718263390856,0.4424284604592248,0.5102586469716185,0.53726973962295
tid_794,25,public_administration_education_health_headcount_share,0.5159095457274364,True,0.3705253770279659,0.4164716939583842,0.3851024276594091,0.4197021978810338
tid_795,25,public_administration_education_health_headcount_share,0.6817928730512249,True,0.5067937514156109,0.46907288829510746,0.5492564248915424,0.5839037286202929
tid_796,25,public_administration_education_health_headcount_share,,False,0.5064352700649657,0.6008148297983542,0.5048684930405293,0.5078383601008019
tid_797,25,public_administration_education_health_headcount_share,0.7222792607802875,True,0.5119594882799179,0.4715002943911359,0.5420571478767423,0.52936107548133
tid_798,25,public_administration_education_health_headcount_share,0.5889387144992526,True,0.4566978026590349,0.42601962747932814,0.5362538140782541,0.4571990062047581
tid_799,25,public_administration_education_health_headcount_share,0.3340352220520673,True,0.4357454743885515,0.32996550719306644,0.459400338421028,0.4826794145945524
tid_800,25,public_administration_education_health_headcount_share,0.4559834938101788,True,0.5502741002237113,0.5981249852786378,0.5886458667578899,0.6149129619784985
tid_801,25,public_administration_education_health_headcount_share,,False,0.48804603741474095,0.5095503999649793,0.5141996593636414,0.5146657082783427
tid_802,25,public_administration_education_health_headcount_share,0.6250565355042967,True,0.49024984022339835,0.5153196127208377,0.4867481293534653,0.4900217155867627
tid_803,25,public_administration_education_health_headcount_share,0.3780020181634712,True,0.4530306435528912,0.4398837667477116,0.459400338421028,0.4877333512500164
tid_804,25,public_administration_education_health_headcount_share,0.7032854209445585,True,0.5939171507513428,0.4599984349602411,0.5183400093771259,0.5391580613415269
tid_805,25,public_administration_education_health_headcount_share,0.5428872127696895,True,0.4573988639844023,0.4572077308714756,0.4506019660651032,0.4819944399725234
tid_806,25,public_administration_education_health_headcount_share,0.6398768809849521,True,0.44255214331006854,0.4680677192028622,0.47705514217775513,0.4761204419534765
tid_807,25,public_administration_education_health_headcount_share,0.1987539887555083,True,0.4690517426403063,0.41689286491332916,0.5204102335618779,0.5291500270551904
tid_808,25,public_administration_education_health_headcount_share,0.5874709976798144,True,0.5745370754552521,0.5953737953790044,0.5475153191099685,0.5573316604969945
tid_2876,26,manufacturing_headcount_share,0.0236061973892887,True,0.2234411065126856,0.16782098137414997,0.24613063274033123,0.235942285663889
tid_2881,26,manufacturing_headcount_share,0.0247407087294727,True,0.17528467518051188,0.09048988019243029,0.17222170147761318,0.19388532233411945
tid_809,26,manufacturing_headcount_share,0.0943781299307127,True,0.22479255527488837,0.16018393790108995,0.2068735250743199,0.2110346510781272
tid_810,26,manufacturing_headcount_share,0.2519293655984303,True,0.2090852816955483,0.1546819740955609,0.20613188083587336,0.22233730459518242
tid_812,26,manufacturing_headcount_share,,False,0.23769819190680586,0.1765393417384593,0.24110375679711885,0.22314289880918867
tid_813,26,manufacturing_headcount_share,,False,0.2623475435920682,0.2505343184336118,0.2344836993904763,0.23595445865386142
tid_814,26,manufacturing_headcount_share,0.1209850107066381,True,0.2533425547826814,0.2853739631471902,0.26087519053094155,0.3331306834508468
tid_815,26,manufacturing_headcount_share,0.052939825447864,True,0.19954092490134503,0.1584562964068932,0.21044396038044727,0.22941917093254618
tid_817,26,manufacturing_headcount_share,0.0461265523358959,True,0.21275057162734193,0.20326299797189967,0.23916583738949557,0.24233395613146744
tid_818,26,manufacturing_headcount_share,0.1657032755298651,True,0.3246823785905037,0.22770552368120417,0.29891069620556115,0.29414474547119795
tid_819,26,manufacturing_headcount_share,0.0977054651647893,True,0.29603522849229896,0.22808627492052228,0.27875828291048393,0.28524488452479946
tid_820,26,manufacturing_headcount_share,0.371194601357243,True,0.303455898623746,0.27231483903249465,0.34203450449081463,0.3168222546002455
tid_821,26,manufacturing_headcount_share,,False,0.2203677592755279,0.16416001661178622,0.25692573055379064,0.24958364140796033
tid_822,26,manufacturing_headcount_share,0.0823167255729107,True,0.2305488575585729,0.17477413308326042,0.23912064660842555,0.24123109140814533
tid_823,26,manufacturing_headcount_share,0.0844865963418174,True,0.20940538959098484,0.15738933716686776,0.23237361593207825,0.18507574228352014
tid_824,26,manufacturing_headcount_share,0.0614978688857316,True,0.1996934657770699,0.13537820013397284,0.2232870378914552,0.2103650356532861
tid_825,26,manufacturing_headcount_share,0.1832731648616125,True,0.18429310322416992,0.16042224908874106,0.20607973925346576,0.21166672698869277
tid_826,26,manufacturing_headcount_share,,False,0.14944861366945347,0.13347736783439937,0.167126967241469,0.1593033325137049
tid_827,26,manufacturing_headcount_share,,False,0.18122697598366702,0.15577944422245585,0.24145258376641215,0.2117164366973637
tid_828,26,manufacturing_headcount_share,0.0137623570459391,True,0.10741097917403417,0.12119850916202266,0.16314716993514192,0.1391847201948881
tid_829,26,manufacturing_headcount_share,,False,0.0703587510700196,0.14505000743906085,0.10635982621694391,0.08118396704916128
tid_830,26,manufacturing_headcount_share,0.1726636374800442,True,0.2079970304731855,0.20666951404757145,0.20934933888544685,0.2564518174078833
tid_831,26,manufacturing_headcount_share,,False,0.1643107922743193,0.15656559615150523,0.20261575097973947,0.19891036784489954
tid_832,26,manufacturing_headcount_share,0.0916790175735761,True,0.1526390978858967,0.16715373894189578,0.17651140426627235,0.2169094174845454
tid_833,26,manufacturing_headcount_share,,False,0.1617590974441581,0.18438087308889542,0.22208456571389695,0.19143740690372013
tid_834,26,manufacturing_headcount_share,0.0103880831046648,True,0.15671639610343766,0.14208622167352794,0.17603885408547457,0.17897602593096335
tid_835,26,manufacturing_headcount_share,0.010166358595194,True,0.20627574569380452,0.20406001529185824,0.1901861053533962,0.23122988843628317
tid_836,26,manufacturing_headcount_share,0.0109123976962715,True,0.1194987561372268,0.18406605694584388,0.18212643758610042,0.15639289739130727
tid_838,26,manufacturing_headcount_share,,False,0.05523035838047332,0.16752590150343197,0.07992982817568978,0.0770202326693574
tid_839,26,manufacturing_headcount_share,0.0066560170394036,True,0.12438484267445478,0.19219739945066808,0.20588797920322377,0.17930699723790636
tid_840,26,manufacturing_headcount_share,,False,0.1121277988675892,0.12328013180620588,0.12140247850410908,0.15779071924904922
tid_841,26,manufacturing_headcount_share,0.0597579425113464,True,0.21116744103788607,0.272490639528573,0.2324507864759372,0.21684528920034038
tid_2876,26,agriculture_headcount_share,,False,0.015060938486260863,0.013337220605049572,0.01286468374478726,0.013465926284432165
tid_2881,26,agriculture_headcount_share,0.2227744165946413,True,0.04330338904237913,0.0402852749622499,0.03954616612308148,0.046534140234327406
tid_809,26,agriculture_headcount_share,0.0045705563559031,True,0.00998525548245585,0.007291284237878476,0.009896898335227229,0.009073216726856652
tid_810,26,agriculture_headcount_share,0.1772400261608894,True,0.06583115046275986,0.05472574847975892,0.06997951780302027,0.06707929501411729
tid_812,26,agriculture_headcount_share,,False,0.019792870006826845,0.016290488221403467,0.015869564059323035,0.01801712678331214
tid_813,26,agriculture_headcount_share,,False,0.057161626387421866,0.031566630561006954,0.05445289552906933,0.0581254378574591
tid_814,26,agriculture_headcount_share,0.1868903164406376,True,0.004019007644628733,0.0420161164794324,0.007003992247317476,0.014309894790596247
tid_815,26,agriculture_headcount_share,0.2567753789618741,True,0.07139854607529036,0.0756464903858474,0.06911946768450349,0.07120573500568741
tid_817,26,agriculture_headcount_share,0.2174748669426374,True,0.05552052778724278,0.07360703908956463,0.06142102248073249,0.07031710842757256
tid_818,26,agriculture_headcount_share,,False,0.06578328551818242,0.039910013953304777,0.07552414606462289,0.05960499723130626
tid_819,26,agriculture_headcount_share,0.0252398831873174,True,0.015942533296753488,0.008482629143790036,0.012148935872204567,0.012957923567787457
tid_820,26,agriculture_headcount_share,0.0167949349812336,True,0.020494869118198162,0.0155881632258957,0.01651666832153517,0.018366437891644567
tid_821,26,agriculture_headcount_share,0.031591263650546,True,0.06969665834021631,0.0817467071025101,0.06911946768450349,0.06470779881097181
tid_822,26,agriculture_headcount_share,0.2736290046744955,True,0.03975372445193891,0.03777788788109707,0.04775597198537721,0.04422645465429634
tid_823,26,agriculture_headcount_share,0.0945514371431336,True,0.07308956044080056,0.04736592061448737,0.07528104208207638,0.05704948368116491
tid_824,26,agriculture_headcount_share,0.0062918611731276,True,0.00998525548245585,0.005040359078770081,0.009896898335227229,0.009073216726856652
tid_825,26,agriculture_headcount_share,0.196028880866426,True,0.07139854607529036,0.07089409332850455,0.07162880467049144,0.07120573500568741
tid_826,26,agriculture_headcount_share,0.0400190566936636,True,0.08339884064824535,0.07183915332448115,0.08673036353209974,0.09185634472884156
tid_827,26,agriculture_headcount_share,0.0964607911172796,True,0.11307115829577839,0.08129315257505854,0.0971294758121832,0.10514327590267257
tid_828,26,agriculture_headcount_share,0.4018220585384764,True,0.10133885993933192,0.08265841958367282,0.097755783812125,0.11529539648710548
tid_829,26,agriculture_headcount_share,0.1427480916030534,True,0.1057440221358261,0.08000469221696659,0.08553218626891175,0.10741216910113972
tid_830,26,agriculture_headcount_share,0.0765074296942159,True,0.0464220038174191,0.060044126850867165,0.04420630543418346,0.04785635919312207
tid_831,26,agriculture_headcount_share,0.1196275071633237,True,0.06045574870607731,0.09711626717554765,0.06176446779116111,0.07804738467363898
tid_832,26,agriculture_headcount_share,0.1986025831039593,True,0.10876191857973633,0.07419500746312595,0.10959315399029375,0.12220139608671975
tid_833,26,agriculture_headcount_share,0.4266277939747327,True,0.09009295839456746,0.07526040732036615,0.08402433371809473,0.08089898781496468
tid_834,26,agriculture_headcount_share,0.064876519012152,True,0.08356539309110604,0.06546674035235539,0.07298012687439677,0.08579708718032021
tid_835,26,agriculture_headcount_share,0.0942698706099815,True,0.06812355873122353,0.08337025688624806,0.06037025365652662,0.07128716797835111
tid_836,26,agriculture_headcount_share,0.3304031524704456,True,0.10958083451399904,0.10041394339795637,0.08470409686709272,0.10448351987925894
tid_838,26,agriculture_headcount_share,0.1855432780847145,True,0.10365084045131927,0.10539879572265026,0.08738897501778707,0.11183165574998191
tid_839,26,agriculture_headcount_share,0.3447816826411075,True,0.10217857326609583,0.04929749769563045,0.10104748435384277,0.1177606789576042
tid_840,26,agriculture_headcount_share,0.1915194346289752,True,0.14154627563595906,0.07739484180416673,0.14201327184374316,0.12972653265667786
tid_841,26,agriculture_headcount_share,0.0943474075092834,True,0.052726348552735766,0.05437146338133463,0.04087975872605059,0.05110573726504136
tid_2876,26,public_administration_education_health_headcount_share,0.7587532023911187,True,0.40133224384552274,0.39192591361115986,0.39958908744251176,0.415398740804892
tid_2881,26,public_administration_education_health_headcount_share,0.4438202247191011,True,0.5642694636207336,0.5919701365570946,0.5357482846581072,0.5548425784868977
tid_809,26,public_administration_education_health_headcount_share,0.5022895657542704,True,0.38072456620028106,0.40046753635044513,0.39250853183251916,0.40097702251180245
tid_810,26,public_administration_education_health_headcount_share,0.3997383911052976,True,0.4288934247920441,0.4736636338242035,0.4481730952988726,0.43801487230808245
tid_812,26,public_administration_education_health_headcount_share,0.7438483777706393,True,0.3892990066153064,0.3692069260037884,0.3882720961499386,0.41814463061652307
tid_813,26,public_administration_education_health_headcount_share,0.7083240596483419,True,0.3907718516516737,0.4471000930337059,0.43711566674813873,0.41619472009427677
tid_814,26,public_administration_education_health_headcount_share,0.2648108493932905,True,0.3788298035213324,0.4051340397557687,0.38636771261908026,0.36119412352366453
tid_815,26,public_administration_education_health_headcount_share,0.4193844740468535,True,0.45862689627916536,0.4264669894568357,0.467479592457081,0.44867082564876853
tid_817,26,public_administration_education_health_headcount_share,0.4779716144293318,True,0.450382038336998,0.46135565702532066,0.44121206535801993,0.4487087491489983
tid_818,26,public_administration_education_health_headcount_share,0.4270231213872832,True,0.3829734071483691,0.37988025561984207,0.4056981836090999,0.37547240988225505
tid_819,26,public_administration_education_health_headcount_share,0.3431372549019608,True,0.3538248539609064,0.3708269568670364,0.35543225409881934,0.3767958771617484
tid_820,26,public_administration_education_health_headcount_share,0.2402092732304659,True,0.3419762967908123,0.32101992710964233,0.31470055080099374,0.323965377386828
tid_821,26,public_administration_education_health_headcount_share,0.4546281851274051,True,0.44621807724483165,0.49736373906912,0.4560998004235022,0.4294352668298166
tid_822,26,public_administration_education_health_headcount_share,0.3828525823737316,True,0.42716215766329135,0.46614076375168034,0.4164692844195138,0.4132264252915211
tid_823,26,public_administration_education_health_headcount_share,0.3893351398432207,True,0.4229447455185919,0.4861456657252761,0.43544061951021823,0.44313710665200895
tid_824,26,public_administration_education_health_headcount_share,0.4689321232856853,True,0.38979301279073414,0.389088883764695,0.3974568130935951,0.40354646222861
tid_825,26,public_administration_education_health_headcount_share,0.441034897713598,True,0.4417008320227859,0.5227772876454125,0.4560998004235022,0.43856420093543086
tid_826,26,public_administration_education_health_headcount_share,0.6724630776560266,True,0.46542140360168593,0.46997443587969323,0.46974281506973253,0.4642306627126011
tid_827,26,public_administration_education_health_headcount_share,0.6335877862595419,True,0.46553315023784236,0.43090477753907963,0.4551479399602831,0.45946564100010123
tid_828,26,public_administration_education_health_headcount_share,0.4452413258383407,True,0.5021585863515241,0.5002751292816426,0.49262666959558465,0.5071691666166005
tid_829,26,public_administration_education_health_headcount_share,0.632824427480916,True,0.5937534932873796,0.5531279335589823,0.5907477271490448,0.5679763407531364
tid_830,26,public_administration_education_health_headcount_share,0.4422817143558885,True,0.45464656984678226,0.5126589293443786,0.46511003971148973,0.4006100005083995
tid_831,26,public_administration_education_health_headcount_share,0.6035100286532952,True,0.46345392579524647,0.4862276900380351,0.45836077532243735,0.45283417974204204
tid_832,26,public_administration_education_health_headcount_share,0.5095278424730044,True,0.4467318285430357,0.4407155330234708,0.46000997315688485,0.4315525346949621
tid_833,26,public_administration_education_health_headcount_share,0.3828960155490767,True,0.454562714686101,0.40702168624055424,0.44688925587236805,0.43796473536804803
tid_834,26,public_administration_education_health_headcount_share,0.6583692669541357,True,0.5323965927523772,0.7349920686027271,0.5951142582616327,0.5364534803000768
tid_835,26,public_administration_education_health_headcount_share,0.6580406654343808,True,0.5041122617791208,0.5020932578280277,0.497714260286609,0.5039066684747272
tid_836,26,public_administration_education_health_headcount_share,0.501364049712034,True,0.5600674201790067,0.5147822687926712,0.5566932182706845,0.5532678061315756
tid_838,26,public_administration_education_health_headcount_share,0.606353591160221,True,0.5595003846459511,0.5829719854565558,0.5626333989425297,0.5681099033927339
tid_839,26,public_administration_education_health_headcount_share,0.4480830670926518,True,0.43892574015413627,0.42657668842985197,0.4335555236962802,0.4363115990652827
tid_840,26,public_administration_education_health_headcount_share,,False,0.5254785454914399,0.6936765458339383,0.5094903087310669,0.48985874805452684
tid_841,26,public_administration_education_health_headcount_share,0.3648741576124329,True,0.3453476286326129,0.3277005734297148,0.3269116597650235,0.3146006344161386
tid_842,27,manufacturing_headcount_share,0.0477050670302204,True,0.03758014662085614,0.0799118036747277,0.018697644092677462,0.046987743783205554
tid_843,27,manufacturing_headcount_share,0.3281965039375172,True,0.10215737886050048,0.14033937544677993,0.10395481754541155,0.08173998132649773
tid_844,27,manufacturing_headcount_share,0.2594594594594595,True,0.26324424933264373,0.11733283371503961,0.21207894416680337,0.20301281985350358
tid_846,27,manufacturing_headcount_share,,False,0.09046729363609211,0.12234949992577504,0.07440517065737028,0.10113576541580105
tid_847,27,manufacturing_headcount_share,0.0504941775124767,True,0.10356238068637583,0.06029409220947849,0.0861514884185624,0.07533546968057322
tid_848,27,manufacturing_headcount_share,,False,0.03677507674109477,0.08024090624280446,0.04876192554762218,0.043456665067493044
tid_849,27,manufacturing_headcount_share,,False,0.05982243203248458,0.09702655610951155,0.07669710683422258,0.07421097497161841
tid_851,27,manufacturing_headcount_share,,False,0.15262894732215762,0.12125195521615802,0.12208205399333036,0.09127820126661217
tid_852,27,manufacturing_headcount_share,,False,0.13663601085931412,0.14869828781757205,0.1304908424745235,0.12328752058535677
tid_853,27,manufacturing_headcount_share,,False,0.049779433192815525,0.09850892365451798,0.05735682586681927,0.055865327756576565
tid_854,27,manufacturing_headcount_share,,False,0.14379235162151305,0.1489990087203267,0.14950264114534018,0.14294704536158345
tid_855,27,manufacturing_headcount_share,,False,0.15740166509123607,0.1782159789572559,0.17066689706865854,0.1536472080746025
tid_856,27,manufacturing_headcount_share,0.0218650719491683,True,0.10605785191363691,0.10587804289484193,0.08935994564507936,0.08448994762728906
tid_857,27,manufacturing_headcount_share,0.0324915824915824,True,0.061725921149459004,0.04505433651755812,0.0630609245207517,0.037021889167755714
tid_859,27,manufacturing_headcount_share,,False,0.13450219753094284,0.08813621656115893,0.11648425753764881,0.11544823964634222
tid_860,27,manufacturing_headcount_share,0.0406347679730704,True,0.1397868714526742,0.13994876124730735,0.15371229914866597,0.10665054624332147
tid_842,27,agriculture_headcount_share,0.0162008634401272,True,0.0175414616659504,0.04545051761553145,0.014047792641029644,0.01922747301107412
tid_843,27,agriculture_headcount_share,0.0022638702478937,True,0.024435987346600407,0.014158512270084718,0.024187484971565462,0.02013806422353768
tid_844,27,agriculture_headcount_share,0.0048364153627311,True,0.05345443830971527,0.03641624515056973,0.03343308236042722,0.034882295078842766
tid_846,27,agriculture_headcount_share,,False,0.051061275834559,0.04390271281693026,0.05395648642153407,0.027552817570862042
tid_847,27,agriculture_headcount_share,0.0818083961248654,True,0.044573075819354276,0.033940508241411455,0.03115609288907777,0.02453181709102137
tid_848,27,agriculture_headcount_share,,False,0.042839491363876075,0.04680951640160332,0.019957778927732,0.0251208389819844
tid_849,27,agriculture_headcount_share,,False,0.04627550701820587,0.06500438253335322,0.061088480801674554,0.05644846493207284
tid_851,27,agriculture_headcount_share,0.0255584624672972,True,0.061987701511234845,0.07866040120813336,0.03264461896921034,0.039658855967819186
tid_852,27,agriculture_headcount_share,0.034025629695095,True,0.14323828912505426,0.11214073514345507,0.11062292205854184,0.11082094081214575
tid_853,27,agriculture_headcount_share,0.0493752274657285,True,0.04493097291585714,0.10829012512335778,0.02131265358147009,0.02810701693618279
tid_854,27,agriculture_headcount_share,0.0940331146516713,True,0.0683013790724697,0.03719473208288627,0.055058959601661954,0.0793755574992468
tid_855,27,agriculture_headcount_share,0.0389380530973451,True,0.10540816331725751,0.09102859972000765,0.09582211486507523,0.11704994401601165
tid_856,27,agriculture_headcount_share,0.1110072883573164,True,0.005322309047348505,0.002813916266831965,0.009640399629603358,0.003152944782400436
tid_857,27,agriculture_headcount_share,0.1279461279461279,True,0.06590018941182106,0.11181844825507573,0.05970725325600568,0.04951192524855509
tid_859,27,agriculture_headcount_share,0.0403337969401947,True,0.07803008400103781,0.082062941384347,0.08002143017923892,0.07215082106727407
tid_860,27,agriculture_headcount_share,0.0260880019235393,True,0.05703166907731539,0.06916225770841168,0.040529113237256845,0.06243604433668936
tid_842,27,public_administration_education_health_headcount_share,0.4223926380368098,True,0.35650225898333987,0.4019017481769035,0.3440022087863574,0.35383224071149655
tid_843,27,public_administration_education_health_headcount_share,0.3730049643440436,True,0.35163986519831625,0.34307772166042405,0.33843582881915996,0.36913434845554327
tid_844,27,public_administration_education_health_headcount_share,0.4380275011853959,True,0.3583555590704429,0.2607496329457175,0.3717846582122815,0.3892766428864296
tid_846,27,public_administration_education_health_headcount_share,0.5426136363636364,True,0.45754046579637003,0.4397442687279841,0.4828779908146532,0.4697543994983709
tid_847,27,public_administration_education_health_headcount_share,0.2449359037087777,True,0.29073158020931,0.3252591042043173,0.2913087714012889,0.31500595921104035
tid_848,27,public_administration_education_health_headcount_share,0.2187533993255738,True,0.4258425497496124,0.38056818467337844,0.4289461890543997,0.42123629555363434
tid_849,27,public_administration_education_health_headcount_share,0.6951066499372648,True,0.5832896060148859,0.4635922961963755,0.5213017635848919,0.5577472033988147
tid_851,27,public_administration_education_health_headcount_share,0.7305292815455826,True,0.5257079401530048,0.5141200927391697,0.5158572567746982,0.5132669029250553
tid_852,27,public_administration_education_health_headcount_share,0.3360583296509059,True,0.5876961546288971,0.4342253546440456,0.61630923992316,0.5993525753096572
tid_853,27,public_administration_education_health_headcount_share,0.4079825306320514,True,0.40949979819201876,0.3397972293526705,0.4206966781492902,0.41442520413113965
tid_854,27,public_administration_education_health_headcount_share,0.2796001249609497,True,0.3433689839712949,0.2905353609166793,0.31190695547812114,0.3295200515972908
tid_855,27,public_administration_education_health_headcount_share,,False,0.4714702380668059,0.5397287134298399,0.4570796056295911,0.4446025435605688
tid_856,27,public_administration_education_health_headcount_share,0.5318632031396001,True,0.3468705420562113,0.357661991859936,0.34556473883503996,0.35579317354750006
tid_857,27,public_administration_education_health_headcount_share,0.4232323232323232,True,0.5406966565948395,0.33469009358429724,0.5186346417841959,0.5226383518385397
tid_859,27,public_administration_education_health_headcount_share,0.6088317107093185,True,0.6085343237085725,0.48018336431338055,0.6061349394018699,0.5775593169741895
tid_860,27,public_administration_education_health_headcount_share,0.5010819908631883,True,0.2902216397180557,0.36869472778647744,0.3162208296983108,0.32049863283946034
tid_870,28,manufacturing_headcount_share,,False,0.13846460957120843,0.15634588347559591,0.1089598458032883,0.12070878838132816
tid_871,28,manufacturing_headcount_share,0.1606756171502815,True,0.06390967054116153,0.08232431733350402,0.06635472180978325,0.009474621505802926
tid_872,28,manufacturing_headcount_share,,False,0.11983208680184454,0.11756662980894997,0.13320183312288342,0.10949548828527914
tid_873,28,manufacturing_headcount_share,0.0161164543800363,True,0.05592342877157915,0.12257677017433509,0.03252201935825437,0.06613970525052519
tid_874,28,manufacturing_headcount_share,,False,0.2501506734274396,0.13790170004657368,0.2135045796713697,0.20384199274661277
tid_875,28,manufacturing_headcount_share,,False,0.15306788927265025,0.10411011960771906,0.15392799515334368,0.1559125428665578
tid_876,28,manufacturing_headcount_share,,False,0.09219979384660061,0.06638101637536363,0.10556520329136491,0.095033522548406
tid_877,28,manufacturing_headcount_share,,False,0.1977222078516011,0.17483532045593525,0.17600413359501768,0.16274422032748617
tid_878,28,manufacturing_headcount_share,0.0422883295194508,True,0.05044587046111947,0.08467060353399417,0.0746840656528418,0.08421134709638534
tid_879,28,manufacturing_headcount_share,,False,0.17934046125284003,0.16719582197770144,0.16193716392716798,0.15546980810668384
tid_880,28,manufacturing_headcount_share,,False,0.12040583794619981,0.10060113288533211,0.10776758277891754,0.09673558038926001
tid_881,28,manufacturing_headcount_share,,False,0.11713862218879711,0.07271171271929709,0.09718869892050902,0.05803892706963186
tid_882,28,manufacturing_headcount_share,,False,0.12092473687232229,0.1031794694183425,0.11934450737297181,0.09742344678027967
tid_883,28,manufacturing_headcount_share,0.0913285600636436,True,0.11099521322745669,0.1421077894853328,0.08681724532742809,0.04223105740734558
tid_884,28,manufacturing_headcount_share,,False,0.2030645792358089,0.17213844737681144,0.20507856736738758,0.22123372112508818
tid_885,28,manufacturing_headcount_share,,False,0.14025785421867554,0.155758536423961,0.0903335502653316,0.14073530113517788
tid_886,28,manufacturing_headcount_share,0.019179958900088,True,0.08872673443247767,0.09042403740117995,0.09861510501173727,0.09689410171436584
tid_888,28,manufacturing_headcount_share,,False,0.07946412608507177,0.11056100942761789,0.08200043153588399,0.07315261816824342
tid_889,28,manufacturing_headcount_share,,False,0.22473128306173693,0.14285701013962773,0.2145451196476906,0.20832053386114172
tid_870,28,agriculture_headcount_share,0.0596446700507614,True,0.04919242146999229,0.06888754104293868,0.03864705379140028,0.047111932019712734
tid_871,28,agriculture_headcount_share,0.1351234300563014,True,0.10748657845019143,0.06645634143366172,0.10992201976837036,0.08663494197136362
tid_872,28,agriculture_headcount_share,0.162779397473275,True,0.07197666416315227,0.059544568291682705,0.06589452943139221,0.07674627125394623
tid_873,28,agriculture_headcount_share,0.0384715362620223,True,0.11091382317478174,0.06359360263770517,0.10960020721607612,0.10172322078038731
tid_874,28,agriculture_headcount_share,0.0278164116828929,True,0.09719117830603104,0.10525617361765294,0.09260027906952727,0.08860358149377087
tid_875,28,agriculture_headcount_share,,False,0.08937056280314495,0.09213315818765644,0.08273478427149379,0.095792727728924
tid_876,28,agriculture_headcount_share,0.1609916367980884,True,0.10834040009843376,0.07885119291359408,0.09065808539484499,0.0785795402091857
tid_877,28,agriculture_headcount_share,0.2940243257535695,True,0.08356955939214496,0.11787355236167826,0.053356443256173405,0.06110440295869268
tid_878,28,agriculture_headcount_share,0.0100686498855835,True,0.09740319295897318,0.04858561804835468,0.08301237991126469,0.07719048212818587
tid_879,28,agriculture_headcount_share,0.0506085842408712,True,0.07351070979131856,0.038430996623528446,0.06349181078838792,0.0650071022289954
tid_880,28,agriculture_headcount_share,0.1175115207373272,True,0.09991219622743211,0.0884511298945537,0.09135713610894616,0.07243530888437287
tid_881,28,agriculture_headcount_share,0.0471449487554904,True,0.09097989887420453,0.09973711347261892,0.091165923445272,0.06750588567913186
tid_882,28,agriculture_headcount_share,,False,0.19909454671307678,0.13495710502921032,0.17856586937610075,0.11055819207632546
tid_883,28,agriculture_headcount_share,,False,0.0975131109360051,0.08610041204375617,0.10996489990894326,0.1171321782245547
tid_884,28,agriculture_headcount_share,0.0090836653386454,True,0.055016044514168486,0.08432795440706194,0.06210029245994404,0.06498363122729768
tid_885,28,agriculture_headcount_share,0.0429093122337188,True,0.04251149524163922,0.07806171813665264,0.058137326736856156,0.04184264969067661
tid_886,28,agriculture_headcount_share,,False,0.056652392903604035,0.05383037208312149,0.07484274931532299,0.07153390009468319
tid_888,28,agriculture_headcount_share,0.0019753086419753,True,0.08301476762383839,0.09252879060547291,0.08522970908502094,0.0790266835498339
tid_889,28,agriculture_headcount_share,0.0172052035249685,True,0.09675955126136988,0.09871996782949058,0.10157871979017855,0.09989074742819831
tid_870,28,public_administration_education_health_headcount_share,0.5097292724196277,True,0.4818655716788371,0.49840345591390994,0.48130554381393265,0.47705008347838734
tid_871,28,public_administration_education_health_headcount_share,,False,0.39923780372343787,0.49297176637466356,0.44784401109642735,0.45074063409230974
tid_872,28,public_administration_education_health_headcount_share,0.5743440233236151,True,0.2773456311156652,0.4335253334003199,0.31099005268004637,0.2987386286587164
tid_873,28,public_administration_education_health_headcount_share,0.5053288276579153,True,0.4925516717976175,0.3993627905815823,0.5185530112842136,0.4850502353288315
tid_874,28,public_administration_education_health_headcount_share,0.5312934631432545,True,0.5425503091908943,0.45201795695306474,0.5662832501291261,0.5258776788765706
tid_875,28,public_administration_education_health_headcount_share,,False,0.3791529199466206,0.23407657401429233,0.3868014708122275,0.37816720393042424
tid_876,28,public_administration_education_health_headcount_share,0.6415770609318996,True,0.4522496989870828,0.5025059295556439,0.48464781852337957,0.4486219280534683
tid_877,28,public_administration_education_health_headcount_share,0.558434690639873,True,0.5102738771926165,0.45582953510257085,0.5614923402590543,0.5166593195736785
tid_878,28,public_administration_education_health_headcount_share,0.1205491990846682,True,0.48073059556121245,0.3259517957150613,0.5235977780089216,0.5100950367535202
tid_879,28,public_administration_education_health_headcount_share,0.695067264573991,True,0.5803460074444062,0.6998000858518143,0.6140555537889518,0.5795489875654887
tid_880,28,public_administration_education_health_headcount_share,0.7027649769585254,True,0.4924325033908113,0.5048111914309039,0.5220159807948964,0.5036181165518036
tid_881,28,public_administration_education_health_headcount_share,0.5101024890190337,True,0.4474444942808069,0.4904774153609932,0.4637218249942259,0.4995445210540077
tid_882,28,public_administration_education_health_headcount_share,0.7123287671232876,True,0.5051228192714654,0.538613804204477,0.5049352831338774,0.4841710634588981
tid_883,28,public_administration_education_health_headcount_share,0.1369928400954654,True,0.47627829073589234,0.31144840931156087,0.5135604398449232,0.5298681066692106
tid_884,28,public_administration_education_health_headcount_share,0.1697211155378486,True,0.39947287049249625,0.2287852345431974,0.426212538457159,0.42350833714969516
tid_885,28,public_administration_education_health_headcount_share,0.7452830188679245,True,0.50067509403962,0.497118414424865,0.5378448936004111,0.49121334031885017
tid_886,28,public_administration_education_health_headcount_share,0.1738917702319209,True,0.48787324192646553,0.3978185499891748,0.4885217168794827,0.46625214802960013
tid_888,28,public_administration_education_health_headcount_share,0.1474897119341564,True,0.4091967687626754,0.2419779699035426,0.4233309510361631,0.40358628241976524
tid_889,28,public_administration_education_health_headcount_share,,False,0.426044497472961,0.5191502013178799,0.4635691240914109,0.42698178756845373
tid_897,29,manufacturing_headcount_share,,False,0.18255947610105183,0.10742974292543384,0.20836862071829082,0.20894501917555647
tid_898,29,manufacturing_headcount_share,,False,0.21841213690600841,0.13985498697189547,0.21167176506593952,0.20798661651625702
tid_899,29,manufacturing_headcount_share,,False,0.15826054513012794,0.07348832651779849,0.09931031115214166,0.18010252177454816
tid_900,29,manufacturing_headcount_share,,False,0.20858772008673576,0.12176665222703932,0.2236334476370835,0.2131057774035319
tid_901,29,manufacturing_headcount_share,,False,0.19903291839988746,0.13642577224216754,0.20723035765837416,0.19839677855102703
tid_902,29,manufacturing_headcount_share,0.0779370952821461,True,0.03477402945863323,0.1376784591741542,0.0726845502875472,0.0714120787242388
tid_903,29,manufacturing_headcount_share,,False,0.16883951828795618,0.16517033708482587,0.15853072092404247,0.15299062094449278
tid_904,29,manufacturing_headcount_share,,False,0.14467957703969908,0.13686172983926578,0.1581094261987721,0.1526999494391408
tid_905,29,manufacturing_headcount_share,,False,0.12749013872669224,0.11650992099496595,0.13701823426211973,0.1640068136900934
tid_907,29,manufacturing_headcount_share,0.0127016821146584,True,0.19861674957003017,0.20570174594025314,0.20356159938756796,0.1714736102208443
tid_908,29,manufacturing_headcount_share,,False,0.09175258965081766,0.15871151407192127,0.11199739687843471,0.1299565838204913
tid_909,29,manufacturing_headcount_share,0.133754512635379,True,0.08205188431597828,0.13596368734386613,0.12767965762949046,0.12988134644893903
tid_911,29,manufacturing_headcount_share,0.0117170548242441,True,0.08217713978025674,0.07236627598643021,0.10755137802156482,0.11138953939621715
tid_912,29,manufacturing_headcount_share,,False,0.06228181657188424,0.05782390850631417,0.05644661104328712,0.03428029342745157
tid_913,29,manufacturing_headcount_share,,False,0.12576688518602316,0.16460970136422232,0.17565931008381724,0.14210164453519464
tid_914,29,manufacturing_headcount_share,,False,0.10255260310480764,0.20799879717196665,0.11431071760051897,0.0899524473539842
tid_915,29,manufacturing_headcount_share,,False,0.2505073252579397,0.1762240247361108,0.2501335804930505,0.25925642439335145
tid_897,29,agriculture_headcount_share,0.0861979437117042,True,0.07627700457069493,0.05995536510270395,0.07479222728289349,0.06676946043057806
tid_898,29,agriculture_headcount_share,0.1989473684210526,True,0.06723195917560935,0.1591316680356967,0.06496920070006897,0.07547163965460667
tid_899,29,agriculture_headcount_share,,False,0.07516991864159046,0.09225750636881967,0.0799918169069262,0.08244251672167609
tid_900,29,agriculture_headcount_share,0.0795927811198519,True,0.11420500039116874,0.08122225226491567,0.1005562398483302,0.10353084188471122
tid_901,29,agriculture_headcount_share,0.016545601291364,True,0.07371268854322302,0.07363364866833295,0.0976238310106764,0.07278539318359095
tid_902,29,agriculture_headcount_share,,False,0.10681674832679512,0.12715750985630456,0.11924835953868276,0.13093978511757567
tid_903,29,agriculture_headcount_share,,False,0.0987725072931157,0.10684976766209543,0.10877513597923216,0.10316271720276987
tid_904,29,agriculture_headcount_share,,False,0.14245470525623127,0.18426493102268,0.14268039606766167,0.14310583659453402
tid_905,29,agriculture_headcount_share,,False,0.10782117090330867,0.11941614433721816,0.1145745523193506,0.11703787714377735
tid_907,29,agriculture_headcount_share,0.0274630964641263,True,0.1474308497237959,0.11118751647961508,0.11836006098105291,0.12018210072183379
tid_908,29,agriculture_headcount_share,0.0788610871440897,True,0.09775214238073203,0.07699398719304529,0.08720819759814046,0.09881028295907658
tid_909,29,agriculture_headcount_share,0.0992779783393501,True,0.08673343023912353,0.0807989550092608,0.0725326790711097,0.09159632837388872
tid_911,29,agriculture_headcount_share,0.0169246347461304,True,0.10162199805416121,0.08856199425423346,0.10502869314124164,0.0935923858622297
tid_912,29,agriculture_headcount_share,0.0373714920811336,True,0.07114754712888678,0.07556707181071373,0.051308291540796705,0.07124355371797467
tid_913,29,agriculture_headcount_share,0.1262573707943114,True,0.08335327014096593,0.08717168353816884,0.07842928822623073,0.0894831318529638
tid_914,29,agriculture_headcount_share,0.1093214530500342,True,0.09809503950547961,0.0761151840934615,0.09585162616537153,0.10812375938149639
tid_915,29,agriculture_headcount_share,,False,0.15633797827615734,0.1238172053703973,0.1534358168495327,0.15398850998510613
tid_897,29,public_administration_education_health_headcount_share,0.4918475438778689,True,0.3526864176285998,0.4640999293352694,0.3561846376279495,0.3599849235610537
tid_898,29,public_administration_education_health_headcount_share,0.6773684210526316,True,0.5748528615999482,0.572857807537817,0.5871865972223953,0.6002703603555297
tid_899,29,public_administration_education_health_headcount_share,,False,0.5851736838970524,0.6001084589239793,0.6391432907251597,0.5354616783707818
tid_900,29,public_administration_education_health_headcount_share,0.6103655714946784,True,0.4780092938370497,0.5351809698491123,0.4760696329619044,0.49011182582126195
tid_901,29,public_administration_education_health_headcount_share,0.6638418079096046,True,0.4677970877705508,0.5094729749640154,0.43249674393237314,0.4734294122007548
tid_902,29,public_administration_education_health_headcount_share,0.4752543940795559,True,0.5358195936831127,0.4838824742254062,0.517921067181737,0.5351608755845724
tid_903,29,public_administration_education_health_headcount_share,0.4161866359447004,True,0.49547549124050855,0.48690753435866385,0.46156042166427197,0.47231292391097995
tid_904,29,public_administration_education_health_headcount_share,0.7176755447941888,True,0.5985751729118765,0.5504321619582839,0.5611391381969599,0.5787866836852168
tid_905,29,public_administration_education_health_headcount_share,0.4214811942613416,True,0.4044747259212743,0.4902277534302982,0.39353386676334956,0.4342656131483369
tid_907,29,public_administration_education_health_headcount_share,0.3323034672159285,True,0.47434863292756596,0.4611787031079445,0.5242312678133246,0.5359881084566052
tid_908,29,public_administration_education_health_headcount_share,0.4089732528041415,True,0.4023082809473053,0.3502280640669894,0.36549299785563055,0.4035100179152439
tid_909,29,public_administration_education_health_headcount_share,0.3859205776173285,True,0.401183687491768,0.35961437198821816,0.37728100748825555,0.4021434471962145
tid_911,29,public_administration_education_health_headcount_share,0.5136698972949515,True,0.43024969407774216,0.47201930375632445,0.3797703417002394,0.4120465644402944
tid_912,29,public_administration_education_health_headcount_share,0.3870519588774659,True,0.3122130849657899,0.39659503176355143,0.30329299442671087,0.31650387942102454
tid_913,29,public_administration_education_health_headcount_share,0.4314949705168227,True,0.4343573817104094,0.43033356441094667,0.3834012017008972,0.40383510350861923
tid_914,29,public_administration_education_health_headcount_share,0.6213159698423578,True,0.5405496490541642,0.5084666076604176,0.5458405820692092,0.5327536676816169
tid_915,29,public_administration_education_health_headcount_share,0.729903536977492,True,0.4516567545716759,0.4482985178458693,0.4074390856216544,0.44264870576033305
tid_918,30,manufacturing_headcount_share,0.0478880792101962,True,0.24793741997188326,0.2285902256889976,0.26155012355639295,0.30026205209086954
tid_920,30,manufacturing_headcount_share,0.0493626486440242,True,0.09077168383064585,0.18403972811809718,0.1294519109227891,0.1308156790630677
tid_922,30,manufacturing_headcount_share,,False,0.043841660759996945,0.12212327160111353,0.09505423464661175,0.06630041530345836
tid_923,30,manufacturing_headcount_share,,False,0.12037556333847232,0.18444482483777722,0.1268113436844933,0.10803343206393984
tid_924,30,manufacturing_headcount_share,0.0467177767129851,True,0.12179537183916211,0.13152894188006653,0.1268113436844933,0.10803343206393984
tid_925,30,manufacturing_headcount_share,0.4508511806699615,True,0.1556377088260055,0.22258268981412332,0.18205649522624884,0.1829375720901371
tid_926,30,manufacturing_headcount_share,,False,0.11985674063376416,0.1333078953351969,0.1477918888323397,0.1329591455907313
tid_927,30,manufacturing_headcount_share,0.2017553135243734,True,0.20704439109097764,0.16891715067595064,0.20775533947489525,0.18206461083514874
tid_928,30,manufacturing_headcount_share,,False,0.18660531929540705,0.13072693792990822,0.1495413615080907,0.1796607540289881
tid_929,30,manufacturing_headcount_share,,False,0.19833736032187116,0.14985457643951464,0.17040848924804905,0.22558219358852424
tid_930,30,manufacturing_headcount_share,,False,0.13064183584333464,0.15083326902514196,0.16594415951765834,0.1475630498746437
tid_918,30,agriculture_headcount_share,,False,0.007466843584881985,0.015404473517108098,0.009379927542782607,0.007468646270486168
tid_920,30,agriculture_headcount_share,,False,0.09865868791808836,0.12919229514072447,0.12059700978199361,0.11249635750677503
tid_922,30,agriculture_headcount_share,,False,0.10391142862232919,0.12127723706522268,0.11159238316258502,0.12048914899297862
tid_923,30,agriculture_headcount_share,0.0649584176219375,True,0.0876363573058556,0.10919136009753122,0.086155959666713,0.08534573726735513
tid_924,30,agriculture_headcount_share,0.0814566363200766,True,0.0885306841135382,0.1456674850238329,0.09914653075024832,0.0809723913646315
tid_925,30,agriculture_headcount_share,0.0110614262179336,True,0.11592201272062139,0.08751445540493362,0.0884289992683616,0.10319832884853526
tid_926,30,agriculture_headcount_share,0.029243292131444,True,0.19034053233516413,0.2000808505495956,0.17948984413879937,0.1883298560613038
tid_927,30,agriculture_headcount_share,0.0205139050438828,True,0.06067655286999638,0.06055844096257082,0.04687528511801874,0.06685482664781586
tid_928,30,agriculture_headcount_share,,False,0.06510622037032664,0.04965897652284053,0.07320101096712672,0.06734693190919619
tid_929,30,agriculture_headcount_share,0.2591006423982869,True,0.11469024397099734,0.1559026868364701,0.11431167341964861,0.12499126967341294
tid_930,30,agriculture_headcount_share,0.029781601588352,True,0.09951902492294178,0.2184419326118628,0.09803230495263095,0.11077552991579172
tid_918,30,public_administration_education_health_headcount_share,0.527649835776733,True,0.29256024336026965,0.3116166051206819,0.3112608559864883,0.2789805590018448
tid_920,30,public_administration_education_health_headcount_share,0.5338352297031397,True,0.4306551987908897,0.4038618256657548,0.40713497519732095,0.3942279539647693
tid_922,30,public_administration_education_health_headcount_share,0.4033917153183208,True,0.5367075628966821,0.5573485372640941,0.5457704559807249,0.5509194984552643
tid_923,30,public_administration_education_health_headcount_share,0.6747583726680153,True,0.5232506421239755,0.48178905075498224,0.512095473672951,0.5115023607435694
tid_924,30,public_administration_education_health_headcount_share,0.6871106851940585,True,0.5365743592792579,0.5046667072017551,0.5264933352662436,0.5233879768295995
tid_925,30,public_administration_education_health_headcount_share,0.1506236761590962,True,0.4994532853092375,0.5079611116848665,0.4740567044060774,0.4860944657453013
tid_926,30,public_administration_education_health_headcount_share,0.6017485679831173,True,0.4997264612942262,0.5179213199828779,0.5047005507907334,0.48889084918535425
tid_927,30,public_administration_education_health_headcount_share,0.3442952310457862,True,0.5744435163957514,0.48492537460857194,0.5096620256243951,0.6091819662216235
tid_928,30,public_administration_education_health_headcount_share,0.6014897579143389,True,0.44348023876772413,0.407351123467941,0.45381024645375556,0.40204460925744734
tid_929,30,public_administration_education_health_headcount_share,0.4779443254817987,True,0.48559361268068174,0.5023136889899031,0.4824035124909757,0.4801709277292496
tid_930,30,public_administration_education_health_headcount_share,0.4295168762409,True,0.5555494558701487,0.5533327832948859,0.5625297015635499,0.569380353428728
tid_1001,33,manufacturing_headcount_share,0.4160234899328859,True,0.22582958782731788,0.32768732928768557,0.22269571264196417,0.30124028325745134
tid_1002,33,manufacturing_headcount_share,,False,0.16056667359381388,0.21570958400439968,0.15427912244072664,0.16631375644366297
tid_1003,33,manufacturing_headcount_share,0.3581938102486047,True,0.1642924287287585,0.18071560449299814,0.18509729039478232,0.16641721275905652
tid_1004,33,manufacturing_headcount_share,0.2773978607750307,True,0.201243965527331,0.17909301797456662,0.21423595190309244,0.1876097587588892
tid_1005,33,manufacturing_headcount_share,0.1407743398671634,True,0.22342221397813739,0.2460001503358862,0.214492223622801,0.2428902326038196
tid_1006,33,manufacturing_headcount_share,0.2964411419632382,True,0.16480351215672276,0.24504620755036446,0.1787256245938314,0.15331516361362643
tid_986,33,manufacturing_headcount_share,0.1730386381180677,True,0.25187990128048665,0.2701590382064033,0.258329290530618,0.25586941340254366
tid_987,33,manufacturing_headcount_share,0.374203956865076,True,0.2348219214832054,0.28250457096261217,0.2374429676862362,0.2602500982920589
tid_988,33,manufacturing_headcount_share,0.5729233344822493,True,0.3467610627572675,0.35053995866595716,0.3394978309859464,0.34759058810015725
tid_989,33,manufacturing_headcount_share,0.433733709891456,True,0.32117536263429153,0.2753916919563151,0.3080192136950791,0.3183932361588427
tid_991,33,manufacturing_headcount_share,0.2104161037557416,True,0.2759671331209814,0.3579038456255616,0.27511178763109234,0.26452738303370715
tid_992,33,manufacturing_headcount_share,0.4122531988814507,True,0.22751627716161657,0.23984221917983722,0.20678599683972118,0.30760512842894805
tid_993,33,manufacturing_headcount_share,0.2614678899082568,True,0.1809117308870954,0.17250918250602815,0.17549304903734497,0.18042869495915076
tid_994,33,manufacturing_headcount_share,0.4379097953506854,True,0.11972253693321082,0.1556978488082484,0.12434551257386595,0.10599383697149728
tid_995,33,manufacturing_headcount_share,,False,0.12797402623227241,0.2625606804819836,0.15445151826033862,0.11856611074348575
tid_996,33,manufacturing_headcount_share,0.5045386648282202,True,0.20215923962536989,0.26058008038931274,0.20894787908892,0.2444628479470692
tid_998,33,manufacturing_headcount_share,0.3282026421039874,True,0.20956787360080095,0.23754805339635673,0.19707578973090512,0.19584756827418942
tid_999,33,manufacturing_headcount_share,0.2562086092715231,True,0.12724777025998413,0.20920418529488932,0.159625342960001,0.12426834886353648
tid_1001,33,agriculture_headcount_share,,False,0.06359368979670489,0.06588524038987657,0.06471168210393814,0.07101361635030007
tid_1002,33,agriculture_headcount_share,,False,0.1741515078998975,0.08104244206329453,0.1756920722535581,0.17182336180429134
tid_1003,33,agriculture_headcount_share,0.0744123118552342,True,0.09834558342427682,0.06600488863360218,0.10898025040702009,0.09389340355336195
tid_1004,33,agriculture_headcount_share,0.0219182886200245,True,0.10226829680741509,0.10190304616485935,0.1099514291619889,0.09585509404030867
tid_1005,33,agriculture_headcount_share,0.054754576381014,True,0.05762246419899249,0.07467699230241975,0.07419443665639514,0.0576288399109046
tid_1006,33,agriculture_headcount_share,0.1480250293312475,True,0.12702200369820568,0.06399842230349809,0.12428864442183131,0.12455408131817663
tid_986,33,agriculture_headcount_share,0.0136411652378824,True,0.01803934864671735,0.00928863719191601,0.01750121348894475,0.01596752379962243
tid_987,33,agriculture_headcount_share,,False,0.045558820221211487,0.024681549854699815,0.04422458363557708,0.05296750958956686
tid_988,33,agriculture_headcount_share,,False,0.01816867693040204,0.013419379933675027,0.015623517937662793,0.019965636428043308
tid_989,33,agriculture_headcount_share,0.0003742897002279,True,0.018565735785921782,0.023729232870351852,0.020269931982396627,0.019318902960141406
tid_991,33,agriculture_headcount_share,,False,0.05632746183039529,0.049251163019153894,0.05875327333810914,0.054353617047486764
tid_992,33,agriculture_headcount_share,0.0184730107617998,True,0.051928123591600484,0.06454351077539686,0.04550456871322079,0.05691541789379073
tid_993,33,agriculture_headcount_share,0.0117955439056356,True,0.0693231104327993,0.13493939270522437,0.0640844808984389,0.08180851222622426
tid_994,33,agriculture_headcount_share,,False,0.13840242096098815,0.1188610416575043,0.14416293386421872,0.13776497385966247
tid_995,33,agriculture_headcount_share,,False,0.12245356500775705,0.06661957891805226,0.1162748968626207,0.13133929221583948
tid_996,33,agriculture_headcount_share,,False,0.04839202854171881,0.05513257679851116,0.04387828302628297,0.045492953887252975
tid_998,33,agriculture_headcount_share,0.0367228214761847,True,0.06377389395462857,0.05728998660613131,0.06753601375063364,0.05785144162760697
tid_999,33,agriculture_headcount_share,0.1051324503311258,True,0.12658189912362292,0.07625476060224735,0.12953102697535088,0.1392267401949954
tid_1001,33,public_administration_education_health_headcount_share,0.3161073825503355,True,0.3276928933091439,0.33162971261462637,0.3283860398736357,0.3035770644334675
tid_1002,33,public_administration_education_health_headcount_share,0.5454978561219629,True,0.5104885174593659,0.48880441023724486,0.5041046267387626,0.5191533563051239
tid_1003,33,public_administration_education_health_headcount_share,0.265347539320142,True,0.43508617375982056,0.35009674787241923,0.42102341023135137,0.4348641609829572
tid_1004,33,public_administration_education_health_headcount_share,0.3717341749956163,True,0.4785385068689822,0.4543804291069357,0.46086402298703266,0.47710123779916613
tid_1005,33,public_administration_education_health_headcount_share,0.4552081645877207,True,0.3939784715457871,0.3884832226072945,0.3776746139451395,0.36658867408250867
tid_1006,33,public_administration_education_health_headcount_share,,False,0.4486901583623788,0.4363475644403569,0.4394945371133238,0.44830052056185526
tid_986,33,public_administration_education_health_headcount_share,0.4017795473936537,True,0.37150832852882987,0.3553662774168812,0.35127769762500294,0.36131735838833773
tid_987,33,public_administration_education_health_headcount_share,0.3621465568480937,True,0.40166236177892345,0.38678453792775924,0.40480969177591786,0.38845721004118816
tid_988,33,public_administration_education_health_headcount_share,0.2040720862671722,True,0.3234282242237223,0.31492796929765293,0.32793937082562974,0.31461388179505
tid_989,33,public_administration_education_health_headcount_share,0.2695226105005274,True,0.30337955328510335,0.33322826167380926,0.30849914159205793,0.301600042236017
tid_991,33,public_administration_education_health_headcount_share,0.371318562550662,True,0.3052196949401105,0.3302845800638216,0.3136287024853076,0.31422557635763343
tid_992,33,public_administration_education_health_headcount_share,0.3682738750953309,True,0.39034985144370166,0.4213865446643249,0.40012132649660276,0.3713236937884705
tid_993,33,public_administration_education_health_headcount_share,0.3804062909567496,True,0.5511252075472105,0.48423730328457937,0.523643103072514,0.5378964975848518
tid_994,33,public_administration_education_health_headcount_share,0.2867077289886747,True,0.49713488476657286,0.4605268552029522,0.499228398194366,0.48498969994914376
tid_995,33,public_administration_education_health_headcount_share,0.4095351609058403,True,0.47459886714599947,0.3678162688829187,0.47135794584917734,0.47373589259313625
tid_996,33,public_administration_education_health_headcount_share,0.2430196483971044,True,0.38860774066854364,0.37974343207135847,0.38849865851316173,0.35380472866676616
tid_998,33,public_administration_education_health_headcount_share,0.3793479578232941,True,0.3900269503699954,0.3198639185695273,0.3564731786373006,0.3904961222323837
tid_999,33,public_administration_education_health_headcount_share,0.384726821192053,True,0.48713403179022735,0.49094324605805223,0.4710364110055729,0.47377980074174697
tid_1007,34,manufacturing_headcount_share,0.1576158236149019,True,0.1916252238289989,0.24966778566724,0.19878865760478945,0.18568625382567858
tid_1008,34,manufacturing_headcount_share,0.4546939355205227,True,0.23596462545646257,0.2359021374738153,0.2597417355322688,0.23963146473104016
tid_1009,34,manufacturing_headcount_share,0.3058252427184466,True,0.33050081612898446,0.3656801366626536,0.32946452432825013,0.327420131623504
tid_1010,34,manufacturing_headcount_share,0.1678904380826664,True,0.2972789561673847,0.22823129558383745,0.2905584281672504,0.2859919181491758
tid_1011,34,manufacturing_headcount_share,0.1094107551487414,True,0.24218752589654666,0.14754274781344626,0.25529417055221937,0.2721105392766092
tid_1012,34,manufacturing_headcount_share,0.0775692582663092,True,0.19893406637925187,0.18004367917700947,0.2376532257212752,0.23275352170043861
tid_1013,34,manufacturing_headcount_share,,False,0.07609363787722727,0.137754846401441,0.10727294939640161,0.1019753862570804
tid_1014,34,manufacturing_headcount_share,,False,0.10210028700762615,0.10763702622179705,0.15879615408367193,0.1165936083175386
tid_1015,34,manufacturing_headcount_share,0.1833465976920016,True,0.11994609184614662,0.185598805655623,0.16321025221804725,0.14889103986384764
tid_1016,34,manufacturing_headcount_share,,False,0.13154393932150685,0.15010770244904206,0.14292698905307014,0.13270930216252247
tid_1017,34,manufacturing_headcount_share,,False,0.18866010785185183,0.2512162678898203,0.2289118855952781,0.1940600056290183
tid_1018,34,manufacturing_headcount_share,0.2339393939393939,True,0.20158299984011663,0.0979894444213968,0.14250776132734944,0.2180833412026744
tid_1019,34,manufacturing_headcount_share,0.0366876310272536,True,0.16106978201806374,0.19199946919187766,0.21903326527683753,0.196054767509002
tid_1020,34,manufacturing_headcount_share,0.1434745030250648,True,0.13654660882563663,0.22789437892019318,0.11246865535249038,0.17144503273652772
tid_1021,34,manufacturing_headcount_share,0.0060553633217993,True,0.1471883683608986,0.2376097513903241,0.1528370198812879,0.18826178277737296
tid_1023,34,manufacturing_headcount_share,,False,0.12131567073186816,0.15679054807808984,0.1273131234954687,0.12926515831677618
tid_1024,34,manufacturing_headcount_share,0.0259305729820158,True,0.13118566943360402,0.14887641658306944,0.14058813831393868,0.13900731335525685
tid_1025,34,manufacturing_headcount_share,0.3246951219512195,True,0.19061844529364322,0.22143846441889717,0.23711965983671035,0.2094054359744558
tid_1026,34,manufacturing_headcount_share,0.0957639028307568,True,0.1316989430715177,0.23695036968875743,0.20037825176383847,0.1971552551974565
tid_1027,34,manufacturing_headcount_share,,False,0.06967611748395705,0.11345403363797521,0.06939761086765552,0.08226893629648874
tid_1028,34,manufacturing_headcount_share,0.1239165329052969,True,0.1036500022587177,0.08804614976707313,0.15033457757716107,0.12899988915426883
tid_1029,34,manufacturing_headcount_share,,False,0.1280049534632956,0.12474233572441856,0.13146657353141275,0.13168658554190824
tid_1030,34,manufacturing_headcount_share,0.0120740541990877,True,0.12974057629023622,0.17200590758436582,0.19686167744274477,0.16674336841762327
tid_1031,34,manufacturing_headcount_share,0.0628163828808099,True,0.14544534052481536,0.12415945423639721,0.10693022625292203,0.206945771526614
tid_1032,34,manufacturing_headcount_share,,False,0.18016873498311015,0.116542589991364,0.17221935487473178,0.16828474584254083
tid_1033,34,manufacturing_headcount_share,,False,0.12848068823200387,0.14786266891071245,0.16219805197324444,0.12933481601031468
tid_1034,34,manufacturing_headcount_share,,False,0.10757930553185581,0.18992331619519623,0.11277552161171446,0.11497975426779689
tid_1035,34,manufacturing_headcount_share,,False,0.17876329330186744,0.13687560174347432,0.2022862952402138,0.18393220918148856
tid_1036,34,manufacturing_headcount_share,,False,0.07477472901304416,0.14722325706614436,0.09557418973477935,0.08015803347911661
tid_1037,34,manufacturing_headcount_share,0.1833664490491058,True,0.17749641397321447,0.22647681959079022,0.22914149589039381,0.19078731689900014
tid_1038,34,manufacturing_headcount_share,,False,0.1683728363392021,0.17352999206439848,0.17094645872071118,0.16731667697883762
tid_1039,34,manufacturing_headcount_share,0.3018928456849535,True,0.12219203929441844,0.21555769067299996,0.14251301246353928,0.10924994864428443
tid_1040,34,manufacturing_headcount_share,,False,0.05472351261513519,0.14044047986097014,0.05446605952220938,0.0989757397938445
tid_1041,34,manufacturing_headcount_share,0.0676519567027477,True,0.1200589128260015,0.15821243242452135,0.18951051353397047,0.16586025944991298
tid_1044,34,manufacturing_headcount_share,,False,0.0875323321984264,0.1599092978342199,0.09729894970434705,0.09084295354900039
tid_1007,34,agriculture_headcount_share,0.0061323597178405,True,0.006569580615137501,0.010302432956992338,0.008252478156034247,0.007224913044257349
tid_1008,34,agriculture_headcount_share,0.0167589830989916,True,0.0065602291099146155,0.009739868555024444,0.006034862579513239,0.006447155376779533
tid_1009,34,agriculture_headcount_share,0.0088717777033813,True,0.02019263865001007,0.016550916835507003,0.023249954221675338,0.02029423838617183
tid_1010,34,agriculture_headcount_share,0.0379506641366223,True,0.04176279823542754,0.03815997415701431,0.03684352128442107,0.031965311596147274
tid_1011,34,agriculture_headcount_share,0.0115846681922196,True,0.10236788379996811,0.1256674376963421,0.11370028903130826,0.12180599068076146
tid_1012,34,agriculture_headcount_share,,False,0.13696778553874084,0.1376330105968239,0.13412929951471847,0.14702138087673014
tid_1013,34,agriculture_headcount_share,0.1808324589017139,True,0.13785111675895667,0.08880956601613252,0.1434029167243244,0.12960872679219937
tid_1014,34,agriculture_headcount_share,0.0935804701627486,True,0.1400511652575073,0.11570007462833615,0.1475549705161531,0.14856135591000239
tid_1015,34,agriculture_headcount_share,0.0674492638280939,True,0.10953315976367968,0.0855459710516949,0.11606961998492826,0.11340374647965178
tid_1016,34,agriculture_headcount_share,,False,0.17464240364706304,0.16216615860548594,0.16424116344538556,0.1717053031100978
tid_1017,34,agriculture_headcount_share,,False,0.12232401298907604,0.18519339854334266,0.1409291567911985,0.1557321847104214
tid_1018,34,agriculture_headcount_share,0.1255757575757575,True,0.13872265135943204,0.1664979922438167,0.11668245274065098,0.15337046430472773
tid_1019,34,agriculture_headcount_share,0.0279524807826694,True,0.09258786329013496,0.10986226613635024,0.0952895548731254,0.10185710868877831
tid_1020,34,agriculture_headcount_share,0.1685393258426966,True,0.11560658326263017,0.14199226392801573,0.09993496116771462,0.1262411286805101
tid_1021,34,agriculture_headcount_share,0.0990484429065744,True,0.08160767233943707,0.11448364966835169,0.0822326098042255,0.10391007773197262
tid_1023,34,agriculture_headcount_share,,False,0.13599603083803052,0.11534356289454116,0.14022609070782613,0.12355571995938414
tid_1024,34,agriculture_headcount_share,0.3358427436219155,True,0.1443746426034946,0.11588606872424374,0.14274307693504043,0.13210313554892647
tid_1025,34,agriculture_headcount_share,0.0049889135254988,True,0.05877359228318736,0.09347146246373714,0.06315162769107507,0.06240046087502851
tid_1026,34,agriculture_headcount_share,0.0154587432242521,True,0.12461807006197462,0.1639618777168427,0.14214178116352108,0.14339556771522557
tid_1027,34,agriculture_headcount_share,,False,0.06234646996302052,0.13522432613618954,0.07401181557716743,0.0666817814593326
tid_1028,34,agriculture_headcount_share,0.0321027287319422,True,0.15006564767980926,0.14802603042805587,0.14562924079499193,0.15054061922669962
tid_1029,34,agriculture_headcount_share,0.1050420168067226,True,0.15080078197639488,0.11560730228564836,0.14811647889627116,0.1289313022725273
tid_1030,34,agriculture_headcount_share,0.2385296485108666,True,0.14166731915939468,0.20771283957879536,0.15592426591703198,0.17205353894384137
tid_1031,34,agriculture_headcount_share,0.112057063966866,True,0.17613634925265384,0.1707980285155149,0.16152054031600058,0.16810450390164536
tid_1032,34,agriculture_headcount_share,0.1614063124250899,True,0.09100347022924389,0.15676830475805012,0.09332440168022897,0.09305981567996492
tid_1033,34,agriculture_headcount_share,,False,0.10113648783795032,0.07791798245080851,0.11347069049883333,0.10611143499956828
tid_1034,34,agriculture_headcount_share,,False,0.11775554260237317,0.1569959358483017,0.13066436218922906,0.13199878920598299
tid_1035,34,agriculture_headcount_share,0.1200401808136614,True,0.08189856356702385,0.09571474957739805,0.07916316426095418,0.07251993973768761
tid_1036,34,agriculture_headcount_share,0.132377275234418,True,0.1601213996203699,0.17077106110112536,0.16800705981877948,0.1564621031395237
tid_1037,34,agriculture_headcount_share,0.0769230769230769,True,0.1272211896360072,0.1694092489071622,0.1484155073572674,0.1530343807019707
tid_1038,34,agriculture_headcount_share,,False,0.10500854803398496,0.13185483295749023,0.10066775142220465,0.1103619615952205
tid_1039,34,agriculture_headcount_share,0.1076355470003208,True,0.08838551337699205,0.06561496244286487,0.08452660054310335,0.07908235049442072
tid_1040,34,agriculture_headcount_share,0.1205633802816901,True,0.14532046214044045,0.0984381248465482,0.13061669324643668,0.15603283063344942
tid_1041,34,agriculture_headcount_share,0.0482930890924229,True,0.15103070200071572,0.19519738278861343,0.16246102104632235,0.16052853126713637
tid_1044,34,agriculture_headcount_share,0.1581222977146386,True,0.1931444621707649,0.1299235711280753,0.18717687660403967,0.1862064858601807
tid_1007,34,public_administration_education_health_headcount_share,0.3820185388678175,True,0.3291198081411045,0.3549970196141841,0.3542043060079803,0.3599500094806464
tid_1008,34,public_administration_education_health_headcount_share,0.2691201533873029,True,0.3526956530446132,0.36976922138119195,0.3424241790837069,0.36942303312746716
tid_1009,34,public_administration_education_health_headcount_share,0.3818212253096752,True,0.3148081098321359,0.3191791794999024,0.32484942165286396,0.31618594151264
tid_1010,34,public_administration_education_health_headcount_share,0.4222423892418117,True,0.3659689756625775,0.39746796026409126,0.36673102934265256,0.3720658239409522
tid_1011,34,public_administration_education_health_headcount_share,0.4723970251716247,True,0.4053355988772191,0.4585190495773298,0.42510836508052563,0.4000182139770189
tid_1012,34,public_administration_education_health_headcount_share,0.4003574620196604,True,0.432771997138359,0.4432803225415274,0.42449356569417207,0.4319788854147299
tid_1013,34,public_administration_education_health_headcount_share,0.4477089891570479,True,0.580379776879415,0.6485694040562843,0.5649851565841719,0.5774067314804202
tid_1014,34,public_administration_education_health_headcount_share,0.6274864376130199,True,0.5474824394082687,0.49793581781124174,0.5298010338055774,0.5240698579404914
tid_1015,34,public_administration_education_health_headcount_share,0.266016713091922,True,0.44587709653205,0.43325757536843235,0.4502992891202071,0.42360134535728466
tid_1016,34,public_administration_education_health_headcount_share,0.5715155203895314,True,0.5670831856841199,0.5321522469721777,0.5813680437288609,0.5789664862043177
tid_1017,34,public_administration_education_health_headcount_share,0.4864038069340585,True,0.470209640298189,0.4393447087839586,0.43836620744651594,0.4627199594756484
tid_1018,34,public_administration_education_health_headcount_share,0.4429090909090909,True,0.4277045984758511,0.4663618291534891,0.4612858273377506,0.428688987620245
tid_1019,34,public_administration_education_health_headcount_share,0.4140461215932914,True,0.44703389804026494,0.4338993333350405,0.44095326637783633,0.4437187272805349
tid_1020,34,public_administration_education_health_headcount_share,0.4330164217804667,True,0.44828457011426637,0.43517711219814903,0.4758669042595382,0.4476105585027438
tid_1021,34,public_administration_education_health_headcount_share,0.4812572087658593,True,0.43401057766451256,0.4212310196205423,0.4341882301187269,0.4078267651667322
tid_1023,34,public_administration_education_health_headcount_share,0.6698630136986301,True,0.5625115506996643,0.6261213567709044,0.5613408475585329,0.571906772703821
tid_1024,34,public_administration_education_health_headcount_share,0.4884985361773317,True,0.5443759488759757,0.5462543466472217,0.5396678333056698,0.5473814409423726
tid_1025,34,public_administration_education_health_headcount_share,0.3058481152993348,True,0.4352169453228415,0.4307686596160081,0.42588684441645636,0.4421922960347283
tid_1026,34,public_administration_education_health_headcount_share,0.4762095964665729,True,0.46873980469708826,0.41168764102689565,0.46417277132894375,0.4657966075605922
tid_1027,34,public_administration_education_health_headcount_share,0.683552220137586,True,0.5657304674937688,0.5723728966425465,0.5588364732857115,0.5743931455367558
tid_1028,34,public_administration_education_health_headcount_share,0.7075441412520064,True,0.5216900398074322,0.5086387381747728,0.5269168953578629,0.5324390331159804
tid_1029,34,public_administration_education_health_headcount_share,0.7218487394957983,True,0.5584562280728796,0.6578322683279311,0.565969344660212,0.5707390241358138
tid_1030,34,public_administration_education_health_headcount_share,0.4698148645022806,True,0.4842117252008015,0.4658568340215518,0.47237904066375086,0.47334953239487715
tid_1031,34,public_administration_education_health_headcount_share,0.4687068568798895,True,0.4385169989526554,0.5037676224661667,0.46398661097208266,0.4265179344263294
tid_1032,34,public_administration_education_health_headcount_share,0.4878146224530563,True,0.5431285475509765,0.5753949273861173,0.5244863278440483,0.5313787417506654
tid_1033,34,public_administration_education_health_headcount_share,0.6384976525821596,True,0.539765832314643,0.55219405898509,0.5145976335451065,0.5106462688502704
tid_1034,34,public_administration_education_health_headcount_share,0.4955401387512388,True,0.5414132409413408,0.4950040924597279,0.5009278705069659,0.5255650649624517
tid_1035,34,public_administration_education_health_headcount_share,0.5685585133098945,True,0.47762665989081715,0.49342518457453505,0.47104928905922694,0.48890124204458607
tid_1036,34,public_administration_education_health_headcount_share,0.4853833425261997,True,0.5983331809675096,0.6482236740002075,0.5510280648082271,0.5737718091839896
tid_1037,34,public_administration_education_health_headcount_share,0.4575645756457565,True,0.426765314953161,0.4141534740304462,0.40189754844331244,0.419465204531607
tid_1038,34,public_administration_education_health_headcount_share,0.6775291828793775,True,0.49502167172950284,0.51195163837618,0.4895861637225429,0.48090753603025466
tid_1039,34,public_administration_education_health_headcount_share,0.3734359961501444,True,0.39451202609985764,0.3738038341767772,0.3811528006839082,0.4133900439372664
tid_1040,34,public_administration_education_health_headcount_share,0.6985915492957746,True,0.5717011500214203,0.6524405352339058,0.6138935308902597,0.5418436898391815
tid_1041,34,public_administration_education_health_headcount_share,0.5270607826810991,True,0.44477959666679345,0.46968974787190165,0.43825780314508833,0.43988637179077683
tid_1044,34,public_administration_education_health_headcount_share,0.5361334156886968,True,0.5712215223837052,0.5964351919079987,0.5590337950520073,0.5849065238933348
tid_1047,35,manufacturing_headcount_share,0.0132224354873107,True,0.1782891207676102,0.09731325834985083,0.20729541254536993,0.15840078069006558
tid_1048,35,manufacturing_headcount_share,,False,0.1565830863717209,0.06785254490815035,0.09544522690662599,0.14354024844616425
tid_1049,35,manufacturing_headcount_share,0.1551485832757429,True,0.1230177451933122,0.13572445746824127,0.09543656136741521,0.1035262970609733
tid_1051,35,manufacturing_headcount_share,0.1368644496108359,True,0.2501424771097666,0.09263869835090213,0.19145810374557162,0.16871148021613566
tid_1052,35,manufacturing_headcount_share,,False,0.17031257368348401,0.06797954830666149,0.15786856335299315,0.1733464192144322
tid_1053,35,manufacturing_headcount_share,,False,0.20804869619711477,0.13113978154582612,0.21409163740021098,0.18710082220286448
tid_1054,35,manufacturing_headcount_share,0.0281671688720031,True,0.23453144844416507,0.1639532958590986,0.23706012934472057,0.16648541994791
tid_1055,35,manufacturing_headcount_share,,False,0.09532482152586716,0.11504107673276216,0.10866507995919307,0.11316649794736146
tid_1056,35,manufacturing_headcount_share,0.1287350269843359,True,0.17699708407252088,0.18233983911902038,0.20728165425808034,0.17515548500446457
tid_1057,35,manufacturing_headcount_share,0.0863084922010398,True,0.17203090060773513,0.12628274622738878,0.19392981522687125,0.18862370773495032
tid_1058,35,manufacturing_headcount_share,,False,0.15904067512135667,0.12163508580087558,0.16099784640674383,0.17105326149933608
tid_1059,35,manufacturing_headcount_share,,False,0.1649515864583515,0.0585436179249314,0.09646906487621361,0.16009475189781636
tid_1060,35,manufacturing_headcount_share,,False,0.12216762556665821,0.1403326556209973,0.09826432894876828,0.12379811201348927
tid_1061,35,manufacturing_headcount_share,,False,0.1577320579255023,0.08522623775683219,0.10759455471119059,0.17900263016780524
tid_1062,35,manufacturing_headcount_share,,False,0.24776062935446802,0.08426836404720763,0.23878046846435586,0.2484372295609377
tid_1063,35,manufacturing_headcount_share,0.3478304439322577,True,0.2006093406203023,0.14569477420255983,0.23557425533201473,0.22189229542318795
tid_1064,35,manufacturing_headcount_share,,False,0.12216762556665821,0.060268219641609715,0.09826432894876828,0.12379811201348927
tid_1065,35,manufacturing_headcount_share,,False,0.17485926696647625,0.09692355911744442,0.15915808571863152,0.18113303477059592
tid_1066,35,manufacturing_headcount_share,0.0468460111317254,True,0.2222948299171066,0.13527553428572453,0.226901464662705,0.21735256736539516
tid_1067,35,manufacturing_headcount_share,,False,0.1573823971325395,0.099531182435812,0.14718908769411967,0.1425538435078302
tid_1068,35,manufacturing_headcount_share,,False,0.12200625630397383,0.11943938170214426,0.12893489793550514,0.13685127933186272
tid_1069,35,manufacturing_headcount_share,,False,0.12737227868609277,0.10757855994247671,0.12945608626053454,0.10797935945798717
tid_1070,35,manufacturing_headcount_share,0.3681616559881715,True,0.1909065035496089,0.14939119473781456,0.2166945995523074,0.20180958540953037
tid_1071,35,manufacturing_headcount_share,0.0814014752370916,True,0.19272747516903613,0.10225210888281619,0.22127038362710824,0.11919213347266394
tid_1072,35,manufacturing_headcount_share,0.2645135983263598,True,0.1430253019731463,0.08450338968482682,0.1651892360185442,0.14092527908532346
tid_1047,35,agriculture_headcount_share,0.0650458519940285,True,0.07568413787146802,0.04525834022651574,0.07442220682542634,0.0965102605861671
tid_1048,35,agriculture_headcount_share,,False,0.14332900145026478,0.17036191828334227,0.14866199294637716,0.15718251741861108
tid_1049,35,agriculture_headcount_share,0.1437456807187284,True,0.06249356302604825,0.10204968737024689,0.05884042555717729,0.05491610506887499
tid_1051,35,agriculture_headcount_share,0.0648943697563934,True,0.056200211911565975,0.06957580682487362,0.04788107693492904,0.044640764130859045
tid_1052,35,agriculture_headcount_share,0.101081081081081,True,0.07755289125669258,0.09954137413568344,0.07652096800222076,0.09069610316953505
tid_1053,35,agriculture_headcount_share,,False,0.1324798456525753,0.11998530670546982,0.13343391913075225,0.14004675029016025
tid_1054,35,agriculture_headcount_share,0.3750818813048605,True,0.06320010222548032,0.05605149941332516,0.05563468485452757,0.06047288719968895
tid_1055,35,agriculture_headcount_share,0.2955497904609858,True,0.09500002203120378,0.0814212118899807,0.09625525872884132,0.10135190392642802
tid_1056,35,agriculture_headcount_share,0.1513755429774911,True,0.11293340926532901,0.07392675794017131,0.11014262989461167,0.10488264752162582
tid_1057,35,agriculture_headcount_share,0.0471403812824956,True,0.07513596684631992,0.07582882486462866,0.07715127776674788,0.07129898013623534
tid_1058,35,agriculture_headcount_share,0.1133603238866396,True,0.11772178267692075,0.09441738802045928,0.1057813729662341,0.12088719470110422
tid_1059,35,agriculture_headcount_share,,False,0.13403964780433633,0.09655970402239893,0.1376896527927298,0.153861494129706
tid_1060,35,agriculture_headcount_share,0.1970443349753694,True,0.23028091783413243,0.23614339619793676,0.23351080233030325,0.24799164880449115
tid_1061,35,agriculture_headcount_share,0.1331836887392443,True,0.11437914452432973,0.036277644460081526,0.11813638145129861,0.1099962342482649
tid_1062,35,agriculture_headcount_share,,False,0.052853684078270825,0.07622406742403275,0.05785951037622835,0.0598590229275774
tid_1063,35,agriculture_headcount_share,0.0162340915923439,True,0.0716385967838486,0.06791777920925593,0.07185926777604511,0.07107052949789709
tid_1064,35,agriculture_headcount_share,0.1774065234685759,True,0.19107162267071964,0.14162830191446035,0.19188710538289386,0.17529073535673953
tid_1065,35,agriculture_headcount_share,0.0557541100786275,True,0.14456748681188084,0.10954637778753108,0.1336361162647671,0.151093432006613
tid_1066,35,agriculture_headcount_share,0.1430890538033395,True,0.07674681913804458,0.10471261289207383,0.08248946415060797,0.0843474705460891
tid_1067,35,agriculture_headcount_share,0.0536992840095465,True,0.09431033297673015,0.10175749507527684,0.0987874641071317,0.11600125112434022
tid_1068,35,agriculture_headcount_share,0.0504634397528321,True,0.0883243226174316,0.1004323259540293,0.09601799265123016,0.09299309962722085
tid_1069,35,agriculture_headcount_share,,False,0.08172386494140137,0.14336998427293643,0.10265759737472482,0.07558630726243296
tid_1070,35,agriculture_headcount_share,,False,0.08847547277146917,0.10543642059446545,0.07494861889051706,0.0799498096643383
tid_1071,35,agriculture_headcount_share,0.1314541622760801,True,0.05106646102715072,0.08396456575823977,0.04933560954317901,0.051090089382154265
tid_1072,35,agriculture_headcount_share,0.0881276150627615,True,0.08655143847342162,0.13285103092772244,0.08703537729488396,0.09353830845816893
tid_1047,35,public_administration_education_health_headcount_share,0.3241629345276178,True,0.5138017339964808,0.5820109847243913,0.4859700963032943,0.506465696164931
tid_1048,35,public_administration_education_health_headcount_share,0.6115843270868825,True,0.6138066481796822,0.6628084896995979,0.6656966058781799,0.6221618837156783
tid_1049,35,public_administration_education_health_headcount_share,0.4775397373876986,True,0.6297709738206646,0.40517849239830794,0.6247446577977822,0.6655516501958971
tid_1051,35,public_administration_education_health_headcount_share,0.515718184574952,True,0.46179532716991667,0.5006851530577658,0.4567729275277423,0.48593602130728086
tid_1052,35,public_administration_education_health_headcount_share,0.5232432432432432,True,0.5953278463084438,0.6302740016504487,0.5905928007433137,0.5809083346748363
tid_1053,35,public_administration_education_health_headcount_share,0.4712362301101591,True,0.5482658332981597,0.5707192133262837,0.5607889591438456,0.5547605334191897
tid_1054,35,public_administration_education_health_headcount_share,0.3551683479627931,True,0.361747597317672,0.3772511961928553,0.3716965327889559,0.3695246163196599
tid_1055,35,public_administration_education_health_headcount_share,0.3107164238674915,True,0.45766655517020643,0.609567769534359,0.4389110978083308,0.4335165158521545
tid_1056,35,public_administration_education_health_headcount_share,0.2591812557588522,True,0.510079236355614,0.44429721934851746,0.4953622341312999,0.5118438511193192
tid_1057,35,public_administration_education_health_headcount_share,0.3670710571923744,True,0.5524617349281613,0.600255147629731,0.5653447815181332,0.5532500365119049
tid_1058,35,public_administration_education_health_headcount_share,0.4965034965034965,True,0.5925178519472749,0.5865043526571035,0.5703968325394427,0.5731441007920441
tid_1059,35,public_administration_education_health_headcount_share,0.5768545994065282,True,0.5892273279658116,0.6385902777329028,0.6363440948283465,0.5744961795797242
tid_1060,35,public_administration_education_health_headcount_share,0.5135467980295566,True,0.6253906026690479,0.5422596238801866,0.6232313186295346,0.6248380788971485
tid_1061,35,public_administration_education_health_headcount_share,0.5293677515899738,True,0.5610642158756959,0.5987169769066163,0.6127545117285783,0.5448114069957909
tid_1062,35,public_administration_education_health_headcount_share,0.3722098214285714,True,0.5854668566540046,0.7103467970020871,0.5585062069552219,0.576321598744222
tid_1063,35,public_administration_education_health_headcount_share,0.4061529211343822,True,0.45461889038443043,0.41048174612459576,0.44345525032748523,0.44459307589087066
tid_1064,35,public_administration_education_health_headcount_share,0.4821002386634845,True,0.6210714231687904,0.6497867341235499,0.632155575715062,0.6376615553840034
tid_1065,35,public_administration_education_health_headcount_share,0.6547533952823446,True,0.6037188639953932,0.6451816749183991,0.5585865961221816,0.5731102792116376
tid_1066,35,public_administration_education_health_headcount_share,0.3984230055658627,True,0.49339734319101797,0.5031920430777321,0.49071965285200314,0.47106758229502055
tid_1067,35,public_administration_education_health_headcount_share,0.581145584725537,True,0.5471200273238725,0.6080979784694048,0.5535710528259118,0.5527301034066228
tid_1068,35,public_administration_education_health_headcount_share,0.639546858908342,True,0.5880361466265575,0.5648766668959851,0.5270237953315018,0.5496107470363878
tid_1069,35,public_administration_education_health_headcount_share,0.4677121771217712,True,0.5692971396272879,0.5628460270616918,0.550249416687543,0.6125265774719204
tid_1070,35,public_administration_education_health_headcount_share,0.3573188762937407,True,0.505850621709302,0.4795928291982779,0.5022767786109416,0.4816714032464905
tid_1071,35,public_administration_education_health_headcount_share,,False,0.3927832146870895,0.5379258101867428,0.40333958458753494,0.4259714327585184
tid_1072,35,public_administration_education_health_headcount_share,0.3302824267782426,True,0.45882989664687235,0.42512166728201795,0.436796473252531,0.4540670269951646
tid_1107,37,manufacturing_headcount_share,0.1762377262319046,True,0.2572015071219881,0.25059348576650203,0.3002924920951688,0.2730392730533566
tid_1108,37,manufacturing_headcount_share,,False,0.19880550086313614,0.23922518373358292,0.195035926300844,0.20213925267524574
tid_1109,37,manufacturing_headcount_share,0.2009434818107593,True,0.28575687085789914,0.26041824698541016,0.27834016435198405,0.3334984235336727
tid_1110,37,manufacturing_headcount_share,0.3096821877309682,True,0.18210160299508693,0.27164735535314366,0.18639408130506527,0.19423322055967615
tid_1111,37,manufacturing_headcount_share,0.1647509578544061,True,0.21800151935961018,0.2460847325080572,0.243551859234724,0.22560961209892266
tid_1112,37,manufacturing_headcount_share,0.2693357597816196,True,0.25767274201865814,0.2736493734157467,0.25197896245793955,0.305793903568999
tid_1113,37,manufacturing_headcount_share,,False,0.09190491103092358,0.23914586668122617,0.10066726664529363,0.11212782117038779
tid_1115,37,manufacturing_headcount_share,,False,0.1222273692364905,0.22722947964197276,0.12068122654125239,0.12106968875612063
tid_1116,37,manufacturing_headcount_share,,False,0.11774816144293722,0.14444523261561829,0.10659747266212215,0.11368344511304715
tid_1117,37,manufacturing_headcount_share,0.2755895309665716,True,0.21797101688767373,0.1469991848429528,0.2316302765523494,0.19490408137457083
tid_1118,37,manufacturing_headcount_share,,False,0.0392558099535434,0.20534652142080198,0.047702447165888354,0.04215525057213218
tid_1119,37,manufacturing_headcount_share,0.3549470421079824,True,0.056624344367708856,0.10069949393831595,0.0700698334531943,0.07622380086554541
tid_1120,37,manufacturing_headcount_share,,False,0.1708504399166974,0.30438309049918333,0.16045471566939737,0.17050634425098504
tid_1121,37,manufacturing_headcount_share,0.0825688073394495,True,0.07323256563066946,0.11330841893573869,0.07167111917017677,0.05835557586173525
tid_1122,37,manufacturing_headcount_share,,False,0.031433038118436514,0.10561774635658475,0.023302823810071455,0.026167845510633995
tid_1123,37,manufacturing_headcount_share,,False,0.11993076874066776,0.17893184614129384,0.12057674124698299,0.13071869614577825
tid_1124,37,manufacturing_headcount_share,,False,0.0392558099535434,0.10039342104863473,0.047702447165888354,0.04215525057213218
tid_1125,37,manufacturing_headcount_share,,False,0.1224219725409979,0.22520031361274348,0.10568841965624956,0.11711199949033751
tid_1126,37,manufacturing_headcount_share,,False,0.04440863194707686,0.19471477030394654,0.0543213798423082,0.052174786545939225
tid_1127,37,manufacturing_headcount_share,0.2757824525397639,True,0.18740951713371395,0.3355054405129845,0.18832957474201154,0.1775066543878436
tid_1128,37,manufacturing_headcount_share,,False,0.0392558099535434,0.1722756619580466,0.047702447165888354,0.04215525057213218
tid_1129,37,manufacturing_headcount_share,,False,0.09003832664176332,0.12375300573291172,0.0890871978654572,0.0896983614294333
tid_1130,37,manufacturing_headcount_share,0.4134357691620511,True,0.15444482443537982,0.26134151976575737,0.17704896543909623,0.16373057671131852
tid_1131,37,manufacturing_headcount_share,0.2076155938349954,True,0.18964198797892307,0.08509940631352347,0.12086100722902916,0.20584452016267432
tid_1132,37,manufacturing_headcount_share,,False,0.14122461001119044,0.2196856377176787,0.15284101436373534,0.14763679673361849
tid_1133,37,manufacturing_headcount_share,,False,0.19511720991638415,0.15406171107975328,0.20511328867607623,0.20309248227525067
tid_1107,37,agriculture_headcount_share,0.0036869817203327,True,0.010975093834930791,0.011982472614608544,0.011463508567082111,0.01198947006424903
tid_1108,37,agriculture_headcount_share,,False,0.11295608259789736,0.09596010308247617,0.14374818583571358,0.12581068218635952
tid_1109,37,agriculture_headcount_share,,False,0.018404991521762504,0.03331576472738848,0.018084867301822988,0.02174194451876374
tid_1110,37,agriculture_headcount_share,,False,0.08583546134565635,0.01847604080006012,0.07412512877838376,0.08261890542739118
tid_1111,37,agriculture_headcount_share,,False,0.05624516719923117,0.04510082784142499,0.07045895055478135,0.06994709553829732
tid_1112,37,agriculture_headcount_share,,False,0.05775659735010059,0.031185807511155572,0.04490490998530866,0.06218664001768669
tid_1113,37,agriculture_headcount_share,,False,0.154949196043283,0.11317300737627078,0.14892963598691156,0.15509081288568777
tid_1115,37,agriculture_headcount_share,0.2563510392609699,True,0.15919164026181248,0.16185773009907786,0.16928177209746662,0.1700053367506442
tid_1116,37,agriculture_headcount_share,,False,0.18904046590812956,0.16388147365885622,0.17325797013061522,0.19250290484324656
tid_1117,37,agriculture_headcount_share,0.0151593677118424,True,0.07855498649752876,0.07820120651901663,0.08433977364044734,0.08063820903758318
tid_1118,37,agriculture_headcount_share,,False,0.2572911428635797,0.29512167490991187,0.26070319670270264,0.255690341909991
tid_1119,37,agriculture_headcount_share,,False,0.12739731697835047,0.09327957478737207,0.12653485807745601,0.1241322840761828
tid_1120,37,agriculture_headcount_share,,False,0.18270216673930836,0.1012111686282771,0.18845455668287484,0.18447305112152712
tid_1121,37,agriculture_headcount_share,,False,0.1428235718150844,0.11869166841342144,0.14939699422454547,0.1515800031886685
tid_1122,37,agriculture_headcount_share,,False,0.13996903719180828,0.2264690009730121,0.14144316530245388,0.14002968286336007
tid_1123,37,agriculture_headcount_share,,False,0.17412940373920915,0.06792769244255548,0.151729372901342,0.15136894750556806
tid_1124,37,agriculture_headcount_share,,False,0.31590611063724916,0.27808367327222283,0.3205488553807579,0.3197810254235298
tid_1125,37,agriculture_headcount_share,,False,0.1240397619518771,0.1650387749540709,0.11758819261679974,0.11320640884307831
tid_1126,37,agriculture_headcount_share,0.0878567431449356,True,0.28210719772911247,0.24379558719393188,0.28058626400049147,0.27568448302528425
tid_1127,37,agriculture_headcount_share,,False,0.1497356021956143,0.062346892191226584,0.16358070323896054,0.14512728519869797
tid_1128,37,agriculture_headcount_share,,False,0.21575271662172493,0.26958509617985327,0.21373634605921252,0.2265533609206309
tid_1129,37,agriculture_headcount_share,,False,0.27676178604956203,0.24462638227879432,0.2674017674906883,0.27062768960098726
tid_1130,37,agriculture_headcount_share,,False,0.12165656882358117,0.05585004239301086,0.11692537452857621,0.11491976079038804
tid_1131,37,agriculture_headcount_share,,False,0.1248418314388877,0.11554317140879816,0.10341593288065898,0.10853489451115171
tid_1132,37,agriculture_headcount_share,,False,0.14894641695362718,0.17219616414235794,0.1493245394088874,0.15758919830569718
tid_1133,37,agriculture_headcount_share,,False,0.14999154673923062,0.139479160364593,0.14060567990437087,0.14228449805620444
tid_1107,37,public_administration_education_health_headcount_share,0.4723347003195384,True,0.3689813369684137,0.36755955064548995,0.359884806410541,0.3737466752717423
tid_1108,37,public_administration_education_health_headcount_share,0.5672209026128266,True,0.4751901466791498,0.4622793599869277,0.45362773566167186,0.4509972705352881
tid_1109,37,public_administration_education_health_headcount_share,0.5096616166197949,True,0.407386079388125,0.4072985148089384,0.40764351496772727,0.3832944052357756
tid_1110,37,public_administration_education_health_headcount_share,0.4900221729490022,True,0.4024292610499952,0.28329454691207023,0.42228741647956375,0.3862832997099061
tid_1111,37,public_administration_education_health_headcount_share,0.5203065134099617,True,0.44222773886908306,0.43104466893767884,0.42599177007559885,0.42840226233269885
tid_1112,37,public_administration_education_health_headcount_share,0.5100090991810737,True,0.426556997044989,0.3989922964233894,0.4242459528230325,0.39974765141288415
tid_1113,37,public_administration_education_health_headcount_share,,False,0.5511139089384302,0.4685878295998314,0.542036062293417,0.5438388692016818
tid_1115,37,public_administration_education_health_headcount_share,0.4307159353348729,True,0.5603472831376112,0.5239948579143865,0.565520520301947,0.5582929908148564
tid_1116,37,public_administration_education_health_headcount_share,0.6702453987730062,True,0.5425593491198307,0.5181290310914728,0.5267076107802371,0.5390634033102508
tid_1117,37,public_administration_education_health_headcount_share,0.2692407359419538,True,0.3457730882301449,0.36447247917742864,0.3384592723443185,0.36347832039535377
tid_1118,37,public_administration_education_health_headcount_share,0.476303317535545,True,0.6072686277165269,0.557447384333293,0.6192872868585793,0.6180738125275098
tid_1119,37,public_administration_education_health_headcount_share,0.4722293980883492,True,0.5222479334056054,0.5466463580858048,0.5399312021938908,0.5360350385315381
tid_1120,37,public_administration_education_health_headcount_share,0.5741222366710013,True,0.531724828891101,0.44594564955142496,0.5373831972642369,0.5241638168274703
tid_1121,37,public_administration_education_health_headcount_share,0.3038108680310515,True,0.5389872440149109,0.47770382371825854,0.5379484840949088,0.5457179805668474
tid_1122,37,public_administration_education_health_headcount_share,0.6967871485943775,True,0.6424799576417609,0.6045591915017106,0.6492634636111537,0.6373838124216769
tid_1123,37,public_administration_education_health_headcount_share,0.4788851351351351,True,0.6305532554158512,0.5263735855938436,0.622783860241654,0.6230641079852675
tid_1124,37,public_administration_education_health_headcount_share,0.62751677852349,True,0.6333481593300542,0.626439325334064,0.6622856073138347,0.6552089181745209
tid_1125,37,public_administration_education_health_headcount_share,0.5556978233034571,True,0.5215732757484072,0.44921746672165475,0.5176493743943483,0.5165830670358381
tid_1126,37,public_administration_education_health_headcount_share,0.5769445998880806,True,0.5505040634257676,0.5218126904874147,0.5369045677086332,0.5671294438865155
tid_1127,37,public_administration_education_health_headcount_share,0.4589533093894304,True,0.44828708174552834,0.4189748328030847,0.4357564407679951,0.4535453167706134
tid_1128,37,public_administration_education_health_headcount_share,0.5379241516966068,True,0.6092259950148313,0.5219349408529742,0.6079873802602347,0.6116840154593908
tid_1129,37,public_administration_education_health_headcount_share,,False,0.5836722831037365,0.5073750499220295,0.5643237589957942,0.5756212362963933
tid_1130,37,public_administration_education_health_headcount_share,0.3367875647668393,True,0.43780251454011576,0.40210033448376437,0.42123745733179474,0.4319707068992507
tid_1131,37,public_administration_education_health_headcount_share,,False,0.5182140630926502,0.4836608788080828,0.6033733064683455,0.4412397298466612
tid_1132,37,public_administration_education_health_headcount_share,0.786779324055666,True,0.535777115106171,0.5043951799033436,0.5362695529871462,0.5235007641765772
tid_1133,37,public_administration_education_health_headcount_share,0.659607843137255,True,0.5658239882908296,0.5253024470791188,0.5678476128681117,0.569380797400911
tid_1134,38,manufacturing_headcount_share,0.1154641018494659,True,0.24581441876096985,0.15799054599452134,0.24524277893470786,0.2071980528613334
tid_1135,38,manufacturing_headcount_share,0.281610069589687,True,0.34017779544815635,0.28034498331874247,0.36278621529730243,0.3526303419659318
tid_1136,38,manufacturing_headcount_share,0.2616886064457558,True,0.18970007545614842,0.16985173171892817,0.20409163969291666,0.21934240545126854
tid_1138,38,manufacturing_headcount_share,0.3008945513689346,True,0.10006723674096567,0.1507386080379634,0.10732595546047842,0.10579325892711151
tid_1139,38,manufacturing_headcount_share,,False,0.1352287029739965,0.1323600797179542,0.14869739514503788,0.13476956096535722
tid_1140,38,manufacturing_headcount_share,0.1395127370843583,True,0.26015432161772245,0.322336907176324,0.26647776793811817,0.21621547700334687
tid_1141,38,manufacturing_headcount_share,0.2648892180460409,True,0.13232484215950188,0.09362868667326561,0.12814784711429594,0.11578204940865615
tid_1142,38,manufacturing_headcount_share,0.0326814204837879,True,0.29653723676874777,0.1649909705625424,0.2932346000110273,0.24304706358625708
tid_1143,38,manufacturing_headcount_share,0.3757356269805342,True,0.24327435120131205,0.2111797762257882,0.2463763902823038,0.2466999497135466
tid_1144,38,manufacturing_headcount_share,,False,0.14676695750395105,0.09652357291195912,0.14784130676529325,0.18919770987129447
tid_1146,38,manufacturing_headcount_share,0.0613354819216436,True,0.15820620860786175,0.16360696741970887,0.14920954708118042,0.1737704797947759
tid_1147,38,manufacturing_headcount_share,0.0053035589672016,True,0.16183158158952204,0.07798169492858446,0.12635432522007886,0.11476670732231269
tid_1148,38,manufacturing_headcount_share,,False,0.18752394811191947,0.058610134775893406,0.10445838451228799,0.19527633812215536
tid_1149,38,manufacturing_headcount_share,,False,0.20092262041848075,0.140740889384607,0.14655313179493676,0.12317249417414994
tid_1150,38,manufacturing_headcount_share,0.0525391115201204,True,0.25143634323442754,0.1644790120607898,0.24414470495147772,0.21294707872631502
tid_1151,38,manufacturing_headcount_share,0.1030746189763016,True,0.1135096826082554,0.0660755233859002,0.0714795064656332,0.11365876536718637
tid_1152,38,manufacturing_headcount_share,,False,0.1591355015274566,0.13005822859707658,0.15975157183311314,0.15845813313927026
tid_1153,38,manufacturing_headcount_share,,False,0.14364392585938604,0.18988088721478416,0.10243803265935993,0.10767938485047755
tid_1154,38,manufacturing_headcount_share,0.0791243571145984,True,0.10411428903965775,0.10058840495788111,0.0893443617528874,0.12248144583108835
tid_1155,38,manufacturing_headcount_share,,False,0.1667120050097027,0.02642310963054707,0.09377849145124996,0.1826689559898136
tid_1157,38,manufacturing_headcount_share,0.1187614120511259,True,0.1689523733013636,0.25080710287176805,0.17022063816176902,0.16615625218110874
tid_1158,38,manufacturing_headcount_share,0.1175295857988165,True,0.224435343765209,0.18349758393799714,0.24273026857887617,0.23608660274505966
tid_1159,38,manufacturing_headcount_share,,False,0.13183713314204892,0.061411769186936645,0.12075855239364824,0.11128288442656778
tid_1160,38,manufacturing_headcount_share,0.0399801955687585,True,0.22802135466511078,0.21856611910507528,0.2128225993363922,0.25235028153956707
tid_1161,38,manufacturing_headcount_share,0.1307436957661173,True,0.29815463249546004,0.1869624396759732,0.23497464059159132,0.3257702683782697
tid_1163,38,manufacturing_headcount_share,0.0947645860788307,True,0.12635173551133372,0.1548111934916449,0.12695608610789974,0.13863659772213408
tid_1164,38,manufacturing_headcount_share,,False,0.09234548860900177,0.1389852300351719,0.08397225227771453,0.0859829312513937
tid_1165,38,manufacturing_headcount_share,0.0834170548299692,True,0.08702576927949743,0.012165854071973287,0.08549931486732149,0.08633203892910539
tid_1166,38,manufacturing_headcount_share,,False,0.1627197880604761,0.13438075976137684,0.15120082671753868,0.16096419902683637
tid_1167,38,manufacturing_headcount_share,0.0586236193712829,True,0.13426869803034575,0.09585811217525056,0.1593017728917105,0.14507121821479116
tid_1168,38,manufacturing_headcount_share,0.0794806216801101,True,0.12810525947786497,0.06742146924333473,0.15128651948473745,0.14134789306963016
tid_1169,38,manufacturing_headcount_share,0.3892764438676184,True,0.20317901491787937,0.2591101056114583,0.219425454165901,0.1784431632929443
tid_1170,38,manufacturing_headcount_share,,False,0.1974514454962902,0.07900475144335715,0.1158921276879392,0.12305894125941821
tid_1171,38,manufacturing_headcount_share,,False,0.16757135105167545,0.02514587411843951,0.13855014343293143,0.10220098491654611
tid_1172,38,manufacturing_headcount_share,,False,0.1297234071048575,0.07072295782078704,0.07708172334073363,0.060793568550945414
tid_1173,38,manufacturing_headcount_share,,False,0.16309347744556774,0.05024261953896669,0.08730111579448643,0.08602196100674804
tid_1174,38,manufacturing_headcount_share,,False,0.15410024615357376,0.08763432586556896,0.10569975349566865,0.0902264385158359
tid_1175,38,manufacturing_headcount_share,0.0912751677852349,True,0.12755379792409352,0.07127832065189957,0.0953013836959469,0.06086824184185084
tid_1134,38,agriculture_headcount_share,0.0042332104562927,True,0.01369745272847422,0.013310499987222219,0.01679107587495408,0.010852366703089691
tid_1135,38,agriculture_headcount_share,0.0117503897783017,True,0.009148554292216492,0.010036242888461035,0.009077479390243169,0.008173202482959484
tid_1136,38,agriculture_headcount_share,0.02277885527999,True,0.008893917088530719,0.008498257836147357,0.009128913243391119,0.010704502441198872
tid_1138,38,agriculture_headcount_share,0.0851179181349959,True,0.07935813819287162,0.05948997403212183,0.07717564795996452,0.06943137787814516
tid_1139,38,agriculture_headcount_share,0.0075775799855665,True,0.07901350846476922,0.08512617970239776,0.07617923335047905,0.07056093004693602
tid_1140,38,agriculture_headcount_share,0.0057138322355368,True,0.025216006665315146,0.02144756380199384,0.037542441479595456,0.02855382601594517
tid_1141,38,agriculture_headcount_share,0.0183916558661976,True,0.028615911124900476,0.024875567585785473,0.024059143120842202,0.030811151642723456
tid_1142,38,agriculture_headcount_share,0.0078057985932406,True,0.0974866985139094,0.0758055046341602,0.09078566608691505,0.09013013966141144
tid_1143,38,agriculture_headcount_share,,False,0.054550489239382556,0.08899129336342004,0.04767079480865838,0.05575966885253035
tid_1144,38,agriculture_headcount_share,0.0419790104947526,True,0.16537060903536877,0.1876193221837896,0.1588457574342302,0.16914056947132555
tid_1146,38,agriculture_headcount_share,0.1122973109074428,True,0.13513334875282282,0.13681300227637044,0.13608549855460192,0.13210313657357947
tid_1147,38,agriculture_headcount_share,0.0038613631076994,True,0.07340546649467904,0.0932186198104284,0.08210525761009464,0.06983010989724553
tid_1148,38,agriculture_headcount_share,0.0193399201177212,True,0.15141711168432556,0.15128603794928264,0.13800436604301522,0.14865563214868302
tid_1149,38,agriculture_headcount_share,,False,0.14869237956678796,0.09108088606450465,0.1563862240693569,0.1329512897324057
tid_1150,38,agriculture_headcount_share,0.0277754538609554,True,0.04570408195014565,0.028094620847726903,0.04440542324714617,0.048537786040618015
tid_1151,38,agriculture_headcount_share,0.0384107127125363,True,0.03522601280820764,0.10116482122763293,0.03663558749653528,0.054368611514950864
tid_1152,38,agriculture_headcount_share,0.0130843869450161,True,0.11537566977953716,0.12412552188486067,0.1174725172138557,0.11536036508553274
tid_1153,38,agriculture_headcount_share,0.0496296296296296,True,0.08112178428108863,0.05273637166696577,0.050672352668911735,0.05944770487972589
tid_1154,38,agriculture_headcount_share,0.0603982592641434,True,0.06438777079871218,0.0600975464572708,0.09329725613389807,0.0777731165005249
tid_1155,38,agriculture_headcount_share,0.086839530332681,True,0.10214525582878735,0.10754168704365848,0.08860792467531892,0.11263677196424068
tid_1157,38,agriculture_headcount_share,0.0888618381010346,True,0.05883088837231133,0.07517718199967155,0.06558165867334949,0.05581632828100141
tid_1158,38,agriculture_headcount_share,0.0170118343195266,True,0.05619342473186306,0.10148547194312003,0.05755907361323936,0.05446181989139507
tid_1159,38,agriculture_headcount_share,0.0608424336973478,True,0.12926816023777776,0.09208288253337285,0.1285451242010761,0.12127468740167753
tid_1160,38,agriculture_headcount_share,0.0045797747245946,True,0.05386858873506085,0.05304702349932837,0.05055272389261933,0.052092506088090434
tid_1161,38,agriculture_headcount_share,0.0142682429677945,True,0.04968523999780041,0.06504963003915674,0.04985629664328233,0.04231792932040603
tid_1163,38,agriculture_headcount_share,0.2285851204025398,True,0.09553975621688125,0.11510850654509172,0.09559852525204238,0.09138177521716682
tid_1164,38,agriculture_headcount_share,0.4925053533190578,True,0.23379797469510347,0.15606864663721667,0.24080409118342275,0.2166669837485892
tid_1165,38,agriculture_headcount_share,0.0370810119645629,True,0.04326907807378785,0.040762068574830695,0.04893979957248127,0.04584705938303142
tid_1166,38,agriculture_headcount_share,0.0605478135511773,True,0.08760113133892343,0.1277235999715524,0.09777992362916613,0.10096047020802804
tid_1167,38,agriculture_headcount_share,,False,0.15097688293372974,0.12920919560362362,0.15599421240532718,0.16399465041781724
tid_1168,38,agriculture_headcount_share,0.0354121581743065,True,0.16988834327333316,0.14245104646775683,0.1738689931222693,0.1679458898798927
tid_1169,38,agriculture_headcount_share,0.0085171966255678,True,0.05720967035268794,0.051329104321485845,0.05757469506587825,0.07145392025264341
tid_1170,38,agriculture_headcount_share,0.0068090374497059,True,0.12129298032349825,0.09978455238566987,0.10167430451808851,0.09225975271918135
tid_1171,38,agriculture_headcount_share,0.0130515848353014,True,0.1375697330696931,0.05701148383494167,0.1483978273789008,0.08791286760212935
tid_1172,38,agriculture_headcount_share,0.0218978102189781,True,0.13572275226862,0.10739642757093627,0.13831918255887368,0.08317856545439949
tid_1173,38,agriculture_headcount_share,0.0675446049277825,True,0.12268091376166827,0.13958916201287264,0.09789552912564851,0.1048485255706261
tid_1174,38,agriculture_headcount_share,0.0204966495861253,True,0.12360992410060638,0.1290625788837469,0.10970773683350335,0.06720890589089602
tid_1175,38,agriculture_headcount_share,0.0424496644295302,True,0.12914882969849018,0.07574416092681602,0.11373800859969553,0.1181674826746422
tid_1134,38,public_administration_education_health_headcount_share,0.3967911738876647,True,0.32633772097075575,0.3738819835574816,0.32454333025029736,0.32723782515923006
tid_1135,38,public_administration_education_health_headcount_share,0.3416359280526296,True,0.366882319065037,0.3631943942185772,0.36727431751800343,0.36915690701124093
tid_1136,38,public_administration_education_health_headcount_share,0.3845376139974415,True,0.38563628119909443,0.34018168866179643,0.3731505772322343,0.3712308060150179
tid_1138,38,public_administration_education_health_headcount_share,0.4034517032619499,True,0.39944176180673613,0.41507903317827355,0.4006432051838651,0.39124037666372485
tid_1139,38,public_administration_education_health_headcount_share,0.5920134712533077,True,0.4090796449581437,0.5426963468587989,0.4228469069228626,0.3993169069799997
tid_1140,38,public_administration_education_health_headcount_share,0.567335925720181,True,0.35874248674936293,0.3818005190641913,0.3533246877974675,0.36786530574898874
tid_1141,38,public_administration_education_health_headcount_share,0.4044929951243597,True,0.381789192221713,0.42352810452634954,0.35779276043425734,0.3781917660727503
tid_1142,38,public_administration_education_health_headcount_share,0.5090066906845085,True,0.38067372692914414,0.4526012264905766,0.3782744016050692,0.39161665760947567
tid_1143,38,public_administration_education_health_headcount_share,,False,0.5218280734337059,0.43052797721853187,0.4925066046554363,0.5187514740050038
tid_1144,38,public_administration_education_health_headcount_share,0.7556221889055472,True,0.5978922397728419,0.5848300003158954,0.5742118829593226,0.6073895565116035
tid_1146,38,public_administration_education_health_headcount_share,0.412528955584651,True,0.45904167364344167,0.42441012565347486,0.452639703557273,0.45118518774241195
tid_1147,38,public_administration_education_health_headcount_share,,False,0.6203462259909234,0.6520020270227554,0.6731012219429763,0.6606232237141503
tid_1148,38,public_administration_education_health_headcount_share,0.6506201387429051,True,0.450356458455008,0.5851708019497427,0.4946879863764199,0.4484800344031002
tid_1149,38,public_administration_education_health_headcount_share,,False,0.5457482974501818,0.6545959481753317,0.6209228462042738,0.6213455111384236
tid_1150,38,public_administration_education_health_headcount_share,0.6360746256169999,True,0.2728874666946812,0.2857389788024093,0.275358814056467,0.29415301477031636
tid_1151,38,public_administration_education_health_headcount_share,0.1407805479693419,True,0.49039770740824196,0.43320350546847286,0.5160302566972422,0.45184365758493583
tid_1152,38,public_administration_education_health_headcount_share,0.0788003528374007,True,0.459456404730784,0.36188563333038226,0.444494744516535,0.4610332942214574
tid_1153,38,public_administration_education_health_headcount_share,0.7296296296296296,True,0.6606510321559967,0.6128281953005152,0.7314795583219316,0.7206498870972654
tid_1154,38,public_administration_education_health_headcount_share,0.253197942766715,True,0.4660705569738247,0.3606661267317301,0.43842181295814786,0.4225044679778877
tid_1155,38,public_administration_education_health_headcount_share,0.6974070450097848,True,0.46242246516385077,0.5461943703498291,0.4792859483919164,0.4665384188471174
tid_1157,38,public_administration_education_health_headcount_share,0.306299452221546,True,0.4280891401895142,0.34084394585132183,0.41740649335375446,0.4047641887032564
tid_1158,38,public_administration_education_health_headcount_share,0.4522189349112426,True,0.41738014783361277,0.4210952758792963,0.39299688968715346,0.4026573353855267
tid_1159,38,public_administration_education_health_headcount_share,0.7199687987519501,True,0.6638708082106288,0.7208496694777016,0.723194243511269,0.7171644991016273
tid_1160,38,public_administration_education_health_headcount_share,0.4104468374798861,True,0.41289570994790686,0.4116584617736988,0.44892513256059796,0.4092439437004043
tid_1161,38,public_administration_education_health_headcount_share,0.416108555122008,True,0.3788024666844164,0.44944630431207555,0.36538419151256735,0.35658848012950317
tid_1163,38,public_administration_education_health_headcount_share,,False,0.450642091875649,0.4661770790636588,0.45425985421806253,0.44150466198165556
tid_1164,38,public_administration_education_health_headcount_share,,False,0.4944922083540053,0.5222488196179254,0.5047354421901391,0.4698900047102159
tid_1165,38,public_administration_education_health_headcount_share,0.1212591713094042,True,0.2805617931852169,0.2637817721774139,0.2873616644646682,0.28951992980493096
tid_1166,38,public_administration_education_health_headcount_share,0.7496395963479097,True,0.5850096348835139,0.6246901029048061,0.5671373619288814,0.5631378702416223
tid_1167,38,public_administration_education_health_headcount_share,,False,0.45773316475533204,0.48155659961595393,0.4562641480103583,0.448330507592205
tid_1168,38,public_administration_education_health_headcount_share,0.6110564627188668,True,0.4672911976685697,0.45755823638997406,0.4661661474047612,0.4638645322213462
tid_1169,38,public_administration_education_health_headcount_share,0.3481505515898767,True,0.3227640146624247,0.3437493878687433,0.31940971670415697,0.33915843572643484
tid_1170,38,public_administration_education_health_headcount_share,0.7780872794800371,True,0.45975303467256196,0.5560220408975601,0.487093319331393,0.544116582965701
tid_1171,38,public_administration_education_health_headcount_share,0.8203853325046613,True,0.7396885254323599,0.8005622302114067,0.7610827897528929,0.7734525174671183
tid_1172,38,public_administration_education_health_headcount_share,0.8149793716280546,True,0.4941541604369398,0.5412711688269486,0.5065534190372305,0.5435404020586976
tid_1173,38,public_administration_education_health_headcount_share,0.693712829226848,True,0.5374321945091984,0.6746471844998915,0.645281898708708,0.6470188322449866
tid_1174,38,public_administration_education_health_headcount_share,0.8230193141505715,True,0.523436523872955,0.5369303894784251,0.5536768393603709,0.6416569999384295
tid_1175,38,public_administration_education_health_headcount_share,0.6716442953020134,True,0.4587965724821857,0.5221729944280373,0.4799675983737642,0.4754657024128011
tid_1176,39,manufacturing_headcount_share,0.139420376351636,True,0.21285392613116116,0.10209353065833074,0.19309772479962484,0.15852550048532077
tid_1178,39,manufacturing_headcount_share,0.1937716262975778,True,0.21591884383309998,0.14437641647471144,0.20564604420970037,0.21773972091283222
tid_1179,39,manufacturing_headcount_share,0.256857855361596,True,0.10491134947150692,0.15990582659003627,0.1017971795849533,0.1396194886745275
tid_1180,39,manufacturing_headcount_share,0.3193106004447739,True,0.1887826249597375,0.2881654330790618,0.18144987306481813,0.18999804329206707
tid_1181,39,manufacturing_headcount_share,0.3396743787489288,True,0.23064743109526145,0.28115255995497085,0.21671707499532628,0.16861384234800225
tid_1185,39,manufacturing_headcount_share,0.1225212464589235,True,0.10876873190836903,0.18310910944224792,0.08557909939024268,0.0911309202513364
tid_1186,39,manufacturing_headcount_share,0.2181039978144067,True,0.17290725577345514,0.06345346605169874,0.16100338517162632,0.14256293774522083
tid_1187,39,manufacturing_headcount_share,0.179591049382716,True,0.23882000303545256,0.2015817541091191,0.208063599295692,0.18377667265234088
tid_1188,39,manufacturing_headcount_share,0.1885898087015405,True,0.14285501948984028,0.2177093734446711,0.1101470246903573,0.1396142810508729
tid_1189,39,manufacturing_headcount_share,,False,0.16718567086031322,0.10727579899434639,0.16215770202623417,0.168871675955366
tid_1190,39,manufacturing_headcount_share,,False,0.17520088572628484,0.24687056423709924,0.18823903929110317,0.1882086947501069
tid_1191,39,manufacturing_headcount_share,0.0817073170731707,True,0.10885002460513835,0.10357283903353168,0.05985842060803671,0.055590973579471556
tid_1192,39,manufacturing_headcount_share,,False,0.1339530409828677,0.12867001694591934,0.08295001302981306,0.14726897080346252
tid_1193,39,manufacturing_headcount_share,,False,0.13129885814215603,0.13164300405570398,0.06559914284519829,0.13936020737690108
tid_1194,39,manufacturing_headcount_share,0.175,True,0.15437470385642357,0.0875249991456052,0.13212842172021824,0.09265651283296152
tid_1195,39,manufacturing_headcount_share,0.1031950055086301,True,0.10539534522914092,0.0926820846756488,0.07099658913009588,0.11481212250456795
tid_1196,39,manufacturing_headcount_share,,False,0.16002110189139315,0.08183588569215054,0.08339410200617954,0.16326087087337107
tid_1197,39,manufacturing_headcount_share,0.1595165134490977,True,0.22693195159659704,0.24847509257467992,0.20542593443589754,0.13455736869963106
tid_1176,39,agriculture_headcount_share,0.0162898469316107,True,0.014935385124027575,0.014098287903202302,0.01883960261183912,0.014556416890114067
tid_1178,39,agriculture_headcount_share,,False,0.10899396409320053,0.12075132581322973,0.10091698800692034,0.051763656626839315
tid_1179,39,agriculture_headcount_share,,False,0.02702243947101506,0.03487994958479194,0.022026261648253352,0.0324339633586792
tid_1180,39,agriculture_headcount_share,,False,0.09033451530223428,0.047130257870658665,0.08268108003070967,0.09583319722627878
tid_1181,39,agriculture_headcount_share,,False,0.032598437737785306,0.04113287202455073,0.03252107559882187,0.042927173259266184
tid_1185,39,agriculture_headcount_share,,False,0.09798207003199387,0.13754064058733334,0.09562735719117138,0.08259311880667104
tid_1186,39,agriculture_headcount_share,0.0473545214461342,True,0.11491050363261442,0.06956184234558963,0.11239150988568793,0.11398654016123097
tid_1187,39,agriculture_headcount_share,,False,0.05150812143522063,0.03717853755037552,0.056438608543710585,0.04358376465715346
tid_1188,39,agriculture_headcount_share,0.0096495683087861,True,0.11372961611995681,0.08323607249288989,0.11124773255945836,0.11611448611031426
tid_1189,39,agriculture_headcount_share,,False,0.07564157341430822,0.15174486883845903,0.072181755602046,0.07151789733223256
tid_1190,39,agriculture_headcount_share,,False,0.034266410196109556,0.0387392188496134,0.04409426374903251,0.04344242597507138
tid_1191,39,agriculture_headcount_share,,False,0.09070937531922577,0.06843102720861016,0.0861078207297065,0.05951699466658732
tid_1192,39,agriculture_headcount_share,0.2158730158730158,True,0.14407071516116957,0.13063585541060418,0.12306345352573504,0.1436896381782
tid_1193,39,agriculture_headcount_share,0.4930167597765363,True,0.0959141837327444,0.14362761876916935,0.08279925658823102,0.09009439192454637
tid_1194,39,agriculture_headcount_share,,False,0.12489326197720246,0.09100876532228439,0.11924257093410343,0.0923165248231056
tid_1195,39,agriculture_headcount_share,0.2361366140286449,True,0.09575799198402338,0.1637835766957476,0.09588855154577795,0.12100304298544194
tid_1196,39,agriculture_headcount_share,0.1733723482077542,True,0.07293069609970639,0.09271986433927076,0.06833068705081652,0.0865412054416664
tid_1197,39,agriculture_headcount_share,,False,0.07071772703799382,0.06205921372480153,0.06882657204439366,0.08504700560453952
tid_1176,39,public_administration_education_health_headcount_share,0.4111782053082432,True,0.387681454614018,0.42011350338507725,0.367727318263135,0.38906168391254353
tid_1178,39,public_administration_education_health_headcount_share,,False,0.5591141528864849,0.6286476490295806,0.594624456728647,0.6795493321941636
tid_1179,39,public_administration_education_health_headcount_share,0.5476309226932669,True,0.4458767899871222,0.3294651254037412,0.43780412445725564,0.41291148451531334
tid_1180,39,public_administration_education_health_headcount_share,0.2183098591549295,True,0.42565613916876277,0.36207254047469334,0.48503545212599863,0.4269681317628502
tid_1181,39,public_administration_education_health_headcount_share,0.4485004284490145,True,0.42752074567600584,0.40728958896225065,0.43321436506864613,0.44329046631047064
tid_1185,39,public_administration_education_health_headcount_share,0.5375354107648725,True,0.47232924871858645,0.45557755121631044,0.5000731365752412,0.4908595218820923
tid_1186,39,public_administration_education_health_headcount_share,0.2954193607139604,True,0.33119406376174193,0.43952183174363985,0.3158290998850138,0.36318821152822844
tid_1187,39,public_administration_education_health_headcount_share,0.6010802469135802,True,0.42113173445806434,0.42587993348209474,0.428551876915154,0.44741682226967633
tid_1188,39,public_administration_education_health_headcount_share,0.3528017606229897,True,0.35105064981423634,0.31384388120179496,0.37110820879582285,0.36027300310115545
tid_1189,39,public_administration_education_health_headcount_share,0.6140808344198174,True,0.5761708521113558,0.5660176062091657,0.5751514570414463,0.593993166395302
tid_1190,39,public_administration_education_health_headcount_share,0.6963087248322147,True,0.39902619397940337,0.3519215038580918,0.4551418065899536,0.4006913369864836
tid_1191,39,public_administration_education_health_headcount_share,0.6134146341463415,True,0.5675923711156522,0.540315937219884,0.6112600267152761,0.7012726679039569
tid_1192,39,public_administration_education_health_headcount_share,0.5606349206349206,True,0.6090919053463756,0.5929290357143223,0.6365984622812837,0.5874836754736638
tid_1193,39,public_administration_education_health_headcount_share,0.38268156424581,True,0.5470278888082613,0.5148470972593708,0.5779462545477375,0.5531537977769827
tid_1194,39,public_administration_education_health_headcount_share,0.629375,True,0.6605064006993224,0.5335114644667518,0.652013188902604,0.7299788383552458
tid_1195,39,public_administration_education_health_headcount_share,0.3382298934998163,True,0.5545841661653553,0.5391954915185063,0.577416164261821,0.51728237814463
tid_1196,39,public_administration_education_health_headcount_share,0.648134601316752,True,0.5305459646398744,0.566062526659044,0.5871370264087508,0.5092994936795964
tid_1197,39,public_administration_education_health_headcount_share,0.5202587674497787,True,0.46124641111341674,0.4386703336998866,0.46527703751391947,0.4756967370902008
tid_1198,40,manufacturing_headcount_share,0.3019950683703205,True,0.25068714965579875,0.28962130962754684,0.24493583670062027,0.280082723753616
tid_1200,40,manufacturing_headcount_share,0.4764937822262663,True,0.1463629216612101,0.1677012387239085,0.19161806577838603,0.16618195224340962
tid_1201,40,manufacturing_headcount_share,,False,0.12357984945488625,0.0701378741961856,0.10387196812810867,0.11524755338290561
tid_1203,40,manufacturing_headcount_share,0.3783165599268069,True,0.16878547946186923,0.20568212666930236,0.20917348913041914,0.16715253882382639
tid_1204,40,manufacturing_headcount_share,0.125105663567202,True,0.129210131565326,0.13099141579854218,0.1415589822866911,0.1313519260208818
tid_1205,40,manufacturing_headcount_share,,False,0.12590535521445,0.12719960653795492,0.10971193605741993,0.1268418919988744
tid_1206,40,manufacturing_headcount_share,0.2366113744075829,True,0.2716835672578314,0.2990430610157664,0.2645810156235021,0.3448165852304572
tid_1207,40,manufacturing_headcount_share,0.2690929932655108,True,0.2559559251571626,0.2683668163081218,0.26464634355910355,0.2714516788292159
tid_1208,40,manufacturing_headcount_share,,False,0.16241106318165482,0.09474998476742005,0.16063548634496785,0.16386706182584856
tid_1209,40,manufacturing_headcount_share,0.299114204365707,True,0.22636798959238252,0.19941623329672026,0.2240985110447729,0.24022640376311805
tid_1210,40,manufacturing_headcount_share,,False,0.10024142180232512,0.1878811662783154,0.11738112054300263,0.11206464367081187
tid_1211,40,manufacturing_headcount_share,0.3964570599813529,True,0.21768939510434676,0.32804018181514594,0.24955160260287668,0.25518931803553746
tid_1212,40,manufacturing_headcount_share,0.4399676865596283,True,0.22871029204315035,0.34020106011520357,0.2123231641795515,0.31886886661925773
tid_1213,40,manufacturing_headcount_share,0.3219792040157763,True,0.10785503506216702,0.18386665590689485,0.11008746000759076,0.10856856280713502
tid_1214,40,manufacturing_headcount_share,,False,0.2026893803804392,0.09854708919796641,0.18147392785790073,0.2007810028594495
tid_1215,40,manufacturing_headcount_share,,False,0.12027563112228243,0.18686319415911948,0.12595682267515668,0.12541850599719712
tid_1217,40,manufacturing_headcount_share,,False,0.07483493022199957,0.13932068124945948,0.09037428015623376,0.08088472447440277
tid_1218,40,manufacturing_headcount_share,0.1033512407265285,True,0.1610600586657054,0.15350159323610327,0.16675819788287147,0.1537164885931218
tid_1219,40,manufacturing_headcount_share,0.0862685043389484,True,0.1115188287033059,0.2033699071163299,0.12102703645203286,0.1442982396927432
tid_1220,40,manufacturing_headcount_share,,False,0.09941607696269769,0.15679052255863196,0.09890762816126412,0.10536612748529009
tid_1221,40,manufacturing_headcount_share,0.1992818671454219,True,0.09224337208750572,0.21605732396245858,0.11920460460053792,0.10998062071605956
tid_1222,40,manufacturing_headcount_share,,False,0.12930673581533025,0.160988954758688,0.1211234379947266,0.13168100878166183
tid_1223,40,manufacturing_headcount_share,,False,0.1402629787793724,0.1488984973588197,0.13797128026061936,0.14255554806592963
tid_2646,40,manufacturing_headcount_share,0.3072827793324688,True,0.16952415631992038,0.12132039068542974,0.1820594795517423,0.1319270943541101
tid_2647,40,manufacturing_headcount_share,0.6487668108159483,True,0.1933026553900074,0.21419961351719854,0.22057638553704217,0.18187508230425897
tid_1198,40,agriculture_headcount_share,0.0049764626765299,True,0.008063352714504842,0.009710358634886132,0.005302681867277457,0.007931847647970558
tid_1200,40,agriculture_headcount_share,0.0382165605095541,True,0.08190643384127322,0.07370427135149395,0.1026908541853603,0.07395580330314515
tid_1201,40,agriculture_headcount_share,,False,0.14311620800606423,0.15348791098731188,0.14380826684852266,0.11800459886855588
tid_1203,40,agriculture_headcount_share,0.1148215919487648,True,0.07889651298725642,0.09462354929187704,0.09330248406509427,0.07856234379636437
tid_1204,40,agriculture_headcount_share,,False,0.128365082377447,0.15010737993764933,0.13120698296431732,0.1363929531467888
tid_1205,40,agriculture_headcount_share,,False,0.13870219086031807,0.1513752442595666,0.14315083140594523,0.13489562205079808
tid_1206,40,agriculture_headcount_share,0.0527251184834123,True,0.04469442154307151,0.05431933708851242,0.05936210045045089,0.050760525744247345
tid_1207,40,agriculture_headcount_share,,False,0.04614842376826091,0.09056326129622805,0.05371435804458658,0.0439786305116152
tid_1208,40,agriculture_headcount_share,,False,0.11331433015837854,0.12185746789390128,0.1080877892787877,0.11808935553698818
tid_1209,40,agriculture_headcount_share,0.0357481809553938,True,0.037886743783749455,0.08708485726130592,0.04667964213037181,0.03689845377598562
tid_1210,40,agriculture_headcount_share,,False,0.04287130137972869,0.07479085146186104,0.06681464544106225,0.057161607665825655
tid_1211,40,agriculture_headcount_share,,False,0.03951540335021513,0.0470828554165558,0.04744169524398837,0.042447313098582046
tid_1212,40,agriculture_headcount_share,0.0297889528425729,True,0.0577003752191356,0.05239751355321763,0.05092579143281012,0.06161986836467229
tid_1213,40,agriculture_headcount_share,,False,0.14563347525966827,0.13310406789684406,0.1458250893201434,0.1337719606276579
tid_1214,40,agriculture_headcount_share,,False,0.10997113461617421,0.2050901306296945,0.11005235942644359,0.10618285513703732
tid_1215,40,agriculture_headcount_share,0.1782065834279228,True,0.11354750570341487,0.13756782130400724,0.1219942758086157,0.12547466099139906
tid_1217,40,agriculture_headcount_share,,False,0.04088119316815405,0.19196333140692726,0.05479375407056774,0.0770236931988182
tid_1218,40,agriculture_headcount_share,0.1133282169352775,True,0.0718728216813308,0.11507362454101007,0.07859485885838971,0.08074180407579365
tid_1219,40,agriculture_headcount_share,,False,0.06748249722781523,0.06437654928339294,0.0694518689923876,0.07877764928915465
tid_1220,40,agriculture_headcount_share,,False,0.10050888146575017,0.14566541961041848,0.10722846046811657,0.09285663364472863
tid_1221,40,agriculture_headcount_share,0.2877019748653501,True,0.03340148292682842,0.1191453597386284,0.06589336159134629,0.052801980942810786
tid_1222,40,agriculture_headcount_share,0.1972093023255814,True,0.15588406997471407,0.24670572617411063,0.16141097913390018,0.15847209697958026
tid_1223,40,agriculture_headcount_share,,False,0.10793485090265842,0.14193820190647685,0.11010699408737329,0.1098904280685787
tid_2646,40,agriculture_headcount_share,,False,0.01845143082118363,0.021525245696854985,0.01747711458154969,0.01723102173662917
tid_2647,40,agriculture_headcount_share,,False,0.045635612875400966,0.0609788190655487,0.04788922663516651,0.05101982058552255
tid_1198,40,public_administration_education_health_headcount_share,0.3319345438242546,True,0.3462817388832139,0.32168286626470977,0.3353160725569632,0.35086122510098705
tid_1200,40,public_administration_education_health_headcount_share,0.3475887170154686,True,0.5439508881247768,0.466147649705013,0.49152490175088365,0.47507208558838426
tid_1201,40,public_administration_education_health_headcount_share,,False,0.6025354366349015,0.6163211171726821,0.5703690315874167,0.5957146659080759
tid_1203,40,public_administration_education_health_headcount_share,0.2771271729185727,True,0.4240377532269233,0.4659054919049813,0.4122669119124055,0.4247857817743569
tid_1204,40,public_administration_education_health_headcount_share,,False,0.5605388986740746,0.5431234942989893,0.5557290590787313,0.5571724860031576
tid_1205,40,public_administration_education_health_headcount_share,,False,0.5113279643048361,0.5740023177984508,0.4814774547074759,0.5364247831257952
tid_1206,40,public_administration_education_health_headcount_share,0.2552132701421801,True,0.37816179334882105,0.3901743997998456,0.3587818836095364,0.3702322347584048
tid_1207,40,public_administration_education_health_headcount_share,0.4027797678750537,True,0.4130006048960475,0.44346069822490447,0.3744689487323136,0.39091959194588144
tid_1208,40,public_administration_education_health_headcount_share,,False,0.6187010541427571,0.6160072548050004,0.6305051168516337,0.6291537791664211
tid_1209,40,public_administration_education_health_headcount_share,0.4063587472318886,True,0.448480813009297,0.4248543430687244,0.4467073285053393,0.4305844449364464
tid_1210,40,public_administration_education_health_headcount_share,,False,0.6162073708264845,0.5838213260470476,0.5304329746151266,0.5445112313060605
tid_1211,40,public_administration_education_health_headcount_share,0.2610587382160986,True,0.3964557522599178,0.3923826744347385,0.3726145740393488,0.38296709840629145
tid_1212,40,public_administration_education_health_headcount_share,0.2704231041098657,True,0.32312631749396653,0.33189451986352586,0.32757034770491145,0.3170289265193127
tid_1213,40,public_administration_education_health_headcount_share,,False,0.5575307142898813,0.5368714659656625,0.5161491598292731,0.557711391156178
tid_1214,40,public_administration_education_health_headcount_share,0.6641221374045801,True,0.6058791170259323,0.5477022551849438,0.6022627134217156,0.6044951412533237
tid_1215,40,public_administration_education_health_headcount_share,,False,0.6227633606804217,0.5920989847104351,0.6289045855809291,0.6290596822687542
tid_1217,40,public_administration_education_health_headcount_share,,False,0.6349458423950533,0.563087866509446,0.6032597295755133,0.5877971259848597
tid_1218,40,public_administration_education_health_headcount_share,0.470708621130724,True,0.5462664289233666,0.5147326646042599,0.49624727272756436,0.49325655516652184
tid_1219,40,public_administration_education_health_headcount_share,,False,0.4778877668163603,0.4851715996046304,0.42974197383152174,0.4555254826491617
tid_1220,40,public_administration_education_health_headcount_share,,False,0.5447695289372143,0.5901818795365228,0.5376131181234686,0.5502397809810078
tid_1221,40,public_administration_education_health_headcount_share,,False,0.5592567060742606,0.4672478939211633,0.5006372524382953,0.4955114875229382
tid_1222,40,public_administration_education_health_headcount_share,,False,0.5990022108501396,0.5924396880422987,0.5853200209908781,0.5961081204853169
tid_1223,40,public_administration_education_health_headcount_share,,False,0.5831275812450585,0.5119160284898681,0.5404743086559327,0.5537745102892521
tid_2646,40,public_administration_education_health_headcount_share,0.2999453962186881,True,0.4366695969129173,0.38615595148726317,0.4084006265238287,0.4133730293840163
tid_2647,40,public_administration_education_health_headcount_share,0.1547307893361212,True,0.36043813855197093,0.3756395184011447,0.3422234394773853,0.35036622719240584
tid_608,41,manufacturing_headcount_share,0.0504609412906356,True,0.06814964572596145,0.04272578188989264,0.08584713549122608,0.07466771994555235
tid_612,41,manufacturing_headcount_share,0.0277531739002066,True,0.06186679571580286,0.01456831934293808,0.07050507942051473,0.027291580025573928
tid_613,41,manufacturing_headcount_share,,False,0.1007558450773988,0.09737346178928515,0.07157844557683553,0.08629564360131113
tid_614,41,manufacturing_headcount_share,0.1997677119628339,True,0.03690265421269891,0.06435769409345775,0.02760721854054537,0.026323997380101077
tid_615,41,manufacturing_headcount_share,0.3006029285099053,True,0.03690265421269891,0.05767027923005571,0.02760721854054537,0.026323997380101077
tid_616,41,manufacturing_headcount_share,,False,0.050814897368424754,0.04108626834813267,0.05059493271804099,0.043137005233051764
tid_618,41,manufacturing_headcount_share,0.3879154078549849,True,0.050814897368424754,0.05767027923005571,0.05059493271804099,0.043137005233051764
tid_619,41,manufacturing_headcount_share,,False,0.050814897368424754,0.05767027923005571,0.05059493271804099,0.043137005233051764
tid_621,41,manufacturing_headcount_share,,False,0.050814897368424754,0.05767027923005571,0.05059493271804099,0.043137005233051764
tid_608,41,agriculture_headcount_share,0.1296386148399734,True,0.022273337785824764,0.01175944359539575,0.03081322102412346,0.02163177264629725
tid_612,41,agriculture_headcount_share,0.0444050782403306,True,0.03812508063249459,0.03911419072437631,0.03429523981711375,0.056337674463675366
tid_613,41,agriculture_headcount_share,0.0112258643915581,True,0.04529647672844964,0.09435331355621604,0.03813072608519345,0.04754534194906386
tid_614,41,agriculture_headcount_share,0.3523035230352303,True,0.06205079459408575,0.05806963215289877,0.059448970540175,0.059218784716560245
tid_615,41,agriculture_headcount_share,0.2316968130921619,True,0.06205079459408575,0.05406466249729882,0.059448970540175,0.059218784716560245
tid_616,41,agriculture_headcount_share,0.0454371897670866,True,0.057244403551589454,0.07774080108412225,0.048274418534949265,0.05413400853001132
tid_618,41,agriculture_headcount_share,0.1329305135951661,True,0.06205079459408575,0.10006512871583027,0.059448970540175,0.059218784716560245
tid_619,41,agriculture_headcount_share,0.0347085789129011,True,0.06205079459408575,0.06557210753705897,0.059448970540175,0.059218784716560245
tid_621,41,agriculture_headcount_share,,False,0.06205079459408575,0.06701439420692369,0.059448970540175,0.059218784716560245
tid_608,41,public_administration_education_health_headcount_share,0.4722446852480816,True,0.30948979314919256,0.45322210309925043,0.34183885230040084,0.3337098437751762
tid_612,41,public_administration_education_health_headcount_share,0.4745202243873634,True,0.27171916280689457,0.4684203865165759,0.2706102811548813,0.29308107906586206
tid_613,41,public_administration_education_health_headcount_share,0.6286484059272563,True,0.23410138930235228,0.40004516867825957,0.23980243517300667,0.2553775229672207
tid_614,41,public_administration_education_health_headcount_share,0.1289198606271777,True,0.32863774471756313,0.3669078217045529,0.33710465117708693,0.34246862642195985
tid_615,41,public_administration_education_health_headcount_share,0.258685041630778,True,0.3216709601186679,0.4136261579746436,0.32456504024454713,0.33144381601611833
tid_616,41,public_administration_education_health_headcount_share,0.5360824742268041,True,0.2659653701441093,0.33987456127873295,0.28301331929251594,0.26035185512128967
tid_618,41,public_administration_education_health_headcount_share,0.1679758308157099,True,0.35596539645208436,0.4811705257271984,0.3544023052981475,0.3473565077518434
tid_619,41,public_administration_education_health_headcount_share,0.4525212835625409,True,0.35596539645208436,0.3487450711769029,0.3544023052981475,0.3473565077518434
tid_621,41,public_administration_education_health_headcount_share,0.5668402777777778,True,0.3284467038616609,0.3248940095805741,0.3260604732379028,0.3136726100761992
tid_1258,43,manufacturing_headcount_share,0.2765700212694503,True,0.24692064777241682,0.2901122900849218,0.235230439383487,0.26416583314889297
tid_1259,43,manufacturing_headcount_share,0.4045943433806931,True,0.17642379217150805,0.21587843680817342,0.18329175239248352,0.19872952212389097
tid_1260,43,manufacturing_headcount_share,0.4498040876839987,True,0.2916994236679172,0.30998869184639694,0.2887140865461097,0.23204950751399947
tid_1261,43,manufacturing_headcount_share,0.1541565778853914,True,0.27799384462186627,0.16157684387178492,0.2726990393041127,0.27826616952258293
tid_1262,43,manufacturing_headcount_share,0.2939251112856769,True,0.2814566704256918,0.24875693866175375,0.2544239663734491,0.2898327772245701
tid_1264,43,manufacturing_headcount_share,,False,0.06395906746630368,0.03244640131887553,0.05567466981258405,0.04221992858579681
tid_1265,43,manufacturing_headcount_share,,False,0.031961682746484324,0.12220838032650504,0.006564846307895406,0.03787076053462359
tid_1266,43,manufacturing_headcount_share,,False,0.13288243921830115,0.14604791709323048,0.1209473309310647,0.10625804261201292
tid_1267,43,manufacturing_headcount_share,,False,0.044491865966678416,0.11364605347678003,0.06246126212687405,0.04652363703320177
tid_1268,43,manufacturing_headcount_share,0.3050036791758646,True,0.1441871072631103,0.09417984419598813,0.16040881027158285,0.1428771293179166
tid_1269,43,manufacturing_headcount_share,,False,0.05639254731003511,0.03306593383652726,0.06667315791957498,0.05177833151230301
tid_1270,43,manufacturing_headcount_share,,False,0.12271201872956475,0.1569052819977753,0.13767737489621054,0.12928661664133767
tid_1271,43,manufacturing_headcount_share,0.1156549520766773,True,0.11544728446819422,0.051738593996905946,0.1194193404743765,0.09781180271957406
tid_1272,43,manufacturing_headcount_share,0.0883933369156367,True,0.08102969097087077,0.07869416203478322,0.08346907966232334,0.10352012176573457
tid_1273,43,manufacturing_headcount_share,,False,0.08979784937621872,0.05200447609751347,0.08104618096647824,0.07505000002414766
tid_1274,43,manufacturing_headcount_share,0.0059790732436472,True,0.10169853071957538,0.05812001116134179,0.06657892882389137,0.0879804936855775
tid_1275,43,manufacturing_headcount_share,0.1003460207612456,True,0.15904154029909529,0.09672043616443687,0.12174985610213317,0.12180271616959358
tid_1276,43,manufacturing_headcount_share,0.0922256097560975,True,0.036409321942899205,0.02195984513489339,0.05584821538733457,0.04280258133305032
tid_1277,43,manufacturing_headcount_share,0.0613423141688717,True,0.07576545180617011,0.09706410422897464,0.09017944019252612,0.08894866325164794
tid_1278,43,manufacturing_headcount_share,,False,0.0724038157379455,0.06413773393318069,0.08210071787009722,0.067350711569945
tid_1279,43,manufacturing_headcount_share,,False,0.13757430531873244,0.11887876199802924,0.14213807292711936,0.12660316076293773
tid_1280,43,manufacturing_headcount_share,,False,0.140438176511669,0.09946753221998751,0.12869638769846137,0.1390927720982208
tid_1281,43,manufacturing_headcount_share,0.2670356278104462,True,0.08406313604021494,0.20570936529874828,0.08386305689910369,0.1084591344258201
tid_1282,43,manufacturing_headcount_share,,False,0.042144035278903,0.09032881489952363,0.06142709352612602,0.043037146484172395
tid_1284,43,manufacturing_headcount_share,0.0501508295625942,True,0.12101264322741062,0.09074917229744088,0.10889165018554808,0.10165338822667232
tid_1285,43,manufacturing_headcount_share,0.4410324423587023,True,0.10997601081756367,0.1789395586797431,0.1498066768377613,0.12690285239117383
tid_1286,43,manufacturing_headcount_share,,False,0.08801219128002447,0.1064187331024562,0.10103335245615483,0.09899759908025642
tid_1287,43,manufacturing_headcount_share,0.1574705517668939,True,0.1321939841035153,0.1473163208977323,0.13089082283995898,0.12125480442639482
tid_1288,43,manufacturing_headcount_share,0.0406976744186046,True,0.04116024234809363,0.09208245070679216,0.048898235080077436,0.04824104325350537
tid_1289,43,manufacturing_headcount_share,0.0700525394045534,True,0.08406313604021494,0.07363777948962685,0.04889755584669058,0.07784857815862249
tid_1290,43,manufacturing_headcount_share,0.2412523020257826,True,0.08351140866556984,0.11302874927545445,0.1060854122054149,0.1348246228277197
tid_1291,43,manufacturing_headcount_share,,False,0.08979784937621872,0.0790344901700459,0.08104618096647824,0.07841501723649623
tid_1292,43,manufacturing_headcount_share,,False,0.1025946257792822,0.05688685693021826,0.10275602132768545,0.11803829048770083
tid_1293,43,manufacturing_headcount_share,0.2599372384937238,True,0.18503101457459326,0.14125276659664757,0.1979832810217319,0.19436870871100795
tid_1294,43,manufacturing_headcount_share,0.1627131934914722,True,0.12845692450821558,0.11009605322020627,0.09456281070285208,0.1556399438519153
tid_1295,43,manufacturing_headcount_share,0.0070977917981072,True,0.042144035278903,0.1073645478832963,0.047856355364867875,0.040330380497731806
tid_1296,43,manufacturing_headcount_share,,False,0.10169853071957538,0.04805413532334662,0.0911230011546289,0.09134551089792607
tid_1297,43,manufacturing_headcount_share,0.0389725420726306,True,0.044491865966678416,0.11606658466228237,0.06246126212687405,0.04652363703320177
tid_1298,43,manufacturing_headcount_share,0.0617894216510133,True,0.16023920941150702,0.09073972644656043,0.1549378573251114,0.17300646381309603
tid_1299,43,manufacturing_headcount_share,0.0569867291178766,True,0.044491865966678416,0.04901787988301543,0.048890523965615926,0.04381687104676118
tid_1300,43,manufacturing_headcount_share,,False,0.09546405910105833,0.06470417651755137,0.0829396320103919,0.08383311950579328
tid_1301,43,manufacturing_headcount_share,0.1274371291325233,True,0.119874272555884,0.21146122055978564,0.11126236472716,0.11350379124586937
tid_1302,43,manufacturing_headcount_share,0.0100794135613927,True,0.1443906812809818,0.136837903555314,0.11639835817848725,0.168319428978389
tid_1258,43,agriculture_headcount_share,0.0095600582111272,True,0.005597278210436577,0.004129462760970063,0.007084187289732927,0.007954229941668617
tid_1259,43,agriculture_headcount_share,0.0023901208338866,True,0.11453289279527028,0.06579077842612559,0.11524322818741788,0.13469774828910538
tid_1260,43,agriculture_headcount_share,0.0003706449221645,True,0.04569309855785485,0.027532781759226084,0.04297376450670808,0.040360383798126905
tid_1261,43,agriculture_headcount_share,0.0052461662631154,True,0.11123116819245397,0.1114677559412447,0.1093589804833478,0.12945285930646952
tid_1262,43,agriculture_headcount_share,,False,0.12972750517486942,0.12443834151663513,0.12088170012814664,0.13961084806355756
tid_1264,43,agriculture_headcount_share,,False,0.16218805727403862,0.1301838416291277,0.1651929361013352,0.10489790348402549
tid_1265,43,agriculture_headcount_share,,False,0.1770311893614262,0.2205936166528405,0.2102097751023937,0.19976736601942782
tid_1266,43,agriculture_headcount_share,0.0249488752556237,True,0.11272305510126997,0.14849819451434826,0.12111849311118672,0.10854893821467643
tid_1267,43,agriculture_headcount_share,,False,0.12692292709873199,0.14021857390773915,0.11753515244749199,0.12915246223737614
tid_1268,43,agriculture_headcount_share,0.028513612950699,True,0.1616916811730105,0.1356442702559557,0.15241903416727293,0.15594866829758247
tid_1269,43,agriculture_headcount_share,0.1851851851851851,True,0.20971891451223382,0.17982753154411182,0.1998535588993954,0.17878520531924694
tid_1270,43,agriculture_headcount_share,,False,0.166074462096147,0.09801573066232037,0.156648032784703,0.16812438821561673
tid_1271,43,agriculture_headcount_share,0.0805111821086261,True,0.09843733918292015,0.12524517523300777,0.1037633121612994,0.10674287558885735
tid_1272,43,agriculture_headcount_share,0.2184309511015583,True,0.16482781290016107,0.10337672357354559,0.17001302504652988,0.19096818132272556
tid_1273,43,agriculture_headcount_share,,False,0.06749397713360042,0.06398118753348028,0.06395768998951125,0.07709960208852841
tid_1274,43,agriculture_headcount_share,,False,0.15185955559591752,0.13557153705891944,0.15160631967430452,0.1669933267805525
tid_1275,43,agriculture_headcount_share,0.2157911292859389,True,0.1037132432235494,0.08167776431820903,0.0937664270202978,0.07501999617499794
tid_1276,43,agriculture_headcount_share,,False,0.23935731112597847,0.20606687294859535,0.24367062281971863,0.2475330757611359
tid_1277,43,agriculture_headcount_share,0.3649266297810921,True,0.17564914283083524,0.1772106492044775,0.17983430822790006,0.17436343261632506
tid_1278,43,agriculture_headcount_share,,False,0.12087068316042231,0.1694418316916519,0.11169874098085923,0.11207890823075038
tid_1279,43,agriculture_headcount_share,0.0272045028142589,True,0.18803944083340435,0.1095250693193967,0.18153417006845574,0.17818373783715258
tid_1280,43,agriculture_headcount_share,0.1497584541062802,True,0.14018218399213236,0.11375342311047357,0.12837361843116005,0.14155243851880786
tid_1281,43,agriculture_headcount_share,0.1189899688689034,True,0.11050619751583514,0.10004807933207317,0.11041153638088241,0.10295192305147394
tid_1282,43,agriculture_headcount_share,0.0352595494613124,True,0.18466424479878601,0.10363323081771338,0.16718663987704066,0.16701545611973953
tid_1284,43,agriculture_headcount_share,0.0580693815987933,True,0.12920693596039307,0.14425020028786623,0.13697214144643877,0.13265467657373153
tid_1285,43,agriculture_headcount_share,0.0028565598857376,True,0.17169272415105696,0.1305540070543438,0.17450348676826144,0.16323725242352655
tid_1286,43,agriculture_headcount_share,0.1521739130434782,True,0.234967693861154,0.2268031013782707,0.223474288376847,0.23792461062844114
tid_1287,43,agriculture_headcount_share,0.1419714817110973,True,0.1521414570631843,0.12411534670093696,0.15329104992982803,0.1614892930846086
tid_1288,43,agriculture_headcount_share,0.2417635658914728,True,0.1869837079369889,0.11150721639586786,0.1872776050309493,0.193579335264372
tid_1289,43,agriculture_headcount_share,0.3257443082311734,True,0.11505612928734679,0.16382806993188911,0.13233586513141946,0.12501270227908162
tid_1290,43,agriculture_headcount_share,,False,0.18525566854831374,0.19941945505927158,0.17855073565333368,0.2012760988123999
tid_1291,43,agriculture_headcount_share,,False,0.04213413627601723,0.06988995343837973,0.039385691554463115,0.04759146665627033
tid_1292,43,agriculture_headcount_share,,False,0.09170670827021699,0.12334612536398402,0.09353591625231963,0.10269961887602283
tid_1293,43,agriculture_headcount_share,0.0886506276150627,True,0.1216911396958826,0.1574378967969729,0.11639652296835334,0.12912554315857258
tid_1294,43,agriculture_headcount_share,0.1980003920799843,True,0.1010128973542734,0.09707143141141017,0.08784244258742623,0.11364833529337144
tid_1295,43,agriculture_headcount_share,0.4511041009463722,True,0.18949087633588896,0.15897622789124116,0.1867372950614465,0.17098133826699163
tid_1296,43,agriculture_headcount_share,,False,0.1041608321730229,0.17368233964049348,0.10668742430525491,0.12091510629110637
tid_1297,43,agriculture_headcount_share,0.0318866253321523,True,0.12692292709873199,0.12425202666538575,0.11753515244749199,0.1250777192701551
tid_1298,43,agriculture_headcount_share,0.157686604053386,True,0.16310171770618878,0.12813795961293592,0.15103102703179588,0.15778456502259675
tid_1299,43,agriculture_headcount_share,0.1007025761124121,True,0.12544216902345373,0.0973326881741456,0.10269274189722578,0.10886948649956364
tid_1300,43,agriculture_headcount_share,,False,0.18194438207653207,0.18977448298429878,0.194542268159109,0.18766548321796322
tid_1301,43,agriculture_headcount_share,0.0426674201751907,True,0.18094010577290098,0.10590988359010337,0.18248521075540997,0.16802559219567303
tid_1302,43,agriculture_headcount_share,0.0650580329871716,True,0.10839696170735653,0.11202244884756016,0.0985006128393528,0.11434570604072677
tid_1258,43,public_administration_education_health_headcount_share,0.3707377140938094,True,0.3465742722875342,0.34969487638040775,0.3564149129382421,0.34297078241509676
tid_1259,43,public_administration_education_health_headcount_share,0.3486920727659009,True,0.4325836105389189,0.40025848442531986,0.4444517087141967,0.42518928075272916
tid_1260,43,public_administration_education_health_headcount_share,0.3252673938367044,True,0.33683271582327107,0.3058523529859653,0.33567208110437213,0.3477349930520727
tid_1261,43,public_administration_education_health_headcount_share,0.4796206618240516,True,0.49249609343728246,0.49291055304816195,0.48598400877298364,0.513961164987021
tid_1262,43,public_administration_education_health_headcount_share,0.3927729772191673,True,0.44493031650602965,0.433576738432407,0.4669850585051615,0.445262833779834
tid_1264,43,public_administration_education_health_headcount_share,0.623121387283237,True,0.6450572984992557,0.6920475892226603,0.6654314159703069,0.6217022301354868
tid_1265,43,public_administration_education_health_headcount_share,0.6326860841423948,True,0.5302733736834809,0.5278262794581291,0.5659112060680056,0.5183738398742076
tid_1266,43,public_administration_education_health_headcount_share,0.6061349693251534,True,0.5856123101016397,0.5426644569335984,0.5871828298488517,0.5917341758974833
tid_1267,43,public_administration_education_health_headcount_share,0.6150506512301013,True,0.6687742244782298,0.646117116254894,0.6437088539533635,0.6407386535300996
tid_1268,43,public_administration_education_health_headcount_share,0.5224429727740986,True,0.5050292877328566,0.5181373377589674,0.5149735116345496,0.5160244923376981
tid_1269,43,public_administration_education_health_headcount_share,0.6190476190476191,True,0.5684427457158239,0.5906057664319726,0.5843688932002635,0.5903046195380215
tid_1270,43,public_administration_education_health_headcount_share,0.5067929188966653,True,0.5510164669577771,0.4378207869280212,0.5606499305739656,0.5346263155655134
tid_1271,43,public_administration_education_health_headcount_share,0.51629392971246,True,0.5988399370925942,0.6163781184904494,0.6232917096984673,0.6098864289973522
tid_1272,43,public_administration_education_health_headcount_share,0.3855454056958624,True,0.6044384648800438,0.5330445001925438,0.6017619909921393,0.5816563989368275
tid_1273,43,public_administration_education_health_headcount_share,0.5958333333333333,True,0.6092903243974297,0.5927426412272194,0.6296860588798953,0.6249624164050699
tid_1274,43,public_administration_education_health_headcount_share,0.7182361733931241,True,0.6069228534978364,0.6337605235846604,0.6339024280211991,0.6085421089426605
tid_1275,43,public_administration_education_health_headcount_share,0.5401069518716578,True,0.5403463448293512,0.6047654246380174,0.6125036276013693,0.6809244991272346
tid_1276,43,public_administration_education_health_headcount_share,,False,0.5498316598278534,0.5989522371533602,0.5738334707051636,0.5582847923119422
tid_1277,43,public_administration_education_health_headcount_share,0.4274717344238634,True,0.5779843837358819,0.4871180375077473,0.5575417297541946,0.6148270724700994
tid_1278,43,public_administration_education_health_headcount_share,0.7358024691358025,True,0.6399266927032062,0.6207076303296212,0.6652421689530115,0.6567455421625245
tid_1279,43,public_administration_education_health_headcount_share,0.5764540337711069,True,0.535353358193327,0.5563373515272754,0.5455263672007893,0.5454679176899584
tid_1280,43,public_administration_education_health_headcount_share,0.591183574879227,True,0.6096016909816129,0.6115436071460836,0.6144321073229088,0.6103282150409925
tid_1281,43,public_administration_education_health_headcount_share,0.2514700795572466,True,0.6234175826658607,0.5606578159569294,0.6232975537776267,0.6289042249541729
tid_1282,43,public_administration_education_health_headcount_share,0.7492654260528894,True,0.6289924758730006,0.6236479516659214,0.6132302579172932,0.5988458999374722
tid_1284,43,public_administration_education_health_headcount_share,0.6289592760180995,True,0.5795777327539493,0.5169265708243854,0.563585915327818,0.5835369520408564
tid_1285,43,public_administration_education_health_headcount_share,0.4033870638645174,True,0.465687221976427,0.44080274163501554,0.4583176536358475,0.45759430556219527
tid_1286,43,public_administration_education_health_headcount_share,0.6413043478260869,True,0.5773729529800145,0.5431172709490403,0.5641400492482489,0.5896167785487936
tid_1287,43,public_administration_education_health_headcount_share,0.4643521388716677,True,0.5223685185946563,0.5273837679476924,0.541020088492951,0.5235346288937541
tid_1288,43,public_administration_education_health_headcount_share,0.5343992248062015,True,0.6362970084030161,0.605941845967523,0.6472584271558047,0.6311384958902703
tid_1289,43,public_administration_education_health_headcount_share,0.4168126094570928,True,0.6120178535199375,0.6047093624228462,0.6288513342366339,0.6163180304866798
tid_1290,43,public_administration_education_health_headcount_share,0.5382136279926335,True,0.6000409429026867,0.5799889020117095,0.6006605872801976,0.6036817362586677
tid_1291,43,public_administration_education_health_headcount_share,0.6108887109687751,True,0.5854632329128548,0.5890531540111771,0.5919252897003889,0.5951802025232071
tid_1292,43,public_administration_education_health_headcount_share,0.6765402843601895,True,0.6438339311441983,0.6212310766994386,0.6471773107606271,0.6671436346246371
tid_1293,43,public_administration_education_health_headcount_share,0.4571129707112971,True,0.3981618199459093,0.4145359648119931,0.4159282376341331,0.41254765866605425
tid_1294,43,public_administration_education_health_headcount_share,0.4467751421289943,True,0.5375375693739073,0.5169587035270807,0.583876124403337,0.5105880418890326
tid_1295,43,public_administration_education_health_headcount_share,0.3848580441640378,True,0.6606593512014417,0.5747852894300757,0.6617702354370495,0.6644882315654441
tid_1296,43,public_administration_education_health_headcount_share,0.6640537513997761,True,0.6243873779689432,0.6415570618477721,0.6567777263201023,0.6454839530943284
tid_1297,43,public_administration_education_health_headcount_share,0.6899911426040743,True,0.628049912416459,0.6123845583323001,0.6259570857897742,0.6076185432304662
tid_1298,43,public_administration_education_health_headcount_share,0.5378151260504201,True,0.5891987211712363,0.5801964901344289,0.5837127802544095,0.5759046219481039
tid_1299,43,public_administration_education_health_headcount_share,0.5839188134270101,True,0.6068451454157456,0.5893772647182873,0.5919441672247027,0.6073078691005908
tid_1300,43,public_administration_education_health_headcount_share,0.6519434628975265,True,0.5769875152440087,0.5988820052418079,0.5723441789666626,0.5660243354207516
tid_1301,43,public_administration_education_health_headcount_share,0.4981633229725911,True,0.5746147908485211,0.5556219744759833,0.5486196152053205,0.5668593361470782
tid_1302,43,public_administration_education_health_headcount_share,0.561087354917532,True,0.5402141859330517,0.49888252952818524,0.5981487243969611,0.5250771793808144
tid_1303,44,manufacturing_headcount_share,0.1806802593839631,True,0.22639506239723106,0.3439143149709241,0.2705555788230659,0.22001425539717193
tid_1304,44,manufacturing_headcount_share,0.2086931491076568,True,0.28243806449762965,0.3180320928208998,0.290798031628669,0.30319969090802734
tid_1305,44,manufacturing_headcount_share,0.4909259259259259,True,0.23005741399524435,0.27456415260495404,0.23464045295654304,0.22365001772649568
tid_1306,44,manufacturing_headcount_share,0.3696631624114996,True,0.2440121012984175,0.2902008501872297,0.23501987912536668,0.24369606254545648
tid_1308,44,manufacturing_headcount_share,0.1647283734267962,True,0.19123933234195806,0.2003383237783013,0.18861374765120603,0.19714352013161743
tid_1309,44,manufacturing_headcount_share,,False,0.07264608993938192,0.20180978439858324,0.08536472908191636,0.07630506001966549
tid_1310,44,manufacturing_headcount_share,,False,0.1677048933815938,0.09189452255466049,0.17562216213771675,0.16559066672277023
tid_1311,44,manufacturing_headcount_share,0.0062068965517241,True,0.11033193859785152,0.10197842980488737,0.10673006737784586,0.102581705415544
tid_1312,44,manufacturing_headcount_share,,False,0.07487092281759111,0.17041688233657304,0.09010316868454644,0.07630506001966549
tid_1313,44,manufacturing_headcount_share,,False,0.09451756020758192,0.09406498697557189,0.08206496671696584,0.0979982211669016
tid_1314,44,manufacturing_headcount_share,,False,0.03299163449166554,0.08004580018705709,0.03754618994475765,0.03873328613872598
tid_1315,44,manufacturing_headcount_share,0.1065404475043029,True,0.24353787350315773,0.1511508665338741,0.23514337380420489,0.21248676490061325
tid_1316,44,manufacturing_headcount_share,0.5116497999529301,True,0.04899154534875736,0.12996692211638494,0.0809282047916,0.05724887097665711
tid_1317,44,manufacturing_headcount_share,0.0021691973969631,True,0.13001880702274224,0.16749705668701256,0.1142028808792788,0.11804831129099808
tid_1319,44,manufacturing_headcount_share,,False,0.10434848127436916,0.06405744455808039,0.08418092401644409,0.1148011769053301
tid_1320,44,manufacturing_headcount_share,,False,0.1388359054659198,0.15987276500215444,0.14116775947703813,0.14769729763908432
tid_1321,44,manufacturing_headcount_share,0.3361088545897644,True,0.18912742129752705,0.3080174395634145,0.2037508958842849,0.21332502726159122
tid_1322,44,manufacturing_headcount_share,,False,0.06748692130005753,0.14057932445974264,0.07992265522711797,0.06751928045637413
tid_1323,44,manufacturing_headcount_share,,False,0.10557624376034043,0.10213089685838607,0.09920614561236815,0.10124273213043039
tid_1324,44,manufacturing_headcount_share,,False,0.05962426554459374,0.03808778250022348,0.05715408673793502,0.05544654073111055
tid_1325,44,manufacturing_headcount_share,,False,0.0755027120298825,0.07360116963608296,0.09005117917716149,0.07964189555137738
tid_1326,44,manufacturing_headcount_share,,False,0.06569280283734145,0.08683088295590781,0.054712255900429725,0.06307507673201014
tid_1327,44,manufacturing_headcount_share,,False,0.09260432845788988,0.1025597475846155,0.10722894497206731,0.09577253776998146
tid_1328,44,manufacturing_headcount_share,,False,0.05851216073377586,0.18233880008333067,0.06663555968004022,0.0681188004503893
tid_1329,44,manufacturing_headcount_share,0.2661668228678538,True,0.13919362822857106,0.2643205441707641,0.14044893878111164,0.13547868119314319
tid_1330,44,manufacturing_headcount_share,,False,0.12335376299263967,0.19076303379926832,0.1330510614309949,0.12344022470409889
tid_1331,44,manufacturing_headcount_share,,False,0.13702863774579885,0.13893812345515685,0.13930839555199978,0.13890683057955297
tid_2618,44,manufacturing_headcount_share,0.1504796163069544,True,0.20326838718401186,0.155903001925124,0.17901545429716556,0.21269527104072342
tid_1303,44,agriculture_headcount_share,0.007170470133433,True,0.02848330942413073,0.01923796022590377,0.03492348784297445,0.02650122234329647
tid_1304,44,agriculture_headcount_share,0.0201496833621185,True,0.06531896517883251,0.057986930856318265,0.06652946507825475,0.04740843811850679
tid_1305,44,agriculture_headcount_share,,False,0.10103257926773779,0.029324974380424494,0.09486818842293081,0.09630905449365185
tid_1306,44,agriculture_headcount_share,0.004076378459558,True,0.121089301056167,0.11024819892473395,0.11821832187012869,0.13234863896727814
tid_1308,44,agriculture_headcount_share,0.0143380595826031,True,0.1466180313430232,0.16294917684440238,0.14308671562250205,0.12157679823691926
tid_1309,44,agriculture_headcount_share,,False,0.27535595432695265,0.26687275684403206,0.27516488385308513,0.2671854289335035
tid_1310,44,agriculture_headcount_share,,False,0.08587143995292978,0.11262281963846904,0.0895683347222502,0.08012065266640193
tid_1311,44,agriculture_headcount_share,0.0124137931034482,True,0.1432219172664475,0.0994785112104149,0.15555276274479055,0.1428392875227393
tid_1312,44,agriculture_headcount_share,,False,0.25991685588579977,0.2791157217984751,0.2735479204738464,0.2655000532126134
tid_1313,44,agriculture_headcount_share,,False,0.1681558025646585,0.1948987791510737,0.16660199869716394,0.18760924286060793
tid_1314,44,agriculture_headcount_share,,False,0.20909885514440957,0.1924381678130978,0.20010079979726147,0.21972536529703485
tid_1315,44,agriculture_headcount_share,0.0567986230636833,True,0.09508944869740492,0.053770429376070454,0.07357861815082146,0.08983628285690377
tid_1316,44,agriculture_headcount_share,,False,0.15461826825810462,0.14632289878539753,0.15365729691845958,0.15813152460795346
tid_1317,44,agriculture_headcount_share,,False,0.18306581932755644,0.1492371179350498,0.17195370147597774,0.17826693959437512
tid_1319,44,agriculture_headcount_share,,False,0.15655502300846977,0.16576077926301147,0.1445978944265072,0.16923914105736065
tid_1320,44,agriculture_headcount_share,0.0737662337662337,True,0.1773094483839594,0.14768977563141522,0.16109141590421028,0.1840686374947105
tid_1321,44,agriculture_headcount_share,0.000812347684809,True,0.16055303610439803,0.07586757205842601,0.1692068628203944,0.15747112351011205
tid_1322,44,agriculture_headcount_share,,False,0.1793180732870346,0.15614922244350166,0.17785102262460578,0.18131762544998026
tid_1323,44,agriculture_headcount_share,,False,0.18013283448685846,0.20138093096022025,0.19156674923904365,0.17383678117322449
tid_1324,44,agriculture_headcount_share,,False,0.21479371816022583,0.21790784035827193,0.1937823273556763,0.1955128833789762
tid_1325,44,agriculture_headcount_share,,False,0.2450918336866973,0.2524008836090693,0.253549653337023,0.2505463996970737
tid_1326,44,agriculture_headcount_share,,False,0.23998087939937462,0.16523578534413635,0.24415828578667592,0.1778168637224812
tid_1327,44,agriculture_headcount_share,,False,0.16263965468561026,0.15466518243225497,0.16287572524894636,0.174131866120859
tid_1328,44,agriculture_headcount_share,,False,0.1672785649187366,0.1932867425681763,0.14450945597570877,0.16802998519155604
tid_1329,44,agriculture_headcount_share,0.0173383317713214,True,0.1755212270249101,0.16362415266595798,0.1873140277681881,0.18200250161102632
tid_1330,44,agriculture_headcount_share,0.0035997120230381,True,0.19944897174253334,0.21674984875974598,0.19439085515666601,0.19094434773949
tid_1331,44,agriculture_headcount_share,,False,0.16415294154113294,0.1816545536768937,0.14652163173522648,0.15593519161714414
tid_2618,44,agriculture_headcount_share,,False,0.11804310769358284,0.184210735861267,0.12600406275897857,0.12453257836893793
tid_1303,44,public_administration_education_health_headcount_share,0.4308984910836763,True,0.37094061701166653,0.3592000829030694,0.35105508682573405,0.36958528168032134
tid_1304,44,public_administration_education_health_headcount_share,0.2970639032815199,True,0.4628082227792032,0.5025569494439566,0.45010315767421616,0.4726955887617326
tid_1305,44,public_administration_education_health_headcount_share,,False,0.5026501072438593,0.36255808456827887,0.46681359117845317,0.5018416990898522
tid_1306,44,public_administration_education_health_headcount_share,0.3522849173996996,True,0.505919886663103,0.46548570416561236,0.49645644800206873,0.5088450137441946
tid_1308,44,public_administration_education_health_headcount_share,0.4945037438266688,True,0.45554763702613055,0.42725226006660144,0.4150691346860509,0.44839387636084954
tid_1309,44,public_administration_education_health_headcount_share,0.5641646489104116,True,0.5834710655789725,0.5595817755004229,0.5929749566861507,0.5926802654923753
tid_1310,44,public_administration_education_health_headcount_share,,False,0.6766579284802873,0.6124213715276674,0.6541314972054261,0.6598922900637941
tid_1311,44,public_administration_education_health_headcount_share,0.5103448275862069,True,0.632819250930437,0.6172701698306993,0.6322672305287914,0.612102002372031
tid_1312,44,public_administration_education_health_headcount_share,,False,0.5851449471213923,0.5852010371842479,0.5904703204336949,0.5990917878997344
tid_1313,44,public_administration_education_health_headcount_share,0.707936507936508,True,0.6676893312792797,0.6334312078764548,0.6697857240663265,0.6716813487697737
tid_1314,44,public_administration_education_health_headcount_share,0.7139272271016311,True,0.6361715906602744,0.6437592867585614,0.6443425023062709,0.6505750551358371
tid_1315,44,public_administration_education_health_headcount_share,0.5518072289156627,True,0.38793050362489634,0.43265692522736915,0.3947876621105703,0.40438994116767196
tid_1316,44,public_administration_education_health_headcount_share,0.2826547422923041,True,0.5911021312514375,0.5106447905557859,0.5330231878895572,0.5250399274575864
tid_1317,44,public_administration_education_health_headcount_share,0.6963123644251626,True,0.5670863105534644,0.5450993091523042,0.5641746619835127,0.5687703444161629
tid_1319,44,public_administration_education_health_headcount_share,0.6595744680851063,True,0.6673326955595521,0.6528334148370053,0.6697857240663265,0.6716813487697737
tid_1320,44,public_administration_education_health_headcount_share,0.6483116883116883,True,0.6087376223150796,0.5708426971087446,0.5801619616295005,0.5879064250050496
tid_1321,44,public_administration_education_health_headcount_share,0.4035337124289195,True,0.45568079447334914,0.37782028914822735,0.44304020405955474,0.44760766470950974
tid_1322,44,public_administration_education_health_headcount_share,,False,0.6542850481242982,0.6052868809201668,0.6426275562067654,0.6453091014521136
tid_1323,44,public_administration_education_health_headcount_share,0.697841726618705,True,0.5949025321768039,0.5876220750130627,0.601742315635517,0.609239241586532
tid_1324,44,public_administration_education_health_headcount_share,0.6841046277665996,True,0.6404249420739422,0.669163875337304,0.6515996765493608,0.6502967490188639
tid_1325,44,public_administration_education_health_headcount_share,0.735820895522388,True,0.5815357057220466,0.6215450988899754,0.5929749566861507,0.5926802654923753
tid_1326,44,public_administration_education_health_headcount_share,,False,0.6226523947446426,0.6282210565902405,0.634576868510517,0.6736245770450392
tid_1327,44,public_administration_education_health_headcount_share,,False,0.6557918714856324,0.6040659414802901,0.6535353019357332,0.6488582634991249
tid_1328,44,public_administration_education_health_headcount_share,0.499312242090784,True,0.6133506442124462,0.5408927323025109,0.6161062328674035,0.6190879165960251
tid_1329,44,public_administration_education_health_headcount_share,0.5173383317713215,True,0.5669944774600484,0.5496238255786675,0.5733506991655771,0.5687991760612511
tid_1330,44,public_administration_education_health_headcount_share,0.4665226781857451,True,0.6777963819605525,0.5569904619042905,0.6753403655191679,0.6689095684039355
tid_1331,44,public_administration_education_health_headcount_share,0.6549657534246576,True,0.5995879851925563,0.6187137016823563,0.6073010495382667,0.6036458060424996
tid_2618,44,public_administration_education_health_headcount_share,0.4235611510791366,True,0.5566776795773963,0.5760600056818409,0.5591994259322556,0.5512045390207231
tid_1333,45,manufacturing_headcount_share,0.3217635818821384,True,0.31109741090683224,0.2777493200279053,0.3314287489846789,0.3094640401058767
tid_1334,45,manufacturing_headcount_share,0.334973908918406,True,0.16848795142731224,0.28801843145221206,0.16213498240691707,0.20464130210435308
tid_1335,45,manufacturing_headcount_share,,False,0.10129291810744032,0.04284614793563741,0.09274770560449747,0.10395456790649081
tid_1336,45,manufacturing_headcount_share,,False,0.08233961677404827,0.04416585121718707,0.07697768467846909,0.07864776807584414
tid_1337,45,manufacturing_headcount_share,0.1102592186929536,True,0.08430962925866363,0.0661653456125517,0.0687654426800138,0.0764609893696198
tid_1338,45,manufacturing_headcount_share,0.1051773338768854,True,0.14426419818631436,0.1488955547697,0.13947848489605452,0.13702197334987282
tid_1339,45,manufacturing_headcount_share,,False,0.042953614823462154,0.03239632501468236,0.045023856866307985,0.048673701920395517
tid_1340,45,manufacturing_headcount_share,0.1064965885493918,True,0.11490415874329771,0.09499372417408136,0.13613061032166596,0.10550144363044228
tid_1341,45,manufacturing_headcount_share,0.2271084337349397,True,0.08197200069808067,0.06059673233627333,0.10646401176196453,0.079704540214887
tid_1343,45,manufacturing_headcount_share,0.004235044997353,True,0.09611150368751108,0.08789682315743202,0.09641290897241182,0.08959775930066234
tid_1344,45,manufacturing_headcount_share,,False,0.12542604510641797,0.08162146732644003,0.12247691309170754,0.13860852165420695
tid_1345,45,manufacturing_headcount_share,,False,0.12765921000005975,0.07373824832889729,0.12342031710269503,0.12906946889754
tid_1346,45,manufacturing_headcount_share,,False,0.16956877718186725,0.13401838042495706,0.17051654055109927,0.15926480568712986
tid_1347,45,manufacturing_headcount_share,,False,0.042953614823462154,0.05601820235280245,0.045023856866307985,0.048673701920395517
tid_1348,45,manufacturing_headcount_share,,False,0.1600610283862859,0.1377754079935008,0.15552981884218137,0.13665838855869628
tid_1349,45,manufacturing_headcount_share,,False,0.10331951296867309,0.0879477646755856,0.09942983203620837,0.10609889237961793
tid_1350,45,manufacturing_headcount_share,,False,0.040744239092213204,0.020346508354095877,0.03771856530404499,0.04566995168829644
tid_1351,45,manufacturing_headcount_share,,False,0.0339997784683786,0.029566017184517023,0.023865641280841534,0.005662454092757849
tid_1352,45,manufacturing_headcount_share,,False,0.09416798865469155,0.056009402641881936,0.09512549554309391,0.09939012756818534
tid_1353,45,manufacturing_headcount_share,,False,0.07328290924449306,0.10780438594737582,0.03937444414152583,0.08586228089307343
tid_1355,45,manufacturing_headcount_share,,False,0.15676806270870328,0.12639078992829003,0.14078724882885202,0.14093709675020535
tid_1356,45,manufacturing_headcount_share,0.0515816471929324,True,0.14832591436728018,0.13707954694393523,0.15599432516526307,0.14640528436863282
tid_1357,45,manufacturing_headcount_share,0.1305161807970045,True,0.06567240938149026,0.06928657072675301,0.07944286759046038,0.08518510752044799
tid_1358,45,manufacturing_headcount_share,0.0940386230058774,True,0.1282114866716931,0.06421101107888445,0.14840790287771471,0.1438611342797994
tid_1333,45,agriculture_headcount_share,0.0042884440005211,True,0.015065350856545489,0.007417299623282341,0.011286118968577912,0.012113592215453177
tid_1334,45,agriculture_headcount_share,0.0040915559772296,True,0.042784393111455536,0.02702763923676291,0.040806995326907854,0.04850232884120973
tid_1335,45,agriculture_headcount_share,,False,0.1037251756649042,0.11277284162236087,0.10189609314413221,0.12265593691807813
tid_1336,45,agriculture_headcount_share,,False,0.1313845550062906,0.1534187976572805,0.1451323469406254,0.19285497739855442
tid_1337,45,agriculture_headcount_share,0.0153340635268346,True,0.1600893974193016,0.20490341062530967,0.169162467900362,0.1911032021943083
tid_1338,45,agriculture_headcount_share,,False,0.1350364957345359,0.16407472950645172,0.1372445289112661,0.13680127696295163
tid_1339,45,agriculture_headcount_share,,False,0.1249173025866187,0.1621395085418844,0.14365967591251633,0.1665045909560361
tid_1340,45,agriculture_headcount_share,0.0207653515277365,True,0.1330102204924648,0.10155933994150024,0.13497589873938934,0.13329736916456805
tid_1341,45,agriculture_headcount_share,0.0246987951807228,True,0.1490505502161752,0.10398728343323332,0.14088115187356917,0.13781419359341182
tid_1343,45,agriculture_headcount_share,0.1413446267866596,True,0.08647609699740302,0.09912978244718919,0.09052765541016616,0.07983597978806706
tid_1344,45,agriculture_headcount_share,0.0058441558441558,True,0.12926576579570545,0.09872614200008159,0.1270345090172278,0.12359862698827778
tid_1345,45,agriculture_headcount_share,,False,0.14869197181459934,0.20519848929734733,0.1386096955070712,0.15395181951363857
tid_1346,45,agriculture_headcount_share,0.0927659574468085,True,0.07323029791312449,0.11848304399947163,0.06961472734600176,0.07999912393648734
tid_1347,45,agriculture_headcount_share,0.0077821011673151,True,0.12121330044091591,0.20112934567347102,0.13676787887977776,0.17969863711694786
tid_1348,45,agriculture_headcount_share,,False,0.14924742311950198,0.11402845757200973,0.14901444906143244,0.15349727990230733
tid_1349,45,agriculture_headcount_share,,False,0.13129840197593196,0.12499702928951188,0.12603979902438975,0.1338718737879788
tid_1350,45,agriculture_headcount_share,0.0692479523454951,True,0.12064823094025728,0.13213717495697494,0.1116853713654974,0.10451515947290126
tid_1351,45,agriculture_headcount_share,0.1763122476446837,True,0.15113483534394795,0.15989366913196731,0.1527919300601037,0.07688778353552872
tid_1352,45,agriculture_headcount_share,0.0845771144278607,True,0.13079634435607296,0.13104842857325705,0.15777716190522273,0.18600942792900793
tid_1353,45,agriculture_headcount_share,,False,0.17184980011102322,0.17375837349549159,0.18287625076641756,0.1911631838558768
tid_1355,45,agriculture_headcount_share,0.0408060453400503,True,0.14097392615997684,0.15998416354667516,0.14791716196564478,0.15170208348630737
tid_1356,45,agriculture_headcount_share,,False,0.12574781140857946,0.12242880938839382,0.12093966477453877,0.11919185859693512
tid_1357,45,agriculture_headcount_share,0.0599090665953463,True,0.17286504211042333,0.20368781409928233,0.16788522057719263,0.14839755099672894
tid_1358,45,agriculture_headcount_share,0.0576546319619367,True,0.14558524422611813,0.14732431922297035,0.14309379751497175,0.1485857970097014
tid_1333,45,public_administration_education_health_headcount_share,0.3648000173709124,True,0.35308540132431265,0.3930810541146667,0.36284718030663055,0.38057066802726613
tid_1334,45,public_administration_education_health_headcount_share,0.3998458254269449,True,0.42086565602788195,0.3712477463039487,0.42759620089076694,0.3980707450216458
tid_1335,45,public_administration_education_health_headcount_share,0.7186234817813765,True,0.6353651849240053,0.6515231340490744,0.6416833928195556,0.6305083488510025
tid_1336,45,public_administration_education_health_headcount_share,0.6020821283979179,True,0.5070997341087475,0.5775990695695059,0.5353998106734823,0.5264999138821582
tid_1337,45,public_administration_education_health_headcount_share,0.4545454545454545,True,0.5626865435230098,0.6093814396408429,0.5600596234601546,0.5522025619690986
tid_1338,45,public_administration_education_health_headcount_share,0.4486343253159396,True,0.5662041312580225,0.5676000995165561,0.5613458786467604,0.5505786449957729
tid_1339,45,public_administration_education_health_headcount_share,0.708848715509039,True,0.6086477873068853,0.624303292888549,0.6016177447711262,0.6038890478630068
tid_1340,45,public_administration_education_health_headcount_share,0.6140611094630674,True,0.5198592708362433,0.5442021020453526,0.5309882142876026,0.5308247041589771
tid_1341,45,public_administration_education_health_headcount_share,0.5066265060240964,True,0.5480385022331731,0.5310975217590864,0.5347657983935933,0.5406042780787086
tid_1343,45,public_administration_education_health_headcount_share,0.6005823186871361,True,0.5570376108636533,0.580850781334226,0.5470504514918956,0.5411406448570418
tid_1344,45,public_administration_education_health_headcount_share,0.6519480519480519,True,0.5811462097407264,0.6366573104635433,0.584006535994341,0.581308510999298
tid_1345,45,public_administration_education_health_headcount_share,0.5424646128226478,True,0.5910476832929155,0.5669600868004752,0.5792142790959268,0.5761244818023673
tid_1346,45,public_administration_education_health_headcount_share,0.5548936170212766,True,0.5471147112354483,0.592851778846884,0.5476012888592569,0.5369009335771879
tid_1347,45,public_administration_education_health_headcount_share,0.6373540856031128,True,0.6142988898178199,0.5470377657476455,0.6165887392493475,0.6040388332853459
tid_1348,45,public_administration_education_health_headcount_share,0.6257389722601182,True,0.5780686542282604,0.5724435419907572,0.5726773503265331,0.570897197747788
tid_1349,45,public_administration_education_health_headcount_share,0.6575133485888635,True,0.6266712063100465,0.6155595050331714,0.6243642833109154,0.6288372169874973
tid_1350,45,public_administration_education_health_headcount_share,0.6500372300819062,True,0.6035187677545754,0.6104385999077752,0.6176290091149553,0.610913406867036
tid_1351,45,public_administration_education_health_headcount_share,0.5767160161507402,True,0.6140539941027684,0.6235991649799919,0.6291175194583907,0.6761158736156332
tid_1352,45,public_administration_education_health_headcount_share,0.6498756218905473,True,0.5687913139610592,0.6208427035588095,0.5828233185238895,0.5529069337772157
tid_1353,45,public_administration_education_health_headcount_share,0.6565809379727685,True,0.6277965428207507,0.6606489108970878,0.6321193523071336,0.6388820467793731
tid_1355,45,public_administration_education_health_headcount_share,0.4740554156171284,True,0.5648766968192379,0.567353259756823,0.5629236826361146,0.5483568347546275
tid_1356,45,public_administration_education_health_headcount_share,0.4724992875463095,True,0.5002185946631998,0.499780820642911,0.5006370847780454,0.49875594475838
tid_1357,45,public_administration_education_health_headcount_share,0.5544263171971116,True,0.5724661987297185,0.5661878451559129,0.5629073489510762,0.549673504594873
tid_1358,45,public_administration_education_health_headcount_share,0.4925832633641198,True,0.5385589189788041,0.6084142576756016,0.5321753172681966,0.5281643101793552
tid_1392,47,manufacturing_headcount_share,0.3614979882389353,True,0.18945110667096327,0.20846551527203613,0.20217056120168855,0.24090737133914905
tid_1393,47,manufacturing_headcount_share,0.1457831325301204,True,0.2049076901000381,0.18453665031232813,0.22540898249688696,0.25268318790930255
tid_1394,47,manufacturing_headcount_share,0.2452118835771377,True,0.30985688815487755,0.3308907533478938,0.2757649530371316,0.3362922339699827
tid_1395,47,manufacturing_headcount_share,0.2150074563420718,True,0.17023261405374943,0.1667454220137952,0.1814136690218553,0.16590529756397263
tid_1396,47,manufacturing_headcount_share,0.1802923791685923,True,0.1841274577196102,0.2534323321689236,0.20692615298906603,0.20596191488125107
tid_1397,47,manufacturing_headcount_share,0.2320419693301049,True,0.1882567702731822,0.2731799369002252,0.1936288366348867,0.2079571787737526
tid_1398,47,manufacturing_headcount_share,0.1459085623355162,True,0.13144257423264802,0.16908615223733298,0.16660515719168265,0.15445549690652996
tid_1399,47,manufacturing_headcount_share,0.3641093654356254,True,0.15401285143608617,0.27381736996252204,0.16559421327800206,0.20689894572679599
tid_1400,47,manufacturing_headcount_share,0.2288664745437079,True,0.15852916794845212,0.25197108382448835,0.20624401897563863,0.16971580865606786
tid_1401,47,manufacturing_headcount_share,,False,0.17222132854266492,0.1955873359190748,0.15765159294626993,0.1600153898315532
tid_1402,47,manufacturing_headcount_share,0.3725188490537006,True,0.17329708358736629,0.15615253523335237,0.18055203245224558,0.20292726509319137
tid_1403,47,manufacturing_headcount_share,0.1828905630452022,True,0.15470437734256087,0.2454428535390573,0.1771065286417237,0.1698065645851449
tid_1404,47,manufacturing_headcount_share,0.1325270849080373,True,0.07592701757890843,0.11837958334056078,0.09187121467067638,0.10539973190363883
tid_1405,47,manufacturing_headcount_share,0.1075524969119463,True,0.28460931854989263,0.1851624971603905,0.27214648847432904,0.285134075287161
tid_1406,47,manufacturing_headcount_share,0.2130278680116259,True,0.22184363066530555,0.1938282548459364,0.26074022959904525,0.26435446194298956
tid_1407,47,manufacturing_headcount_share,0.4849298216182967,True,0.2513651292728227,0.2269720356410194,0.2552308611810389,0.323690426535539
tid_1408,47,manufacturing_headcount_share,0.2400934311355161,True,0.19025545253586673,0.30145803226768225,0.23089816409052732,0.22146894294786262
tid_1409,47,manufacturing_headcount_share,0.0721301800092744,True,0.27001079681557955,0.3112869922792565,0.28461924699038965,0.2681889295232188
tid_1392,47,agriculture_headcount_share,0.0296089961828123,True,0.04861334453116512,0.05652879038536741,0.060203102918990836,0.04474154632918451
tid_1393,47,agriculture_headcount_share,0.1367469879518072,True,0.047504458893684966,0.06279677872292205,0.059199533014360387,0.042719406017773215
tid_1394,47,agriculture_headcount_share,0.0422259086110692,True,0.03402562266465559,0.06089202383694963,0.031410575082441126,0.033155374509400856
tid_1395,47,agriculture_headcount_share,0.0230658806149043,True,0.0304933857067419,0.027067055249379024,0.030341184624277505,0.03114085245390117
tid_1396,47,agriculture_headcount_share,0.032473060738002,True,0.033918854382699974,0.022231562611153253,0.027927732696225425,0.03801211833480254
tid_1397,47,agriculture_headcount_share,0.0228962236098721,True,0.033918854382699974,0.026504203681395052,0.03246308262999861,0.03801211833480254
tid_1398,47,agriculture_headcount_share,0.013097496786829,True,0.0712655483139496,0.049541051250661175,0.05669226165006683,0.06953798841728853
tid_1399,47,agriculture_headcount_share,0.0178024892879004,True,0.0517927336760986,0.02861517484111351,0.053661925382611136,0.06440198516482087
tid_1400,47,agriculture_headcount_share,0.1675792507204611,True,0.08441594021344646,0.06403852772397185,0.07552193290729659,0.0809630754084878
tid_1401,47,agriculture_headcount_share,0.0626895854398382,True,0.050444921003386455,0.05210120210886016,0.07554826968524524,0.0638365205037778
tid_1402,47,agriculture_headcount_share,0.0526747704775093,True,0.03498861683076419,0.047297674397668764,0.04210283410173872,0.03981220799219575
tid_1403,47,agriculture_headcount_share,0.0571966693100713,True,0.06782095092956483,0.050302054187597985,0.0641871979024715,0.06686071185160723
tid_1404,47,agriculture_headcount_share,,False,0.07884442318846409,0.057921205124124624,0.08903855060572098,0.09791512850173825
tid_1405,47,agriculture_headcount_share,0.1105523204517381,True,0.04312557899372958,0.026620794737799568,0.04505685714923557,0.040523549900378285
tid_1406,47,agriculture_headcount_share,0.0500940331680629,True,0.057169228569534394,0.05969415659795661,0.0778863678116085,0.05064484368689656
tid_1407,47,agriculture_headcount_share,0.0192361460605043,True,0.04455810310559407,0.038723733421421706,0.0431212000337458,0.04171976417742604
tid_1408,47,agriculture_headcount_share,0.0326189402942261,True,0.03883889240366197,0.03520621941607478,0.03668656391785818,0.043533500066617804
tid_1409,47,agriculture_headcount_share,,False,0.028058510341021543,0.046474023915200516,0.04040641349450044,0.03662015686216594
tid_1392,47,public_administration_education_health_headcount_share,0.3240482822655524,True,0.36538817255429595,0.3109581789639929,0.349439583092171,0.3342278718341739
tid_1393,47,public_administration_education_health_headcount_share,0.4129518072289156,True,0.3680546000038377,0.4418991250751499,0.34354829778600127,0.3382161159778956
tid_1394,47,public_administration_education_health_headcount_share,0.2968883526868748,True,0.33959345779674055,0.2817824296227454,0.32137465736137083,0.309678414818468
tid_1395,47,public_administration_education_health_headcount_share,0.295354768574654,True,0.34078227127061905,0.3067201772031092,0.3434423602130731,0.3262317666656183
tid_1396,47,public_administration_education_health_headcount_share,0.3041764977743183,True,0.30640518630337604,0.284267199145795,0.2960662095237837,0.3251225521606025
tid_1397,47,public_administration_education_health_headcount_share,0.3632598445265707,True,0.31989747947524877,0.3180454461533698,0.3217996695683266,0.33576930803894256
tid_1398,47,public_administration_education_health_headcount_share,0.1819878817553094,True,0.3094519447219569,0.2965131168686398,0.3050410808264257,0.3048032153641559
tid_1399,47,public_administration_education_health_headcount_share,0.2268924709243011,True,0.32096810580462126,0.2376350405151736,0.3145178158934606,0.2968798246303739
tid_1400,47,public_administration_education_health_headcount_share,0.2691162343900096,True,0.30087469112951104,0.2910819786534645,0.29032199100886014,0.2949902707612346
tid_1401,47,public_administration_education_health_headcount_share,0.5003033367037412,True,0.38132978857228156,0.3413229785977374,0.374499666632434,0.34784462029345853
tid_1402,47,public_administration_education_health_headcount_share,0.1730522644509411,True,0.42349975618133323,0.37192944460411337,0.4318322164161985,0.3694327427911006
tid_1403,47,public_administration_education_health_headcount_share,0.4805709754163362,True,0.3407577547231887,0.3128348492218709,0.3109708757979307,0.34434403099215005
tid_1404,47,public_administration_education_health_headcount_share,0.546485260770975,True,0.4024244944486656,0.4623627847581235,0.38700134727860047,0.40104520299364727
tid_1405,47,public_administration_education_health_headcount_share,0.362802188106582,True,0.3199135626476582,0.34634158298115175,0.3181123603076876,0.2992474309189164
tid_1406,47,public_administration_education_health_headcount_share,0.4392203795520601,True,0.36221303900103696,0.3479075063570134,0.34482086607740553,0.3356056175413591
tid_1407,47,public_administration_education_health_headcount_share,0.2646088463904266,True,0.34147684017852975,0.3182970477357682,0.34033108337465,0.325731294467249
tid_1408,47,public_administration_education_health_headcount_share,0.2702126787690038,True,0.27140171894834225,0.2690427159471918,0.28110521868219146,0.2841195874671505
tid_1409,47,public_administration_education_health_headcount_share,0.1529446482020151,True,0.16288815891299815,0.22778280241946383,0.17399582697809657,0.16991648119054178
tid_1410,48,manufacturing_headcount_share,0.3204392684070658,True,0.24255258404506633,0.25469483740976007,0.24291300406209423,0.26263484736482606
tid_1411,48,manufacturing_headcount_share,0.2834111341632088,True,0.30771168947059113,0.2894378625838025,0.3373045604963879,0.29767667733936665
tid_1412,48,manufacturing_headcount_share,,False,0.1066891755837876,0.13790396479857653,0.13961937249329207,0.11856901757993667
tid_1413,48,manufacturing_headcount_share,0.3796967257112185,True,0.2071226604303577,0.2982371662996767,0.19674335739146992,0.3052943515991291
tid_1414,48,manufacturing_headcount_share,0.1478546867992226,True,0.18484869451559766,0.25430195011028006,0.2315939835970332,0.19890770571577462
tid_1415,48,manufacturing_headcount_share,,False,0.22434963341964564,0.18878119487818995,0.24958186172815164,0.22109983136107503
tid_1416,48,manufacturing_headcount_share,0.0172826375963839,True,0.12756569134612136,0.13305654013468532,0.15240299311384198,0.1121234589332351
tid_1417,48,manufacturing_headcount_share,,False,0.08695140048714914,0.1675453312987005,0.10328833037898952,0.09132098496160902
tid_1419,48,manufacturing_headcount_share,0.0760462742429397,True,0.20374465891644689,0.14051273986704824,0.2413229549839076,0.22215160230356296
tid_1420,48,manufacturing_headcount_share,,False,0.06505873911472222,0.11250846529261446,0.10238394722517014,0.07020211482298591
tid_1422,48,manufacturing_headcount_share,0.3849852071005917,True,0.2027940983683585,0.23345586703756593,0.22761531370545468,0.20891803788799723
tid_1423,48,manufacturing_headcount_share,,False,0.14041460499202507,0.1545929512064989,0.1417691356341416,0.15979938575700883
tid_1425,48,manufacturing_headcount_share,,False,0.07972435503605951,0.24584970344881887,0.11954752196353668,0.10641507753457677
tid_1426,48,manufacturing_headcount_share,0.2509786863853849,True,0.12704519582206106,0.1909427253064523,0.16552327691339863,0.1511176994146654
tid_1427,48,manufacturing_headcount_share,0.0667409781245645,True,0.13687926952158516,0.2080820961005304,0.16435762517311478,0.15340968158377347
tid_1428,48,manufacturing_headcount_share,,False,0.20348769220952498,0.15233980994555002,0.18680297715300334,0.20754588860891215
tid_1429,48,manufacturing_headcount_share,0.1359203980099502,True,0.14505290130803677,0.1739843776747931,0.18291545173057588,0.16455548979553877
tid_1410,48,agriculture_headcount_share,0.0075269657652024,True,0.007535306935433989,0.00983505606914555,0.008533752474975188,0.00875500108120273
tid_1411,48,agriculture_headcount_share,,False,0.026218226524696644,0.02907293817160515,0.025681608666594608,0.02344362159112772
tid_1412,48,agriculture_headcount_share,0.1799137399876771,True,0.1931443088033652,0.19614647658895304,0.18540420723975318,0.17339711013580333
tid_1413,48,agriculture_headcount_share,0.0523349436392914,True,0.03204815333459807,0.03717346066496194,0.03392561172227132,0.03875136891054586
tid_1414,48,agriculture_headcount_share,0.2604275676483779,True,0.07048216879449724,0.08933723943041744,0.07681429110998594,0.08817392308924413
tid_1415,48,agriculture_headcount_share,0.3142166556800703,True,0.11308951397819743,0.09391290387659043,0.10913382610121743,0.11189480298178817
tid_1416,48,agriculture_headcount_share,0.2722680138261101,True,0.1361253089563214,0.09213705508593646,0.14383082730230204,0.14966699204923936
tid_1417,48,agriculture_headcount_share,0.2561065877128053,True,0.0916233130417547,0.15922381452092285,0.0931898079990411,0.09614554109285024
tid_1419,48,agriculture_headcount_share,0.2441306566859476,True,0.09024083291500157,0.08686964070847117,0.08487898388929332,0.0788034268414295
tid_1420,48,agriculture_headcount_share,0.245362563237774,True,0.1529606164801115,0.17542941757040714,0.1609487280991372,0.160205278256695
tid_1422,48,agriculture_headcount_share,0.155417899408284,True,0.06580931575040733,0.06407049746559106,0.07760232538177154,0.06821483844400879
tid_1423,48,agriculture_headcount_share,0.3011363636363636,True,0.05331867318431047,0.09097372177605863,0.0658969180737597,0.07841066049318383
tid_1425,48,agriculture_headcount_share,0.1621928166351607,True,0.09905746648138848,0.1421669134407666,0.09708145853176943,0.11361691046178755
tid_1426,48,agriculture_headcount_share,0.1746411483253588,True,0.07685813949264413,0.12902999035578275,0.0844038920306871,0.08731698209239754
tid_1427,48,agriculture_headcount_share,0.2849379963773164,True,0.12469457005494838,0.10478388961174813,0.12617613871710387,0.13245640964245764
tid_1428,48,agriculture_headcount_share,0.1437679311444054,True,0.11227874250618947,0.15287702918374882,0.1275286210642301,0.1325911376811383
tid_1429,48,agriculture_headcount_share,0.181094527363184,True,0.09153759032779077,0.06656338196058083,0.07962209700667211,0.08765864475193964
tid_1410,48,public_administration_education_health_headcount_share,0.3392996717211193,True,0.36646362547391176,0.3864070729496606,0.36443802354519844,0.36555256795177543
tid_1411,48,public_administration_education_health_headcount_share,0.367436030428769,True,0.3209326810587841,0.3634223433930178,0.32610767973650295,0.32615475304790176
tid_1412,48,public_administration_education_health_headcount_share,0.5939617991373999,True,0.5546922683189521,0.6053710894248867,0.5485512534226269,0.5567968772875174
tid_1413,48,public_administration_education_health_headcount_share,0.2964304884594739,True,0.4481902949524399,0.3920359777768109,0.4382767124554388,0.41199245521387173
tid_1414,48,public_administration_education_health_headcount_share,0.3436986096576468,True,0.43621079927927664,0.42167617579625133,0.41058070742987657,0.4254824950000255
tid_1415,48,public_administration_education_health_headcount_share,0.4225444957152274,True,0.4593364090910045,0.4489736601130262,0.4360859173125567,0.44945514230058137
tid_1416,48,public_administration_education_health_headcount_share,0.4886998138792874,True,0.5079716950051278,0.5655975882265627,0.4956373785749036,0.5092512906480567
tid_1417,48,public_administration_education_health_headcount_share,0.4600296076980015,True,0.5503208572976961,0.5311318669279567,0.5135715887595653,0.5297052783749384
tid_1419,48,public_administration_education_health_headcount_share,0.4266757400476352,True,0.45276412069273697,0.45180808931225136,0.44402694726843417,0.4449284237647944
tid_1420,48,public_administration_education_health_headcount_share,,False,0.5961653078003265,0.5334583726953857,0.5639414156901268,0.5769283749153694
tid_1422,48,public_administration_education_health_headcount_share,0.2201368343195266,True,0.4050326957822817,0.3920044383925097,0.37533457874115056,0.3973947810491362
tid_1423,48,public_administration_education_health_headcount_share,,False,0.5098058951126082,0.47337109051666176,0.47427873091729333,0.4787401679914548
tid_1425,48,public_administration_education_health_headcount_share,,False,0.5448677718778342,0.4907406926402892,0.5034230014295695,0.504321835371945
tid_1426,48,public_administration_education_health_headcount_share,,False,0.551483495402737,0.5458426504676361,0.5233323968344721,0.504730529745057
tid_1427,48,public_administration_education_health_headcount_share,0.4826529190469555,True,0.44944798636112765,0.4019899595695848,0.42574118073857986,0.4314697075410625
tid_1428,48,public_administration_education_health_headcount_share,0.4246094995218361,True,0.6219187326174586,0.5741901658815334,0.5348478187416554,0.5443945898315146
tid_1429,48,public_administration_education_health_headcount_share,0.3898507462686567,True,0.45960360719898635,0.4291731320290496,0.44828194758255346,0.4449284237647944
tid_1430,49,manufacturing_headcount_share,0.0159557357009586,True,0.06383920522652684,0.1283238974948554,0.048939786259009355,0.05036002556765268
tid_1430,49,agriculture_headcount_share,0.0266679534195457,True,0.04084260567752664,0.015480027801336685,0.04205439095726044,0.03839044661856802
tid_1430,49,public_administration_education_health_headcount_share,0.4892877822814128,True,0.35608775040138063,0.30900419207870083,0.3339717074364122,0.3586913015807682
tid_1439,50,manufacturing_headcount_share,0.1416914066935967,True,0.10451320739684448,0.16121324695576333,0.09144667542913414,0.11187963581258005
tid_1440,50,manufacturing_headcount_share,0.3036754002911208,True,0.11594350595183193,0.16120507875566378,0.13467647436439925,0.10569550239186863
tid_1443,50,manufacturing_headcount_share,0.3055187272124627,True,0.20893265600537672,0.21402205972236382,0.171959369153194,0.1915983034562331
tid_1444,50,manufacturing_headcount_share,0.2267458297992649,True,0.09987951786437738,0.14250365861257153,0.08938937531417092,0.09254678659044115
tid_1445,50,manufacturing_headcount_share,0.0703246932092909,True,0.16725210128784057,0.12088112686866696,0.13491369936429695,0.14736476172079246
tid_1446,50,manufacturing_headcount_share,0.4239069031747825,True,0.08121821959209218,0.1472175303140728,0.05967965247784007,0.0693992723499788
tid_1447,50,manufacturing_headcount_share,0.3760110475438942,True,0.2811004901016951,0.1701210695252814,0.27914338900220836,0.2809994971946952
tid_1448,50,manufacturing_headcount_share,0.0875592717269338,True,0.16910513094078336,0.16753307346535762,0.14011397936156186,0.16284821630551075
tid_1449,50,manufacturing_headcount_share,0.1411268122591301,True,0.15357735972674907,0.16237819503806714,0.15328384266743508,0.15816019049266994
tid_1453,50,manufacturing_headcount_share,0.22030060830901,True,0.16464286716909513,0.1722578240262789,0.13046100951286216,0.14736476172079246
tid_1454,50,manufacturing_headcount_share,0.2339597757995384,True,0.20947316870184032,0.2600127243823788,0.22739745122320887,0.21712240669122193
tid_1456,50,manufacturing_headcount_share,0.2206166512643871,True,0.10248875198312281,0.12175098494760964,0.08448654217662686,0.09254678659044115
tid_1457,50,manufacturing_headcount_share,0.0956898139620556,True,0.13226229592355784,0.12773546927467982,0.1159954863680633,0.1258789101312174
tid_1459,50,manufacturing_headcount_share,0.0960576088470729,True,0.10248875198312281,0.1350414522521217,0.09144667542913414,0.09254678659044115
tid_1461,50,manufacturing_headcount_share,0.1133237528228289,True,0.20050913736552653,0.20692074591285314,0.1532004709929902,0.17861002735550416
tid_1463,50,manufacturing_headcount_share,0.2836908977296397,True,0.2516630290524405,0.22468111899849266,0.24184787064316013,0.24600325893120956
tid_1464,50,manufacturing_headcount_share,0.3948183852642451,True,0.09980147869184378,0.14526492150478532,0.07582126139474267,0.08662997328059771
tid_1465,50,manufacturing_headcount_share,0.1487927548004632,True,0.16725210128784057,0.22006134891728826,0.13906657024597374,0.14736476172079246
tid_1467,50,manufacturing_headcount_share,0.1669886356066561,True,0.10248875198312281,0.13263111790595103,0.09144667542913414,0.09254678659044115
tid_1468,50,manufacturing_headcount_share,0.2455040481478828,True,0.26840919528066753,0.21203431523777397,0.20485008502756197,0.23551706861830685
tid_1472,50,manufacturing_headcount_share,0.22812764158918,True,0.20049775775634077,0.2090468232995344,0.16666754162519434,0.1725049697094001
tid_1473,50,manufacturing_headcount_share,0.2194819680257776,True,0.2658056501777483,0.3107583207825638,0.25037131763100173,0.32291709775550137
tid_1474,50,manufacturing_headcount_share,,False,0.15265262160912876,0.19705615318498945,0.16650941635889266,0.21698030080798852
tid_1475,50,manufacturing_headcount_share,0.0923029745476847,True,0.1293386446090456,0.1891009732060406,0.11857808625744475,0.12249200624933052
tid_1477,50,manufacturing_headcount_share,0.1833730376885957,True,0.23991675330864426,0.3145369963934841,0.2634000692312465,0.23125715832415708
tid_1478,50,manufacturing_headcount_share,,False,0.1861416822771608,0.22032239097625286,0.18103820537031068,0.2308593561547661
tid_1480,50,manufacturing_headcount_share,0.3849117174959872,True,0.2906703086683933,0.30326093532334997,0.23087328431187906,0.27133883828520183
tid_1481,50,manufacturing_headcount_share,0.6613987284287012,True,0.2116158426103055,0.1764901009831618,0.1734331425499412,0.19594887910741315
tid_1483,50,manufacturing_headcount_share,0.1454417529399939,True,0.11283406301084034,0.15000866449249903,0.13061099438992202,0.0980217218427393
tid_1484,50,manufacturing_headcount_share,0.2151873291525969,True,0.2594854574832687,0.19305808291575577,0.21759309745377833,0.2594330192451678
tid_1486,50,manufacturing_headcount_share,0.1080365027965852,True,0.16817359943937912,0.18939587617860945,0.16198209431431632,0.18634778851342226
tid_1488,50,manufacturing_headcount_share,0.4363804817788758,True,0.1631897790078947,0.23521319242410962,0.15562539262279318,0.18774625923766253
tid_1489,50,manufacturing_headcount_share,0.1206624605678233,True,0.23852922735770724,0.2584834049084806,0.22599995691807825,0.23397608197059871
tid_1490,50,manufacturing_headcount_share,0.2945729766921819,True,0.19268074456216716,0.16121727951478831,0.19564566430390445,0.17839081276234975
tid_1491,50,manufacturing_headcount_share,0.2720787522372794,True,0.16599878325878542,0.17896263366198883,0.1603515948505213,0.1880089598497598
tid_1492,50,manufacturing_headcount_share,0.3473565804274465,True,0.24565781178319918,0.16920977627367828,0.23645373434697992,0.24524188098073357
tid_1493,50,manufacturing_headcount_share,0.1145591509925617,True,0.10248875198312281,0.12684130544654784,0.09144667542913414,0.09254678659044115
tid_1494,50,manufacturing_headcount_share,,False,0.2416165832357089,0.1816084366530191,0.25160047558646964,0.24633637532641045
tid_1495,50,manufacturing_headcount_share,0.2327480604328297,True,0.20804147249670774,0.25942435232049804,0.20927060640103864,0.19135818722121645
tid_1496,50,manufacturing_headcount_share,0.2801185687063307,True,0.19318110708107514,0.2507251762472181,0.18466751561959632,0.1935601458189377
tid_1500,50,manufacturing_headcount_share,0.2110952264723316,True,0.2087144194650629,0.1728107755485315,0.17970966698660068,0.2016770745234694
tid_1501,50,manufacturing_headcount_share,0.2926634278334665,True,0.18182753343376482,0.20810988394884014,0.16052865186088922,0.19204140108047513
tid_1504,50,manufacturing_headcount_share,0.2332184700206754,True,0.33368707247696916,0.3505051653902968,0.3440468220068582,0.36205506135215065
tid_2644,50,manufacturing_headcount_share,0.3587326684504986,True,0.1837431168620558,0.20297145024564048,0.18205760868680604,0.1935601458189377
tid_2648,50,manufacturing_headcount_share,0.3764633394947628,True,0.18151105518016017,0.19733355992850932,0.14521808384228632,0.16195903551430985
tid_2649,50,manufacturing_headcount_share,0.3191306517339838,True,0.21020751800908724,0.16984349073767607,0.17698851670734,0.2016770745234694
tid_2651,50,manufacturing_headcount_share,0.1113692829194202,True,0.10248875198312281,0.12380526196999372,0.09144667542913414,0.09254678659044115
tid_2652,50,manufacturing_headcount_share,0.3137626741510531,True,0.21653826144764002,0.23135920827020326,0.21152556666649752,0.2269969752005437
tid_2808,50,manufacturing_headcount_share,0.2365244691457542,True,0.17023012060720985,0.2383494963957921,0.17225277222870797,0.1805245700318528
tid_2813,50,manufacturing_headcount_share,0.1932382378438017,True,0.30572963788952484,0.24028817484851242,0.2896452784492166,0.33173176106471947
tid_2814,50,manufacturing_headcount_share,0.1961152016423537,True,0.1751456011517164,0.181398324270759,0.1434985065898402,0.15550475205930803
tid_3013,50,manufacturing_headcount_share,0.1991676413785599,True,0.19245281262272187,0.1666173273836019,0.17555499527890378,0.1913747481067562
tid_1439,50,agriculture_headcount_share,,False,0.009424554234968423,0.011943280903760439,0.011502205526155966,0.011953809076623877
tid_1440,50,agriculture_headcount_share,,False,0.021822722807129335,0.03757564215913637,0.03414152166310856,0.021165252484668325
tid_1443,50,agriculture_headcount_share,,False,0.030874009454609427,0.036523080657286,0.03595007499822663,0.026389775171058748
tid_1444,50,agriculture_headcount_share,,False,0.016740113413196086,0.021737670887890432,0.02066015675372609,0.022763766423566232
tid_1445,50,agriculture_headcount_share,0.0119043975885179,True,0.002523280035589374,0.006756074256903861,0.002440909463490131,0.001419293007313236
tid_1446,50,agriculture_headcount_share,,False,0.018242085605759528,0.03345017773104375,0.019157589410232635,0.009759971501675952
tid_1447,50,agriculture_headcount_share,0.0093706845531663,True,0.021847431694642466,0.06588891652081671,0.019178990428170443,0.017672834560142684
tid_1448,50,agriculture_headcount_share,,False,0.027658327420513773,0.023486825016132216,0.029199885381197412,0.022572020790052192
tid_1449,50,agriculture_headcount_share,0.1567260047715177,True,0.05220018882609091,0.06701344854994194,0.05532453524732988,0.05516817777959566
tid_1453,50,agriculture_headcount_share,0.0099020704329087,True,0.009424554234968423,0.019034894615689794,0.011502205526155966,0.015632384629968205
tid_1454,50,agriculture_headcount_share,0.1024727992087042,True,0.027621211477979704,0.040796392659027084,0.028283212165380836,0.029749853712758872
tid_1456,50,agriculture_headcount_share,,False,0.009424554234968423,0.006518348940309354,0.011502205526155966,0.011953809076623877
tid_1457,50,agriculture_headcount_share,,False,0.025143359805138574,0.03521648666958909,0.026372063213056095,0.021458699777507785
tid_1459,50,agriculture_headcount_share,,False,0.009424554234968423,0.004832192283227039,0.011502205526155966,0.011953809076623877
tid_1461,50,agriculture_headcount_share,,False,0.018242085605759528,0.022682143501862956,0.019157589410232635,0.012809227645487127
tid_1463,50,agriculture_headcount_share,0.1166423661737138,True,0.02930810956409932,0.043617930506875645,0.03722958434967282,0.03627121408044214
tid_1464,50,agriculture_headcount_share,,False,0.02526219550043993,0.03761326078786116,0.02561043557470798,0.01506820841824152
tid_1465,50,agriculture_headcount_share,,False,0.009424554234968423,0.008170316941712143,0.011502205526155966,0.011953809076623877
tid_1467,50,agriculture_headcount_share,0.000492945549501,True,0.009424554234968423,0.014072686337786088,0.011502205526155966,0.011953809076623877
tid_1468,50,agriculture_headcount_share,0.0237873468510424,True,0.002523280035589374,0.03486023252738675,0.002440909463490131,0.001419293007313236
tid_1472,50,agriculture_headcount_share,,False,0.002523280035589374,0.018094788287022656,0.002440909463490131,0.001419293007313236
tid_1473,50,agriculture_headcount_share,,False,0.022962493212309188,0.02604723152193717,0.02286128482712819,0.03360966016909338
tid_1474,50,agriculture_headcount_share,,False,0.0411810828010574,0.009452873204460099,0.026660929362169055,0.041627743305722345
tid_1475,50,agriculture_headcount_share,,False,0.027658327420513773,0.025520560676908038,0.029199885381197412,0.022572020790052192
tid_1477,50,agriculture_headcount_share,0.001466006963533,True,0.03292732076839226,0.030517617624582397,0.034586455117708984,0.03153864441484356
tid_1478,50,agriculture_headcount_share,0.0666344760985031,True,0.04472089902797838,0.03779289001868161,0.049105561827587685,0.046819282906694314
tid_1480,50,agriculture_headcount_share,0.022267620020429,True,0.02141602333944132,0.02797789357992255,0.029598014409956953,0.02376230619105213
tid_1481,50,agriculture_headcount_share,,False,0.030874009454609427,0.032615850526604706,0.03595007499822663,0.026389775171058748
tid_1483,50,agriculture_headcount_share,,False,0.023904098619506035,0.010955929344233806,0.03414152166310856,0.040141009023475525
tid_1484,50,agriculture_headcount_share,0.0071554912365332,True,0.009202714065793295,0.02638174873444662,0.011598860691060288,0.010138631029774326
tid_1486,50,agriculture_headcount_share,,False,0.0348008059554965,0.08194942856568932,0.030822648134545782,0.044367306028483884
tid_1488,50,agriculture_headcount_share,,False,0.009202714065793295,0.021188659908287163,0.011598860691060288,0.010138631029774326
tid_1489,50,agriculture_headcount_share,0.077963046417305,True,0.023373473601640004,0.036487688068003496,0.030905077557490855,0.03332625745702037
tid_1490,50,agriculture_headcount_share,0.0108368452739313,True,0.02273975638995637,0.0675922352008261,0.032503852180809555,0.026503932892814493
tid_1491,50,agriculture_headcount_share,0.0419074405522884,True,0.013562241669823205,0.02189875928713836,0.01519232307263111,0.01687443851830684
tid_1492,50,agriculture_headcount_share,,False,0.03522995189855042,0.020197153440429296,0.040724393241411756,0.04053268848060354
tid_1493,50,agriculture_headcount_share,,False,0.009424554234968423,0.004118277634757486,0.011502205526155966,0.011953809076623877
tid_1494,50,agriculture_headcount_share,0.0838414634146341,True,0.05333913926603584,0.09012128477461277,0.058485396431803414,0.05810647664524435
tid_1495,50,agriculture_headcount_share,0.0677827684769293,True,0.0178127538662995,0.030013355096280614,0.02042712640792324,0.02146457056087776
tid_1496,50,agriculture_headcount_share,0.0107276448584938,True,0.006882807639619283,0.011237008357608871,0.009652326704143274,0.00815510049584575
tid_1500,50,agriculture_headcount_share,0.0381986819624115,True,0.002523280035589374,0.02784427005777608,0.002440909463490131,0.001419293007313236
tid_1501,50,agriculture_headcount_share,0.004899247688744,True,0.006882807639619283,0.02375787667020771,0.010513986325858784,0.00815510049584575
tid_1504,50,agriculture_headcount_share,0.0121295658166781,True,0.030818597705357997,0.049878991270233236,0.030060323240559506,0.03809348014511855
tid_2644,50,agriculture_headcount_share,0.0066285575285818,True,0.006882807639619283,0.010783473458266258,0.010513986325858784,0.009556007183262388
tid_2648,50,agriculture_headcount_share,,False,0.02260161320978944,0.03736846833816735,0.026950529934232914,0.016495778990208456
tid_2649,50,agriculture_headcount_share,,False,0.002523280035589374,0.01977989338444746,0.002440909463490131,0.001419293007313236
tid_2651,50,agriculture_headcount_share,0.0298842250319361,True,0.009424554234968423,0.011120166462417034,0.011502205526155966,0.011953809076623877
tid_2652,50,agriculture_headcount_share,0.0072315355634782,True,0.011235523128771538,0.010604532805734767,0.016158977324303072,0.013230664019174389
tid_2808,50,agriculture_headcount_share,0.0230160582083536,True,0.006882807639619283,0.006384843899837566,0.010513986325858784,0.00815510049584575
tid_2813,50,agriculture_headcount_share,0.0276617542753566,True,0.01619108709388492,0.020493531154662795,0.013232094113778119,0.016304708241453178
tid_2814,50,agriculture_headcount_share,0.0338735466550859,True,0.002523280035589374,0.006113466953994806,0.002440909463490131,0.001419293007313236
tid_3013,50,agriculture_headcount_share,0.0025841199031635,True,0.009202714065793295,0.030303649264485682,0.011598860691060288,0.010138631029774326
tid_1439,50,public_administration_education_health_headcount_share,0.3601499002287439,True,0.47283193782750915,0.47345179157665057,0.47344029008256705,0.4469231780452545
tid_1440,50,public_administration_education_health_headcount_share,,False,0.44432114640781184,0.461552599153289,0.3702737137160246,0.42179377176287974
tid_1443,50,public_administration_education_health_headcount_share,0.1557838912827311,True,0.2776963542689773,0.3441896362609303,0.2914163606880807,0.24468705851159508
tid_1444,50,public_administration_education_health_headcount_share,0.2956366035246442,True,0.48893499972939497,0.5372507836448199,0.4652486816229704,0.47254238966191575
tid_1445,50,public_administration_education_health_headcount_share,0.1825902010588487,True,0.42136016003385635,0.4377969478089088,0.4312074706257284,0.3909358117580777
tid_1446,50,public_administration_education_health_headcount_share,0.2779911874364478,True,0.3158415856718811,0.29154829401401094,0.3121709017186287,0.32525660743826
tid_1447,50,public_administration_education_health_headcount_share,0.3536200434010653,True,0.3375796747299035,0.30315042872675924,0.3154752941949261,0.32572022814076074
tid_1448,50,public_administration_education_health_headcount_share,0.2481268324465197,True,0.35831301729893406,0.41976739152530496,0.34778959795138625,0.3375518493250111
tid_1449,50,public_administration_education_health_headcount_share,0.399155808405212,True,0.4060429923653655,0.4106722077269359,0.4139100072337122,0.3802854748222103
tid_1453,50,public_administration_education_health_headcount_share,0.2093619575002046,True,0.464484164655269,0.43473955430502265,0.45918643519415947,0.4462971487105374
tid_1454,50,public_administration_education_health_headcount_share,0.2489284536762281,True,0.3569214615893564,0.3506536132947236,0.30691240592986774,0.3782614227312832
tid_1456,50,public_administration_education_health_headcount_share,0.2551457615727127,True,0.4893182685659584,0.4957572376354677,0.483165456542563,0.476736185515698
tid_1457,50,public_administration_education_health_headcount_share,0.1666052680051575,True,0.32228004946467614,0.44799689237272045,0.3281646595772339,0.3262015374516271
tid_1459,50,public_administration_education_health_headcount_share,0.338934193465425,True,0.4882589989631409,0.4878960116295589,0.4921717642649031,0.476736185515698
tid_1461,50,public_administration_education_health_headcount_share,0.1374255799630466,True,0.261760524544319,0.29061759735568404,0.257159063449851,0.2683213902400448
tid_1463,50,public_administration_education_health_headcount_share,0.2450878289245296,True,0.32054307176461944,0.36242805307256376,0.31318315932309526,0.3243795512736407
tid_1464,50,public_administration_education_health_headcount_share,0.162678602169048,True,0.2160793498846249,0.26318393418942276,0.2186251832788525,0.21411355923077163
tid_1465,50,public_administration_education_health_headcount_share,0.3184984185692805,True,0.4730213702413257,0.4750682020182529,0.4852110394527169,0.4534526927455706
tid_1467,50,public_administration_education_health_headcount_share,0.2724523374945043,True,0.4893182685659584,0.5237387510024508,0.483165456542563,0.476736185515698
tid_1468,50,public_administration_education_health_headcount_share,0.3085906713477108,True,0.3048633603268757,0.3694164683838662,0.3004790953171455,0.2748410521806575
tid_1472,50,public_administration_education_health_headcount_share,0.1868660185967878,True,0.294680677170805,0.3651026351833186,0.31785992387081025,0.26627808260606617
tid_1473,50,public_administration_education_health_headcount_share,0.2368323212293964,True,0.3528063444495242,0.3086592419348295,0.3656851132342146,0.3219366381744813
tid_1474,50,public_administration_education_health_headcount_share,,False,0.472065281283276,0.3547215804572127,0.4707810332143139,0.44332463962942664
tid_1475,50,public_administration_education_health_headcount_share,0.3644076459163856,True,0.36117760192933823,0.4236106658764941,0.3523735087137736,0.35514075175195875
tid_1477,50,public_administration_education_health_headcount_share,0.4047400891820902,True,0.36363285848089094,0.3641242413626002,0.3162336172746419,0.37427391152800404
tid_1478,50,public_administration_education_health_headcount_share,,False,0.43547309321950545,0.36498511588761284,0.40095649510874565,0.3902397272466454
tid_1480,50,public_administration_education_health_headcount_share,0.2330366262950532,True,0.4627468581508389,0.31926577796043626,0.43429249460537206,0.38836546182961823
tid_1481,50,public_administration_education_health_headcount_share,0.1303057826218589,True,0.2776963542689773,0.2876257289566983,0.2943819291529837,0.24468705851159508
tid_1483,50,public_administration_education_health_headcount_share,0.0667403759171776,True,0.38387220930503735,0.35371832885115534,0.34530855058744503,0.37415195509855753
tid_1484,50,public_administration_education_health_headcount_share,0.3779144557002734,True,0.3268960610197509,0.3341127255903553,0.3002071881646184,0.3072940494116681
tid_1486,50,public_administration_education_health_headcount_share,,False,0.341734130460973,0.3791030247594102,0.36396659512268237,0.3189362873975707
tid_1488,50,public_administration_education_health_headcount_share,0.2463797954841809,True,0.3217049719337265,0.2958003709903708,0.34001701410537855,0.3131076675712802
tid_1489,50,public_administration_education_health_headcount_share,0.4221496169445696,True,0.33234009111596546,0.35785510381811403,0.3172618421598732,0.3460816125919072
tid_1490,50,public_administration_education_health_headcount_share,0.2843811817321751,True,0.3551197080942187,0.3182782247538226,0.32693338752239726,0.3467600883617815
tid_1491,50,public_administration_education_health_headcount_share,0.2504985937100485,True,0.33763841151523927,0.32855497540905604,0.3331515084802547,0.31506418380994045
tid_1492,50,public_administration_education_health_headcount_share,0.300697412823397,True,0.3480121678468273,0.3339898184209263,0.31526143269320744,0.3379121754816796
tid_1493,50,public_administration_education_health_headcount_share,0.2114227507461979,True,0.4893182685659584,0.5327348687453585,0.483165456542563,0.476736185515698
tid_1494,50,public_administration_education_health_headcount_share,,False,0.4176625506825484,0.47392966180498325,0.35989547649465975,0.3865514061338816
tid_1495,50,public_administration_education_health_headcount_share,0.3952633728052266,True,0.34714292801918517,0.3673196517985984,0.2934880806382698,0.3284243676620305
tid_1496,50,public_administration_education_health_headcount_share,0.2137941986025831,True,0.38176427871460944,0.3224334675631459,0.36944011459922876,0.37560814695681555
tid_1500,50,public_administration_education_health_headcount_share,0.2277973430035914,True,0.24519429784832542,0.3921626478781333,0.2667910326518873,0.232569760388125
tid_1501,50,public_administration_education_health_headcount_share,0.2953282905930344,True,0.37428842197311035,0.3276908913170666,0.3839423563757996,0.35416521159495273
tid_1504,50,public_administration_education_health_headcount_share,0.3516195727084769,True,0.352960642534005,0.348856556405869,0.3417936806538118,0.30252681433553236
tid_2644,50,public_administration_education_health_headcount_share,0.3106604232546825,True,0.3885306326858632,0.34949651130003717,0.3918140131492329,0.37321612890667855
tid_2648,50,public_administration_education_health_headcount_share,0.3444239063462723,True,0.3724246566932499,0.32455422516817173,0.3074597887966392,0.35161631927068426
tid_2649,50,public_administration_education_health_headcount_share,0.3272253485986749,True,0.23829927653340216,0.2807687232265824,0.24911596320996215,0.232569760388125
tid_2651,50,public_administration_education_health_headcount_share,0.2672480561674563,True,0.46068850656051136,0.538055160698422,0.4500733387341536,0.44207254666438217
tid_2652,50,public_administration_education_health_headcount_share,0.3425371058686692,True,0.4024839622137332,0.34845952717309675,0.38102283418870303,0.3951239013274296
tid_2808,50,public_administration_education_health_headcount_share,0.2786746144545088,True,0.38176427871460944,0.3284211245825067,0.39340778157532674,0.3792197240074065
tid_2813,50,public_administration_education_health_headcount_share,0.4097249586255812,True,0.3469835362949759,0.35625681905752415,0.34242553358014877,0.33722184049134724
tid_2814,50,public_administration_education_health_headcount_share,0.2600525079452812,True,0.30417603942007254,0.4370450557095689,0.30782647112035566,0.2727806344368949
tid_3013,50,public_administration_education_health_headcount_share,0.2758207980850311,True,0.26949728277427815,0.3127481372057724,0.2786364637559578,0.2494239971064651
tid_1506,51,manufacturing_headcount_share,0.0663660251402599,True,0.06013720725267503,0.060966517777555754,0.055365769563640845,0.047907941971410344
tid_1507,51,manufacturing_headcount_share,0.1052384675527756,True,0.04551350132007909,0.06131990728090476,0.0481918286377092,0.0516821369605353
tid_1508,51,manufacturing_headcount_share,0.0237472071496967,True,0.04214805046388797,0.11094006623477969,0.04651843910677591,0.032808463432576644
tid_1509,51,manufacturing_headcount_share,,False,0.02441594158740394,0.0,0.0526958045726435,0.061273077935641955
tid_1510,51,manufacturing_headcount_share,0.0261273209549071,True,0.030729816835953265,0.15292834863067847,0.09332200805762926,0.10116921815167389
tid_1511,51,manufacturing_headcount_share,,False,0.01681250658160432,0.12203854401906998,0.029833442210050406,0.02891861434125021
tid_1512,51,manufacturing_headcount_share,0.0282753515914137,True,0.0,0.13183846994448695,0.04142423197554391,0.026381050632971133
tid_1518,51,manufacturing_headcount_share,0.118139852966319,True,0.0725793214511589,0.10670314788951908,0.10685324661824731,0.13956961001775076
tid_1519,51,manufacturing_headcount_share,0.0342882648920629,True,0.08139989270311618,0.06119120232081829,0.11571754597698204,0.115913274153479
tid_1520,51,manufacturing_headcount_share,,False,0.1560012278726938,0.2567893032108494,0.15787660239293178,0.16789973916521136
tid_1521,51,manufacturing_headcount_share,0.1404102768372834,True,0.04310006410763966,0.07669944954388942,0.04970244636673411,0.056389094590991194
tid_1522,51,manufacturing_headcount_share,,False,0.18913862202096632,0.18130303756369556,0.18053533582349862,0.1902024951079955
tid_1506,51,agriculture_headcount_share,0.0499964491158298,True,0.016773281199890563,0.011272933984498659,0.021254251158363446,0.020109848235376
tid_1507,51,agriculture_headcount_share,,False,0.08189478573695556,0.05468276107232527,0.07770599422274145,0.07434854344952438
tid_1508,51,agriculture_headcount_share,,False,0.0923169957693502,0.0656185491485034,0.08272473785741567,0.07089121752503239
tid_1509,51,agriculture_headcount_share,,False,0.08385990627794634,0.05891117839386179,0.07077222734696509,0.05982367932111935
tid_1510,51,agriculture_headcount_share,,False,0.0823940544839441,0.030698075943014602,0.0989323080964189,0.08163813222878026
tid_1511,51,agriculture_headcount_share,,False,0.07197865740103707,0.05564212960110319,0.0683124639405025,0.06316983818799445
tid_1512,51,agriculture_headcount_share,,False,0.08442277667556958,0.04611114355046684,0.10348046879825351,0.08104532806660325
tid_1518,51,agriculture_headcount_share,,False,0.04121751695992272,0.035007477227863376,0.030865814173558805,0.02995532346707243
tid_1519,51,agriculture_headcount_share,0.0450008115565654,True,0.050540383750876,0.03753572998141426,0.047989635705855994,0.056345556771770645
tid_1520,51,agriculture_headcount_share,,False,0.03472009013447663,0.04503872152203272,0.05135952113417362,0.03205628348675024
tid_1521,51,agriculture_headcount_share,0.0264887472615016,True,0.07683058128990039,0.047404119278192575,0.06988064020440365,0.06513407824851786
tid_1522,51,agriculture_headcount_share,,False,0.07462003891387364,0.11032892869248712,0.07158932607088953,0.06962487282151641
tid_1506,51,public_administration_education_health_headcount_share,0.4086475865823923,True,0.2915240338725167,0.3264521245367846,0.2980991893075053,0.29831376042172
tid_1507,51,public_administration_education_health_headcount_share,0.4129788897576231,True,0.24663407431239143,0.2549985340587749,0.2465478819143975,0.27655254223439124
tid_1508,51,public_administration_education_health_headcount_share,0.20319182891797,True,0.3149604236313549,0.28974378794863753,0.3052648496508658,0.31137396273259776
tid_1509,51,public_administration_education_health_headcount_share,0.2886527721018935,True,0.2806981976756748,0.2218900570348708,0.2815976286450142,0.252671223773698
tid_1510,51,public_administration_education_health_headcount_share,0.4180371352785146,True,0.19528824056602012,0.23886802358045106,0.17433879296832172,0.1590638092062716
tid_1511,51,public_administration_education_health_headcount_share,0.2558942784201832,True,0.3109982613045847,0.3866607229883206,0.2918509369543475,0.302302236318573
tid_1512,51,public_administration_education_health_headcount_share,0.2090303478904515,True,0.29842336534279174,0.22237222749266344,0.28588875533370167,0.2636492536351312
tid_1518,51,public_administration_education_health_headcount_share,0.4120362455120533,True,0.2221791251014387,0.2367353453078069,0.2024895925368389,0.18705867226159253
tid_1519,51,public_administration_education_health_headcount_share,0.2101931504625872,True,0.34111040075511684,0.29599172972422644,0.36026734962580437,0.3323167602501168
tid_1520,51,public_administration_education_health_headcount_share,0.4502354788069074,True,0.3118912758783499,0.3322632756716509,0.29461516901336854,0.3006340335585832
tid_1521,51,public_administration_education_health_headcount_share,0.3014339772953595,True,0.2956083004021588,0.3184449647039586,0.3020184115186224,0.2907780764667245
tid_1522,51,public_administration_education_health_headcount_share,0.4550509731232622,True,0.41122777278872297,0.4041920092612142,0.40307374953286396,0.4119525052704518
tid_1523,52,manufacturing_headcount_share,0.196381671908178,True,0.19570447314303,0.17920567381935412,0.17945599193316925,0.21224381462486133
tid_1525,52,manufacturing_headcount_share,0.3383058287944069,True,0.3494845545997592,0.31516127531038846,0.34615588729173574,0.3390286361083042
tid_1526,52,manufacturing_headcount_share,0.5490886916457755,True,0.3535749716156109,0.31050487276174754,0.3410428801148758,0.3449878189565283
tid_1527,52,manufacturing_headcount_share,0.3823762219495785,True,0.208761307079547,0.21804054301771766,0.2330506413730822,0.24915038391161423
tid_1528,52,manufacturing_headcount_share,0.5491864298628097,True,0.15182466994030738,0.13647972577785497,0.20858147508518476,0.18623061718646206
tid_1529,52,manufacturing_headcount_share,0.4145526057030482,True,0.21339903162604223,0.2544153611529702,0.2347716139336107,0.2293457773808139
tid_1530,52,manufacturing_headcount_share,0.0341246290801186,True,0.20774543142050275,0.20559510117681126,0.2260798419747672,0.21322559343744996
tid_1532,52,manufacturing_headcount_share,0.2386419753086419,True,0.25911853814381164,0.1588541069750997,0.23187056124428967,0.24170137844570636
tid_1533,52,manufacturing_headcount_share,0.1597343586158685,True,0.21208057037054703,0.14067389903541574,0.20912111091392607,0.20029120631993017
tid_1534,52,manufacturing_headcount_share,,False,0.22409067413575734,0.2514659796946606,0.21658400517701892,0.2352839280822798
tid_1535,52,manufacturing_headcount_share,,False,0.26176628963183685,0.18480035392190208,0.2852894842461185,0.27846260476575935
tid_1536,52,manufacturing_headcount_share,0.2432701894317049,True,0.22709316547962768,0.3388912086026243,0.22959357709888203,0.20635553307756152
tid_1537,52,manufacturing_headcount_share,0.1650156412930135,True,0.10838581688174861,0.09101615290037976,0.13867272232774838,0.11445740713713307
tid_1539,52,manufacturing_headcount_share,0.4316792265036258,True,0.21308982545770866,0.296009711228505,0.19962393199214495,0.24872230535452586
tid_1540,52,manufacturing_headcount_share,0.2230708454042665,True,0.22880766915775025,0.2517505755132037,0.21057363035546436,0.17702016614385582
tid_1541,52,manufacturing_headcount_share,,False,0.179608017469582,0.10908978739342212,0.16876197396793827,0.1678353580685651
tid_1542,52,manufacturing_headcount_share,,False,0.15585605114420525,0.20494770552551705,0.1769088803897773,0.1532570746446112
tid_1543,52,manufacturing_headcount_share,,False,0.1712710412740414,0.09849960846753543,0.17092031482163078,0.16518362661245917
tid_1544,52,manufacturing_headcount_share,,False,0.17049937446661523,0.09093521449179279,0.15947744359595273,0.1668719245940625
tid_1545,52,manufacturing_headcount_share,,False,0.1288468264926131,0.09791452068888899,0.15083452422832355,0.1336414028761087
tid_1546,52,manufacturing_headcount_share,,False,0.10248706038843079,0.14934034698668142,0.10902018152787941,0.11166297591103308
tid_1547,52,manufacturing_headcount_share,0.1009450171821305,True,0.15613108569593162,0.08182513172330767,0.17446926488032902,0.16480083771894535
tid_1548,52,manufacturing_headcount_share,,False,0.10353791154180027,0.1344565295124537,0.12223585400990071,0.10768168593827773
tid_1549,52,manufacturing_headcount_share,,False,0.19459603726914973,0.16592618905982834,0.21353788418085054,0.2158491673059801
tid_1550,52,manufacturing_headcount_share,,False,0.2625076705416567,0.21574161821643198,0.29122680019761527,0.252811573799114
tid_1551,52,manufacturing_headcount_share,,False,0.1468769097243926,0.1083461096007372,0.16076156763134652,0.17690060630368432
tid_1552,52,manufacturing_headcount_share,0.0084970791290493,True,0.06948919934259448,0.12215808250960006,0.05223087655389196,0.05950943356858008
tid_1553,52,manufacturing_headcount_share,0.366794200563834,True,0.20319565857782462,0.3204547706008681,0.21150418855142195,0.2800297670163582
tid_1554,52,manufacturing_headcount_share,0.0275862068965517,True,0.11688903224184204,0.1691029395958293,0.15314150121887285,0.15143827477672234
tid_1555,52,manufacturing_headcount_share,,False,0.16582856657625167,0.17012727167939776,0.17322036822722914,0.15547090968888994
tid_1556,52,manufacturing_headcount_share,0.2492947813822285,True,0.16495732683829584,0.23404352923663874,0.1655238228638675,0.16749642303532064
tid_1557,52,manufacturing_headcount_share,0.1935791481246026,True,0.14821017690580648,0.1318812193247312,0.14732499504752125,0.15706900914124408
tid_1558,52,manufacturing_headcount_share,,False,0.15441908961965026,0.09185621734843084,0.11305213116566735,0.17929764772054668
tid_1559,52,manufacturing_headcount_share,,False,0.07991858760525454,0.12119380307347273,0.07777466367317987,0.0710620185032878
tid_1560,52,manufacturing_headcount_share,0.2565085694566926,True,0.20884399462453182,0.2917985505802671,0.18997996197201533,0.20760825763326216
tid_1561,52,manufacturing_headcount_share,,False,0.1551854033562719,0.11084527331385205,0.1754187043754479,0.15731063142245372
tid_1562,52,manufacturing_headcount_share,0.2489762489762489,True,0.1726270616903365,0.1159936171781578,0.21609341813342658,0.18522158664122396
tid_1563,52,manufacturing_headcount_share,0.4237825059101655,True,0.23393214868060302,0.281800042666018,0.22774904618447256,0.285098903435834
tid_1564,52,manufacturing_headcount_share,0.0705588510771152,True,0.12564882062032817,0.18077129457079452,0.10756221869742692,0.1323754971757083
tid_1565,52,manufacturing_headcount_share,0.0622070728589689,True,0.1351373840005655,0.07912671822076735,0.0869964920306869,0.16143299228016572
tid_1566,52,manufacturing_headcount_share,0.0962512664640324,True,0.13043914294960335,0.07948412892630677,0.1548544330886591,0.1449114649192379
tid_1567,52,manufacturing_headcount_share,,False,0.169621847577168,0.15022779370040593,0.17767500310860232,0.18391693948760052
tid_1568,52,manufacturing_headcount_share,,False,0.16270189369090043,0.16942144745110604,0.1537220740792393,0.18854645558657684
tid_1569,52,manufacturing_headcount_share,,False,0.06538193262366224,0.1539524278384326,0.04735194634467208,0.06031893909481963
tid_1570,52,manufacturing_headcount_share,,False,0.18243630111055395,0.08070463472602515,0.1951616351314424,0.18210554993830633
tid_1571,52,manufacturing_headcount_share,0.2065252854812398,True,0.17488854797728876,0.09150867956329536,0.21692136847018578,0.18184265972454186
tid_1572,52,manufacturing_headcount_share,0.1598773543583004,True,0.17785385048823818,0.09838318898953055,0.11796328241114996,0.16796713445279693
tid_1573,52,manufacturing_headcount_share,,False,0.15873125868129573,0.06969017922736614,0.1757755615704543,0.18123665376579415
tid_1574,52,manufacturing_headcount_share,0.1193291174044542,True,0.12504102360842215,0.1430457041794397,0.11694557764656112,0.11642545997117626
tid_3005,52,manufacturing_headcount_share,0.4488335517693316,True,0.35802932933261417,0.2830054132965915,0.3540043065013223,0.3515792474196802
tid_1523,52,agriculture_headcount_share,0.0020663567563643,True,0.011290036420834221,0.011297288328156537,0.012320057608459584,0.010545476042227438
tid_1525,52,agriculture_headcount_share,0.0458499308999268,True,0.019141904814970107,0.01832967830481558,0.017989847555845626,0.015901605050615383
tid_1526,52,agriculture_headcount_share,0.0125008469408496,True,0.018765894239584236,0.043040947624241016,0.018366315916004586,0.019513924891776877
tid_1527,52,agriculture_headcount_share,0.0027704119998416,True,0.011786665902169022,0.025796782919152956,0.011524215466674845,0.011832560932685336
tid_1528,52,agriculture_headcount_share,,False,0.062012242060754605,0.06594729706366759,0.06947683695517774,0.06242619092315524
tid_1529,52,agriculture_headcount_share,,False,0.08782032522846968,0.07650534119030027,0.07962119459135585,0.07807244657377008
tid_1530,52,agriculture_headcount_share,,False,0.09292440408543391,0.10925506859904456,0.0934443752347957,0.10314316728011474
tid_1532,52,agriculture_headcount_share,0.0188888888888888,True,0.06115514612714836,0.1016948509693317,0.05673545554488446,0.06878109339255346
tid_1533,52,agriculture_headcount_share,,False,0.10739247034967873,0.14330430797979876,0.1180257436435552,0.12834196669477993
tid_1534,52,agriculture_headcount_share,,False,0.14006102763685677,0.1855319510373372,0.14928352490820845,0.15962141360329762
tid_1535,52,agriculture_headcount_share,,False,0.12783437865640768,0.13135117262927723,0.1055918475487886,0.12500794162035914
tid_1536,52,agriculture_headcount_share,,False,0.09636193707614371,0.06557613838728465,0.10504622558097607,0.09900588807969089
tid_1537,52,agriculture_headcount_share,0.070385818561001,True,0.1401024349036156,0.10040646727376333,0.12892671553227217,0.1455595185934527
tid_1539,52,agriculture_headcount_share,,False,0.07329512021672294,0.06185195638790588,0.07803662547412413,0.07978011246447689
tid_1540,52,agriculture_headcount_share,,False,0.09209997834989388,0.08799492206568457,0.09562761834806548,0.09271940370018991
tid_1541,52,agriculture_headcount_share,0.0707013574660633,True,0.1386256515807186,0.20776979308683013,0.12435086405204321,0.1391539738531607
tid_1542,52,agriculture_headcount_share,0.1980426021876799,True,0.13428190800031806,0.12238357358959019,0.1351437132684399,0.14414430886332616
tid_1543,52,agriculture_headcount_share,,False,0.09222836961501417,0.1501013565255386,0.09390118329242357,0.1006754470623816
tid_1544,52,agriculture_headcount_share,0.1442896935933147,True,0.09337990901090215,0.11914588718993284,0.08152945820900896,0.09847462087012736
tid_1545,52,agriculture_headcount_share,,False,0.1743500957240156,0.09938477665261,0.1493873315430325,0.15361350165936308
tid_1546,52,agriculture_headcount_share,,False,0.16027381295934928,0.13975306823944203,0.1634468242360772,0.16631271065057854
tid_1547,52,agriculture_headcount_share,,False,0.12747677296803028,0.13813242023855954,0.12194281471706003,0.13479894682524313
tid_1548,52,agriculture_headcount_share,,False,0.23370830993015568,0.18213477983774176,0.19338285481630402,0.19553632316828715
tid_1549,52,agriculture_headcount_share,0.1102586800432772,True,0.0964464468774689,0.07027520071230263,0.09702510874377812,0.09713962652912671
tid_1550,52,agriculture_headcount_share,,False,0.2230368570000386,0.16037579371093502,0.1854208607144519,0.21099819569328307
tid_1551,52,agriculture_headcount_share,,False,0.1737470709397169,0.19060455164919787,0.15032183178759118,0.16691567334225219
tid_1552,52,agriculture_headcount_share,0.2209240573552841,True,0.17180762286704312,0.1880898842380631,0.17653943929376928,0.15934255734639963
tid_1553,52,agriculture_headcount_share,0.0298026580749093,True,0.09176510397794024,0.10333839812471186,0.0987438107832057,0.10159465809681804
tid_1554,52,agriculture_headcount_share,0.1144016227180527,True,0.0919603280455238,0.10228164269608514,0.10022146327848132,0.10426947580070074
tid_1555,52,agriculture_headcount_share,0.095615671641791,True,0.1211262823893657,0.10324001018156168,0.11451280631463084,0.09804970158247729
tid_1556,52,agriculture_headcount_share,,False,0.12252867926125745,0.13840907942861427,0.1026108071136987,0.11705464616195078
tid_1557,52,agriculture_headcount_share,0.2040686586141131,True,0.14164926769917988,0.09631301203609134,0.12550524632117932,0.13259155114838886
tid_1558,52,agriculture_headcount_share,,False,0.18496505757334578,0.08930936055796543,0.18111704647374013,0.1955568817844874
tid_1559,52,agriculture_headcount_share,,False,0.16680912968400524,0.17379632806378828,0.17115809911245813,0.16833037724047198
tid_1560,52,agriculture_headcount_share,0.0059046815689582,True,0.07591331145429658,0.07561267827807253,0.07843893626452486,0.07593137056892364
tid_1561,52,agriculture_headcount_share,0.0415765440999759,True,0.17570717868837402,0.1765286034995505,0.18699185734278592,0.1943284443739695
tid_1562,52,agriculture_headcount_share,0.0765765765765765,True,0.06320043560163797,0.0745699244053252,0.07132335929250766,0.05336543806217469
tid_1563,52,agriculture_headcount_share,0.0636879432624113,True,0.07438869842297206,0.07318015432970959,0.07803662547412413,0.07978011246447689
tid_1564,52,agriculture_headcount_share,0.0880424601935685,True,0.11216296562550561,0.1802823844943039,0.1138535138381452,0.11753137044488682
tid_1565,52,agriculture_headcount_share,0.0975713677034512,True,0.1079062954880366,0.1074280049852304,0.1054961693498152,0.11088649944239844
tid_1566,52,agriculture_headcount_share,0.0487769575915472,True,0.08354397063810973,0.11412628341776997,0.08614551763912752,0.07938859398456562
tid_1567,52,agriculture_headcount_share,0.0633744855967078,True,0.16905579014956595,0.21135491742923646,0.15509383131536233,0.16797986014363006
tid_1568,52,agriculture_headcount_share,,False,0.1475243895673617,0.14733894393094965,0.13324023292589998,0.14053042823261327
tid_1569,52,agriculture_headcount_share,,False,0.19405862281762118,0.15438745287886457,0.18261325500540437,0.20498529034819699
tid_1570,52,agriculture_headcount_share,,False,0.05934694008890854,0.11226312913698971,0.08351657994139502,0.07538590885462171
tid_1571,52,agriculture_headcount_share,0.0084828711256117,True,0.1241331965380587,0.12416418591905588,0.13096697875515656,0.13110166086464692
tid_1572,52,agriculture_headcount_share,0.0385457731055628,True,0.13991655134385503,0.15369260270878912,0.13899149226159457,0.13571493581355468
tid_1573,52,agriculture_headcount_share,,False,0.1452982214596485,0.13958105158021802,0.13575993352212704,0.1491050056205944
tid_1574,52,agriculture_headcount_share,,False,0.13543326393847457,0.11357269258543767,0.1474990324946993,0.14597861396928216
tid_3005,52,agriculture_headcount_share,0.0047968545216251,True,0.011475004899828554,0.04456006849736068,0.014599615986845496,0.014127867214328427
tid_1523,52,public_administration_education_health_headcount_share,0.2993469068169032,True,0.3575510301320943,0.3594325021121839,0.3730571853539883,0.35434561995008096
tid_1525,52,public_administration_education_health_headcount_share,0.3243232257540037,True,0.31240138716391425,0.38103329168909317,0.32622069952826255,0.30646163452403063
tid_1526,52,public_administration_education_health_headcount_share,0.1788739074463039,True,0.37838354553162795,0.37299080341730045,0.37979510342600653,0.33523356100908547
tid_1527,52,public_administration_education_health_headcount_share,0.2648711758420073,True,0.3419527398920691,0.3545471352510523,0.3481198571113139,0.34109380966335107
tid_1528,52,public_administration_education_health_headcount_share,0.2854408167606083,True,0.4233996842337601,0.47811484700317003,0.3913944935006997,0.40677357305196027
tid_1529,52,public_administration_education_health_headcount_share,0.2686332350049164,True,0.4416318464444091,0.5136214915955397,0.4195867116303652,0.4449856063786767
tid_1530,52,public_administration_education_health_headcount_share,0.6132542037586548,True,0.5118078155715702,0.49665964819355024,0.4963452062086912,0.5056634637304522
tid_1532,52,public_administration_education_health_headcount_share,0.4932098765432098,True,0.43180550226321585,0.46344589041270257,0.4427584061557773,0.4084612250852536
tid_1533,52,public_administration_education_health_headcount_share,0.4570080391471513,True,0.43854966973940035,0.4614826042650243,0.43554535830622526,0.4460319225483135
tid_1534,52,public_administration_education_health_headcount_share,0.191580118694362,True,0.5398152188560849,0.5385606400386558,0.5372088959250354,0.5346660488031127
tid_1535,52,public_administration_education_health_headcount_share,0.5136884021901443,True,0.5803373182236018,0.575208227603095,0.5548950743158084,0.5712945468703898
tid_1536,52,public_administration_education_health_headcount_share,0.5031571950814224,True,0.4405008036022017,0.47552793571874896,0.4193543998235814,0.4444814352869274
tid_1537,52,public_administration_education_health_headcount_share,0.4517726798748696,True,0.5246093985894272,0.5589556098778002,0.5304326705213216,0.53922494346585
tid_1539,52,public_administration_education_health_headcount_share,0.3333570311389165,True,0.3679085702183198,0.35498736613417137,0.35966642591400927,0.3384746890156518
tid_1540,52,public_administration_education_health_headcount_share,0.469449565446405,True,0.3432840313539489,0.361360689349317,0.35373213275784293,0.36599275936534226
tid_1541,52,public_administration_education_health_headcount_share,0.5192307692307693,True,0.5985255365743127,0.5516969147114715,0.5774186118819573,0.5760855554606188
tid_1542,52,public_administration_education_health_headcount_share,0.5192861255037421,True,0.6071829911158158,0.5554311415281861,0.5800457346321338,0.5889058922787545
tid_1543,52,public_administration_education_health_headcount_share,0.631413612565445,True,0.6021726854045849,0.5822349450406911,0.5868494277160298,0.5738151539791703
tid_1544,52,public_administration_education_health_headcount_share,0.4186629526462395,True,0.5709352435833609,0.5551622114366344,0.5888312405992676,0.5688728846493282
tid_1545,52,public_administration_education_health_headcount_share,0.6323159784560144,True,0.5716635524667608,0.6329731007028586,0.5609840672953956,0.5771843219575531
tid_1546,52,public_administration_education_health_headcount_share,0.5913343180699163,True,0.5244369159690068,0.4632366432801097,0.5159475537561709,0.5281646541586509
tid_1547,52,public_administration_education_health_headcount_share,0.647766323024055,True,0.6060338348436004,0.6135941907024671,0.5905352680051973,0.5773331588695719
tid_1548,52,public_administration_education_health_headcount_share,0.6213050752928053,True,0.5388135647335187,0.5958770438280416,0.5169789476950112,0.5380150928454425
tid_1549,52,public_administration_education_health_headcount_share,0.6387331562899577,True,0.4433458359361351,0.46717393366373866,0.43465758440655394,0.44345210220848896
tid_1550,52,public_administration_education_health_headcount_share,0.5749198717948718,True,0.52152134433195,0.49196441839002475,0.49184602891005114,0.4936963811517198
tid_1551,52,public_administration_education_health_headcount_share,0.6253658536585366,True,0.5156321563676621,0.5549503376282637,0.49956034006712524,0.5228942082065025
tid_1552,52,public_administration_education_health_headcount_share,0.4864577801380775,True,0.5799542243849072,0.6156923833560429,0.5961869553233697,0.5762872142171059
tid_1553,52,public_administration_education_health_headcount_share,0.3473620620217479,True,0.38395334781062407,0.364034009530454,0.37582230067256556,0.3690283981939094
tid_1554,52,public_administration_education_health_headcount_share,0.5797160243407707,True,0.5401068453954274,0.5551516966038004,0.5249439877317156,0.5276589470095184
tid_1555,52,public_administration_education_health_headcount_share,0.6068097014925373,True,0.47545379274452815,0.49148423808598984,0.4364080509841595,0.48762486997281435
tid_1556,52,public_administration_education_health_headcount_share,0.4548660084626234,True,0.5564829223676054,0.43844700082468147,0.4833396241594575,0.5320154637181593
tid_1557,52,public_administration_education_health_headcount_share,0.4335664335664335,True,0.5171863611737725,0.5185439568060685,0.5031314156749336,0.5178067504013579
tid_1558,52,public_administration_education_health_headcount_share,0.668374608596641,True,0.5644405877896326,0.6102668350635305,0.5937147262541614,0.5092013099917665
tid_1559,52,public_administration_education_health_headcount_share,0.6004746835443038,True,0.6080617381739618,0.5835457694317219,0.6001479800741155,0.5952957538220058
tid_1560,52,public_administration_education_health_headcount_share,0.2674744066561865,True,0.328958152956424,0.3408449303349502,0.3282030378007838,0.32152459213812934
tid_1561,52,public_administration_education_health_headcount_share,0.5878394616678683,True,0.48885482566543836,0.528911121663239,0.488228805411995,0.5060417512515263
tid_1562,52,public_administration_education_health_headcount_share,0.4153699153699153,True,0.45020884138235356,0.49412867685823847,0.4133876643709457,0.4424765172891845
tid_1563,52,public_administration_education_health_headcount_share,0.2967375886524823,True,0.3314438826037523,0.34855714899621926,0.33120064117322057,0.3308125805796031
tid_1564,52,public_administration_education_health_headcount_share,0.4929753356228535,True,0.5154019020425724,0.525253590274692,0.5317830854329443,0.539918476913282
tid_1565,52,public_administration_education_health_headcount_share,0.3824030677460588,True,0.4651983111267816,0.48766735697001906,0.5210119445868802,0.47521056519945937
tid_1566,52,public_administration_education_health_headcount_share,0.3068461427124041,True,0.4568186794890685,0.5114131308118923,0.4326808441431999,0.45903340082306493
tid_1567,52,public_administration_education_health_headcount_share,0.5325102880658437,True,0.5310449536858954,0.5629327856562037,0.5333492069843532,0.538094441845881
tid_1568,52,public_administration_education_health_headcount_share,0.4323172730252376,True,0.5218383491754985,0.5054200878303922,0.5055315838917483,0.5185476266292453
tid_1569,52,public_administration_education_health_headcount_share,0.6396761133603239,True,0.5610971628497419,0.5828919048443408,0.5792180023190661,0.5711446077056381
tid_1570,52,public_administration_education_health_headcount_share,0.703765690376569,True,0.5488769438252712,0.6112745803342512,0.5644208247080399,0.5664666223840699
tid_1571,52,public_administration_education_health_headcount_share,0.5882544861337684,True,0.58275075076222,0.6030111696596385,0.5503381371748939,0.5585575772618865
tid_1572,52,public_administration_education_health_headcount_share,0.5560665790626369,True,0.42870356753339744,0.52493323652746,0.44898226853872275,0.43856899839427227
tid_1573,52,public_administration_education_health_headcount_share,0.6358313817330211,True,0.5851120864939225,0.625365438202673,0.5632174009336786,0.5914523916961413
tid_1574,52,public_administration_education_health_headcount_share,0.5927962606543855,True,0.5099387370158921,0.45138440334725655,0.5191263581761544,0.4999471137539813
tid_3005,52,public_administration_education_health_headcount_share,0.2771428571428571,True,0.3012229308598485,0.35086762417510814,0.30875145685193006,0.29689439878093155
tid_1575,53,manufacturing_headcount_share,0.2376170596863364,True,0.21163745260337433,0.29437790314380874,0.22905237061624964,0.2093999028286568
tid_1577,53,manufacturing_headcount_share,0.3868028713418001,True,0.255995181615563,0.3418898036320332,0.26066348165851827,0.31155485251059867
tid_1578,53,manufacturing_headcount_share,0.1028761061946902,True,0.14060813642944925,0.281823321325305,0.21663895193702717,0.17265568467696357
tid_1579,53,manufacturing_headcount_share,,False,0.09697131829738705,0.08278044708581277,0.09730643104837307,0.09837879963628819
tid_1580,53,manufacturing_headcount_share,,False,0.10888510525502475,0.07572808318913553,0.1226174914566912,0.12435508220377064
tid_1581,53,manufacturing_headcount_share,,False,0.18387189596462084,0.18701081854392151,0.18415712235243936,0.17855723639460572
tid_1582,53,manufacturing_headcount_share,,False,0.18685894083495863,0.10043292400741183,0.18803068424646818,0.1766049800459375
tid_1583,53,manufacturing_headcount_share,,False,0.1573243036280344,0.2870243004068726,0.16818257544288243,0.164084898737474
tid_1584,53,manufacturing_headcount_share,,False,0.14959782951235506,0.13124061320404964,0.15285197408355564,0.1474990315092174
tid_1585,53,manufacturing_headcount_share,,False,0.1724351672877737,0.09198459760126226,0.19502050308276542,0.19132949855068568
tid_1586,53,manufacturing_headcount_share,0.2157476792305111,True,0.2593597554255103,0.19482736684121668,0.25490576257498293,0.2280727431897527
tid_1587,53,manufacturing_headcount_share,0.3666814551907719,True,0.12764999376768055,0.15323242125794534,0.15059227508463693,0.11826518772858653
tid_1588,53,manufacturing_headcount_share,0.3210227272727273,True,0.13125405168315546,0.18564900320145858,0.14475756476241045,0.12636993840082117
tid_1589,53,manufacturing_headcount_share,0.0088682432432432,True,0.10186686191674024,0.20773216891765744,0.14830573948048012,0.14784586528030388
tid_1590,53,manufacturing_headcount_share,,False,0.11514534413408684,0.06599069387727109,0.12832472831893615,0.14096009497621922
tid_1591,53,manufacturing_headcount_share,,False,0.14313858454916764,0.18230247336060315,0.14832769383742606,0.14808811444456127
tid_1592,53,manufacturing_headcount_share,0.2913602941176471,True,0.2300287886709479,0.33558489568527544,0.19868381163700022,0.24477603020194552
tid_1593,53,manufacturing_headcount_share,0.0374517374517374,True,0.15943265170566592,0.18238487178181184,0.1937090585323267,0.15877573333654998
tid_1594,53,manufacturing_headcount_share,,False,0.19553374570630896,0.16287211448119024,0.20114566199406117,0.1991393600751179
tid_1595,53,manufacturing_headcount_share,0.3206937095825984,True,0.1042039854520354,0.30682283769604207,0.15203483214787739,0.11562590590524054
tid_1596,53,manufacturing_headcount_share,,False,0.10193953062349903,0.15865290451428274,0.0995011840200349,0.12426040161398155
tid_1575,53,agriculture_headcount_share,0.0033848584000902,True,0.021427043149526263,0.019424257460179194,0.020351031986392654,0.018793945253122002
tid_1577,53,agriculture_headcount_share,,False,0.05485649518086813,0.04506025738747216,0.05838547831704627,0.057374499139059586
tid_1578,53,agriculture_headcount_share,0.040744837758112,True,0.1100629596882435,0.09008733053780021,0.1223913971568388,0.12576031118642386
tid_1579,53,agriculture_headcount_share,,False,0.2320113946890188,0.22421997898580734,0.23517989416965487,0.24808153597507543
tid_1580,53,agriculture_headcount_share,0.0600400266844563,True,0.13035411342064263,0.17092834246132707,0.1390770311648448,0.12726537211741426
tid_1581,53,agriculture_headcount_share,0.2393162393162393,True,0.1315304629824724,0.10917556934719251,0.1572269579582211,0.13131535426297367
tid_1582,53,agriculture_headcount_share,0.059577677224736,True,0.04771159601037099,0.0754591736786258,0.05671180156387646,0.05885929646658652
tid_1583,53,agriculture_headcount_share,,False,0.11162165403839627,0.09547518712747269,0.1313867008502863,0.11235963660442067
tid_1584,53,agriculture_headcount_share,,False,0.13979525044342067,0.1336329127058952,0.14665797651408025,0.14903431267013417
tid_1585,53,agriculture_headcount_share,,False,0.11776450041312898,0.09756821397298328,0.11936469720446995,0.11745736848589397
tid_1586,53,agriculture_headcount_share,0.1220221451739179,True,0.06434358950012506,0.07550163768701033,0.06388240538928021,0.06326608178013723
tid_1587,53,agriculture_headcount_share,0.0113132209405501,True,0.09639475320308658,0.12672993342216768,0.09779084479819279,0.10720824434045732
tid_1588,53,agriculture_headcount_share,,False,0.16294588841884883,0.1295614047388248,0.17955855475230897,0.14743758596646342
tid_1589,53,agriculture_headcount_share,,False,0.09623177289633895,0.07579613649021034,0.1109755214128986,0.09652380103559179
tid_1590,53,agriculture_headcount_share,,False,0.1281394243432781,0.13722719532347682,0.12616076664724513,0.125945075404686
tid_1591,53,agriculture_headcount_share,,False,0.09143514756544463,0.13943884061685433,0.08511801166000013,0.09241043753995158
tid_1592,53,agriculture_headcount_share,0.0042016806722689,True,0.04748708506690515,0.04574484693438954,0.03967758144396006,0.04769449142007281
tid_1593,53,agriculture_headcount_share,0.064092664092664,True,0.06148580733494201,0.052129160040298,0.0712459629146548,0.07084403803190226
tid_1594,53,agriculture_headcount_share,,False,0.12184906422588132,0.12188557921821691,0.13429233888639916,0.12368975235967723
tid_1595,53,agriculture_headcount_share,,False,0.09200000603154593,0.019846730921327754,0.09725413568818839,0.09978932748998147
tid_1596,53,agriculture_headcount_share,,False,0.1178062779598443,0.09399047309213454,0.1316638956122204,0.11821281381684373
tid_1575,53,public_administration_education_health_headcount_share,0.3710288357698941,True,0.33734454256779767,0.30324122385325025,0.34094714095667233,0.33992599349520536
tid_1577,53,public_administration_education_health_headcount_share,0.3346907785753727,True,0.35269517150798785,0.3547717426042329,0.3595793818166572,0.34412605051130074
tid_1578,53,public_administration_education_health_headcount_share,0.3484513274336283,True,0.48026893632599665,0.4273113217004554,0.4293590626078101,0.43391922492280954
tid_1579,53,public_administration_education_health_headcount_share,0.532258064516129,True,0.6101108993033335,0.6112053817368531,0.6070496420132675,0.6052919582307604
tid_1580,53,public_administration_education_health_headcount_share,0.5577051367578385,True,0.6552290926079183,0.6410181157035213,0.64587619375061,0.6383380938347644
tid_1581,53,public_administration_education_health_headcount_share,0.288970288970289,True,0.5346575755226709,0.5429121880508782,0.5111366904532,0.5293736038977547
tid_1582,53,public_administration_education_health_headcount_share,0.4532428355957767,True,0.47692448335086596,0.5177087941731663,0.4705361783229187,0.4855393169987911
tid_1583,53,public_administration_education_health_headcount_share,0.5030134445989801,True,0.5259093739139019,0.3975219257370186,0.508746029131121,0.5177022199194231
tid_1584,53,public_administration_education_health_headcount_share,0.6097087378640776,True,0.6696036065967117,0.6787060997968759,0.6622233369941325,0.6687471968518913
tid_1585,53,public_administration_education_health_headcount_share,0.6082758620689656,True,0.5375620431213811,0.5882848288138681,0.5356288680365643,0.5471857575853193
tid_1586,53,public_administration_education_health_headcount_share,0.3065652611564702,True,0.3321007392893112,0.3892778085715645,0.32962336989989455,0.3565704603089158
tid_1587,53,public_administration_education_health_headcount_share,0.398846495119787,True,0.4960489839888722,0.5032796786474748,0.4728932217588308,0.48161080937507383
tid_1588,53,public_administration_education_health_headcount_share,0.4422348484848485,True,0.6084947138194962,0.5282501648721325,0.5801734490358506,0.591027775906886
tid_1589,53,public_administration_education_health_headcount_share,0.5219594594594594,True,0.5191020325427204,0.4639067287743634,0.46761327311406614,0.4828648482067393
tid_1590,53,public_administration_education_health_headcount_share,0.6105476673427992,True,0.643017242982783,0.6487918728739238,0.6273471951014158,0.6458583881057405
tid_1591,53,public_administration_education_health_headcount_share,0.5916913946587538,True,0.5708148911518001,0.5239210413900327,0.5514217029224097,0.5666598140800673
tid_1592,53,public_administration_education_health_headcount_share,0.4460346638655462,True,0.45247229988965815,0.3962102752938328,0.4777606161252597,0.4259150827701843
tid_1593,53,public_administration_education_health_headcount_share,0.3455598455598455,True,0.5150877290689471,0.5651148084905048,0.4742886993147751,0.49163347728591905
tid_1594,53,public_administration_education_health_headcount_share,0.5321821036106751,True,0.5463260711251021,0.584698157279621,0.5454405784903127,0.5612257047631087
tid_1595,53,public_administration_education_health_headcount_share,0.3086419753086419,True,0.5256586659344936,0.4348104159339487,0.46692327348411494,0.480718770887861
tid_1596,53,public_administration_education_health_headcount_share,0.5622825330549757,True,0.6406754351503845,0.6049927882657459,0.6214360133340721,0.6269425270026064
tid_1597,54,manufacturing_headcount_share,0.1607680260410269,True,0.21227812048011196,0.17134361168428347,0.22275697565587166,0.21727192155016536
tid_1598,54,manufacturing_headcount_share,0.2484005012861948,True,0.3107896503606798,0.2322696537045575,0.2867884034605956,0.3442075471508239
tid_1599,54,manufacturing_headcount_share,0.2615761535320539,True,0.20867400832176966,0.1977846165837686,0.22725956678409606,0.2071567126359333
tid_1600,54,manufacturing_headcount_share,0.0080250899363527,True,0.15013291426640935,0.20514079819410744,0.16211892008923862,0.17329816993017033
tid_1601,54,manufacturing_headcount_share,0.1322873404091678,True,0.24239585305776018,0.11873856748454933,0.25388037404743324,0.2230413342460615
tid_1602,54,manufacturing_headcount_share,,False,0.18080945096330728,0.09612787532898012,0.17511117591845357,0.1763609349051382
tid_1603,54,manufacturing_headcount_share,0.0527932643076573,True,0.26154853102190845,0.13998871257791365,0.20176642750582824,0.2548721019707704
tid_1604,54,manufacturing_headcount_share,,False,0.0896663540955967,0.08626080242647571,0.016373465137043727,0.10963293179284564
tid_1605,54,manufacturing_headcount_share,,False,0.09152822532614795,0.10848875053911958,0.09902724984170906,0.09545362983330663
tid_1606,54,manufacturing_headcount_share,0.0026995757809487,True,0.13934285058918666,0.13676464647060502,0.1341557383149705,0.11738746480125331
tid_1607,54,manufacturing_headcount_share,0.1277853569804456,True,0.1980900275032825,0.10863247518286127,0.21206340872267782,0.1982618561626227
tid_1608,54,manufacturing_headcount_share,0.3142109994279644,True,0.16594568860081643,0.15580886260927013,0.1105578522365247,0.21807275462095432
tid_1609,54,manufacturing_headcount_share,0.0887984154929577,True,0.18475964232430794,0.12497658497964362,0.132323951082769,0.19885152263931163
tid_1610,54,manufacturing_headcount_share,0.0060261131570137,True,0.17265997065965824,0.2422340459812652,0.17977132789738282,0.17696707472429785
tid_1611,54,manufacturing_headcount_share,0.0388296417828821,True,0.14341228827733368,0.1418926498810199,0.17749218994249108,0.17338833766758646
tid_1612,54,manufacturing_headcount_share,0.1438068579426172,True,0.2073492749509514,0.23254417708362218,0.2656642176069027,0.226978562924585
tid_1613,54,manufacturing_headcount_share,,False,0.18643283186783693,0.15767811239294172,0.20035700683075075,0.18995015910730376
tid_1614,54,manufacturing_headcount_share,0.0076665069477719,True,0.15415397359122884,0.12082330246814543,0.1820030130438915,0.1426404288913438
tid_1615,54,manufacturing_headcount_share,0.1840930329145468,True,0.2355176855036267,0.1966178204448684,0.205736189313872,0.18162292987718093
tid_1616,54,manufacturing_headcount_share,0.0791336942940441,True,0.17661020574164948,0.14415391894589114,0.15729908123199432,0.16691703530405938
tid_1617,54,manufacturing_headcount_share,,False,0.163302008773444,0.14647060614230772,0.1564207796491212,0.16444225216380245
tid_1618,54,manufacturing_headcount_share,,False,0.1697491229443061,0.1568632654947661,0.19659916041106415,0.1976312880046971
tid_1619,54,manufacturing_headcount_share,,False,0.1987689547986447,0.16517101379744076,0.24539362597353107,0.19877073725415217
tid_1620,54,manufacturing_headcount_share,0.2138933358445553,True,0.19897217680948603,0.18631391687579443,0.19515677400888148,0.174667500322893
tid_1621,54,manufacturing_headcount_share,0.0449609449418936,True,0.16484046079692186,0.07318068853199584,0.17293839836322245,0.16603834468565506
tid_1622,54,manufacturing_headcount_share,,False,0.10283020184553188,0.2049505372607962,0.1123345315559903,0.11787045611763641
tid_1623,54,manufacturing_headcount_share,0.098914116485686,True,0.14363352311910801,0.07046157447803288,0.06649483148899075,0.18890405627619172
tid_1624,54,manufacturing_headcount_share,0.061628760088041,True,0.22687738298088056,0.23815639034716085,0.24774058374100225,0.2278425772209352
tid_1625,54,manufacturing_headcount_share,0.1998242337690871,True,0.09907465038639418,0.11292712172572245,0.049948101703726266,0.12207704109475845
tid_1626,54,manufacturing_headcount_share,,False,0.12284826646455012,0.13653994667464125,0.1422197925568935,0.11930965152391128
tid_1627,54,manufacturing_headcount_share,0.011611030478955,True,0.16921452877805998,0.2132672958922394,0.19413413322537915,0.18590384275849553
tid_1628,54,manufacturing_headcount_share,,False,0.1037559775929345,0.0912136345739041,0.14040694252100608,0.11598131534546663
tid_1629,54,manufacturing_headcount_share,0.1101806963420008,True,0.08748365626023037,0.17949720607616984,0.13222842933300374,0.12931669323827066
tid_1630,54,manufacturing_headcount_share,0.0173038229376257,True,0.11073943793874054,0.09210677896285514,0.15069526369502184,0.11028157171608831
tid_1631,54,manufacturing_headcount_share,,False,0.19486685415468097,0.2141190939241939,0.18825320497061354,0.1767215591795137
tid_1597,54,agriculture_headcount_share,0.0017862260983499,True,0.010029503152885783,0.010232505043460611,0.01109810166380343,0.012212930592293548
tid_1598,54,agriculture_headcount_share,,False,0.03059675891422026,0.032524547475172735,0.031477189237656175,0.028679749407883162
tid_1599,54,agriculture_headcount_share,,False,0.0673448995421884,0.05317727295805274,0.058687024911512814,0.0596405901469925
tid_1600,54,agriculture_headcount_share,,False,0.037414888720760195,0.04711593782868532,0.03682950546818651,0.03823978344672754
tid_1601,54,agriculture_headcount_share,,False,0.03270116538739784,0.021514458670233546,0.030980603609420426,0.03247740874255784
tid_1602,54,agriculture_headcount_share,0.2048275862068965,True,0.14143752448698052,0.09688491793826769,0.14967721215053625,0.15254470554999863
tid_1603,54,agriculture_headcount_share,0.0131983160769143,True,0.10227191320846932,0.1191780705442709,0.08740373354557984,0.08881592711359394
tid_1604,54,agriculture_headcount_share,,False,0.10156404597340041,0.1313381629830561,0.09598581781000592,0.1109242416701222
tid_1605,54,agriculture_headcount_share,0.1612565445026178,True,0.18053251337713305,0.15376087782243458,0.18384484289796638,0.1964609382633413
tid_1606,54,agriculture_headcount_share,0.0644041650597763,True,0.13674775092334487,0.18013502483211097,0.13692352752753248,0.14239062876053016
tid_1607,54,agriculture_headcount_share,0.10050022737608,True,0.1642460814451001,0.1142628049598382,0.17577018353366355,0.17237794848476143
tid_1608,54,agriculture_headcount_share,0.1609871700580207,True,0.08031644782049716,0.07636858299030548,0.06015154241680593,0.07504506946882902
tid_1609,54,agriculture_headcount_share,0.0494058098591549,True,0.09628176250497458,0.08643352371511269,0.0835050600724052,0.08347668063840055
tid_1610,54,agriculture_headcount_share,0.195179109474389,True,0.19607828512100817,0.15641184894168375,0.195894020657588,0.19689165398591219
tid_1611,54,agriculture_headcount_share,0.1711785616625649,True,0.10019632051838041,0.10162444365494726,0.09910457770558911,0.11236219596588178
tid_1612,54,agriculture_headcount_share,0.13925822253324,True,0.08677029467518003,0.06316403599611951,0.08504390859155858,0.07740533231656244
tid_1613,54,agriculture_headcount_share,0.1899335232668566,True,0.1733245021986471,0.10658329245000026,0.17961748502351363,0.17476564326349842
tid_1614,54,agriculture_headcount_share,0.1919022520364159,True,0.18138002255841754,0.15580418691332454,0.17472894842723777,0.19157891181226674
tid_1615,54,agriculture_headcount_share,0.0036340982244834,True,0.09039794302470283,0.07986251240669281,0.08432914570693872,0.08331849901715761
tid_1616,54,agriculture_headcount_share,0.053935860058309,True,0.11620094842418373,0.13246576809515653,0.11881282779112212,0.11687674603539168
tid_1617,54,agriculture_headcount_share,,False,0.0961839939734463,0.1449646494337653,0.09911886051321765,0.10412614738243003
tid_1618,54,agriculture_headcount_share,0.3146572104018912,True,0.10610283855724166,0.15892370639633624,0.11666920622118733,0.11854053745014148
tid_1619,54,agriculture_headcount_share,,False,0.059844317999626265,0.06425199208824114,0.06831445267387012,0.05794446198755323
tid_1620,54,agriculture_headcount_share,0.0515428320306369,True,0.03299433624702815,0.03679016454982712,0.033307931771197424,0.03544600159818009
tid_1621,54,agriculture_headcount_share,0.1449799961897504,True,0.09695374946526263,0.09083410641344054,0.08490382808840621,0.09106564880879518
tid_1622,54,agriculture_headcount_share,,False,0.07392034348873935,0.19253999337791416,0.07628861989825235,0.09584396253804887
tid_1623,54,agriculture_headcount_share,0.2013820335636722,True,0.10488515745066473,0.0974040596345069,0.09665719721783869,0.10889619530693964
tid_1624,54,agriculture_headcount_share,0.0911225238444607,True,0.05925763853693101,0.06963034682607029,0.053190472009365344,0.057076747231210666
tid_1625,54,agriculture_headcount_share,0.0647039437548061,True,0.119431463650524,0.10883160970294274,0.10838154969679384,0.11542370694815517
tid_1626,54,agriculture_headcount_share,0.0582862113962592,True,0.1853615839931517,0.2216801867827693,0.19819268270916998,0.20380813569960834
tid_1627,54,agriculture_headcount_share,0.2012578616352201,True,0.1327034641304952,0.17130831319777612,0.12769154895783877,0.13790479803909625
tid_1628,54,agriculture_headcount_share,0.0461254612546125,True,0.13787452979128473,0.13505650788167278,0.1321001868810566,0.13379390217774328
tid_1629,54,agriculture_headcount_share,0.0788893785808726,True,0.10280937702991609,0.09122849899808991,0.10424090742107057,0.11498569664276749
tid_1630,54,agriculture_headcount_share,,False,0.1321711590475474,0.12871321990852663,0.1387386090113388,0.14114285249398853
tid_1631,54,agriculture_headcount_share,,False,0.1321702253891369,0.12135676257268536,0.1396932654766636,0.1251215533313132
tid_1597,54,public_administration_education_health_headcount_share,0.3416835564836424,True,0.38897614967648775,0.3615825756055623,0.39440592042267053,0.37331279925167377
tid_1598,54,public_administration_education_health_headcount_share,0.3999076578062133,True,0.3161995956036825,0.3537380013719857,0.3303929493552988,0.31954009023179714
tid_1599,54,public_administration_education_health_headcount_share,0.3775418538178848,True,0.3381635157975815,0.3977902413866494,0.3386097122360688,0.3725444950638645
tid_1600,54,public_administration_education_health_headcount_share,0.2148325800202933,True,0.3753320296266192,0.39575089727037005,0.38729250242291474,0.3931730152774321
tid_1601,54,public_administration_education_health_headcount_share,0.2175049992308875,True,0.19876583551539642,0.30182403620267106,0.25717397778314244,0.25790948329353397
tid_1602,54,public_administration_education_health_headcount_share,0.5382758620689655,True,0.5636925524839772,0.5963843714787255,0.5489011023266067,0.5677409718072964
tid_1603,54,public_administration_education_health_headcount_share,0.3817271589486858,True,0.41989518956265837,0.4359903892330028,0.4669393445324862,0.4180004124404379
tid_1604,54,public_administration_education_health_headcount_share,0.5236812570145903,True,0.49371667182097023,0.49672925829655845,0.5551312090376059,0.4775907727903113
tid_1605,54,public_administration_education_health_headcount_share,0.6481675392670158,True,0.5477667687086141,0.5748312599867241,0.5405074139206231,0.5325460764570109
tid_1606,54,public_administration_education_health_headcount_share,0.6567682221365214,True,0.5501984868875809,0.501025433844839,0.5527110505820431,0.5621103716337983
tid_1607,54,public_administration_education_health_headcount_share,0.5479763528876762,True,0.5851100470093549,0.645499691572871,0.5716030283205003,0.5705821942989466
tid_1608,54,public_administration_education_health_headcount_share,0.2790716678924573,True,0.41501196274768015,0.4135319596218158,0.4408338790593088,0.4127038558052133
tid_1609,54,public_administration_education_health_headcount_share,0.3951364436619718,True,0.4360785731976712,0.45244399282554243,0.47791615494534423,0.43763439768851403
tid_1610,54,public_administration_education_health_headcount_share,0.530967525945765,True,0.559663240132541,0.5133207857849645,0.5413305964326437,0.5544813989524968
tid_1611,54,public_administration_education_health_headcount_share,0.5381460213289582,True,0.49345021369329356,0.472671524048396,0.47995986494262644,0.4716766621119118
tid_1612,54,public_administration_education_health_headcount_share,0.4422673198040587,True,0.4297644056841779,0.4350467742450346,0.42219185099015055,0.4116260711505604
tid_1613,54,public_administration_education_health_headcount_share,0.5289648622981956,True,0.566623408379422,0.5700187657633085,0.5744429132974845,0.5750501784677317
tid_1614,54,public_administration_education_health_headcount_share,0.5869669381887878,True,0.45788385936395637,0.4726844012439113,0.4586200884982262,0.4628697037321565
tid_1615,54,public_administration_education_health_headcount_share,0.5411691413145052,True,0.38862078552739443,0.4187164076785288,0.40266531331556477,0.4332941002151357
tid_1616,54,public_administration_education_health_headcount_share,0.5318617242815493,True,0.4903501413005685,0.4940807911659074,0.4591944466797469,0.4731863044138008
tid_1617,54,public_administration_education_health_headcount_share,0.7893416927899687,True,0.6494802580470241,0.6185397068081347,0.6318112384582482,0.6414463918891051
tid_1618,54,public_administration_education_health_headcount_share,0.458628841607565,True,0.4962030522485486,0.4597939582138537,0.46156532708946413,0.46400751683467883
tid_1619,54,public_administration_education_health_headcount_share,0.6228306980331663,True,0.44338444858226617,0.44258120716483496,0.42380719402871364,0.4281401839938253
tid_1620,54,public_administration_education_health_headcount_share,0.2543554006968641,True,0.3284639297151678,0.3921256635618199,0.3583009825533507,0.354768778198346
tid_1621,54,public_administration_education_health_headcount_share,0.5012383311106877,True,0.43418575294233575,0.474276022191504,0.41047967547749037,0.42581831930893804
tid_1622,54,public_administration_education_health_headcount_share,0.6591928251121076,True,0.6478851440911307,0.5156604591976452,0.6029633852748895,0.6050209957044533
tid_1623,54,public_administration_education_health_headcount_share,0.4396841066140177,True,0.44448968026991287,0.49470604451060246,0.48207507550013445,0.4424184828482232
tid_1624,54,public_administration_education_health_headcount_share,0.4478356566397652,True,0.43048915904897517,0.4336019454700835,0.40925136878421037,0.42919896446581624
tid_1625,54,public_administration_education_health_headcount_share,0.4677578820169175,True,0.44246514991737873,0.47127009520233637,0.47769382887731876,0.4413875923988502
tid_1626,54,public_administration_education_health_headcount_share,0.6289691170073946,True,0.5673953259028401,0.5845754544886529,0.5530857599529752,0.5710333015886531
tid_1627,54,public_administration_education_health_headcount_share,0.6081277213352685,True,0.5581356606339741,0.5773177209617097,0.5644861542313089,0.5664077059640424
tid_1628,54,public_administration_education_health_headcount_share,0.621309963099631,True,0.5371598778262254,0.5206679090218996,0.5170228501241585,0.5056829128758725
tid_1629,54,public_administration_education_health_headcount_share,0.4759806081974438,True,0.44715484614683115,0.41942874088187054,0.4338119053582049,0.4381717583956747
tid_1630,54,public_administration_education_health_headcount_share,0.7018108651911469,True,0.5881168720590851,0.5906538543672468,0.5549393917997846,0.5507700794880633
tid_1631,54,public_administration_education_health_headcount_share,0.4641350210970464,True,0.5207408620483411,0.5334026816442534,0.512033204727373,0.5222951101164374
tid_1632,55,manufacturing_headcount_share,0.2206725153646582,True,0.24894893343571833,0.26038906737660744,0.2118058222984614,0.26285964230235553
tid_1633,55,manufacturing_headcount_share,0.0072178477690288,True,0.08758499401871257,0.15071932928711818,0.04226247649706787,0.08758965975951957
tid_1634,55,manufacturing_headcount_share,,False,0.09142546952889795,0.276054842075004,0.15599203327743313,0.1312926168622256
tid_1635,55,manufacturing_headcount_share,,False,0.10795693362806232,0.05899816348628901,0.09928298248652863,0.10346041287636858
tid_1636,55,manufacturing_headcount_share,,False,0.07571109935892777,0.1094447282955744,0.0631318192243942,0.07365136457682955
tid_1637,55,manufacturing_headcount_share,,False,0.12286330001280843,0.07774345753121503,0.1341465991431241,0.1394888631520185
tid_1638,55,manufacturing_headcount_share,0.0277479687260462,True,0.20163679383480843,0.0857114226459607,0.13118887362921863,0.21645102145410888
tid_1639,55,manufacturing_headcount_share,0.1527734252585396,True,0.21866689691895885,0.13966397153594756,0.221336921227689,0.21981122791336352
tid_1640,55,manufacturing_headcount_share,,False,0.06096209145420008,0.03147525968550624,0.058552943165145574,0.03751375351585152
tid_1641,55,manufacturing_headcount_share,0.0719251336898395,True,0.14678910854235436,0.15514725546842204,0.1614600572352136,0.1454017689398542
tid_1642,55,manufacturing_headcount_share,,False,0.10575508709285618,0.08155942585694571,0.10733869264755361,0.09679942640760775
tid_1643,55,manufacturing_headcount_share,0.182943878570002,True,0.18385944192606993,0.29522230679072986,0.19654482813746557,0.20861371610348986
tid_1644,55,manufacturing_headcount_share,0.1102607709750567,True,0.15369746249421773,0.17788292906103204,0.14929323971851294,0.1406224788246329
tid_1645,55,manufacturing_headcount_share,0.0538659793814433,True,0.1631253847523543,0.11935375833419944,0.09810415820125841,0.1652416650803511
tid_1646,55,manufacturing_headcount_share,,False,0.1499044685069021,0.12908885488668703,0.1305475335386558,0.13658983196205737
tid_1647,55,manufacturing_headcount_share,0.0025270758122743,True,0.12739580801199657,0.12719840270915964,0.14088232672509537,0.12627250236813284
tid_1648,55,manufacturing_headcount_share,,False,0.16667137252489767,0.10386343995114601,0.1400313249049115,0.14786695201607636
tid_1649,55,manufacturing_headcount_share,,False,0.13406272184409135,0.14531062587723598,0.13357928118689044,0.1124558643579738
tid_1650,55,manufacturing_headcount_share,,False,0.13052508107557054,0.1251969627760598,0.14574011851229943,0.14293986556159377
tid_1651,55,manufacturing_headcount_share,,False,0.20178289193185073,0.08782787117480978,0.2025616129305784,0.19777500965643038
tid_1652,55,manufacturing_headcount_share,0.207707648991084,True,0.1970933242540711,0.17288482136653505,0.1927965587883037,0.20888132953833616
tid_1653,55,manufacturing_headcount_share,0.0195645313979173,True,0.09609325161789191,0.1094392313251997,0.09426023623005732,0.08668261146362659
tid_1654,55,manufacturing_headcount_share,0.0878859857482185,True,0.10805841529626549,0.08993942523138113,0.07717378676823225,0.10766488787068983
tid_1655,55,manufacturing_headcount_share,0.0058608058608058,True,0.07535973851428397,0.05985339064162155,0.07229205547501025,0.09304245785557477
tid_1656,55,manufacturing_headcount_share,,False,0.09015415421906792,0.10155241420853038,0.10859092763139588,0.1029275347701455
tid_1657,55,manufacturing_headcount_share,,False,0.09324538129115197,0.08686748125101007,0.10642186126673776,0.09686645250900726
tid_1658,55,manufacturing_headcount_share,,False,0.16256273406240906,0.10524310325396409,0.09742248750873655,0.17991314156479982
tid_1659,55,manufacturing_headcount_share,0.0200057987822557,True,0.14339322389224743,0.09063938767577591,0.1326775874036681,0.14692395838971767
tid_1660,55,manufacturing_headcount_share,,False,0.1693740345493907,0.1369390408976487,0.16491828318849136,0.1503619403472244
tid_1661,55,manufacturing_headcount_share,,False,0.1445359450478067,0.09690705785590302,0.14226367648848567,0.13653013158238025
tid_1662,55,manufacturing_headcount_share,,False,0.11467510976479584,0.0829809705219317,0.12588211114656256,0.10012216965770969
tid_1663,55,manufacturing_headcount_share,,False,0.1534316455334642,0.111073558435996,0.15407103519794213,0.14782424237990496
tid_1664,55,manufacturing_headcount_share,,False,0.09865890927948945,0.08924014717189509,0.09725503879998362,0.0903280097568788
tid_1632,55,agriculture_headcount_share,0.0027327077094378,True,0.011852627561659907,0.005318839613180895,0.015209886416678102,0.014978470382731505
tid_1633,55,agriculture_headcount_share,0.2969160104986876,True,0.129466733837805,0.07375216788884101,0.12135025210861056,0.1271278352046456
tid_1634,55,agriculture_headcount_share,0.0655367231638418,True,0.1458438911053415,0.06947024293722245,0.157932723842314,0.14472099746588427
tid_1635,55,agriculture_headcount_share,,False,0.16375879582204816,0.17996446027194493,0.15751090904897597,0.17945307304271557
tid_1636,55,agriculture_headcount_share,0.0563115908024401,True,0.0880045080812974,0.10360526614582707,0.08723694921279997,0.08477321863403892
tid_1637,55,agriculture_headcount_share,,False,0.17545874880390666,0.2322116942840055,0.18661961787990894,0.18465814729556979
tid_1638,55,agriculture_headcount_share,0.1652613827993254,True,0.11556664251258397,0.0857401364368676,0.10941609321132867,0.11670216780840498
tid_1639,55,agriculture_headcount_share,0.0239736759636477,True,0.11484089934758075,0.0924381133428649,0.10499253148822354,0.11141852470980022
tid_1640,55,agriculture_headcount_share,,False,0.20714577359606995,0.2885003676673616,0.20280189831564327,0.20164633142266025
tid_1641,55,agriculture_headcount_share,0.2368983957219251,True,0.11124657014094373,0.11813776239559563,0.11229840978854455,0.11113619223044237
tid_1642,55,agriculture_headcount_share,0.1371937639198218,True,0.17891473514605277,0.14379629084842693,0.18653084762621064,0.1843904179149344
tid_1643,55,agriculture_headcount_share,0.0868783702816057,True,0.09262654160136626,0.07185505255862325,0.09346467815862224,0.0983222140393699
tid_1644,55,agriculture_headcount_share,0.1544784580498866,True,0.14319182576762912,0.12674075818505634,0.1543479667687251,0.14610443919180083
tid_1645,55,agriculture_headcount_share,0.2159793814432989,True,0.14127498138165145,0.09271348563460727,0.13854514721463515,0.16914439277310164
tid_1646,55,agriculture_headcount_share,0.0642690642690642,True,0.13584500065449637,0.1729671368596703,0.148510421823174,0.1404665994135431
tid_1647,55,agriculture_headcount_share,0.0086642599277978,True,0.12537601572847049,0.11761613389914816,0.12780469291589458,0.139139053099556
tid_1648,55,agriculture_headcount_share,0.0340285400658616,True,0.16878520366269747,0.15430378084953336,0.16400646364765598,0.1618748750661535
tid_1649,55,agriculture_headcount_share,0.1034696406443618,True,0.1394598720780646,0.1143952398568284,0.1430885984859845,0.1446287701325684
tid_1650,55,agriculture_headcount_share,0.0924831081081081,True,0.19664361717607579,0.16283415837641166,0.20348759323351592,0.20206030012884177
tid_1651,55,agriculture_headcount_share,0.0738461538461538,True,0.17533756473417728,0.16449152918263651,0.13915013147477936,0.1567809135971017
tid_1652,55,agriculture_headcount_share,0.1184889723134678,True,0.07030540198202179,0.05960628996616626,0.06223487187392554,0.07076459537210408
tid_1653,55,agriculture_headcount_share,0.3366992742189965,True,0.10987971389330538,0.16094064313242476,0.12383768185139439,0.11917297857155074
tid_1654,55,agriculture_headcount_share,0.0953512046148625,True,0.10621290686730869,0.10841787911009726,0.09212719592452631,0.10554085770103894
tid_1655,55,agriculture_headcount_share,0.219047619047619,True,0.12824459147126005,0.18297211463379212,0.128554864885414,0.14993238192620995
tid_1656,55,agriculture_headcount_share,0.0343546889507892,True,0.11378303132213453,0.16240911483295162,0.12161983762767484,0.13789480439565574
tid_1657,55,agriculture_headcount_share,0.007232084155161,True,0.18587447124931714,0.09704008619051557,0.18553340668199256,0.19478858158541942
tid_1658,55,agriculture_headcount_share,0.0164677804295942,True,0.0950439666510933,0.09960113152050507,0.09229138404206025,0.11313734962246888
tid_1659,55,agriculture_headcount_share,0.0053638735865468,True,0.08162638977137618,0.10699244629766476,0.07778317534882705,0.07233167219631012
tid_1660,55,agriculture_headcount_share,,False,0.2115048067127122,0.17235397220331858,0.20269318395871785,0.2210115121797395
tid_1661,55,agriculture_headcount_share,,False,0.1118343489400039,0.14430374257495152,0.11510546348037973,0.11316808876185176
tid_1662,55,agriculture_headcount_share,,False,0.23991369403801482,0.1293044925836872,0.23723333508908326,0.1729206668941899
tid_1663,55,agriculture_headcount_share,0.0646313738226697,True,0.15089719084671688,0.14526871786397016,0.15547718978033695,0.14024754979142143
tid_1664,55,agriculture_headcount_share,0.2055129099790649,True,0.13101195207265076,0.20543998990628942,0.1279538104796424,0.170417491602107
tid_1632,55,public_administration_education_health_headcount_share,0.371637332207744,True,0.3676067812829379,0.3707042610725083,0.36609921609849405,0.36605205596936796
tid_1633,55,public_administration_education_health_headcount_share,0.4589895013123359,True,0.5189769208694551,0.4895764684879381,0.5487856309838895,0.511765306878014
tid_1634,55,public_administration_education_health_headcount_share,0.5675141242937853,True,0.5506201343901866,0.43976736813885736,0.543352055821853,0.5274569443926355
tid_1635,55,public_administration_education_health_headcount_share,0.6486261448792673,True,0.6471226530329505,0.6607799842997713,0.6591457040287082,0.6402246165839636
tid_1636,55,public_administration_education_health_headcount_share,,False,0.6222570584403787,0.6132088436711857,0.6165658509768129,0.6071481016611978
tid_1637,55,public_administration_education_health_headcount_share,0.6324212700051626,True,0.6345578099723196,0.6238413682260937,0.6289858518406267,0.6196497543971747
tid_1638,55,public_administration_education_health_headcount_share,0.4706423424804538,True,0.4701821419160049,0.48790806513417107,0.4864387548137387,0.46250499644773185
tid_1639,55,public_administration_education_health_headcount_share,0.4429645879034785,True,0.45804336040225285,0.44626199637305447,0.457220875799407,0.45558103605769734
tid_1640,55,public_administration_education_health_headcount_share,0.6368515205724508,True,0.6247524225284601,0.6225664251768634,0.6206630067916825,0.6222066797987017
tid_1641,55,public_administration_education_health_headcount_share,0.4144385026737968,True,0.5304428903081934,0.5431261538005056,0.5346071711808633,0.5425266529688323
tid_1642,55,public_administration_education_health_headcount_share,0.5719376391982183,True,0.5753727806109413,0.6060966286107528,0.5470496497432391,0.565109354970179
tid_1643,55,public_administration_education_health_headcount_share,0.4951068504094268,True,0.486575139170457,0.42622232471806987,0.4791134974989763,0.4892722468496591
tid_1644,55,public_administration_education_health_headcount_share,0.4812925170068027,True,0.5241495955277218,0.5108536917528006,0.5204459115449974,0.5220077448570349
tid_1645,55,public_administration_education_health_headcount_share,0.4873711340206185,True,0.5332232485410721,0.5427066812305681,0.558414452526052,0.5365631043120725
tid_1646,55,public_administration_education_health_headcount_share,0.6343656343656343,True,0.5228825873679497,0.5602717900907873,0.5205033648956978,0.5095731311566825
tid_1647,55,public_administration_education_health_headcount_share,0.6064981949458483,True,0.6010403944420816,0.6064804417491314,0.605277107643763,0.6096102543623149
tid_1648,55,public_administration_education_health_headcount_share,,False,0.5776677092825412,0.5900698163278325,0.57044612291888,0.5509300065833542
tid_1649,55,public_administration_education_health_headcount_share,0.4690210656753407,True,0.5765214413842975,0.5827575426853159,0.5752606728069958,0.5868590366852641
tid_1650,55,public_administration_education_health_headcount_share,0.5489864864864865,True,0.5318799428617645,0.5576033456576177,0.5280206737197617,0.5290157811630684
tid_1651,55,public_administration_education_health_headcount_share,,False,0.5831121780889393,0.6149674471829067,0.5774610688084318,0.568071219266491
tid_1652,55,public_administration_education_health_headcount_share,0.3235570154856875,True,0.3817348485356238,0.37388418153531533,0.3831485615887234,0.37648934170646114
tid_1653,55,public_administration_education_health_headcount_share,0.3941306405806248,True,0.6044357722618935,0.5556532169619645,0.6017202512824493,0.5901592480837388
tid_1654,55,public_administration_education_health_headcount_share,0.5086528673227011,True,0.5445933269495835,0.5183114457730863,0.5966278455745246,0.5343111003126062
tid_1655,55,public_administration_education_health_headcount_share,0.5223443223443224,True,0.5698498527732555,0.6008980833960464,0.5397617775192817,0.5529948835910483
tid_1656,55,public_administration_education_health_headcount_share,0.6248839368616528,True,0.5236683841974497,0.509563948351928,0.503616926918849,0.5201318045723373
tid_1657,55,public_administration_education_health_headcount_share,0.6771860618014465,True,0.5981867959545432,0.6312359630640296,0.6049954479121079,0.6007097656220894
tid_1658,55,public_administration_education_health_headcount_share,0.6059665871121719,True,0.4786762975288283,0.4917786992887355,0.5055987433309513,0.5047718299450242
tid_1659,55,public_administration_education_health_headcount_share,0.6172803711220644,True,0.4519271004864784,0.46508867713867935,0.45811595994088,0.4466054138783912
tid_1660,55,public_administration_education_health_headcount_share,,False,0.5848926335691657,0.5711726013558038,0.5648607882442155,0.5634481955743533
tid_1661,55,public_administration_education_health_headcount_share,0.5973479948253557,True,0.5994123828929208,0.5591110534088719,0.5878607027605443,0.5840105234839345
tid_1662,55,public_administration_education_health_headcount_share,,False,0.6313039728512128,0.6450022241561637,0.6462689844847701,0.6750102242537872
tid_1663,55,public_administration_education_health_headcount_share,0.6167586878856771,True,0.5221827270484135,0.5503202864056692,0.5165244887472954,0.515142685720587
tid_1664,55,public_administration_education_health_headcount_share,0.5443126308443824,True,0.6024644967057218,0.5763485087902357,0.6059866771018603,0.5906985915610826
tid_1665,56,manufacturing_headcount_share,0.100417171132284,True,0.21313798204519463,0.22946560562867033,0.20565648301762068,0.2292290061887073
tid_1666,56,manufacturing_headcount_share,0.0794258373205741,True,0.2567451883043886,0.21218552881368266,0.25361069444447293,0.26066933349194754
tid_1667,56,manufacturing_headcount_share,0.0605527638190954,True,0.2578658336289263,0.31193264255002146,0.30119946204103915,0.2630211053347039
tid_1668,56,manufacturing_headcount_share,0.0408397631437286,True,0.35136904501133787,0.3000293721621856,0.3527403569510207,0.36209570432275034
tid_1669,56,manufacturing_headcount_share,0.1099658961727927,True,0.1720815091155259,0.32937083446450727,0.19259773939201497,0.1877330597983402
tid_1670,56,manufacturing_headcount_share,0.0681676047529706,True,0.1844580677740229,0.2693430018470589,0.1836462886529336,0.16843218196709336
tid_1671,56,manufacturing_headcount_share,0.4760626398210291,True,0.24618428419759011,0.2894038658564445,0.25274800121568886,0.25281020081347716
tid_1672,56,manufacturing_headcount_share,0.5616031868623227,True,0.23839556846011,0.2646798007812987,0.23219319519693865,0.26793924161431015
tid_1673,56,manufacturing_headcount_share,0.2625749415709785,True,0.30608404957982943,0.30835373975284186,0.30784080843740197,0.3293455229386941
tid_1674,56,manufacturing_headcount_share,,False,0.22213690295433575,0.25388270371194904,0.22151095103266763,0.21887750230166722
tid_1675,56,manufacturing_headcount_share,0.0712410292315771,True,0.20840168527444347,0.17729063761807654,0.2168538652777058,0.20629634558388557
tid_1676,56,manufacturing_headcount_share,0.01434034416826,True,0.19148545075322448,0.23017585381159822,0.19984900360211358,0.19312021930506976
tid_1678,56,manufacturing_headcount_share,,False,0.1281309019588868,0.15052280396709433,0.12206802027276246,0.12965676270630844
tid_1679,56,manufacturing_headcount_share,,False,0.16213364054864363,0.27716227807481497,0.1848581779140385,0.16333500246640845
tid_1680,56,manufacturing_headcount_share,,False,0.13807666762682924,0.12235419996697008,0.12746606174327063,0.14161395603760552
tid_1681,56,manufacturing_headcount_share,,False,0.06492496754600116,0.07657593647641427,0.07542191118132227,0.06871127292201522
tid_1682,56,manufacturing_headcount_share,,False,0.1359775624009039,0.10507933353010758,0.12212096150014315,0.13971440488766593
tid_1683,56,manufacturing_headcount_share,,False,0.1391036761144706,0.1031621667873277,0.106577253455747,0.07523134186651997
tid_1685,56,manufacturing_headcount_share,,False,0.06758124292306988,0.09731488610353588,0.08518277295013638,0.06567977951126015
tid_1686,56,manufacturing_headcount_share,,False,0.1789425031077119,0.2702583357789691,0.17095256277934182,0.1710623228375132
tid_1687,56,manufacturing_headcount_share,,False,0.13441805925211792,0.1264948958043342,0.14191382771181899,0.13462443470826246
tid_1688,56,manufacturing_headcount_share,,False,0.11223505666145622,0.06905042918078931,0.10066687786199299,0.1168747480242804
tid_1689,56,manufacturing_headcount_share,,False,0.07610665626255646,0.06993780772790008,0.09886029726660424,0.09346188911060387
tid_1690,56,manufacturing_headcount_share,,False,0.1569531362750563,0.16039280894676175,0.1440018217594906,0.14430954295877507
tid_1691,56,manufacturing_headcount_share,,False,0.019668977621232177,0.03803426098504343,0.018988286704615175,0.03166774158166653
tid_1692,56,manufacturing_headcount_share,,False,0.1490700171820975,0.30332163442915044,0.14989293186645106,0.1483320542824663
tid_1693,56,manufacturing_headcount_share,0.0389513108614232,True,0.11260106467075609,0.06451005191996656,0.06619952097649158,0.1377317556406739
tid_1694,56,manufacturing_headcount_share,,False,0.18214140472894547,0.12663564952979844,0.1873560957915005,0.18928366658790127
tid_1696,56,manufacturing_headcount_share,,False,0.05243533971037438,0.09185903378087926,0.09006927565234636,0.06647082263931102
tid_1697,56,manufacturing_headcount_share,0.045251971203291,True,0.1453673003539967,0.1254925004827249,0.1181820957791037,0.1379344784077532
tid_1698,56,manufacturing_headcount_share,,False,0.1248686942774889,0.11253558977822566,0.12000851606396366,0.11317761191784335
tid_1699,56,manufacturing_headcount_share,,False,0.12825691731207017,0.178728597946582,0.13750777081090135,0.15196799588672838
tid_1700,56,manufacturing_headcount_share,,False,0.1298752533523292,0.20220782324496372,0.13233774661063058,0.17037857837480816
tid_1701,56,manufacturing_headcount_share,,False,0.15490057462622234,0.2758028094284423,0.14294277592189944,0.14880894558000274
tid_1702,56,manufacturing_headcount_share,,False,0.060741959361509015,0.16665265979976107,0.10864504118067847,0.07188388431637498
tid_1703,56,manufacturing_headcount_share,,False,0.13722669652165337,0.14337623602284083,0.12011212667752666,0.16056373055582537
tid_1704,56,manufacturing_headcount_share,,False,0.1727249775564144,0.23460354680950515,0.14870158520043245,0.20326775321722917
tid_1705,56,manufacturing_headcount_share,,False,0.1663081692339941,0.21014312883478586,0.1714134266406936,0.161160389115031
tid_1706,56,manufacturing_headcount_share,,False,0.1369823647871751,0.17160669306588086,0.11453115569656992,0.1326792403248399
tid_1665,56,agriculture_headcount_share,0.0055732484076433,True,0.02200023617698325,0.020876843357079712,0.024015580751128904,0.01956758070459553
tid_1666,56,agriculture_headcount_share,,False,0.1068932592260966,0.14576551300859672,0.11521468089336749,0.1621618600539369
tid_1667,56,agriculture_headcount_share,,False,0.05005982082359903,0.04667758784052705,0.05373681571735285,0.05025489665146923
tid_1668,56,agriculture_headcount_share,0.0020814642024044,True,0.020634080736557658,0.025422066336098136,0.01857310842794792,0.02250688072218557
tid_1669,56,agriculture_headcount_share,,False,0.0627683179236487,0.044792910618936414,0.06860050269393414,0.06910407270372272
tid_1670,56,agriculture_headcount_share,,False,0.09908279962375263,0.13590463219717758,0.11151495329162055,0.12087650897921216
tid_1671,56,agriculture_headcount_share,,False,0.15993107664263573,0.08219366537359067,0.1618163922436973,0.18868490082810785
tid_1672,56,agriculture_headcount_share,,False,0.04314472356356559,0.030550750659554538,0.03110499763260047,0.03750295857172779
tid_1673,56,agriculture_headcount_share,0.0040900315008637,True,0.03557302459519358,0.0,0.02207831656934314,0.018145672567436624
tid_1674,56,agriculture_headcount_share,0.0138167217760982,True,0.1394648957026107,0.060645805645143554,0.13765423652568226,0.14944844138093002
tid_1675,56,agriculture_headcount_share,,False,0.07561811366077681,0.13002634109164007,0.07959913237506006,0.09242295979014911
tid_1676,56,agriculture_headcount_share,,False,0.06064193949494121,0.04879473460737082,0.060864163461041426,0.0670274105314488
tid_1678,56,agriculture_headcount_share,0.1647893199833124,True,0.1376099552192059,0.14782774118970804,0.12472860026424665,0.11653630659323001
tid_1679,56,agriculture_headcount_share,,False,0.14773852240901703,0.06359346207198185,0.14530056171716696,0.13868991761817723
tid_1680,56,agriculture_headcount_share,,False,0.1488583813296892,0.11836182780967192,0.14859331353951524,0.1491215959203596
tid_1681,56,agriculture_headcount_share,,False,0.11666427028768155,0.1258153887404935,0.12262537222814363,0.12114258505909989
tid_1682,56,agriculture_headcount_share,0.1032219570405728,True,0.12998571071335552,0.12454436038747933,0.1270600384686361,0.12570524171294756
tid_1683,56,agriculture_headcount_share,,False,0.07675830750538792,0.07172794930346459,0.06789289383379744,0.054258732668821266
tid_1685,56,agriculture_headcount_share,,False,0.2316367298172678,0.2028550706783688,0.22286851791174636,0.20487956059533038
tid_1686,56,agriculture_headcount_share,,False,0.14529306469815956,0.10282562257053673,0.17093169639328704,0.17665465105522837
tid_1687,56,agriculture_headcount_share,0.1277732128184059,True,0.13854124093278802,0.1365312841213956,0.11625286189311257,0.12238145951516503
tid_1688,56,agriculture_headcount_share,,False,0.1484365427753982,0.16314228762424574,0.1412834253624755,0.14010890942650325
tid_1689,56,agriculture_headcount_share,,False,0.1058806014637887,0.08055828440546738,0.1114337182455615,0.11101419796058613
tid_1690,56,agriculture_headcount_share,,False,0.16217475457683062,0.12477836910102019,0.15648228428495917,0.15928889367334986
tid_1691,56,agriculture_headcount_share,,False,0.16450117487012988,0.17579743403198772,0.17199344574227232,0.16213875685072987
tid_1692,56,agriculture_headcount_share,0.0060869565217391,True,0.12343411105387563,0.09548978186786244,0.09506866856301897,0.09943037885717676
tid_1693,56,agriculture_headcount_share,0.0752808988764044,True,0.14555859204409172,0.1416614673471216,0.14235912734568654,0.1510641417841277
tid_1694,56,agriculture_headcount_share,0.2124554005838469,True,0.17601869371642986,0.1280731128233908,0.1667751004760949,0.15885173332081218
tid_1696,56,agriculture_headcount_share,,False,0.07534712372824885,0.07550265351660557,0.07043838888728081,0.07697693126831025
tid_1697,56,agriculture_headcount_share,0.1059307507713404,True,0.10209699925940768,0.10237555620207149,0.0960890110604284,0.09295497952682498
tid_1698,56,agriculture_headcount_share,,False,0.18307913172555182,0.19101484513997466,0.175742282052559,0.15829405044406172
tid_1699,56,agriculture_headcount_share,0.3105677346824058,True,0.1304891973408306,0.1285882104729084,0.12239697266403596,0.13012594332993327
tid_1700,56,agriculture_headcount_share,0.1362951807228915,True,0.089680928661571,0.05910041953156424,0.09010585510424611,0.10570224014371526
tid_1701,56,agriculture_headcount_share,,False,0.1805332500166732,0.10187120767502143,0.18134111577777673,0.20477648845363997
tid_1702,56,agriculture_headcount_share,0.2260273972602739,True,0.20578109940172112,0.2577177097658276,0.2257702265817668,0.23461783360841956
tid_1703,56,agriculture_headcount_share,0.2361217702737273,True,0.1793988126192237,0.12765051906083483,0.1703322431262902,0.17295058251065248
tid_1704,56,agriculture_headcount_share,0.0161596958174904,True,0.06220879113499514,0.08325803247741945,0.05848682158019332,0.08770882050981624
tid_1705,56,agriculture_headcount_share,,False,0.137010127971366,0.13166238289528112,0.14641358247143155,0.15354494824622636
tid_1706,56,agriculture_headcount_share,,False,0.17672944508917188,0.11990567468188232,0.16772399960703904,0.19490898737219747
tid_1665,56,public_administration_education_health_headcount_share,0.4338382376164658,True,0.36564351728226,0.37373178006797503,0.3687553674835765,0.3705840600535709
tid_1666,56,public_administration_education_health_headcount_share,0.380622009569378,True,0.5196561335602623,0.5030206647051189,0.5257410697319245,0.4724425145570618
tid_1667,56,public_administration_education_health_headcount_share,0.485678391959799,True,0.4025541669656832,0.3863014840281024,0.3871874472651531,0.40720964833992784
tid_1668,56,public_administration_education_health_headcount_share,0.2471918176924457,True,0.3162223239619198,0.33370877983596026,0.31888777415373387,0.3235923003021271
tid_1669,56,public_administration_education_health_headcount_share,0.2246305418719212,True,0.4625640676544029,0.4247891998046626,0.45813731182531514,0.4577065175906353
tid_1670,56,public_administration_education_health_headcount_share,0.4342297269126537,True,0.48290812190670646,0.47486015803184234,0.47372360003645314,0.4855435539237426
tid_1671,56,public_administration_education_health_headcount_share,0.276510067114094,True,0.45595059258731363,0.451964535965243,0.4500514901311468,0.45076830085504177
tid_1672,56,public_administration_education_health_headcount_share,0.2367383439697573,True,0.410268356904493,0.33323601387436624,0.42343384005860046,0.39615980072137175
tid_1673,56,public_administration_education_health_headcount_share,0.3760542627781729,True,0.3783105041213368,0.31341492184876424,0.3956225118194723,0.3818120208257449
tid_1674,56,public_administration_education_health_headcount_share,0.5454652810581011,True,0.46029828406189766,0.43882419078817186,0.45581249534701074,0.4507281392535484
tid_1675,56,public_administration_education_health_headcount_share,0.4593033432522317,True,0.4532400372876879,0.4532112639652155,0.4405505853500635,0.43804282831172664
tid_1676,56,public_administration_education_health_headcount_share,0.3444072657743786,True,0.5086374963322066,0.43596606213791816,0.4838525918797179,0.49027128561066086
tid_1678,56,public_administration_education_health_headcount_share,0.5406758448060075,True,0.6042184626250279,0.6375762891405333,0.5833311822830098,0.5842387153038133
tid_1679,56,public_administration_education_health_headcount_share,0.750939143501127,True,0.5550537134102694,0.5071831757895084,0.5243629635341709,0.5120843175693324
tid_1680,56,public_administration_education_health_headcount_share,0.4927145169994603,True,0.5888229750868823,0.6298126298431341,0.5887248635396615,0.5842350179979542
tid_1681,56,public_administration_education_health_headcount_share,0.6249254621347644,True,0.5346123193127357,0.5674675432454499,0.5319158920936418,0.5297405034178803
tid_1682,56,public_administration_education_health_headcount_share,0.5859188544152745,True,0.5556330069705296,0.5756317503674973,0.5594836360685518,0.5511535318768599
tid_1683,56,public_administration_education_health_headcount_share,,False,0.6639276138589848,0.6218393962682863,0.6877421851637004,0.7081082239933583
tid_1685,56,public_administration_education_health_headcount_share,0.4829545454545454,True,0.5583888926601064,0.5443732686661281,0.5507084679192656,0.5614312013322879
tid_1686,56,public_administration_education_health_headcount_share,0.5467806841046278,True,0.6109284924125461,0.48307559775389475,0.6065699710720489,0.6079880774502621
tid_1687,56,public_administration_education_health_headcount_share,0.6511914543960559,True,0.5727717648002506,0.5433888194434533,0.5543702794567211,0.5571310273550484
tid_1688,56,public_administration_education_health_headcount_share,0.5841530054644809,True,0.589997543783254,0.5918367132266191,0.5912541678314975,0.5939807433910951
tid_1689,56,public_administration_education_health_headcount_share,,False,0.5310090188471276,0.569818860918397,0.4953517299092745,0.5057836703723011
tid_1690,56,public_administration_education_health_headcount_share,0.543398533007335,True,0.5908670121404426,0.5739551763250784,0.5903342793554187,0.5979033127630704
tid_1691,56,public_administration_education_health_headcount_share,0.6986301369863014,True,0.6278422248472992,0.631500155297209,0.6662427715943304,0.6317087857954579
tid_1692,56,public_administration_education_health_headcount_share,0.4727536231884058,True,0.5426329894882903,0.5037400974333132,0.528138752818313,0.5434487743681287
tid_1693,56,public_administration_education_health_headcount_share,0.4200374531835206,True,0.4950400826480219,0.46437205304866225,0.5180107797035893,0.49375676472105723
tid_1694,56,public_administration_education_health_headcount_share,0.4401556925072981,True,0.5433430066919216,0.5090602681818125,0.49712765319466307,0.5104130519454662
tid_1696,56,public_administration_education_health_headcount_share,0.671063829787234,True,0.5877728764596994,0.575633328445385,0.593280262584427,0.5805256271087652
tid_1697,56,public_administration_education_health_headcount_share,0.5077134041823792,True,0.5843481542782947,0.5320644143579673,0.5849394213146247,0.5625795502710703
tid_1698,56,public_administration_education_health_headcount_share,0.7452123230641132,True,0.5539281882150333,0.574852426090581,0.5499173215336425,0.5652957470308193
tid_1699,56,public_administration_education_health_headcount_share,0.490725126475548,True,0.5131061749874117,0.4636155567920549,0.49765123688875396,0.4993093098757689
tid_1700,56,public_administration_education_health_headcount_share,0.6217369477911646,True,0.5093111485586654,0.45870785942432407,0.5052161370444489,0.5017670640751236
tid_1701,56,public_administration_education_health_headcount_share,0.6540590405904059,True,0.6325043730736634,0.5287704496842256,0.6304637047498636,0.620840619436084
tid_1702,56,public_administration_education_health_headcount_share,0.405163329820864,True,0.6040777448786184,0.5433442430419485,0.5708848228496818,0.6065714627840213
tid_1703,56,public_administration_education_health_headcount_share,0.3607060629316961,True,0.5508092634273838,0.4865256738279604,0.5691071127909013,0.5325438106405317
tid_1704,56,public_administration_education_health_headcount_share,0.7661596958174905,True,0.39047249228577763,0.28467673405089616,0.4078516420290859,0.37217682002953045
tid_1705,56,public_administration_education_health_headcount_share,0.7076228686058175,True,0.576309449734938,0.5571150651831251,0.58077832093973,0.5666367994624755
tid_1706,56,public_administration_education_health_headcount_share,0.6913367756741251,True,0.6489083288150552,0.5066539831993194,0.651204472275085,0.5570608180912757
tid_1707,57,manufacturing_headcount_share,0.1269144101134323,True,0.24216485717377248,0.2717483241002675,0.29856461810250995,0.2341103471952307
tid_1708,57,manufacturing_headcount_share,0.41077202113398,True,0.2583249331372212,0.3128868214731909,0.26194102574040024,0.27363015909466964
tid_1709,57,manufacturing_headcount_share,0.3341543513957307,True,0.24120451246545396,0.25170365820199114,0.268089649523239,0.25362039144595133
tid_1710,57,manufacturing_headcount_share,,False,0.08046163342869428,0.19958626878108648,0.0992072063473848,0.0840323823919196
tid_1711,57,manufacturing_headcount_share,,False,0.11807366144751344,0.2772856282131379,0.12427799149846169,0.09592670756027881
tid_1712,57,manufacturing_headcount_share,,False,0.09712608521494079,0.16701203733047043,0.1125757146537492,0.09821023977775281
tid_1714,57,manufacturing_headcount_share,0.0184481823114487,True,0.0573305052607138,0.19721878267735596,0.06070221332981715,0.04686976039518245
tid_1715,57,manufacturing_headcount_share,,False,0.16268925686058247,0.18242527306767395,0.16304238018317835,0.1516365038613584
tid_1717,57,manufacturing_headcount_share,,False,0.0987321895350717,0.18325259510153147,0.09761586503486634,0.08177305227941768
tid_1718,57,manufacturing_headcount_share,,False,0.12318113593197004,0.14241499433632926,0.1172864781966164,0.1203934018821399
tid_1719,57,manufacturing_headcount_share,0.3425311203319502,True,0.1546457578492538,0.17847540377542068,0.12097922656925889,0.19574637493456773
tid_1722,57,manufacturing_headcount_share,,False,0.17039222798502657,0.11516622650641656,0.15843907856358147,0.16779075215970474
tid_1724,57,manufacturing_headcount_share,,False,0.16213987837993768,0.12384033153213952,0.15576739166486342,0.15438136507766428
tid_1725,57,manufacturing_headcount_share,,False,0.051791174414353665,0.10229820728919264,0.07589974688170069,0.058768637290722486
tid_1726,57,manufacturing_headcount_share,0.2220366011086643,True,0.1885627289105811,0.16547587794051558,0.2312873121026124,0.15119497778239258
tid_1727,57,manufacturing_headcount_share,,False,0.10074013112933931,0.1590448247275827,0.10448687412826956,0.09614808154495262
tid_1728,57,manufacturing_headcount_share,,False,0.07213438446882282,0.23800240340076542,0.07630501085954267,0.07699637342812778
tid_1730,57,manufacturing_headcount_share,,False,0.11788530127436955,0.11415034074052227,0.13065983483136592,0.1223441905027963
tid_1731,57,manufacturing_headcount_share,0.2648041299726693,True,0.06885985300918414,0.124263050122311,0.1174093567789089,0.07569561279077974
tid_1732,57,manufacturing_headcount_share,,False,0.03360985714324406,0.10324013071212002,0.04789411493632003,0.030543836668394882
tid_1733,57,manufacturing_headcount_share,,False,0.08600984821849375,0.21612434129554176,0.07067417710126388,0.06676779240206078
tid_1707,57,agriculture_headcount_share,0.010821270799119,True,0.01799507762878103,0.014532998562519373,0.02248196781024116,0.013589652153417541
tid_1708,57,agriculture_headcount_share,0.0452645690402965,True,0.051560917797832416,0.05488014991403692,0.06256537392372244,0.058846899348696136
tid_1709,57,agriculture_headcount_share,0.0139573070607553,True,0.059000087138424494,0.03933030859338558,0.06399639731031519,0.054679268199752315
tid_1710,57,agriculture_headcount_share,0.0358727810650887,True,0.15794070179887085,0.1434802379387347,0.16540643894316623,0.16443604973149792
tid_1711,57,agriculture_headcount_share,0.1094710947109471,True,0.11388973397357308,0.09647444641401247,0.10097245586256348,0.113894008966875
tid_1712,57,agriculture_headcount_share,0.2125079770261646,True,0.1718958899791442,0.15944938346200582,0.16709894082966528,0.1827047718291472
tid_1714,57,agriculture_headcount_share,0.1985892566467715,True,0.15495135997381804,0.14273312724522363,0.1631922595015986,0.16091267863458555
tid_1715,57,agriculture_headcount_share,0.2653252222742162,True,0.18027935949042045,0.14244882183423643,0.17969666234301343,0.17979049818953902
tid_1717,57,agriculture_headcount_share,0.196961170512099,True,0.20328689824632729,0.1469471572507346,0.21422947706979253,0.19629023991104583
tid_1718,57,agriculture_headcount_share,,False,0.13654402924300527,0.1705912224006143,0.1310755674321594,0.14225284519744266
tid_1719,57,agriculture_headcount_share,0.1526970954356846,True,0.0701301773494067,0.09426123066731466,0.061067214248600996,0.09149349665893114
tid_1722,57,agriculture_headcount_share,0.2217598097502972,True,0.1340386406932647,0.15780363436808556,0.14714509578573653,0.1207487597841049
tid_1724,57,agriculture_headcount_share,0.3509859154929577,True,0.09544450452409779,0.135760999053482,0.11062039226969404,0.08663004302921763
tid_1725,57,agriculture_headcount_share,0.1145418326693227,True,0.11239892934199831,0.1336651599454275,0.09754614683646946,0.1083965007098165
tid_1726,57,agriculture_headcount_share,0.1213455843268281,True,0.09845482157743501,0.08750108043149328,0.1018130278534782,0.09589832373581092
tid_1727,57,agriculture_headcount_share,0.4227496641289744,True,0.12182329568256128,0.1590666845909507,0.11790663452529163,0.14425592553387426
tid_1728,57,agriculture_headcount_share,0.2051083591331269,True,0.11985929924770822,0.09666202537591917,0.12487442160266946,0.12436201666786853
tid_1730,57,agriculture_headcount_share,0.3663826491092176,True,0.07510749270112943,0.16647130295893367,0.07976444877968483,0.080427485638247
tid_1731,57,agriculture_headcount_share,0.0607348921955663,True,0.09773305437990129,0.1501717831287827,0.10494722945164327,0.10683311608717537
tid_1732,57,agriculture_headcount_share,0.2718120805369127,True,0.19008424098372595,0.16359007625209887,0.1825377805547703,0.19672295275990762
tid_1733,57,agriculture_headcount_share,0.5025641025641026,True,0.2685267608293054,0.22086535290144876,0.27175758413925866,0.2875340872415565
tid_1707,57,public_administration_education_health_headcount_share,0.4593565799691912,True,0.36247381934910367,0.3913538597037338,0.3431143990983272,0.36968756323656077
tid_1708,57,public_administration_education_health_headcount_share,0.3257629524485451,True,0.41085182953723715,0.4044813356228499,0.3742258152089832,0.3940732321784596
tid_1709,57,public_administration_education_health_headcount_share,0.4406521229181327,True,0.42271468480174884,0.3756477888924289,0.3830758574419956,0.41395844901854245
tid_1710,57,public_administration_education_health_headcount_share,0.5909763313609467,True,0.6012000560194413,0.5310003967305805,0.5283904306977215,0.5347456097512219
tid_1711,57,public_administration_education_health_headcount_share,0.4694546945469455,True,0.6010210527771321,0.5301081975472294,0.5740324353666355,0.5756332130994881
tid_1712,57,public_administration_education_health_headcount_share,0.5143586470963625,True,0.5965165538355806,0.5888383579178411,0.5788847718836431,0.5812956927246645
tid_1714,57,public_administration_education_health_headcount_share,0.4530656538252848,True,0.6071267811935068,0.6561345138045338,0.6086613023583662,0.6031271066616277
tid_1715,57,public_administration_education_health_headcount_share,0.4576509124941507,True,0.5626007988481831,0.5390665216201562,0.5648466293847483,0.5584679330026316
tid_1717,57,public_administration_education_health_headcount_share,0.4406302757456387,True,0.5598454705462164,0.5377693748642426,0.5645991658449959,0.5514206886004169
tid_1718,57,public_administration_education_health_headcount_share,,False,0.6637233082988436,0.6456779875224786,0.651264409886092,0.6464667900910437
tid_1719,57,public_administration_education_health_headcount_share,0.3446058091286307,True,0.48355885277034943,0.5753154416830005,0.5310663676858187,0.45518909329708224
tid_1722,57,public_administration_education_health_headcount_share,,False,0.6248747587152612,0.6395406296544651,0.6249132196844759,0.6179064489873383
tid_1724,57,public_administration_education_health_headcount_share,0.4287323943661972,True,0.65218437462665,0.6445033081743039,0.6468985304608029,0.636647307250496
tid_1725,57,public_administration_education_health_headcount_share,,False,0.5676227863891864,0.5990888770097454,0.5728024483694213,0.5652124176332901
tid_1726,57,public_administration_education_health_headcount_share,0.2925810615840231,True,0.3570265644066574,0.368154625106115,0.34811397284137774,0.36202294461776524
tid_1727,57,public_administration_education_health_headcount_share,0.4303627407075683,True,0.6324476084676802,0.5471088861609287,0.5898604074212663,0.5879418779523191
tid_1728,57,public_administration_education_health_headcount_share,0.3877708978328173,True,0.5865520250780475,0.5393728599701938,0.5864921734735875,0.572557788891495
tid_1730,57,public_administration_education_health_headcount_share,0.4957397366382649,True,0.6318799919980913,0.640461249102633,0.6414136072877257,0.6315893317520423
tid_1731,57,public_administration_education_health_headcount_share,0.476465229274218,True,0.5433554610886873,0.5205239944076341,0.5221439501046239,0.5224260625395477
tid_1732,57,public_administration_education_health_headcount_share,0.4677852348993289,True,0.5955130955736337,0.5846501378533142,0.6148656500693626,0.6037925136760803
tid_1733,57,public_administration_education_health_headcount_share,,False,0.6015362957567417,0.5304009418849526,0.5843207415432886,0.5896190507332427
tid_1737,58,manufacturing_headcount_share,,False,0.1723642910282645,0.17691685044023994,0.18470700133208223,0.14676716401404577
tid_1738,58,manufacturing_headcount_share,0.3272519954389966,True,0.031917601943869084,0.1235478786765684,0.06114223939017689,0.05995462818407345
tid_1739,58,manufacturing_headcount_share,0.2768959435626102,True,0.11173827235282766,0.09896563812031026,0.11519189238978235,0.1209454170381192
tid_1740,58,manufacturing_headcount_share,0.1637134635771619,True,0.18407790685733605,0.11306893144357286,0.16640436505166636,0.1698731624095722
tid_1741,58,manufacturing_headcount_share,,False,0.0689290591173754,0.10237468078942376,0.060795094464123844,0.063905093835114
tid_1742,58,manufacturing_headcount_share,0.231547619047619,True,0.15617166814392586,0.24673359109442294,0.14579749060553862,0.19086984607306015
tid_1743,58,manufacturing_headcount_share,0.2153716216216216,True,0.0978178634992668,0.1474230247335431,0.12777425508915707,0.10500331347566151
tid_1744,58,manufacturing_headcount_share,,False,0.021222724638209366,0.07075528555084445,0.026789502308878405,0.01667990832728831
tid_1745,58,manufacturing_headcount_share,0.1213104119364255,True,0.11486874535291133,0.09082836842472972,0.14319835097362726,0.12601244553389845
tid_1746,58,manufacturing_headcount_share,,False,0.0689290591173754,0.06892097356147282,0.060795094464123844,0.063905093835114
tid_1747,58,manufacturing_headcount_share,,False,0.11675917443879835,0.15138263329765003,0.15050015193712182,0.12723440393557456
tid_1749,58,manufacturing_headcount_share,,False,0.07552905925578328,0.08353572304931958,0.07613094532130296,0.06730923185140124
tid_1750,58,manufacturing_headcount_share,,False,0.11563960910698745,0.15058781916902303,0.1169865184172279,0.12476670209453071
tid_1751,58,manufacturing_headcount_share,,False,0.02989866049113578,0.07683306636077633,0.03181838277125602,0.03616933825640259
tid_1752,58,manufacturing_headcount_share,0.1978302488832163,True,0.12958216723458985,0.16102070060014032,0.1225712259182276,0.14136789311854317
tid_1753,58,manufacturing_headcount_share,,False,0.04339263647255024,0.07736770513340198,0.0380795242083859,0.03512867092348046
tid_1754,58,manufacturing_headcount_share,,False,0.08104288479784458,0.06611701757884245,0.05864848320272558,0.0838093323816366
tid_1755,58,manufacturing_headcount_share,0.2545454545454545,True,0.16639709140698328,0.1865250518219034,0.18725995433272286,0.1739762381629818
tid_1756,58,manufacturing_headcount_share,0.2373134328358209,True,0.14389731471453335,0.13231097523524596,0.17105580278669646,0.1513797913789272
tid_1757,58,manufacturing_headcount_share,,False,0.1584597136894898,0.15231993775353572,0.13694851371545375,0.14758057210919343
tid_1758,58,manufacturing_headcount_share,0.0824631860776439,True,0.23783985097414,0.23718591733083821,0.21757088510131856,0.20599200358590536
tid_1759,58,manufacturing_headcount_share,0.0957891801450083,True,0.12427585172296178,0.10702194330016142,0.14712954638665995,0.12911803790908113
tid_1760,58,manufacturing_headcount_share,,False,0.040935372578223876,0.10502706859812397,0.035550399438858064,0.059938536366369165
tid_1761,58,manufacturing_headcount_share,,False,0.0992179487713796,0.11531224001116257,0.10236499714558213,0.0989380121000077
tid_1762,58,manufacturing_headcount_share,,False,0.11437216215059044,0.1450332060400326,0.11981971427963428,0.11438208697704184
tid_1737,58,agriculture_headcount_share,0.2885375494071146,True,0.0784098533543071,0.11529066267230911,0.07520655706109634,0.08697591660168587
tid_1738,58,agriculture_headcount_share,0.266438616495629,True,0.12125192521462748,0.16765954300762156,0.12880525588082928,0.17850408588097075
tid_1739,58,agriculture_headcount_share,0.1175778953556731,True,0.11469999696281125,0.14352795995891884,0.10289432703908456,0.11169703984019745
tid_1740,58,agriculture_headcount_share,0.2989550204452522,True,0.07303620696841351,0.09804264470040931,0.06761264390687567,0.08927534882558479
tid_1741,58,agriculture_headcount_share,,False,0.15879300688480938,0.16579086495786063,0.16340835402907467,0.13267414404831193
tid_1742,58,agriculture_headcount_share,,False,0.08059261398575776,0.055195517803707655,0.09714168142381895,0.1027694062382046
tid_1743,58,agriculture_headcount_share,0.2369087837837837,True,0.07701980189020217,0.10109065557845869,0.07840350097712416,0.07588461430827703
tid_1744,58,agriculture_headcount_share,0.1180487804878048,True,0.1718083087645309,0.2027585735805386,0.16719147008589683,0.16847410346501035
tid_1745,58,agriculture_headcount_share,0.1349335063250081,True,0.10705596527211965,0.09275131344970088,0.11762224522826359,0.12467276973493496
tid_1746,58,agriculture_headcount_share,,False,0.2090564780278865,0.15793058181614783,0.21302938642275115,0.1808545869335366
tid_1747,58,agriculture_headcount_share,0.329153605015674,True,0.08331765626015594,0.14238738073540047,0.08464719511139748,0.10144890583522899
tid_1749,58,agriculture_headcount_share,,False,0.13431884956654924,0.17726044198800772,0.137353635672042,0.13923753221728596
tid_1750,58,agriculture_headcount_share,0.1206569804169298,True,0.1216900043065277,0.123023074663908,0.1351867481164357,0.13053173750104022
tid_1751,58,agriculture_headcount_share,,False,0.14941053540579258,0.2228030275785574,0.16361887177044884,0.18466194800022226
tid_1752,58,agriculture_headcount_share,0.1372048500319081,True,0.10953646099194539,0.20369303487419874,0.12539331376828625,0.1511732053783997
tid_1753,58,agriculture_headcount_share,0.38347260909935,True,0.21989757888293165,0.21617110857316255,0.2161592224484963,0.22553873488661202
tid_1754,58,agriculture_headcount_share,,False,0.17174320195811574,0.09295024793630771,0.1671372488884047,0.19252823920680337
tid_1755,58,agriculture_headcount_share,0.3406907502977372,True,0.10188185071017421,0.12193989603514525,0.11494376119800001,0.11043123975149231
tid_1756,58,agriculture_headcount_share,0.0677611940298507,True,0.1399115666183715,0.147029465892972,0.14491557837084984,0.1574908271674768
tid_1757,58,agriculture_headcount_share,0.2222222222222222,True,0.10619099911594257,0.15080362079379334,0.09167923689388227,0.11857831442422644
tid_1758,58,agriculture_headcount_share,0.1124497991967871,True,0.05500785409867461,0.05464612934565635,0.05549213665268653,0.05825461500974585
tid_1759,58,agriculture_headcount_share,0.1187953151143335,True,0.10011754825614459,0.10686355771352248,0.11762224522826359,0.11608532209948699
tid_1760,58,agriculture_headcount_share,,False,0.1417173186066458,0.1229174055975371,0.12633131767074193,0.17709092691584535
tid_1761,58,agriculture_headcount_share,,False,0.18873437659097633,0.2068764458166033,0.1949476325669292,0.1810338309214475
tid_1762,58,agriculture_headcount_share,0.2012893982808022,True,0.07282807620141069,0.1674188521513093,0.07844728092161829,0.08649376057980432
tid_1737,58,public_administration_education_health_headcount_share,,False,0.5477161778418658,0.51056545321062,0.5475105076807939,0.5435867365245247
tid_1738,58,public_administration_education_health_headcount_share,0.2972253895857089,True,0.6746008266366499,0.5239649020681874,0.6101098970523012,0.6056616785492256
tid_1739,58,public_administration_education_health_headcount_share,0.4141681363903586,True,0.546618952719637,0.5544623987127105,0.542146906564131,0.5439489830928473
tid_1740,58,public_administration_education_health_headcount_share,0.3627139179160987,True,0.4409156763494191,0.45007966951140954,0.4447217958456717,0.4393298758178552
tid_1741,58,public_administration_education_health_headcount_share,,False,0.5859403614897867,0.6524893774268409,0.5766050111523461,0.5813986013641544
tid_1742,58,public_administration_education_health_headcount_share,0.5827380952380953,True,0.6572297164342715,0.5669943280833746,0.5414995392878282,0.6106646005624278
tid_1743,58,public_administration_education_health_headcount_share,,False,0.6123661014003551,0.5369231611762513,0.6124446987216664,0.6026424928401948
tid_1744,58,public_administration_education_health_headcount_share,,False,0.6264949969426327,0.6005076787608851,0.6462552721943365,0.6183700497534391
tid_1745,58,public_administration_education_health_headcount_share,0.4059357768407395,True,0.4513519758090217,0.5127593928432698,0.44363226459735133,0.4591776602869323
tid_1746,58,public_administration_education_health_headcount_share,0.7260556127703398,True,0.6192597708442228,0.6455574512085352,0.620665040968275,0.6223473599519702
tid_1747,58,public_administration_education_health_headcount_share,0.4835423197492163,True,0.5761127080582287,0.5093489865047787,0.5915190185331936,0.5758053907910954
tid_1749,58,public_administration_education_health_headcount_share,,False,0.582797055322978,0.56191415084999,0.5889178005036008,0.5855302153853004
tid_1750,58,public_administration_education_health_headcount_share,,False,0.5495870519191953,0.527320624836424,0.5423803828338861,0.5666300515762758
tid_1751,58,public_administration_education_health_headcount_share,,False,0.6187068794117538,0.6286405970436717,0.6099109540067347,0.6167836521529775
tid_1752,58,public_administration_education_health_headcount_share,0.4939374601148691,True,0.5635495040530474,0.47148531260161103,0.5685707841638897,0.5246484367155181
tid_1753,58,public_administration_education_health_headcount_share,,False,0.5809335860670296,0.578712928910307,0.5808022550276195,0.5834648090418364
tid_1754,58,public_administration_education_health_headcount_share,,False,0.5663878384147752,0.6138231856411422,0.5715206709853241,0.5688261667670687
tid_1755,58,public_administration_education_health_headcount_share,0.1939658594680428,True,0.45205105592086653,0.49529837775338403,0.4410099935087709,0.45777514547691367
tid_1756,58,public_administration_education_health_headcount_share,0.3961194029850746,True,0.5314540090553888,0.4984224916095372,0.5342170155675942,0.5275300728067106
tid_1757,58,public_administration_education_health_headcount_share,,False,0.5692589133204297,0.5911668198804277,0.5509091180378677,0.557071341363527
tid_1758,58,public_administration_education_health_headcount_share,0.4253012048192771,True,0.34486581914542075,0.32125610019900463,0.37610937564472263,0.31577169758478435
tid_1759,58,public_administration_education_health_headcount_share,0.4524539877300613,True,0.4557244329516671,0.48334575834767873,0.44363226459735133,0.4591776602869323
tid_1760,58,public_administration_education_health_headcount_share,,False,0.668103545349545,0.6555584320939976,0.683630105498486,0.6049810963507345
tid_1761,58,public_administration_education_health_headcount_share,,False,0.5878024267833789,0.5875370822199233,0.5776164383493709,0.5753643859689194
tid_1762,58,public_administration_education_health_headcount_share,,False,0.5670463635297662,0.565610673147831,0.5765913044853762,0.5608876691186373
tid_2620,59,manufacturing_headcount_share,0.5355595547557155,True,0.30335928698272047,0.20760022534225014,0.3180186308797504,0.29044863927365233
tid_2621,59,manufacturing_headcount_share,0.4687395519893012,True,0.2413274760504389,0.16724638231140357,0.25538578249837646,0.2710590063103168
tid_2809,59,manufacturing_headcount_share,0.1889488531828774,True,0.21316368604805885,0.21041881053414727,0.21482839815191662,0.17825168580708536
tid_2885,59,manufacturing_headcount_share,,False,0.15400744410186873,0.10829658588465402,0.1501401263875864,0.09675869970636762
tid_2886,59,manufacturing_headcount_share,0.4131393298059965,True,0.17065900063748413,0.19566586234737088,0.11985191106667452,0.18867270932818705
tid_727,59,manufacturing_headcount_share,0.2924233673840992,True,0.2246667761524545,0.24787500490202935,0.23315904406728563,0.20599017247828058
tid_731,59,manufacturing_headcount_share,0.4717365738925911,True,0.28217442165320566,0.24990996265867024,0.29549426092068226,0.23376244944657373
tid_734,59,manufacturing_headcount_share,0.15472097328749,True,0.10759496445298765,0.20734190550953627,0.12633010634222588,0.13222411516199362
tid_735,59,manufacturing_headcount_share,,False,0.09222779575790421,0.05300834259040604,0.08258259943652194,0.07144423984805189
tid_736,59,manufacturing_headcount_share,,False,0.0913316227742419,0.1175908239818642,0.07786253477333822,0.09575551000225868
tid_737,59,manufacturing_headcount_share,,False,0.1104669957097532,0.08648497764727513,0.06562839591234189,0.11373893676932444
tid_738,59,manufacturing_headcount_share,,False,0.13081408721492901,0.13044977804030675,0.11620531728603682,0.11589715726644811
tid_739,59,manufacturing_headcount_share,,False,0.21415613641746706,0.17756024083446517,0.22316428839777802,0.21435184674951543
tid_741,59,manufacturing_headcount_share,0.0815259488768396,True,0.3167380725576574,0.28996469687285525,0.304380217915518,0.3178170195244041
tid_742,59,manufacturing_headcount_share,,False,0.21023521930912117,0.0673988278273027,0.14198392860334588,0.18204913089505004
tid_743,59,manufacturing_headcount_share,,False,0.26128165565548866,0.24925099568655423,0.23411869172383126,0.2221166776230483
tid_744,59,manufacturing_headcount_share,0.0062776957163958,True,0.13096125241974746,0.04497507625330911,0.08577508009371265,0.11963121791638738
tid_745,59,manufacturing_headcount_share,,False,0.2029445536036006,0.25330292348221634,0.2013117467179555,0.2278363898939961
tid_746,59,manufacturing_headcount_share,,False,0.1352465940967835,0.07287941921895824,0.12762683239508374,0.1413074267996266
tid_747,59,manufacturing_headcount_share,0.0615567911040508,True,0.2090992068438465,0.14100249435531365,0.1970735163050537,0.22653285097135062
tid_748,59,manufacturing_headcount_share,0.4433024149745132,True,0.23989292276129204,0.3025645481494935,0.24722929752828576,0.16993195490923585
tid_749,59,manufacturing_headcount_share,0.2296427779010428,True,0.13549102152026288,0.06308161827339745,0.13025942833706095,0.11476083653278117
tid_751,59,manufacturing_headcount_share,0.370269495412844,True,0.16276492868611087,0.19046613483446828,0.17721936489526632,0.1729676428057936
tid_752,59,manufacturing_headcount_share,,False,0.2339718099406868,0.14999872892052343,0.2196683293443684,0.2221011800678768
tid_753,59,manufacturing_headcount_share,,False,0.0788941602573466,0.0823118404268447,0.07565419987033906,0.07879862601298827
tid_754,59,manufacturing_headcount_share,,False,0.20452177046849945,0.21223702585475607,0.174847626642542,0.19191459045048845
tid_755,59,manufacturing_headcount_share,,False,0.2708210758665525,0.21750920426703252,0.24305119901578573,0.2561715487356044
tid_756,59,manufacturing_headcount_share,0.2835170469110484,True,0.2984199781445655,0.16040174296066811,0.2926887517193438,0.2727935229204103
tid_757,59,manufacturing_headcount_share,0.1774722059684025,True,0.19091534224332296,0.21689756326905138,0.2224670029142988,0.18724859539428962
tid_758,59,manufacturing_headcount_share,,False,0.18132321366540075,0.13384123281994473,0.09847256902052386,0.16555041710088064
tid_760,59,manufacturing_headcount_share,,False,0.2814075478865758,0.16180329563869195,0.2631084741344239,0.25795426439741215
tid_761,59,manufacturing_headcount_share,,False,0.06833488445496283,0.058723050578132124,0.08284966443513603,0.0851090018690651
tid_763,59,manufacturing_headcount_share,0.201481115773883,True,0.3464561449436152,0.37274643428712667,0.3451465108202371,0.3540109762126657
tid_764,59,manufacturing_headcount_share,,False,0.11847585386340775,0.13194010117328248,0.12505700268057007,0.10437290907215362
tid_765,59,manufacturing_headcount_share,,False,0.27925322751204973,0.14341603015465704,0.2507256926269785,0.25067546366343163
tid_766,59,manufacturing_headcount_share,0.05379980974527,True,0.30397952467495903,0.25165623564812,0.27614749688813967,0.2328521140873136
tid_767,59,manufacturing_headcount_share,0.265129057913383,True,0.26492590444092773,0.133226215380698,0.248177589324725,0.27905935094124684
tid_769,59,manufacturing_headcount_share,,False,0.17406970402233637,0.12164020440508207,0.14364607733796328,0.16160875774167216
tid_770,59,manufacturing_headcount_share,,False,0.17327082328855847,0.1064681119498749,0.1462963064772409,0.15513354538756438
tid_771,59,manufacturing_headcount_share,,False,0.17327082328855847,0.1413554177218393,0.11944895608381637,0.15726610788168321
tid_773,59,manufacturing_headcount_share,,False,0.14286541225394148,0.11707241502235102,0.13864082554904922,0.14387562154309036
tid_774,59,manufacturing_headcount_share,,False,0.11573954496220587,0.152818841277169,0.08791612039820874,0.10325909137267485
tid_2620,59,agriculture_headcount_share,0.0022995400919816,True,0.01876072606601722,0.0279226832360854,0.015850140839672348,0.015956193083575362
tid_2621,59,agriculture_headcount_share,0.0008063405903986,True,0.01650678648698753,0.05026514332013016,0.016175785772099948,0.017207871184854923
tid_2809,59,agriculture_headcount_share,0.0765362443272415,True,0.06058876670563715,0.064787092121286,0.06472782177635625,0.058547701190654146
tid_2885,59,agriculture_headcount_share,0.0557556355875683,True,0.09069465868297436,0.08434501613947573,0.09423311795208929,0.0983734416878429
tid_2886,59,agriculture_headcount_share,,False,0.0713867214647331,0.06647733315298383,0.07011722074883432,0.06540175122465507
tid_727,59,agriculture_headcount_share,0.0023799977193221,True,0.005858264468279568,0.012074367152749307,0.0060944881116979975,0.006828467089158998
tid_731,59,agriculture_headcount_share,,False,0.061888432930847725,0.03741368902984843,0.061809418293466284,0.0677049916855007
tid_734,59,agriculture_headcount_share,,False,0.048434640561095275,0.046129712404241845,0.054584778694899534,0.059390276124364816
tid_735,59,agriculture_headcount_share,,False,0.19696997981039452,0.1316062483575221,0.2006543619724842,0.17531894494234604
tid_736,59,agriculture_headcount_share,,False,0.18661876490243479,0.15332205777622337,0.161132867335251,0.17566983824221122
tid_737,59,agriculture_headcount_share,,False,0.20007002737997848,0.21421512754193783,0.21395646211060326,0.21894797216726192
tid_738,59,agriculture_headcount_share,,False,0.10381382223552867,0.13260732509165246,0.09900512375964121,0.07670781150661347
tid_739,59,agriculture_headcount_share,,False,0.10504581485565334,0.08260275975882674,0.09692168609505532,0.0998464225638291
tid_741,59,agriculture_headcount_share,0.0096824167312161,True,0.044473700911908005,0.02818666029401653,0.04418193707585332,0.04203819963400929
tid_742,59,agriculture_headcount_share,,False,0.12567094471338114,0.13913047714202484,0.1278989656234984,0.11345159015454764
tid_743,59,agriculture_headcount_share,,False,0.11004185565258318,0.1485745052417966,0.11400943244540077,0.09775729784688564
tid_744,59,agriculture_headcount_share,0.2189807976366322,True,0.10550787685087992,0.09490280209532533,0.09341814067509989,0.09054611661682348
tid_745,59,agriculture_headcount_share,0.0181956027293404,True,0.10942825555626279,0.08088763957966326,0.10941787961254147,0.10195460183055916
tid_746,59,agriculture_headcount_share,0.1715817694369973,True,0.05812256551509669,0.11043443013357467,0.05213149109616382,0.06299838765192767
tid_747,59,agriculture_headcount_share,,False,0.08274864825966574,0.10828358151982165,0.09204477056142654,0.09892660254695333
tid_748,59,agriculture_headcount_share,,False,0.029024489480247117,0.029973905191479043,0.031630715476596405,0.029958861033265356
tid_749,59,agriculture_headcount_share,0.1011759485245174,True,0.19495088394840526,0.13761113285440693,0.18474520226214478,0.18134235362754497
tid_751,59,agriculture_headcount_share,0.10536123853211,True,0.09623224674248389,0.09985922365249,0.09594746111268318,0.0915792203008121
tid_752,59,agriculture_headcount_share,0.0501842925999432,True,0.16040549645216362,0.15209972456798557,0.14080982431412206,0.12704673456510168
tid_753,59,agriculture_headcount_share,0.1390977443609022,True,0.23800720707631737,0.17847372462692246,0.2286711849777997,0.2325926049650205
tid_754,59,agriculture_headcount_share,,False,0.08231735546787498,0.06690883724651053,0.07868850710979995,0.08285827119085265
tid_755,59,agriculture_headcount_share,,False,0.14412064966587457,0.15363902122363804,0.13370121454856956,0.12277664952381256
tid_756,59,agriculture_headcount_share,0.0399897462189182,True,0.10150851822359977,0.14368097334950844,0.09018770582357848,0.09605541082318723
tid_757,59,agriculture_headcount_share,0.080866003510825,True,0.08953334870204022,0.07272809466993864,0.08020150991467265,0.08786077214851727
tid_758,59,agriculture_headcount_share,0.283008658008658,True,0.14390368267822215,0.16267352696877718,0.1588732227799933,0.12266643301433335
tid_760,59,agriculture_headcount_share,,False,0.1518493324864813,0.1219582717829632,0.1645658768615349,0.13086128243459216
tid_761,59,agriculture_headcount_share,,False,0.20598824794514337,0.20509192306839508,0.18708860688082474,0.18513247621344692
tid_763,59,agriculture_headcount_share,0.0369291532954825,True,0.018225280790865505,0.02558956312060257,0.019308701872633716,0.021215418893619883
tid_764,59,agriculture_headcount_share,,False,0.1877770089882244,0.14707858878239405,0.17985596971151785,0.20257409394896658
tid_765,59,agriculture_headcount_share,0.0589613432253026,True,0.14510811953877908,0.10142124666582611,0.1485827854777285,0.11707498712496626
tid_766,59,agriculture_headcount_share,,False,0.06673446001282117,0.053735512100037346,0.058941628545005724,0.06537962504451239
tid_767,59,agriculture_headcount_share,0.0650712168317547,True,0.05990497513721654,0.04808446848214531,0.05567444307400606,0.06855399190109522
tid_769,59,agriculture_headcount_share,0.2064693737095664,True,0.0797584918282912,0.11770064272964458,0.08255213552506444,0.11848435724764524
tid_770,59,agriculture_headcount_share,,False,0.13394630194834375,0.18085481724095798,0.12124213558737264,0.1218223162675075
tid_771,59,agriculture_headcount_share,,False,0.14909666802212135,0.181409520652209,0.14989558831490205,0.1372983661767586
tid_773,59,agriculture_headcount_share,0.0579567779960707,True,0.19167755313279614,0.17618538595576694,0.18753213879010644,0.17131108545730364
tid_774,59,agriculture_headcount_share,0.1714434601354872,True,0.1908711996594962,0.16899824379500133,0.19213571502864438,0.16420864340652783
tid_2620,59,public_administration_education_health_headcount_share,0.2688795574218489,True,0.36314621366612404,0.40531446224162926,0.36497270520658387,0.37281386538407796
tid_2621,59,public_administration_education_health_headcount_share,0.1927940684799496,True,0.3156759965886617,0.36776607033637193,0.3230398091846752,0.3241257778501403
tid_2809,59,public_administration_education_health_headcount_share,0.4180056420949344,True,0.40413531043970247,0.39889771335069096,0.38990438450282583,0.4092035044052552
tid_2885,59,public_administration_education_health_headcount_share,0.6539949313058556,True,0.4769403967486816,0.43766187867428,0.4693506121287278,0.48687893816622035
tid_2886,59,public_administration_education_health_headcount_share,0.3213403880070546,True,0.44475380467426445,0.43573898395688115,0.46888951957566827,0.4427610689506634
tid_727,59,public_administration_education_health_headcount_share,0.2959510610669894,True,0.3564052904728792,0.3748115260133744,0.3603381962558205,0.38275268389108896
tid_731,59,public_administration_education_health_headcount_share,0.3316346530772246,True,0.38606331814734485,0.3992841437120156,0.3929715092848925,0.40253860421355087
tid_734,59,public_administration_education_health_headcount_share,0.3742396191483734,True,0.5248866814776816,0.4418114095597451,0.519442266447721,0.5183345954499997
tid_735,59,public_administration_education_health_headcount_share,0.5138499844382197,True,0.48821182941438374,0.5113059910702545,0.5010448618584936,0.514991712747022
tid_736,59,public_administration_education_health_headcount_share,0.427415516420752,True,0.5487077573843717,0.5816988382215967,0.5578218853369855,0.5524529952895025
tid_737,59,public_administration_education_health_headcount_share,0.6384364820846905,True,0.5828223725340689,0.5189780090579195,0.5844038698725508,0.5564392090023859
tid_738,59,public_administration_education_health_headcount_share,0.4507092835338481,True,0.42618879392872266,0.4445694454899848,0.4430955072191648,0.4510500543147065
tid_739,59,public_administration_education_health_headcount_share,0.2860608734009705,True,0.463685090764757,0.46108728015342615,0.44100952552984496,0.4617185188413708
tid_741,59,public_administration_education_health_headcount_share,0.3074167312161115,True,0.4173418601052135,0.4188642720903127,0.4086117542688133,0.3972360518418718
tid_742,59,public_administration_education_health_headcount_share,0.6433224755700325,True,0.5988536606316988,0.587266626237603,0.6331252697622315,0.5961980358821507
tid_743,59,public_administration_education_health_headcount_share,0.5758906783796974,True,0.5362341745737687,0.5319286392134444,0.5392254751554291,0.5273721804935926
tid_744,59,public_administration_education_health_headcount_share,0.5812407680945347,True,0.527453938960882,0.5676871417098905,0.5699125706436919,0.5225134929866972
tid_745,59,public_administration_education_health_headcount_share,0.558756633813495,True,0.4630474552009815,0.4241125602755734,0.4487607037293922,0.4698643596364732
tid_746,59,public_administration_education_health_headcount_share,0.5495978552278821,True,0.5987449577925839,0.6345458972947162,0.6005594292936908,0.6102095454974036
tid_747,59,public_administration_education_health_headcount_share,0.5424940428911835,True,0.47513042881204215,0.5197854209792075,0.4656243926751267,0.48763134764244503
tid_748,59,public_administration_education_health_headcount_share,0.3127768028745717,True,0.3677414639909807,0.38249292773315147,0.3682796007687359,0.38121765339333896
tid_749,59,public_administration_education_health_headcount_share,0.3547814510761038,True,0.475899891922893,0.5266486314594947,0.49055934285851827,0.4952304942582706
tid_751,59,public_administration_education_health_headcount_share,0.3175172018348624,True,0.4414306767522833,0.40757782294806094,0.4254163389253706,0.4516008456977064
tid_752,59,public_administration_education_health_headcount_share,0.4845477743124468,True,0.47484035078746695,0.529195125072815,0.48933957849755855,0.4804983340747382
tid_753,59,public_administration_education_health_headcount_share,0.543233082706767,True,0.5091336907584443,0.5765128501689721,0.5085355385427426,0.5024415936735577
tid_754,59,public_administration_education_health_headcount_share,0.3817017383348582,True,0.4278504386211261,0.4542752324308833,0.47422038367962716,0.5273391081696868
tid_755,59,public_administration_education_health_headcount_share,0.691817215727949,True,0.47111317240397627,0.5318268602850746,0.4690080221327598,0.48698300497278885
tid_756,59,public_administration_education_health_headcount_share,0.3670853627275057,True,0.45423452406016634,0.5254535965087852,0.5108079076510925,0.617341560458625
tid_757,59,public_administration_education_health_headcount_share,0.3735517846693973,True,0.3305193339612497,0.3662564928165257,0.3358645169969452,0.3254808408562863
tid_758,59,public_administration_education_health_headcount_share,0.4935064935064935,True,0.5569683731418891,0.5627592173799992,0.5732587303066282,0.5635519723018876
tid_760,59,public_administration_education_health_headcount_share,0.5393778954334878,True,0.47769445182246895,0.5841333338163096,0.47783832150061273,0.48371147661123876
tid_761,59,public_administration_education_health_headcount_share,0.6657060518731989,True,0.5919833889238556,0.6025792529139632,0.5959441975540666,0.5970724780382752
tid_763,59,public_administration_education_health_headcount_share,0.3494445815847938,True,0.33427813392193717,0.3365430741318092,0.32646445219044207,0.33133638740289517
tid_764,59,public_administration_education_health_headcount_share,,False,0.5856974419622413,0.5114147370845868,0.5582193344304096,0.5599745835039481
tid_765,59,public_administration_education_health_headcount_share,0.6118703631393987,True,0.5136020411084826,0.6132475240203425,0.4803451248597541,0.5025495397530237
tid_766,59,public_administration_education_health_headcount_share,0.3181481872952119,True,0.4242194238644029,0.40690902947326546,0.44164679280616725,0.4793751197202533
tid_767,59,public_administration_education_health_headcount_share,0.3411177789024655,True,0.4109463036614939,0.4620707206586757,0.4236050605120465,0.3957003017633545
tid_769,59,public_administration_education_health_headcount_share,,False,0.5855336589893665,0.5732326289603915,0.5837642976018109,0.5821381805075275
tid_770,59,public_administration_education_health_headcount_share,,False,0.662681442877606,0.6459548660821234,0.6491561608335249,0.6650397923841169
tid_771,59,public_administration_education_health_headcount_share,0.6576506955177743,True,0.6306169554856308,0.6230443167153396,0.6567138864064502,0.6235570309042631
tid_773,59,public_administration_education_health_headcount_share,,False,0.6264558636398915,0.5930088531114281,0.6149113108024431,0.6144734021157906
tid_774,59,public_administration_education_health_headcount_share,0.5852006253256905,True,0.5464087884921343,0.5350308225449688,0.5462209088774943,0.5594524006330212
tid_1764,60,manufacturing_headcount_share,0.1565460809646856,True,0.26554971219493867,0.2763322404831114,0.2684750241991866,0.26647409326094307
tid_1765,60,manufacturing_headcount_share,0.4418002732044,True,0.2911380898708928,0.36763724681356946,0.29937952081774205,0.28894026983094984
tid_1766,60,manufacturing_headcount_share,,False,0.10072703167301895,0.14251405768376882,0.11105553031124267,0.11175865702934562
tid_1768,60,manufacturing_headcount_share,0.0364500792393026,True,0.09640514269950946,0.20116112569674574,0.12514869715396887,0.1367476069930944
tid_1769,60,manufacturing_headcount_share,,False,0.17234920843413876,0.23255237544768917,0.1707215353472265,0.1666218907885853
tid_1770,60,manufacturing_headcount_share,0.3376247183778564,True,0.16629700502116493,0.2042601471614157,0.17394190721908276,0.1693559922634865
tid_1771,60,manufacturing_headcount_share,,False,0.03791389588639555,0.14871427170373225,0.0851219643511234,0.06460421610892124
tid_1773,60,manufacturing_headcount_share,,False,0.09334938975260647,0.1467370042638822,0.1071912866880672,0.11677305223624554
tid_1774,60,manufacturing_headcount_share,,False,0.1570205308298349,0.1427077256316007,0.16700685753201783,0.14898134124645487
tid_1775,60,manufacturing_headcount_share,,False,0.05782036384841022,0.21215394225629075,0.07970516924369737,0.0831885777074024
tid_1776,60,manufacturing_headcount_share,,False,0.15505267099668155,0.2555503228381513,0.13909469444277153,0.15134444704717678
tid_1777,60,manufacturing_headcount_share,,False,0.1278632544929313,0.1580887040120807,0.11893596849091082,0.11620505182039684
tid_1778,60,manufacturing_headcount_share,0.1230529595015576,True,0.14336823215586159,0.1929881690411133,0.09385486451352922,0.1650473076074709
tid_1780,60,manufacturing_headcount_share,,False,0.150495993912757,0.19772015608359547,0.17922746507080345,0.1620472336706184
tid_1781,60,manufacturing_headcount_share,,False,0.11746152737539796,0.1857737158322799,0.09672318711253342,0.1002732205213983
tid_1782,60,manufacturing_headcount_share,,False,0.15819656159868767,0.19823502658342382,0.14656705098482448,0.1496115473622753
tid_1783,60,manufacturing_headcount_share,0.0915619389587073,True,0.21110136274914598,0.16104212331986392,0.2015114378255633,0.2205097103480982
tid_1784,60,manufacturing_headcount_share,,False,0.12284620640771117,0.11204119125312544,0.1272709307818421,0.13177732373450035
tid_1785,60,manufacturing_headcount_share,,False,0.11928372897921123,0.24876415931581225,0.14671908883517518,0.14197729800202932
tid_1786,60,manufacturing_headcount_share,,False,0.11765446747564563,0.20344532335686974,0.12419991103558563,0.13419965178689858
tid_1787,60,manufacturing_headcount_share,,False,0.20221817723876329,0.10781333275519815,0.20873775084837023,0.21031928505384262
tid_1788,60,manufacturing_headcount_share,,False,0.07792771435907579,0.23121457463934997,0.11940695819627317,0.1251144094464019
tid_1764,60,agriculture_headcount_share,0.0064012215175005,True,0.010770192210644064,0.011468924643358245,0.011842529176158708,0.011096300737305836
tid_1765,60,agriculture_headcount_share,,False,0.020202073428068592,0.0163064869011355,0.02014412120783538,0.019897305560503866
tid_1766,60,agriculture_headcount_share,0.173170731707317,True,0.16096218745882312,0.156392807422924,0.17729751253773188,0.15904656586644092
tid_1768,60,agriculture_headcount_share,,False,0.15091794320043547,0.11563031284184626,0.159028128557168,0.1536452756134903
tid_1769,60,agriculture_headcount_share,,False,0.10006586292658602,0.11137597387007327,0.10073531943128083,0.1052805668074183
tid_1770,60,agriculture_headcount_share,,False,0.16531987983280547,0.13253823366809497,0.16825162662064155,0.17004050008406718
tid_1771,60,agriculture_headcount_share,,False,0.1602009069294237,0.18423915879588074,0.17215214828897604,0.17372068836540983
tid_1773,60,agriculture_headcount_share,,False,0.1362344375087194,0.14959375242695833,0.12802051280595064,0.13175885478062443
tid_1774,60,agriculture_headcount_share,,False,0.11179036868300404,0.14391874948190891,0.10542865581050324,0.11835081222703374
tid_1775,60,agriculture_headcount_share,,False,0.1666546014616384,0.12646321316720313,0.15470328343280945,0.16771986196084765
tid_1776,60,agriculture_headcount_share,0.1342351716961498,True,0.19884587804717893,0.13754807706350444,0.19111603230995117,0.20881023272453508
tid_1777,60,agriculture_headcount_share,,False,0.11334099790659612,0.15162736449823302,0.11808635595417102,0.10406398854374753
tid_1778,60,agriculture_headcount_share,0.0382732532265242,True,0.09257683052321466,0.06770725426249775,0.07818620925626275,0.1044073342556597
tid_1780,60,agriculture_headcount_share,,False,0.1092241063365632,0.10269967283329128,0.11168836640517768,0.11160612351254422
tid_1781,60,agriculture_headcount_share,,False,0.2545210549728497,0.28851541670964465,0.2698942136585897,0.2726629886262282
tid_1782,60,agriculture_headcount_share,0.0654689403166869,True,0.09239736437776419,0.1252501461672977,0.09873750590093501,0.08592391988920864
tid_1783,60,agriculture_headcount_share,0.2508078994614003,True,0.08110044338594434,0.06088771877030856,0.07459129214180239,0.06901702525113161
tid_1784,60,agriculture_headcount_share,,False,0.07931972141899739,0.16935921479877386,0.08655225800242734,0.08630711594151913
tid_1785,60,agriculture_headcount_share,,False,0.08805498976123086,0.09918845242278891,0.10991107537125461,0.09694882132047695
tid_1786,60,agriculture_headcount_share,,False,0.07689546941104296,0.13030132664665556,0.10775056842948014,0.09487767001938384
tid_1787,60,agriculture_headcount_share,0.011,True,0.1337680590484711,0.1201442243337637,0.13654178363808955,0.13974005298597594
tid_1788,60,agriculture_headcount_share,,False,0.11037486152007028,0.10809723811293157,0.1472319447169368,0.12326251755237709
tid_1764,60,public_administration_education_health_headcount_share,0.4275702764074857,True,0.3421285385534932,0.3305551885032821,0.3373174454349359,0.3196660410959519
tid_1765,60,public_administration_education_health_headcount_share,0.2678481558702998,True,0.34475551608243393,0.3706670569716326,0.3504113396520193,0.3342768268528279
tid_1766,60,public_administration_education_health_headcount_share,0.3717073170731707,True,0.6023795001303343,0.5893634756651066,0.5781170207290398,0.6013149972889524
tid_1768,60,public_administration_education_health_headcount_share,0.6259904912836767,True,0.6304727271897617,0.5837947800416341,0.6053910221914084,0.611238683335522
tid_1769,60,public_administration_education_health_headcount_share,0.3941338221814848,True,0.6126579710801371,0.5287093970057968,0.582389147424048,0.5860608843999087
tid_1770,60,public_administration_education_health_headcount_share,0.2088831670421628,True,0.5725952372891325,0.4530955352882885,0.5609681399939064,0.5535132170841034
tid_1771,60,public_administration_education_health_headcount_share,0.7156549520766773,True,0.6586774569924196,0.5655705374025854,0.6379729387749249,0.6314729468353245
tid_1773,60,public_administration_education_health_headcount_share,0.664876476906552,True,0.5988464189104304,0.5951709733049751,0.612100064042169,0.6029494325014286
tid_1774,60,public_administration_education_health_headcount_share,0.4068710959681998,True,0.536911399972878,0.5215868771208659,0.5322924698777758,0.5331999275254461
tid_1775,60,public_administration_education_health_headcount_share,0.5189873417721519,True,0.6487770846177604,0.5534937138466837,0.6319047223001734,0.6265113479093429
tid_1776,60,public_administration_education_health_headcount_share,0.3980228928199792,True,0.5036120931944948,0.4547805197526106,0.5121756268878858,0.5180438807621379
tid_1777,60,public_administration_education_health_headcount_share,0.6409409822534049,True,0.5709495733203451,0.5950166081748264,0.540529050371273,0.5531641515998239
tid_1778,60,public_administration_education_health_headcount_share,0.5097908322207387,True,0.47400853586953995,0.4251268470108404,0.5168563417001976,0.4100015732438168
tid_1780,60,public_administration_education_health_headcount_share,0.506900878293601,True,0.5448589156456011,0.5012127384549513,0.5257636892244291,0.5202441958413452
tid_1781,60,public_administration_education_health_headcount_share,0.4622356495468278,True,0.5669204820973635,0.5971529701117789,0.5602301214172607,0.5807190045344461
tid_1782,60,public_administration_education_health_headcount_share,0.5130937880633374,True,0.5817703185679135,0.5318262006137047,0.546173883391265,0.5424993214184519
tid_1783,60,public_administration_education_health_headcount_share,0.4170556552962298,True,0.3315794717444849,0.34782356561547234,0.3967332977062165,0.3302486958593005
tid_1784,60,public_administration_education_health_headcount_share,0.5304162219850587,True,0.5500280166251071,0.5879716590766252,0.551334177886656,0.5550756337382123
tid_1785,60,public_administration_education_health_headcount_share,0.4009873834339001,True,0.5266968164711523,0.5193260394204032,0.4873437684821828,0.4911870364650039
tid_1786,60,public_administration_education_health_headcount_share,0.7225647348951911,True,0.6618246742551188,0.5886025740984935,0.6291612784463453,0.6316859542123261
tid_1787,60,public_administration_education_health_headcount_share,0.6346666666666667,True,0.48675635657752425,0.6611204044696366,0.4469435153058461,0.46706140905567173
tid_1788,60,public_administration_education_health_headcount_share,0.6036542515811666,True,0.6830236884422108,0.5620396777335009,0.6416872201343203,0.6416009995667558
tid_1845,62,manufacturing_headcount_share,0.2892213995540075,True,0.2380018034735794,0.21325306055039903,0.23694268391176254,0.2581684114456933
tid_1846,62,manufacturing_headcount_share,0.2740573152337858,True,0.26178377255467355,0.2409753161316597,0.24951167297250915,0.2609234617251513
tid_1848,62,manufacturing_headcount_share,0.0495342929720575,True,0.21069803882218618,0.25354557585185605,0.18768855198885706,0.21020789389604932
tid_1849,62,manufacturing_headcount_share,,False,0.034921752129012475,0.08567519729126481,0.06425723615142565,0.04899406787686128
tid_1850,62,manufacturing_headcount_share,,False,0.03435402370024463,0.18359203428415022,0.039206225525908814,0.03905710238932039
tid_1851,62,manufacturing_headcount_share,,False,0.13342436276689676,0.15984601838159584,0.12792530939212132,0.1343991268018639
tid_1852,62,manufacturing_headcount_share,0.1956135151155898,True,0.17669600650244496,0.22208523258829665,0.2043975747504238,0.1891905373175369
tid_1853,62,manufacturing_headcount_share,,False,0.14790462315215502,0.2119683199101962,0.19541584391192277,0.1598335110940875
tid_1854,62,manufacturing_headcount_share,,False,0.09834221447378765,0.17958395737218305,0.1231940752205709,0.11131468904071544
tid_1855,62,manufacturing_headcount_share,,False,0.18965524547505033,0.1614379764649346,0.19822527197715598,0.17930150241140105
tid_1856,62,manufacturing_headcount_share,0.3297499415751344,True,0.13674488911288354,0.18607665819866784,0.15882397319938366,0.16524318259417864
tid_1857,62,manufacturing_headcount_share,0.0118577075098814,True,0.1604485324332824,0.12325031880246061,0.17880442363565474,0.1766951397772152
tid_1858,62,manufacturing_headcount_share,,False,0.07820648361820029,0.19637043859861114,0.08960435142498757,0.09597103851515808
tid_1859,62,manufacturing_headcount_share,0.1197398622800306,True,0.19560917439124603,0.33648302895557614,0.24493744223975614,0.22815978506910817
tid_1860,62,manufacturing_headcount_share,,False,0.06071251303291495,0.11023761902576683,0.08798785091091958,0.08555410951633982
tid_1861,62,manufacturing_headcount_share,,False,0.26215779118365984,0.38943787570028765,0.287899924371649,0.2723078564302574
tid_1862,62,manufacturing_headcount_share,0.2665143331948483,True,0.11143183227465794,0.19890729831097967,0.12528811284277022,0.10750073351186713
tid_1863,62,manufacturing_headcount_share,0.187858283995865,True,0.21664854842965708,0.2546648172617917,0.23050258624806774,0.1623720217101404
tid_1864,62,manufacturing_headcount_share,,False,0.10794253786718498,0.11562885765102424,0.12452153432235533,0.13094968519361622
tid_1865,62,manufacturing_headcount_share,,False,0.1298080003817014,0.17246284952217472,0.13101098585606819,0.11213925690900568
tid_1868,62,manufacturing_headcount_share,0.1766363921077356,True,0.13680671810407355,0.19304606652859793,0.13441948825346817,0.1305453353405613
tid_1869,62,manufacturing_headcount_share,,False,0.13761513002998166,0.24089913739716573,0.14353037426692433,0.13074795105180814
tid_1870,62,manufacturing_headcount_share,,False,0.052857440164982734,0.1336824141062143,0.08375184228308176,0.07832303162352869
tid_1871,62,manufacturing_headcount_share,,False,0.1060162846241551,0.20417387914351415,0.12101852001003838,0.11123142013847154
tid_1872,62,manufacturing_headcount_share,,False,0.16154104075280512,0.22621172823567715,0.2034271227854793,0.1729792492540875
tid_1873,62,manufacturing_headcount_share,0.1609085703378507,True,0.14311857192573058,0.22501499047639745,0.16733031224785608,0.15807528195900594
tid_1845,62,agriculture_headcount_share,0.0045205580969191,True,0.008387352878749189,0.006390519461863256,0.008396698234843163,0.009401376146276426
tid_1846,62,agriculture_headcount_share,,False,0.05147659553946348,0.08644603823866177,0.08136241443264705,0.07125008071282854
tid_1848,62,agriculture_headcount_share,,False,0.126780528474123,0.15540060472687584,0.13792184144578107,0.1423155687025026
tid_1849,62,agriculture_headcount_share,,False,0.11478443989710588,0.13887016186458945,0.12516813703490695,0.12952702406908653
tid_1850,62,agriculture_headcount_share,0.3248106060606061,True,0.2602231327843299,0.1883537489432605,0.2687897800453163,0.2659630128168941
tid_1851,62,agriculture_headcount_share,,False,0.12601526429661425,0.19640822925868998,0.12708138712332254,0.12030740274907024
tid_1852,62,agriculture_headcount_share,0.1199367713890535,True,0.12878968038233957,0.1673617052154585,0.13081449782661123,0.13819982374333123
tid_1853,62,agriculture_headcount_share,0.020221787345075,True,0.10754395582944488,0.1102150586651174,0.1378668914325974,0.11883423908655838
tid_1854,62,agriculture_headcount_share,0.2224032586558045,True,0.1650324291492582,0.13092798372593237,0.1818389052725919,0.17955369868824048
tid_1855,62,agriculture_headcount_share,,False,0.1148143530179884,0.20181682453545144,0.12375590453458213,0.11329496406087812
tid_1856,62,agriculture_headcount_share,,False,0.12087602596050481,0.2165441320795032,0.132127168810064,0.12425271643072715
tid_1857,62,agriculture_headcount_share,0.4090909090909091,True,0.14305822798396858,0.10971073236752767,0.14952934540373405,0.14998316391704
tid_1858,62,agriculture_headcount_share,,False,0.19401109402360775,0.19057498454937757,0.19117234773956499,0.19906800225472857
tid_1859,62,agriculture_headcount_share,0.0499234889058913,True,0.17219929940917028,0.1396033187934668,0.19140225984725456,0.16545502400712148
tid_1860,62,agriculture_headcount_share,,False,0.16743016262733273,0.10095762071531113,0.16551030884933782,0.16333101665859684
tid_1861,62,agriculture_headcount_share,0.1147331786542923,True,0.05916092903127172,0.017118803881473903,0.08146003422658599,0.06333375210045941
tid_1862,62,agriculture_headcount_share,0.0914000830909846,True,0.10899395746530165,0.1400762951499579,0.1178618911565269,0.12589303287760298
tid_1863,62,agriculture_headcount_share,0.2026125364157504,True,0.0830939543464743,0.0654880151926305,0.08325138483597722,0.07954926110867921
tid_1864,62,agriculture_headcount_share,,False,0.15188175134281354,0.2111161981315313,0.1448774476506274,0.1420681204213663
tid_1865,62,agriculture_headcount_share,0.2351495288816059,True,0.1561894420368455,0.18660005351694073,0.15782259062553367,0.1476817141058692
tid_1868,62,agriculture_headcount_share,0.0482305042279987,True,0.13949370170546727,0.10068237491075213,0.14262764266356528,0.14557407595141122
tid_1869,62,agriculture_headcount_share,0.3331024930747922,True,0.11473509230163573,0.10460637586482642,0.09234391832360862,0.10947940314366345
tid_1870,62,agriculture_headcount_share,,False,0.14446505074778931,0.18951342387481543,0.15293721650766548,0.15107257955023215
tid_1871,62,agriculture_headcount_share,,False,0.16295206129954343,0.14472252616517817,0.1670029857033564,0.18326445321686746
tid_1872,62,agriculture_headcount_share,0.2004181600955794,True,0.10561096676349971,0.14306145473677895,0.1297237832985971,0.1425936065865177
tid_1873,62,agriculture_headcount_share,0.0156518419545714,True,0.10663956418211414,0.1519903821974447,0.10502662826250794,0.11996176478419475
tid_1845,62,public_administration_education_health_headcount_share,0.3509529552053788,True,0.36567664055971627,0.3723539766799349,0.3644147395100367,0.3317883551329708
tid_1846,62,public_administration_education_health_headcount_share,0.4855203619909502,True,0.4140687336746967,0.421633992958275,0.3679076157447605,0.40345821731081893
tid_1848,62,public_administration_education_health_headcount_share,0.6458509737510584,True,0.4493981659026982,0.3915384079688599,0.4217349377048341,0.4450382163500831
tid_1849,62,public_administration_education_health_headcount_share,,False,0.6094048666667229,0.6249662319827582,0.5943363873989671,0.6159037361682926
tid_1850,62,public_administration_education_health_headcount_share,,False,0.5825742092399038,0.5254517517469485,0.576231752856298,0.5978079642405079
tid_1851,62,public_administration_education_health_headcount_share,,False,0.5958261738886775,0.6315617223901371,0.5978558374976599,0.5940745559316428
tid_1852,62,public_administration_education_health_headcount_share,0.351906737798854,True,0.48640841159655585,0.46616584198889927,0.46948835883065854,0.4749602214990374
tid_1853,62,public_administration_education_health_headcount_share,0.5978473581213307,True,0.4988151022823164,0.4736723358067429,0.48739159904721835,0.48564233097933673
tid_1854,62,public_administration_education_health_headcount_share,,False,0.541323718181873,0.5194914028700278,0.5322582643209485,0.5257905592192943
tid_1855,62,public_administration_education_health_headcount_share,,False,0.5839998561022932,0.6037697756849019,0.600705430817864,0.5764826599487815
tid_1856,62,public_administration_education_health_headcount_share,0.4484692685206824,True,0.4413326255455285,0.44166259426646626,0.4309070621224215,0.4486720790621516
tid_1857,62,public_administration_education_health_headcount_share,,False,0.5990512828008537,0.5906255901541051,0.5864073964019736,0.6102125950634204
tid_1858,62,public_administration_education_health_headcount_share,,False,0.6231271506434174,0.5234793064496626,0.6248119744963896,0.6141207738204656
tid_1859,62,public_administration_education_health_headcount_share,,False,0.4711005965478895,0.402747744611136,0.44184782453477384,0.4450337596291712
tid_1860,62,public_administration_education_health_headcount_share,,False,0.5383343688442566,0.5854276993238512,0.5407801985412772,0.555906664085647
tid_1861,62,public_administration_education_health_headcount_share,0.2807424593967517,True,0.4070009538975151,0.3547454143560111,0.37168512982990193,0.3988559894215337
tid_1862,62,public_administration_education_health_headcount_share,0.4443290402991275,True,0.45255753909094554,0.4344520443170297,0.416346970263706,0.43395817453592483
tid_1863,62,public_administration_education_health_headcount_share,,False,0.3259593978335667,0.37556552021297895,0.31626991042587893,0.32607493692275197
tid_1864,62,public_administration_education_health_headcount_share,,False,0.5974138693539849,0.6432707992287255,0.6083845144332442,0.5896126087740339
tid_1865,62,public_administration_education_health_headcount_share,,False,0.5799919475044388,0.5864699843431361,0.5787083150714019,0.5703417406109927
tid_1868,62,public_administration_education_health_headcount_share,0.5790792358283746,True,0.49962190509098287,0.4976903887331348,0.49215536553998984,0.49107990463717466
tid_1869,62,public_administration_education_health_headcount_share,0.3414127423822715,True,0.5369031185227097,0.5566777903708554,0.5285705778577612,0.5335428467729764
tid_1870,62,public_administration_education_health_headcount_share,,False,0.6099414357761067,0.5854812854113466,0.5987770464743868,0.6071598733881642
tid_1871,62,public_administration_education_health_headcount_share,,False,0.5397748806047268,0.5408413766581344,0.5343690193099594,0.5419078260175646
tid_1872,62,public_administration_education_health_headcount_share,0.6167861409796893,True,0.5553645960537479,0.5177506571558608,0.4904764915804855,0.46455368842866007
tid_1873,62,public_administration_education_health_headcount_share,0.5210918114143921,True,0.4902909568197775,0.46188749850178684,0.4663474863636824,0.480040086974213
tid_1874,63,manufacturing_headcount_share,0.1923672418608605,True,0.20189348695955628,0.25360097885302624,0.20456942963076957,0.19751024267620962
tid_1875,63,manufacturing_headcount_share,0.3249565932559627,True,0.2812227959208829,0.32580161905121036,0.2905339167767187,0.3255702825539414
tid_1876,63,manufacturing_headcount_share,0.0467384303983807,True,0.31176712682031765,0.33588397471870146,0.33265810438110416,0.33405962764107217
tid_1877,63,manufacturing_headcount_share,0.3352680341757093,True,0.33202032780189344,0.3594203706424531,0.34669834977343456,0.32698363755735
tid_1878,63,manufacturing_headcount_share,,False,0.2762324733773991,0.36208554807604104,0.27584850241645037,0.2619200918720639
tid_1879,63,manufacturing_headcount_share,0.1863047501542258,True,0.25143648320147577,0.3620812112648436,0.25986046972484633,0.3013600671681027
tid_1880,63,manufacturing_headcount_share,0.0166483717526527,True,0.27645604083017605,0.26675024627530153,0.30764637022376895,0.2709277969564499
tid_1881,63,manufacturing_headcount_share,0.3324050632911392,True,0.2667161836629612,0.24195186752436815,0.27907065000168135,0.2828387344198686
tid_1883,63,manufacturing_headcount_share,0.3526076251585466,True,0.242198290189671,0.3176865551365021,0.26102531487769504,0.2984695639794189
tid_1884,63,manufacturing_headcount_share,,False,0.16126369159800025,0.1394040072048915,0.16546305091041946,0.1718925920548571
tid_1885,63,manufacturing_headcount_share,0.1713056339922011,True,0.2512319918706845,0.33142489600758535,0.2614053989423925,0.27613668565456195
tid_1886,63,manufacturing_headcount_share,,False,0.11148374266592609,0.30358720328159977,0.12508099349696436,0.1169110552820422
tid_1887,63,manufacturing_headcount_share,,False,0.1171020761597233,0.12150229415473508,0.14604593598663754,0.14762239009001016
tid_1888,63,manufacturing_headcount_share,0.0792936288088642,True,0.15202585625384588,0.09713589185347414,0.13016925124766127,0.12423293996537503
tid_1889,63,manufacturing_headcount_share,,False,0.14412019084129535,0.1644549258568741,0.15203046133870013,0.1366145466796073
tid_1890,63,manufacturing_headcount_share,0.2535926713845352,True,0.24965517918640406,0.3371796524451034,0.2676113444470511,0.25506002247914566
tid_1891,63,manufacturing_headcount_share,,False,0.10063685205463048,0.08430772904550099,0.11205009674905836,0.09367311336349668
tid_1892,63,manufacturing_headcount_share,,False,0.14185173285860003,0.0932972591387354,0.15593081108647758,0.14429496869720804
tid_1893,63,manufacturing_headcount_share,,False,0.03422713927983724,0.13583525779173136,0.028478493634230998,0.060829645581852616
tid_1894,63,manufacturing_headcount_share,0.265625,True,0.1572919332344165,0.23309820439321158,0.19483493686115072,0.17342372690155744
tid_1895,63,manufacturing_headcount_share,,False,0.08987097654698595,0.21205899258238697,0.10776006144433838,0.1131579653793364
tid_1896,63,manufacturing_headcount_share,,False,0.07847581487054892,0.10619396825588025,0.0938210272739886,0.07371975669718836
tid_1897,63,manufacturing_headcount_share,0.1138779228666869,True,0.18044413597470083,0.10337058314073458,0.19598444447963678,0.18450818877154845
tid_1898,63,manufacturing_headcount_share,,False,0.10188507234059622,0.27718738152219263,0.13577845628974666,0.15899711012302464
tid_1899,63,manufacturing_headcount_share,0.0773595199127114,True,0.25176355267352524,0.3602349885153316,0.2652379388795974,0.3093036580077882
tid_1900,63,manufacturing_headcount_share,0.19165260088998,True,0.15645680716953367,0.30685794662024024,0.20917068657841567,0.17362279988328105
tid_1901,63,manufacturing_headcount_share,,False,0.15316629417553623,0.11934482153596604,0.1545510933375762,0.1324507410591531
tid_1902,63,manufacturing_headcount_share,,False,0.09543113407448721,0.12634850421116736,0.1102501114903304,0.10189111336235332
tid_1903,63,manufacturing_headcount_share,,False,0.12853070560413155,0.22811223926946195,0.13944367492985982,0.13195040190138446
tid_1904,63,manufacturing_headcount_share,0.0089230769230769,True,0.11581823479709341,0.20388070228709293,0.11870582024778355,0.1293151982133861
tid_1905,63,manufacturing_headcount_share,0.1259560460838416,True,0.27505044377006516,0.10286665387870415,0.2894241187795403,0.24496197668410727
tid_1906,63,manufacturing_headcount_share,,False,0.17797091723059147,0.18982190854440548,0.16143433439206134,0.14791371132584852
tid_1907,63,manufacturing_headcount_share,,False,0.11478491725092689,0.11170721685855058,0.10664264033675165,0.11603801528210797
tid_1908,63,manufacturing_headcount_share,,False,0.08023223961067487,0.10744132931199782,0.08777614102900642,0.0678683642182558
tid_1909,63,manufacturing_headcount_share,,False,0.04665602357497318,0.13259024248286536,0.10023701899840959,0.08977002067460733
tid_1910,63,manufacturing_headcount_share,,False,0.10660678944031884,0.11859382153507216,0.13768358321805457,0.09263331533667915
tid_1874,63,agriculture_headcount_share,0.0031299712200512,True,0.007575162072745761,0.006926620523090848,0.008515377072365049,0.008164148622586733
tid_1875,63,agriculture_headcount_share,,False,0.05219043595719775,0.03715439487462681,0.04661498270905231,0.04859722966870433
tid_1876,63,agriculture_headcount_share,0.0080964210138927,True,0.05819116518239712,0.04310305167012698,0.04951127278208459,0.05030033646746341
tid_1877,63,agriculture_headcount_share,,False,0.03449451875454323,0.02838118949907135,0.033296954552509896,0.03319126638722065
tid_1878,63,agriculture_headcount_share,,False,0.16198558298271193,0.08854635183012832,0.15425018505343882,0.17259652691196045
tid_1879,63,agriculture_headcount_share,,False,0.05065218411592215,0.04515653426378268,0.05088601591824439,0.05068167957002776
tid_1880,63,agriculture_headcount_share,0.0193926088547383,True,0.05548278728708753,0.08288079029566314,0.09816555255174642,0.06038057615359296
tid_1881,63,agriculture_headcount_share,,False,0.019789222878646557,0.019617182859339815,0.018830326092199413,0.018597442364016323
tid_1883,63,agriculture_headcount_share,,False,0.02163098432731954,0.03735705932435737,0.023234279829773163,0.03756121576391162
tid_1884,63,agriculture_headcount_share,,False,0.17357782334787816,0.18822324758091852,0.18092795375991289,0.19095933837732176
tid_1885,63,agriculture_headcount_share,0.0968132311415893,True,0.04529204576329982,0.03151979253897031,0.07796010314291345,0.05139520621265217
tid_1886,63,agriculture_headcount_share,,False,0.17878492500403942,0.18428997933939814,0.16585765289970586,0.15497303060422202
tid_1887,63,agriculture_headcount_share,0.1281859070464767,True,0.12238023155515593,0.15406358246399493,0.13504148486032466,0.16151836699529062
tid_1888,63,agriculture_headcount_share,,False,0.12574996015921192,0.13716555537342365,0.1395738329798987,0.13770417265752516
tid_1889,63,agriculture_headcount_share,,False,0.13038568266374148,0.10563550430940345,0.1345911458693844,0.13548231491611387
tid_1890,63,agriculture_headcount_share,0.0043850128077106,True,0.039341370787758796,0.0343417125347564,0.03746981340936852,0.0354848476826963
tid_1891,63,agriculture_headcount_share,,False,0.13573546223059685,0.21267239717129344,0.14020033295586265,0.14860564501530132
tid_1892,63,agriculture_headcount_share,,False,0.12150592526208182,0.17972347557159507,0.12066879200476573,0.11083837908835383
tid_1893,63,agriculture_headcount_share,,False,0.16390164625059267,0.17835579642992225,0.17926123389116916,0.2073698364397711
tid_1894,63,agriculture_headcount_share,0.078673245614035,True,0.09244715200020627,0.15269107791344055,0.09391200611232679,0.11388259611073305
tid_1895,63,agriculture_headcount_share,0.1470728224654926,True,0.08380150392710557,0.09552882068714252,0.09839837595027079,0.08800957848461333
tid_1896,63,agriculture_headcount_share,0.1054650047938638,True,0.1577109713480386,0.14765107620288187,0.15387299176799804,0.14708838281360898
tid_1897,63,agriculture_headcount_share,0.0801700576981475,True,0.09803433281010909,0.12436248805722958,0.10388340473613894,0.11403843533029588
tid_1898,63,agriculture_headcount_share,0.110386965376782,True,0.14590750992038465,0.19827274644441203,0.1606117270291785,0.1707502438102216
tid_1899,63,agriculture_headcount_share,0.0284779050736497,True,0.0618688434146851,0.0915182052742779,0.0780399094120013,0.06051581640920439
tid_1900,63,agriculture_headcount_share,0.0196409390823998,True,0.08940811667702292,0.05809892524570702,0.08809348218711975,0.09348662421573645
tid_1901,63,agriculture_headcount_share,,False,0.21716280763757784,0.1886971139689335,0.2075390482325682,0.19667371435134426
tid_1902,63,agriculture_headcount_share,,False,0.1571492079796603,0.10371807081685401,0.14613448586115999,0.1489975590159476
tid_1903,63,agriculture_headcount_share,0.1703155183515776,True,0.11316514545542619,0.1087233374436152,0.1160896006169286,0.08958668490162351
tid_1904,63,agriculture_headcount_share,0.0497435897435897,True,0.10193744574018929,0.1462747045213949,0.10131073463472846,0.09885501699567369
tid_1905,63,agriculture_headcount_share,0.0758059831542259,True,0.05337513002174535,0.04803863851109574,0.05511956660882582,0.04943267000871189
tid_1906,63,agriculture_headcount_share,0.1442786069651741,True,0.07297048817215974,0.0456258714198143,0.048472781015347015,0.06314170619419489
tid_1907,63,agriculture_headcount_share,0.0952825782344698,True,0.12994990974925297,0.15380491591948767,0.1372327890979493,0.1389216666688057
tid_1908,63,agriculture_headcount_share,,False,0.18881548914331453,0.14927013103391,0.2108326820200536,0.20266771988433574
tid_1909,63,agriculture_headcount_share,0.0303331675783192,True,0.18432283654744136,0.21248038274135417,0.2027434382002234,0.20759825523767628
tid_1910,63,agriculture_headcount_share,0.0361977633902295,True,0.12049833917565574,0.11692866848418125,0.10926661658137099,0.11736880801524924
tid_1874,63,public_administration_education_health_headcount_share,0.3144512987407254,True,0.33429563053913636,0.3811850382844167,0.3227828306755562,0.345607686713458
tid_1875,63,public_administration_education_health_headcount_share,0.3079594261171525,True,0.4065015048034213,0.37012375180679297,0.40344739644224614,0.39071396524127583
tid_1876,63,public_administration_education_health_headcount_share,0.3387616156040114,True,0.3408924018455047,0.3406345274337653,0.3525576661262602,0.32690098906149323
tid_1877,63,public_administration_education_health_headcount_share,0.2299289808572767,True,0.33196837643891003,0.32820816428546457,0.3345138923078589,0.3407507676036701
tid_1878,63,public_administration_education_health_headcount_share,0.298779083160562,True,0.4823642403287978,0.47187575521725494,0.49080737864007534,0.5107903218619462
tid_1879,63,public_administration_education_health_headcount_share,0.220003084515731,True,0.3830396358163052,0.35532447897277797,0.3886780273508033,0.388839535766566
tid_1880,63,public_administration_education_health_headcount_share,0.4817050859860958,True,0.4399391532772503,0.4253422516573909,0.4239222685232039,0.4253027722722878
tid_1881,63,public_administration_education_health_headcount_share,0.3488607594936709,True,0.31417591952185714,0.3319902372259858,0.31441131181042686,0.3119612424960635
tid_1883,63,public_administration_education_health_headcount_share,0.3314929493397001,True,0.39194787096176975,0.37434682540293146,0.38166418510861955,0.3633596192074922
tid_1884,63,public_administration_education_health_headcount_share,0.5995821727019499,True,0.5706581121417126,0.6057320999076474,0.574541460418364,0.5668737655680717
tid_1885,63,public_administration_education_health_headcount_share,0.3318542423020035,True,0.46740262596139975,0.36327642738709975,0.42502542455560344,0.4485013118546178
tid_1886,63,public_administration_education_health_headcount_share,0.4697431432303004,True,0.5807060711327425,0.5169741556663232,0.5684296279929284,0.5625291407534418
tid_1887,63,public_administration_education_health_headcount_share,0.5003748125937032,True,0.5299799168826879,0.5311007860271493,0.5071031476751925,0.4949727575313712
tid_1888,63,public_administration_education_health_headcount_share,0.4269390581717451,True,0.5420629609272651,0.5109907558986682,0.5083613445273475,0.5123377336469183
tid_1889,63,public_administration_education_health_headcount_share,0.6653111020740138,True,0.5222819060805522,0.471616850339708,0.5109617667314518,0.5032252868284207
tid_1890,63,public_administration_education_health_headcount_share,0.2719142100464551,True,0.34498307413232043,0.3069284062003495,0.3472032182268368,0.3193017168010865
tid_1891,63,public_administration_education_health_headcount_share,0.723404255319149,True,0.586137880812101,0.6323701665081723,0.5722583488270064,0.6010748742260592
tid_1892,63,public_administration_education_health_headcount_share,0.6337349397590362,True,0.5680966625680024,0.597416311898529,0.5633224465654553,0.5662790140524749
tid_1893,63,public_administration_education_health_headcount_share,0.6514111365369947,True,0.6428554328042703,0.6689201856257001,0.6632347157728792,0.5868041850781917
tid_1894,63,public_administration_education_health_headcount_share,,False,0.4578153411886875,0.4557453363034711,0.43576800740449523,0.471171780959568
tid_1895,63,public_administration_education_health_headcount_share,0.4700936062192606,True,0.4659084730330622,0.4563154566917782,0.4555117468288378,0.46237320959121286
tid_1896,63,public_administration_education_health_headcount_share,0.5536912751677853,True,0.6056882975872295,0.5948264771800114,0.5831124261398396,0.5547309370726686
tid_1897,63,public_administration_education_health_headcount_share,0.4263589432128758,True,0.5171278178475793,0.563825334255456,0.5142402056042878,0.5328486833683869
tid_1898,63,public_administration_education_health_headcount_share,0.5148676171079429,True,0.5608947306461006,0.42737827071927637,0.4932954045741709,0.48140371483973093
tid_1899,63,public_administration_education_health_headcount_share,0.3980360065466448,True,0.43885117740732527,0.3807116124680832,0.4323321692643804,0.4252242373950429
tid_1900,63,public_administration_education_health_headcount_share,0.3196255945987417,True,0.43703272854811515,0.38784772613788165,0.40803604148281847,0.42776479164132863
tid_1901,63,public_administration_education_health_headcount_share,0.5364875701684042,True,0.5847433421780331,0.561428050133784,0.5860463909048699,0.5678769375893054
tid_1902,63,public_administration_education_health_headcount_share,0.548480463096961,True,0.5919055487305671,0.5882147100212337,0.5941656619008431,0.5808097915776613
tid_1903,63,public_administration_education_health_headcount_share,0.5914359304571797,True,0.5152758376493086,0.4850298366317459,0.5209085909178923,0.5065301770704325
tid_1904,63,public_administration_education_health_headcount_share,0.3841025641025641,True,0.48044972482488363,0.42179976740814756,0.4935526858475927,0.4722900397805104
tid_1905,63,public_administration_education_health_headcount_share,0.2814406041243102,True,0.3331347689364668,0.4057272688736944,0.3405302533272534,0.3285117926323841
tid_1906,63,public_administration_education_health_headcount_share,0.4536691542288557,True,0.5302624246131444,0.5338726885085745,0.5828123861838993,0.624208646162941
tid_1907,63,public_administration_education_health_headcount_share,0.5810368986454928,True,0.5066418126731591,0.5845174387755863,0.49091058835080653,0.5150566083643164
tid_1908,63,public_administration_education_health_headcount_share,0.5557768924302788,True,0.5785995668526991,0.5078066447892627,0.5952847376212532,0.5645582598872122
tid_1909,63,public_administration_education_health_headcount_share,0.5962207856787668,True,0.5713533040000227,0.5729091867406537,0.5461986618409567,0.5409776839332071
tid_1910,63,public_administration_education_health_headcount_share,0.531489111241907,True,0.5488585470794378,0.4983910604585488,0.5417079492903436,0.5364048053557036
tid_1912,64,manufacturing_headcount_share,,False,0.24494085941859695,0.21046863943023714,0.22943323044201752,0.23507243649826098
tid_1915,64,manufacturing_headcount_share,,False,0.10586121503432153,0.18903078658841174,0.12610395492045753,0.1122849981624214
tid_1916,64,manufacturing_headcount_share,,False,0.10764715778189611,0.1414522009032054,0.16938474610056184,0.14571478695495443
tid_1917,64,manufacturing_headcount_share,,False,0.17140076124710746,0.24632538645572838,0.21864337495475958,0.18436361356317668
tid_1918,64,manufacturing_headcount_share,0.038837588267246,True,0.060650417068608325,0.07941133015340983,0.09877300927990135,0.07382087305332295
tid_1919,64,manufacturing_headcount_share,0.2683246073298429,True,0.27206560050216644,0.31357806807121724,0.2544818862904541,0.24854269413142727
tid_1920,64,manufacturing_headcount_share,,False,0.08008039025873681,0.1350118829843973,0.10573953260448088,0.12208112491208792
tid_1921,64,manufacturing_headcount_share,,False,0.10207883432930909,0.11321957145556547,0.12718084279906525,0.125434090633243
tid_1922,64,manufacturing_headcount_share,0.1267517016530343,True,0.17358442057617493,0.2543707795454733,0.14891295535912163,0.21792434335748137
tid_1923,64,manufacturing_headcount_share,,False,0.12347632061324432,0.24797044644487262,0.10991992998243735,0.12388989088153449
tid_1924,64,manufacturing_headcount_share,,False,0.12796322536181776,0.08608310688692761,0.10684823534908738,0.1413495621212236
tid_1925,64,manufacturing_headcount_share,,False,0.08471933605160123,0.0586158794179297,0.08251347397232658,0.08501533179786783
tid_1926,64,manufacturing_headcount_share,,False,0.08216977003830897,0.10196829878604176,0.10100009000506388,0.07988689852946257
tid_1927,64,manufacturing_headcount_share,0.0859888720283257,True,0.1039347889999962,0.13508189726164885,0.09863337311176928,0.14239128182111063
tid_1928,64,manufacturing_headcount_share,,False,0.08841145819740466,0.13687698293986197,0.12788896465929353,0.09481001588656601
tid_1929,64,manufacturing_headcount_share,,False,0.10273114165894713,0.12312757204880807,0.14817333942184946,0.12733987580015724
tid_1930,64,manufacturing_headcount_share,0.1332417582417582,True,0.12652909717782887,0.19998945963131748,0.181429526257073,0.13589578971605368
tid_1931,64,manufacturing_headcount_share,,False,0.12195830342676622,0.1779990000947292,0.1830209055737943,0.14636190718236092
tid_1932,64,manufacturing_headcount_share,,False,0.015569788934034013,0.15196749207421711,0.062332132555569526,0.07387619234075504
tid_1933,64,manufacturing_headcount_share,,False,0.0644473736652462,0.16685058397430155,0.10035499102667789,0.08534831405573481
tid_1934,64,manufacturing_headcount_share,0.1654126635027202,True,0.12953500643983568,0.19470202994610658,0.12879171499348924,0.14018511058709054
tid_1935,64,manufacturing_headcount_share,,False,0.07441785474948824,0.1171205907348169,0.09042161550039138,0.08523884336471373
tid_1936,64,manufacturing_headcount_share,,False,0.0807911810342843,0.19768341944820378,0.09849435792483044,0.0887105203186862
tid_1937,64,manufacturing_headcount_share,,False,0.08681837998849476,0.14043673031422518,0.10944685750759686,0.08007744334548979
tid_1938,64,manufacturing_headcount_share,,False,0.13219274557888933,0.10890078755829671,0.1423788938577588,0.133897145344651
tid_1939,64,manufacturing_headcount_share,,False,0.14730661883776866,0.2547234591944264,0.13996809128486326,0.19227292347547703
tid_1940,64,manufacturing_headcount_share,,False,0.13436335091154836,0.19737722326213095,0.16971845221619117,0.14782491757328584
tid_1941,64,manufacturing_headcount_share,0.1142099681866384,True,0.14934908472123035,0.15234430715145214,0.1600134671579486,0.14149270853355128
tid_1942,64,manufacturing_headcount_share,,False,0.09648001876708422,0.12714465209478865,0.10211739031960146,0.10520353649177464
tid_1943,64,manufacturing_headcount_share,,False,0.12575899948973973,0.203882662146591,0.13424914778153732,0.12009868432329847
tid_1944,64,manufacturing_headcount_share,0.0431788369042413,True,0.14052722623826944,0.20304171565443646,0.18224314591691243,0.14123075648054925
tid_1945,64,manufacturing_headcount_share,,False,0.16411017623712143,0.18189901780303594,0.12414725607273686,0.13776579585421178
tid_1947,64,manufacturing_headcount_share,,False,0.08462627321383492,0.20755760006301435,0.11020670636505164,0.07557357271837647
tid_1948,64,manufacturing_headcount_share,,False,0.0891981025452123,0.13963078211588972,0.12228009826045447,0.11467440236207793
tid_1949,64,manufacturing_headcount_share,,False,0.10207883432930909,0.1089824724028816,0.12718084279906525,0.125434090633243
tid_1950,64,manufacturing_headcount_share,,False,0.13805437799086678,0.18002045697379324,0.1569931402848919,0.15620566110695017
tid_1951,64,manufacturing_headcount_share,,False,0.08812293836650277,0.28963745010713593,0.1427127773060012,0.10698410155842969
tid_1952,64,manufacturing_headcount_share,0.255943247713369,True,0.23395916494007069,0.21324861795263053,0.20851099330535955,0.23602120873954158
tid_2887,64,manufacturing_headcount_share,0.1970161276200816,True,0.18434501820873456,0.17751200415498627,0.2026808643564513,0.17358697422374905
tid_1912,64,agriculture_headcount_share,,False,0.10292705366236385,0.08453490915037512,0.1145196574440291,0.0881970978429658
tid_1915,64,agriculture_headcount_share,,False,0.15873365830084307,0.18081245985562644,0.14451424868823573,0.16031190117557034
tid_1916,64,agriculture_headcount_share,0.1560330578512396,True,0.11193499015753265,0.18301863537349225,0.1417421878173608,0.13077119261322023
tid_1917,64,agriculture_headcount_share,0.0351900639819345,True,0.10806538428742747,0.1426215633696196,0.14330702190627975,0.11553330370780478
tid_1918,64,agriculture_headcount_share,0.0260727865290602,True,0.14555947163976185,0.11601007569551941,0.15573659835683795,0.1532878992097291
tid_1919,64,agriculture_headcount_share,,False,0.04143688054645141,0.045687745653608426,0.03930271080698803,0.040715806023161806
tid_1920,64,agriculture_headcount_share,0.0113050376834589,True,0.0849111501396298,0.08695556931644319,0.09696851357725352,0.08668131577708837
tid_1921,64,agriculture_headcount_share,0.1435368754956383,True,0.23347522072628618,0.2685838950929585,0.224986946979146,0.2195683208710935
tid_1922,64,agriculture_headcount_share,0.0073785963507407,True,0.05158158596619437,0.050540024128689624,0.057982796361151084,0.07037530938731401
tid_1923,64,agriculture_headcount_share,0.0169971671388102,True,0.15231594146268004,0.21206183559802524,0.16644410204184965,0.15728272043205604
tid_1924,64,agriculture_headcount_share,0.1861946902654867,True,0.15902895690929283,0.16864618786594826,0.16147932024795672,0.17063238611953613
tid_1925,64,agriculture_headcount_share,,False,0.201312531954968,0.17511054766981005,0.20710607438752063,0.23023340203403
tid_1926,64,agriculture_headcount_share,0.109117361784675,True,0.1735517888995721,0.16236937553462233,0.17981952080668323,0.17580255700800473
tid_1927,64,agriculture_headcount_share,0.1174759736975215,True,0.08566998242396454,0.162818120751765,0.07799291833902783,0.12811275736223288
tid_1928,64,agriculture_headcount_share,0.1199124726477024,True,0.18239901476809947,0.24144721686407503,0.17542098550002805,0.18978075738822908
tid_1929,64,agriculture_headcount_share,0.2314986123959297,True,0.1485004041709903,0.16216876261608038,0.13876524642291477,0.15581440188084716
tid_1930,64,agriculture_headcount_share,0.0077266483516483,True,0.10791136328514538,0.12773901431183027,0.12475435629160882,0.11731873724314686
tid_1931,64,agriculture_headcount_share,0.0358606557377049,True,0.09238468294947755,0.14840074710236806,0.13170382631870567,0.11377276078319584
tid_1932,64,agriculture_headcount_share,0.1204561653599429,True,0.1602878063037339,0.22137277238432762,0.16734866399571516,0.2025692362204361
tid_1933,64,agriculture_headcount_share,0.0702135360115816,True,0.10551998147448458,0.17525197937857143,0.09711723261465843,0.10259989532079812
tid_1934,64,agriculture_headcount_share,0.144113902071999,True,0.1276758554159486,0.1562045106845367,0.11770252559473313,0.1304373464590606
tid_1935,64,agriculture_headcount_share,0.2080654587960257,True,0.14059645182431776,0.15907900274298029,0.149014162821164,0.1473634931606198
tid_1936,64,agriculture_headcount_share,0.026475279106858,True,0.13132411947469244,0.08208393470494053,0.12402748890307398,0.10582132309901043
tid_1937,64,agriculture_headcount_share,,False,0.17480576076634202,0.11532642643300581,0.176250482625934,0.18008474149979112
tid_1938,64,agriculture_headcount_share,0.2743153918791312,True,0.08420589039966134,0.20987433192587596,0.10579060901150839,0.09465222625407033
tid_1939,64,agriculture_headcount_share,0.0075949367088607,True,0.07508498245773176,0.10548018894507344,0.0873336938210863,0.10155550536370747
tid_1940,64,agriculture_headcount_share,,False,0.15625651038741709,0.18384165272773345,0.14132951781756184,0.15052043993899686
tid_1941,64,agriculture_headcount_share,0.1073170731707317,True,0.10835458973802421,0.15130827807079242,0.10747034665915177,0.10986650313259974
tid_1942,64,agriculture_headcount_share,,False,0.18684972639489114,0.14880590093333526,0.18760000142194191,0.18523748727830872
tid_1943,64,agriculture_headcount_share,0.0190713101160862,True,0.23177466125317167,0.24006022970165883,0.224171868402155,0.24930758294517805
tid_1944,64,agriculture_headcount_share,0.0427415828596414,True,0.10057966512895336,0.13902962483330436,0.11487702833558988,0.1163993828804633
tid_1945,64,agriculture_headcount_share,,False,0.1543888452922495,0.1962478833727538,0.16077351195231576,0.14888306272912186
tid_1947,64,agriculture_headcount_share,,False,0.14371722359589695,0.10287384119498338,0.14512124491221853,0.13332328324417708
tid_1948,64,agriculture_headcount_share,0.1526248941574936,True,0.15819030879885912,0.12814329729511048,0.14572547011500736,0.15909207935664343
tid_1949,64,agriculture_headcount_share,0.0257261410788381,True,0.21355302128062317,0.2757673239086643,0.20579085820864781,0.1950729044424057
tid_1950,64,agriculture_headcount_share,,False,0.15311657791879735,0.1256990922988337,0.14363604219842624,0.14300112086144665
tid_1951,64,agriculture_headcount_share,0.0112201963534361,True,0.10878386479852575,0.13622985889571468,0.11887273164838359,0.11698204806239623
tid_1952,64,agriculture_headcount_share,0.011218938684415,True,0.028612985637250454,0.04617791954252734,0.028473971645645916,0.031986033114376464
tid_2887,64,agriculture_headcount_share,0.0072276603568739,True,0.007609026454713732,0.008420181339048856,0.011648887267552706,0.006773876292791463
tid_1912,64,public_administration_education_health_headcount_share,0.7220630372492837,True,0.5559749256168713,0.4464872155407868,0.5189778178837016,0.5437856566461517
tid_1915,64,public_administration_education_health_headcount_share,0.5759791122715404,True,0.5543697292544816,0.5254365750183884,0.559282946938647,0.5630175768116439
tid_1916,64,public_administration_education_health_headcount_share,0.5368595041322314,True,0.5399994555728796,0.5417159711809986,0.5110686176491247,0.5227681073097226
tid_1917,64,public_administration_education_health_headcount_share,0.5205118554761009,True,0.48942521643347836,0.4034938846442273,0.4620433065225484,0.47078607548041745
tid_1918,64,public_administration_education_health_headcount_share,0.6963606735469854,True,0.5374854951817362,0.5505963543457879,0.5499129132229852,0.5355274046416993
tid_1919,64,public_administration_education_health_headcount_share,0.3041170871013803,True,0.3397287396892894,0.34547470542825526,0.35211490586573957,0.34394364285734497
tid_1920,64,public_administration_education_health_headcount_share,0.5470051566838556,True,0.6328909457922932,0.4290235523645276,0.5322198058452751,0.5289001517142767
tid_1921,64,public_administration_education_health_headcount_share,0.6669310071371927,True,0.5779665051598866,0.5329372396566523,0.5924148391637835,0.5865862391825132
tid_1922,64,public_administration_education_health_headcount_share,0.5683807126923297,True,0.44652034041546373,0.3786602589198517,0.4375298840643603,0.40929586909733867
tid_1923,64,public_administration_education_health_headcount_share,,False,0.5805292919242748,0.5135140713415208,0.584269296641042,0.586411695262697
tid_1924,64,public_administration_education_health_headcount_share,0.5900884955752213,True,0.589120999607497,0.5662986716880006,0.6129067647216699,0.5133193385003577
tid_1925,64,public_administration_education_health_headcount_share,0.5470737913486005,True,0.614805946041507,0.5860108570062056,0.6177187412105084,0.6239164751735654
tid_1926,64,public_administration_education_health_headcount_share,,False,0.5229188476140036,0.6008954663330769,0.5188767371429689,0.5178642137222708
tid_1927,64,public_administration_education_health_headcount_share,0.3559686393525543,True,0.597655066911771,0.4800638517163505,0.5605919067760897,0.5613465462062518
tid_1928,64,public_administration_education_health_headcount_share,,False,0.566625346404963,0.51926905133767,0.5528700236715544,0.5646772232375677
tid_1929,64,public_administration_education_health_headcount_share,0.4958371877890842,True,0.518905318254085,0.5218243298407461,0.48933673239769676,0.5055717578051704
tid_1930,64,public_administration_education_health_headcount_share,0.6239697802197802,True,0.48964172353988106,0.44834850774335194,0.4638964427683985,0.4710931452519341
tid_1931,64,public_administration_education_health_headcount_share,0.6116803278688525,True,0.5028281973837788,0.4241044033175038,0.46790540202112135,0.47733383982313005
tid_1932,64,public_administration_education_health_headcount_share,0.6364932287954383,True,0.6844102093372266,0.5588343430972673,0.6245173402969408,0.6581213807073963
tid_1933,64,public_administration_education_health_headcount_share,0.501628664495114,True,0.5580878731355583,0.5244631800099545,0.5594915004490277,0.5498277881595761
tid_1934,64,public_administration_education_health_headcount_share,0.5021414515568932,True,0.4370732922244061,0.3829539039775981,0.4270643721475876,0.43546339453187366
tid_1935,64,public_administration_education_health_headcount_share,,False,0.5989939373568719,0.4887608324278402,0.5769687641586813,0.5839057857714928
tid_1936,64,public_administration_education_health_headcount_share,0.6807017543859649,True,0.7514396742845301,0.5871618298776131,0.6165470823691729,0.6465575956648051
tid_1937,64,public_administration_education_health_headcount_share,0.7599606492867683,True,0.553821839148706,0.523572203554582,0.5433101952982291,0.5646849659461575
tid_1938,64,public_administration_education_health_headcount_share,,False,0.6054082816104235,0.6591197604020104,0.6123206334287763,0.6024739546541183
tid_1939,64,public_administration_education_health_headcount_share,0.5544303797468354,True,0.5347564810626264,0.46542565848377404,0.5168430676662915,0.5315395227689829
tid_1940,64,public_administration_education_health_headcount_share,0.768561872909699,True,0.5772692886818933,0.47472631240675117,0.5725832909941586,0.5823433808166257
tid_1941,64,public_administration_education_health_headcount_share,0.4673382820784729,True,0.4182169153636429,0.4295987923197886,0.41250152195104106,0.4282273199788061
tid_1942,64,public_administration_education_health_headcount_share,0.7223382045929019,True,0.5645167134221108,0.5514937344196245,0.569863720463191,0.5576780503757411
tid_1943,64,public_administration_education_health_headcount_share,,False,0.5568445577485334,0.47919411739505835,0.5693317824199216,0.5668565907968164
tid_1944,64,public_administration_education_health_headcount_share,0.3952776563183209,True,0.4743360498037431,0.44782596698000093,0.44762398135652465,0.4656330689528349
tid_1945,64,public_administration_education_health_headcount_share,0.7208686440677966,True,0.5775707636492542,0.5473923264485477,0.5618671966730922,0.5603946655360686
tid_1947,64,public_administration_education_health_headcount_share,0.5029347028613352,True,0.5065823944560754,0.4736760647084337,0.49968729984692944,0.5006634928449499
tid_1948,64,public_administration_education_health_headcount_share,0.3729889923793395,True,0.5088010790428947,0.502258249934432,0.5060010103971491,0.5165816560020909
tid_1949,64,public_administration_education_health_headcount_share,0.7236514522821577,True,0.5864772550426497,0.5367230348704142,0.6026249208726001,0.5986022755153073
tid_1950,64,public_administration_education_health_headcount_share,,False,0.5713544375573681,0.5668843871597874,0.5608409602309461,0.564886279424277
tid_1951,64,public_administration_education_health_headcount_share,0.7128330995792427,True,0.526672869598352,0.4587210990022309,0.4957162488638119,0.4999442391762311
tid_1952,64,public_administration_education_health_headcount_share,0.3756451387920212,True,0.3150909679168648,0.3525480891951447,0.32121892998851104,0.3362661078280646
tid_2887,64,public_administration_education_health_headcount_share,0.3781716777277741,True,0.33980786615173575,0.3445366162709597,0.3454049968360799,0.33225971964955214
tid_1954,65,manufacturing_headcount_share,,False,0.1775573551294473,0.10379579020977787,0.19101743977430197,0.1751524906183268
tid_1955,65,manufacturing_headcount_share,,False,0.03154591955318442,0.05546010239171914,0.014164063783842797,0.04959405735822795
tid_1956,65,manufacturing_headcount_share,,False,0.10522120487741757,0.042335701067881835,0.08938680979952805,0.08809793376102569
tid_1957,65,manufacturing_headcount_share,0.0484121383203952,True,0.05830596256277657,0.04466574298547972,0.04914905191220859,0.03341227357013376
tid_1958,65,manufacturing_headcount_share,0.1079110462996719,True,0.1403759464024082,0.15356977879255485,0.14549617542718615,0.1408511264555555
tid_1959,65,manufacturing_headcount_share,,False,0.1775573551294473,0.12604954103420035,0.19101743977430197,0.1751524906183268
tid_1960,65,manufacturing_headcount_share,,False,0.13849830213147096,0.10477884240234454,0.13465579875419967,0.10906891264186837
tid_1961,65,manufacturing_headcount_share,0.0031124367786279,True,0.06491068227186292,0.011246008045490714,0.04060860146581856,0.07464689773502496
tid_1962,65,manufacturing_headcount_share,,False,0.04259116745859233,0.051864681394862396,0.019451757792667577,0.02821358346554454
tid_1963,65,manufacturing_headcount_share,,False,0.10605595766311281,0.09530345766044164,0.08714464632133867,0.0870152237550219
tid_1965,65,manufacturing_headcount_share,,False,0.20474046867137696,0.21334778337871385,0.22317185885535692,0.18926674562952372
tid_1966,65,manufacturing_headcount_share,,False,0.19813614465518287,0.15097457973402592,0.2175429211304978,0.18871377305195325
tid_1967,65,manufacturing_headcount_share,,False,0.11360520926453614,0.13781987154312453,0.1077080326928477,0.08613507675049124
tid_1968,65,manufacturing_headcount_share,,False,0.08894511449357037,0.11079181573265458,0.0890299622721444,0.06778426215160444
tid_1969,65,manufacturing_headcount_share,,False,0.0792848237896917,0.09402452838928509,0.06106186869561269,0.057050558641025435
tid_1970,65,manufacturing_headcount_share,0.2615603509603983,True,0.1403759464024082,0.11709266158600364,0.14549617542718615,0.1408511264555555
tid_1954,65,agriculture_headcount_share,,False,0.04705322169588175,0.10474149448252622,0.03481569982728621,0.04245248294240909
tid_1955,65,agriculture_headcount_share,0.1475195822454308,True,0.05163194001707231,0.028160237646612993,0.036543799783074704,0.03722095289701319
tid_1956,65,agriculture_headcount_share,0.0650765606595995,True,0.07621106870884828,0.053875098527326665,0.062327044086454425,0.06798163268542158
tid_1957,65,agriculture_headcount_share,0.0307692307692307,True,0.06282660914038837,0.039568269623408266,0.0389015019247834,0.05348837642942025
tid_1958,65,agriculture_headcount_share,0.1450966095515858,True,0.02775765456329255,0.02107031693143807,0.02772008533403498,0.02316615161312281
tid_1959,65,agriculture_headcount_share,0.1128274009402283,True,0.04556626513270853,0.014562746153162328,0.038027930454348595,0.037346060852029156
tid_1960,65,agriculture_headcount_share,0.0916921367046401,True,0.038140715063921915,0.025777078396733325,0.02568528741495953,0.028258943117622927
tid_1961,65,agriculture_headcount_share,,False,0.02858030463351112,0.026070344721034804,0.02704797077177767,0.03593255362471881
tid_1962,65,agriculture_headcount_share,0.0374144244547046,True,0.041616931616689876,0.01762330737661847,0.03876767612127118,0.048157888954833576
tid_1963,65,agriculture_headcount_share,0.0191806772436656,True,0.0810311812689154,0.0709412326724755,0.072727572311252,0.08624482953224873
tid_1965,65,agriculture_headcount_share,0.0404546974256101,True,0.08998419485899954,0.11206885575777605,0.07563752686881398,0.06395916661295042
tid_1966,65,agriculture_headcount_share,0.0572033898305084,True,0.07879106860158122,0.03345712563303364,0.06832403580825376,0.06810538094175202
tid_1967,65,agriculture_headcount_share,0.0290549169859514,True,0.02392407159773616,0.0611485345296139,0.024546824336237304,0.02840597642615409
tid_1968,65,agriculture_headcount_share,,False,0.062230723632908366,0.0651812605039392,0.04516371963342382,0.057866341351756716
tid_1969,65,agriculture_headcount_share,0.009133042529989,True,0.08439335326110421,0.041910027503478685,0.06768262486418215,0.07836352419194641
tid_1970,65,agriculture_headcount_share,0.2179274365662793,True,0.0405834761653841,0.009334865441467019,0.034398875985380446,0.028910831549886797
tid_1954,65,public_administration_education_health_headcount_share,0.7110588235294117,True,0.4022108746762941,0.41827881204748407,0.4133779912883856,0.41906116882347555
tid_1955,65,public_administration_education_health_headcount_share,0.5620104438642297,True,0.27610890450825176,0.4595383836177679,0.281051508352334,0.31089946937604046
tid_1956,65,public_administration_education_health_headcount_share,0.7064193168433451,True,0.33465451724607365,0.4213207428729414,0.34848050771507066,0.3141004147784672
tid_1957,65,public_administration_education_health_headcount_share,0.5458009880028228,True,0.2566363716125859,0.4014241665160498,0.23512505883054627,0.26166094897695347
tid_1958,65,public_administration_education_health_headcount_share,0.2781625956981407,True,0.338661879939739,0.35217017160701286,0.3419803094405012,0.33646726261138954
tid_1959,65,public_administration_education_health_headcount_share,0.5762256548018805,True,0.28102528950027955,0.49095760062084504,0.27141365441090815,0.2788927173931348
tid_1960,65,public_administration_education_health_headcount_share,0.5070853014726313,True,0.333229215815518,0.4266272986294504,0.3364711671983278,0.2913057822261474
tid_1961,65,public_administration_education_health_headcount_share,0.1604201789651147,True,0.34233327197833596,0.46439334712849356,0.3679284697317041,0.3554035318962683
tid_1962,65,public_administration_education_health_headcount_share,0.3924534309823276,True,0.2584156099853131,0.29769074456599265,0.28091357050545823,0.2715923752810308
tid_1963,65,public_administration_education_health_headcount_share,0.5458205067487568,True,0.3309730015612668,0.4208518040669679,0.33820968267842566,0.2974556303029309
tid_1965,65,public_administration_education_health_headcount_share,0.5245737211634904,True,0.42984453006828993,0.494854341686819,0.4089954427588676,0.39929592116134527
tid_1966,65,public_administration_education_health_headcount_share,0.4673728813559322,True,0.46024756459637384,0.5238735409334754,0.4387477520637376,0.42638258693870945
tid_1967,65,public_administration_education_health_headcount_share,0.7270114942528736,True,0.2639148171943623,0.442797676403089,0.26132192338642224,0.22712542250501613
tid_1968,65,public_administration_education_health_headcount_share,0.2646229307173513,True,0.262873428227498,0.38650983869547106,0.27604027286033717,0.24951419822450735
tid_1969,65,public_administration_education_health_headcount_share,0.555752453653217,True,0.34879615019149607,0.4305310937589183,0.35234245741751885,0.3205535671806926
tid_1970,65,public_administration_education_health_headcount_share,,False,0.35469327950608837,0.2559711785080237,0.35114722609649485,0.36514808302936363
tid_1971,66,manufacturing_headcount_share,0.1523794801004178,True,0.24818397159952066,0.1437159598636876,0.24069310245848732,0.1868437279604982
tid_1972,66,manufacturing_headcount_share,0.0893074119076549,True,0.23335118697191734,0.27638918331684476,0.2238265421236878,0.25595216088238143
tid_1973,66,manufacturing_headcount_share,0.1679389312977099,True,0.2292812092760576,0.28912081437266346,0.2694312444364551,0.25369337141059706
tid_1974,66,manufacturing_headcount_share,0.1480282328563103,True,0.2985020312517588,0.35732595741735784,0.26671210514141375,0.2036262207255911
tid_1975,66,manufacturing_headcount_share,,False,0.14447739817220012,0.25823943004689126,0.1865861485249028,0.1546380326221129
tid_1976,66,manufacturing_headcount_share,,False,0.10244369047488786,0.20728542505373596,0.12774203019963276,0.10068758991202544
tid_1977,66,manufacturing_headcount_share,0.1595564345246503,True,0.26799980819509717,0.2131584513404492,0.2774545427550376,0.2990719266301427
tid_1978,66,manufacturing_headcount_share,0.30040823571175,True,0.22773584562794502,0.32062852115583695,0.22163251579123178,0.2431123104175841
tid_1979,66,manufacturing_headcount_share,0.4397637254453043,True,0.26633640940784914,0.2666558242462267,0.2629578223105328,0.2964168398507103
tid_1980,66,manufacturing_headcount_share,0.144316730523627,True,0.10564776946478494,0.2131014326157857,0.13588218244390543,0.08380906960405735
tid_1981,66,manufacturing_headcount_share,0.6443336831059812,True,0.2186413219216009,0.21775508963561807,0.23024154985438355,0.21202630779756468
tid_1982,66,manufacturing_headcount_share,0.0617672600955275,True,0.10035882976341019,0.1972559028459569,0.11401277758844212,0.11401374877563213
tid_1983,66,manufacturing_headcount_share,,False,0.09555928422606083,0.1843624345617555,0.15915552120157564,0.13003553268989348
tid_1984,66,manufacturing_headcount_share,,False,0.21292515774539036,0.20644103257098823,0.2134555909359346,0.2281511652447035
tid_1985,66,manufacturing_headcount_share,0.1913084003262262,True,0.2861134693796216,0.15989012463470437,0.25299340808150494,0.25899324456673284
tid_1986,66,manufacturing_headcount_share,0.4763428804403221,True,0.35434962623862304,0.32031233215147037,0.34887042293230935,0.3223685924740586
tid_1987,66,manufacturing_headcount_share,0.1797093720837221,True,0.2509219688791955,0.16498740192843378,0.23561285209231067,0.21325174899689409
tid_1988,66,manufacturing_headcount_share,0.0935014548981571,True,0.05460189158556696,0.1737066953095776,0.11131933671460525,0.08482241619666112
tid_1989,66,manufacturing_headcount_share,,False,0.28818354384464845,0.29024884919987975,0.2874458641577507,0.2936153313854122
tid_1990,66,manufacturing_headcount_share,0.0879355687047994,True,0.2092075719045113,0.20295033371646637,0.2017630843809979,0.2052255772585034
tid_1991,66,manufacturing_headcount_share,0.4401906963305403,True,0.3084532692568225,0.16243501735360125,0.2886914593199514,0.30497163778578124
tid_1992,66,manufacturing_headcount_share,,False,0.23352790703629406,0.2581758888364657,0.26144382892479573,0.26153543301065113
tid_1993,66,manufacturing_headcount_share,0.197279322853688,True,0.2797812130481021,0.23384457085923652,0.27894472541999715,0.25249538174926134
tid_1994,66,manufacturing_headcount_share,0.3917456021650879,True,0.22477768478212085,0.31040582464435035,0.23818299888632652,0.24053760918185046
tid_1995,66,manufacturing_headcount_share,0.0702313624678663,True,0.2773617621880402,0.27678394145720125,0.2833259449891641,0.26044899699644986
tid_1996,66,manufacturing_headcount_share,0.2111899133175729,True,0.26882230624227593,0.28818409227489145,0.27793897473945395,0.2728408463975833
tid_1997,66,manufacturing_headcount_share,0.5029985007496252,True,0.1960890765561745,0.23983307422104747,0.2344636934059617,0.2272186902629441
tid_1999,66,manufacturing_headcount_share,0.2434867299732164,True,0.2795537327106453,0.14494712579079483,0.26977342468386656,0.24854416203073215
tid_2000,66,manufacturing_headcount_share,0.4237839473485135,True,0.298643052642872,0.31419788947728405,0.31341121182275317,0.31070507355004273
tid_2001,66,manufacturing_headcount_share,0.1667668269230769,True,0.26899323592028646,0.26239881786495395,0.2955679872554687,0.2613466013455778
tid_2002,66,manufacturing_headcount_share,0.2305430307782787,True,0.23819246957415927,0.1739097133024672,0.23253757787109874,0.2713679333272124
tid_2004,66,manufacturing_headcount_share,0.4077474115097519,True,0.34576449634189627,0.33079327267508707,0.361207480215986,0.32671151980186497
tid_2005,66,manufacturing_headcount_share,0.4805962477512208,True,0.3089386609529834,0.3236611291526996,0.29777006214057705,0.2632822882442316
tid_2006,66,manufacturing_headcount_share,0.3885856853266802,True,0.28746441936855127,0.17309454004288674,0.2716105525250119,0.25528395044201135
tid_2007,66,manufacturing_headcount_share,,False,0.2567249052941605,0.21091499145092607,0.26226950562182794,0.26346325787316927
tid_2008,66,manufacturing_headcount_share,0.0971648775116983,True,0.2678081767517888,0.3429416829934987,0.26072945074391723,0.29472933376976684
tid_2009,66,manufacturing_headcount_share,0.0955642530984996,True,0.1536803744329304,0.30251339441288394,0.19042896444475305,0.16474433071514247
tid_2010,66,manufacturing_headcount_share,0.3522788686723113,True,0.31874867521285793,0.24527568330314334,0.32711533657921116,0.26677012513582543
tid_2011,66,manufacturing_headcount_share,0.3761939750183688,True,0.22767491858619657,0.20092015768213842,0.21666512850346079,0.2601314278227067
tid_2012,66,manufacturing_headcount_share,0.1721569276609832,True,0.2536071253088906,0.25003395404121753,0.22797356681917816,0.2600883129068876
tid_2015,66,manufacturing_headcount_share,0.3024799843780512,True,0.24175392408903135,0.1972540842167565,0.2494940399364263,0.25943358420485024
tid_2017,66,manufacturing_headcount_share,,False,0.24009709079490854,0.11363322542227047,0.1774883595028982,0.24703602160623175
tid_2018,66,manufacturing_headcount_share,,False,0.22527144875308783,0.14877758383417733,0.2135884898868738,0.21382643243494906
tid_2019,66,manufacturing_headcount_share,0.0792127521145087,True,0.26935323045943216,0.15942969183790606,0.26511811245928907,0.2891744596133331
tid_2021,66,manufacturing_headcount_share,,False,0.26565743818125725,0.11263822184194745,0.24862069636651205,0.2867703098574347
tid_2022,66,manufacturing_headcount_share,,False,0.20661133374017537,0.09901098957212784,0.18465191472273973,0.19774589936083187
tid_2023,66,manufacturing_headcount_share,0.0361818181818181,True,0.217195330643618,0.13305421654830887,0.2070176182062558,0.23179360434736584
tid_2024,66,manufacturing_headcount_share,0.1010158013544018,True,0.2728796966734689,0.16108035198691928,0.27556196283420864,0.24143307943112796
tid_2025,66,manufacturing_headcount_share,,False,0.2142715052194305,0.1225630649983084,0.1754166501649425,0.19838273605414855
tid_2027,66,manufacturing_headcount_share,,False,0.18595572351396872,0.10124173558054944,0.21056678317875252,0.20012967709692892
tid_2028,66,manufacturing_headcount_share,,False,0.2758477656887321,0.16044799328966278,0.27806512360833535,0.27615982153870217
tid_2030,66,manufacturing_headcount_share,,False,0.22660067039457707,0.1467729134593682,0.17755854608815813,0.229011789234137
tid_2031,66,manufacturing_headcount_share,,False,0.2811369963890771,0.2343895032962033,0.2811291211775896,0.2859403289652964
tid_2032,66,manufacturing_headcount_share,0.2458800263678312,True,0.2789000395384295,0.19800912663029044,0.25630491220022833,0.22058878974492996
tid_2033,66,manufacturing_headcount_share,0.422776911076443,True,0.10799323652278557,0.09453187580271864,0.1086066601239394,0.08647300434065633
tid_2034,66,manufacturing_headcount_share,0.0889284735543984,True,0.27902813599878595,0.26310891445558143,0.25540093434065847,0.26853904060409417
tid_2035,66,manufacturing_headcount_share,,False,0.2024004518961164,0.24564445995816267,0.19050272708953253,0.2162827800039345
tid_2036,66,manufacturing_headcount_share,,False,0.2585375551118763,0.15604260287275018,0.2381839142566359,0.2377880270807606
tid_2037,66,manufacturing_headcount_share,,False,0.196873782093842,0.13301419238384005,0.17440182716873684,0.19112375080807473
tid_2039,66,manufacturing_headcount_share,,False,0.18396180726781636,0.11375773855788522,0.20252838341596918,0.19771667954528543
tid_2040,66,manufacturing_headcount_share,0.0454659633257975,True,0.15031628174596587,0.029402819440928044,0.13390079465327834,0.0903420126989624
tid_2041,66,manufacturing_headcount_share,,False,0.14747071390664027,0.13196931562212957,0.17228555113207056,0.1634616965527776
tid_2042,66,manufacturing_headcount_share,0.2703277990634312,True,0.24808218920955927,0.27738765531485443,0.2556111182157514,0.24254369856951985
tid_2043,66,manufacturing_headcount_share,,False,0.1360923333110943,0.06302412192145457,0.13771990318670183,0.1332495681222324
tid_1971,66,agriculture_headcount_share,0.0058352076397673,True,0.011187753120443868,0.008647384677830354,0.01016660045986438,0.011903699089528269
tid_1972,66,agriculture_headcount_share,,False,0.046164885892947996,0.05523790364186538,0.04262874333879195,0.0497448523290246
tid_1973,66,agriculture_headcount_share,,False,0.058845280834302675,0.05379712534371688,0.05668951219551075,0.05278859048647184
tid_1974,66,agriculture_headcount_share,,False,0.04364357512471153,0.020977705203990175,0.04223432784059742,0.03598663906200861
tid_1975,66,agriculture_headcount_share,,False,0.080292843113744,0.09162888295612372,0.07559070980906733,0.07502584234856227
tid_1976,66,agriculture_headcount_share,,False,0.06407377802596556,0.015503465694454715,0.07937357253693403,0.06419184264213432
tid_1977,66,agriculture_headcount_share,0.0087582991948015,True,0.019667942253653817,0.03280831207801185,0.02670048856524113,0.025487024884945787
tid_1978,66,agriculture_headcount_share,0.1117323393681221,True,0.03830151179933011,0.01690544712882687,0.025042331447966696,0.03136776989771808
tid_1979,66,agriculture_headcount_share,,False,0.02906828992041553,0.029128226900434387,0.032537732834288714,0.0340110511287468
tid_1980,66,agriculture_headcount_share,,False,0.036088153595316926,0.021884212581183296,0.029479733253788522,0.033496203297486225
tid_1981,66,agriculture_headcount_share,,False,0.03388630768322884,0.035266444750683246,0.030703049719431937,0.02537733853055285
tid_1982,66,agriculture_headcount_share,,False,0.03296281156374207,0.016028499812527,0.035117144089422216,0.05217808362396679
tid_1983,66,agriculture_headcount_share,,False,0.050483200938174995,0.06285366503660217,0.05870554013471098,0.06299775210066987
tid_1984,66,agriculture_headcount_share,,False,0.09529997844777208,0.11288472678523213,0.11361826425434156,0.1048272222697541
tid_1985,66,agriculture_headcount_share,,False,0.03549204632346527,0.03280557190004918,0.02319818998403017,0.03609252806873054
tid_1986,66,agriculture_headcount_share,,False,0.017140812600790964,0.01225118951893303,0.0191912840203754,0.017279355211763114
tid_1987,66,agriculture_headcount_share,,False,0.05085877444150123,0.06919282960566679,0.04361604007012287,0.054219220495932564
tid_1988,66,agriculture_headcount_share,,False,0.05491323061640588,0.03885145359591103,0.05259875714369074,0.06504827858601954
tid_1989,66,agriculture_headcount_share,,False,0.040402096339637934,0.04456218415302728,0.034119601423548925,0.051386347559935576
tid_1990,66,agriculture_headcount_share,,False,0.039089181140478636,0.01954860432375093,0.032640638218027596,0.03165273995044424
tid_1991,66,agriculture_headcount_share,,False,0.043338977739044285,0.012139713045123587,0.04387576727379936,0.05455623596968847
tid_1992,66,agriculture_headcount_share,0.0500186636804777,True,0.0784916527077227,0.015987343159320513,0.07507316795841727,0.08746414038589566
tid_1993,66,agriculture_headcount_share,,False,0.03907768834713115,0.031347342642555814,0.03936659859633224,0.03357829903431203
tid_1994,66,agriculture_headcount_share,,False,0.054020637512844166,0.03784958951951134,0.055653713724570335,0.05721424401804478
tid_1995,66,agriculture_headcount_share,,False,0.02011446845920705,0.025163247978200604,0.019399822288551898,0.024164502583397446
tid_1996,66,agriculture_headcount_share,,False,0.04281592244217796,0.02129074616039204,0.04754685159802145,0.0451380077205542
tid_1997,66,agriculture_headcount_share,,False,0.04118574071633582,0.023394711348993756,0.04071442844131583,0.05569734142719132
tid_1999,66,agriculture_headcount_share,,False,0.03719681773971268,0.023041390269042072,0.031156667603607725,0.03970908830640988
tid_2000,66,agriculture_headcount_share,0.0031867009607383,True,0.009950404057717977,0.013074574904023277,0.011840895598766282,0.009086929011405214
tid_2001,66,agriculture_headcount_share,,False,0.0697657683533136,0.005483281765127202,0.06985103463413896,0.06878591610903975
tid_2002,66,agriculture_headcount_share,,False,0.06061740405895963,0.021419327450130664,0.03974557544747885,0.06781117077126542
tid_2004,66,agriculture_headcount_share,0.0126715627257404,True,0.016744402159264753,0.014003105216086808,0.0191912840203754,0.019588503651826468
tid_2005,66,agriculture_headcount_share,,False,0.03907768834713115,0.03130964677080115,0.03936659859633224,0.03206779748010116
tid_2006,66,agriculture_headcount_share,,False,0.03907768834713115,0.0230940399094691,0.03936659859633224,0.0375027910106379
tid_2007,66,agriculture_headcount_share,,False,0.034512349206289844,0.037378700250909995,0.060345620788103946,0.050322636518400826
tid_2008,66,agriculture_headcount_share,,False,0.034130716118135646,0.01803950263650168,0.03461944416532485,0.03446992550063707
tid_2009,66,agriculture_headcount_share,,False,0.0615877129437927,0.02216631147731763,0.05890842417042818,0.06333378117532137
tid_2010,66,agriculture_headcount_share,,False,0.021855164619907604,0.014622471136053776,0.016434924557052758,0.021399168552763477
tid_2011,66,agriculture_headcount_share,0.0514327700220426,True,0.03830151179933011,0.035266444750683246,0.025042331447966696,0.03136776989771808
tid_2012,66,agriculture_headcount_share,0.0082767753683165,True,0.04321283736982789,0.03818221440372633,0.039155904059334626,0.04628141660546853
tid_2015,66,agriculture_headcount_share,0.1503612575668814,True,0.07043176941836325,0.06476133674640162,0.06327634394987122,0.07336457585414452
tid_2017,66,agriculture_headcount_share,0.1059989832231825,True,0.10845631450826151,0.09334567193009183,0.12498398855438281,0.09856210687597622
tid_2018,66,agriculture_headcount_share,,False,0.10400978679759204,0.16087538854864075,0.10381853847195587,0.12210631670680758
tid_2019,66,agriculture_headcount_share,0.1143461288223812,True,0.03918098989006841,0.03001445903661165,0.026546010101691962,0.040149490890162794
tid_2021,66,agriculture_headcount_share,0.0438356164383561,True,0.04826817557456909,0.0627340316775143,0.030748857323063223,0.06369394611901746
tid_2022,66,agriculture_headcount_share,,False,0.20235612784948767,0.16936645519628418,0.23962450210856684,0.2308890607671774
tid_2023,66,agriculture_headcount_share,0.4461818181818182,True,0.08837097209148391,0.06874059393416541,0.0919183019748406,0.08129949023118893
tid_2024,66,agriculture_headcount_share,0.2404063205417607,True,0.05908287320664228,0.027519328685709,0.043922974969799786,0.05668746457661831
tid_2025,66,agriculture_headcount_share,,False,0.1103062451252237,0.08215602529994752,0.0987002359777375,0.0979286776306379
tid_2027,66,agriculture_headcount_share,,False,0.07696193091668203,0.06641498041488297,0.08965878184073577,0.08926441082574929
tid_2028,66,agriculture_headcount_share,,False,0.06294864958338423,0.03958873886552743,0.06464129354590062,0.054187181079549854
tid_2030,66,agriculture_headcount_share,0.2049457994579945,True,0.04524802352606887,0.07590144178903538,0.04097245990100721,0.03947623265103049
tid_2031,66,agriculture_headcount_share,,False,0.036385446703799174,0.04806264980896123,0.02861970970064307,0.035918329495117106
tid_2032,66,agriculture_headcount_share,0.0538068556361239,True,0.04368255318839069,0.0442737132529085,0.045762353747642585,0.045248797683885206
tid_2033,66,agriculture_headcount_share,,False,0.03849546872320656,0.044145522157774654,0.03232734066621099,0.03291497408335687
tid_2034,66,agriculture_headcount_share,0.0774184708139216,True,0.04893343271699025,0.08515936120692569,0.040030730897434585,0.04629488260101808
tid_2035,66,agriculture_headcount_share,,False,0.08993756279434077,0.09604844721693291,0.08137221143405957,0.09685607274272236
tid_2036,66,agriculture_headcount_share,0.092041015625,True,0.06465372712827154,0.07478857873783178,0.07353260049944288,0.05377915054103555
tid_2037,66,agriculture_headcount_share,0.149230161863403,True,0.1676675241876757,0.16929393394035958,0.17590064405256564,0.17048637154050394
tid_2039,66,agriculture_headcount_share,0.2595166163141994,True,0.08361619842812694,0.10934239164115452,0.09785523506510803,0.0971943599687929
tid_2040,66,agriculture_headcount_share,0.209243908565687,True,0.08202043027539205,0.044055806383407475,0.07912321823196401,0.06848884402418752
tid_2041,66,agriculture_headcount_share,,False,0.12889186305513348,0.1088307906813974,0.13382830331712456,0.14202729824400584
tid_2042,66,agriculture_headcount_share,,False,0.0735381598742767,0.09082366750375054,0.07696744574721955,0.07048599759744598
tid_2043,66,agriculture_headcount_share,,False,0.10568511595757595,0.2128854094292852,0.1127231513604856,0.11353015674375563
tid_1971,66,public_administration_education_health_headcount_share,0.278718257450232,True,0.33702117528922226,0.33962878359296467,0.33539000671896707,0.3367311633013289
tid_1972,66,public_administration_education_health_headcount_share,0.5965978128797084,True,0.400870754608117,0.4111177519998154,0.41862893368086523,0.38518573387701305
tid_1973,66,public_administration_education_health_headcount_share,0.4355162715950181,True,0.41865928235203476,0.35376731031468106,0.398780821771445,0.4229578581989244
tid_1974,66,public_administration_education_health_headcount_share,0.3373049277990028,True,0.3688539809620226,0.37586997572807884,0.37863427049322834,0.39483325608807757
tid_1975,66,public_administration_education_health_headcount_share,,False,0.47159255531903266,0.3019611157199548,0.4678892918224445,0.4765883047470645
tid_1976,66,public_administration_education_health_headcount_share,0.217712957091524,True,0.4929824845264699,0.258813861966874,0.4765276986923775,0.4888916798249907
tid_1977,66,public_administration_education_health_headcount_share,0.3358525215425907,True,0.37926627503955757,0.3735585516560776,0.41158265961597496,0.3630924623595774
tid_1978,66,public_administration_education_health_headcount_share,0.3313809016684416,True,0.3907519290753315,0.40555610371608575,0.40114924461632206,0.38553873327273885
tid_1979,66,public_administration_education_health_headcount_share,0.266129401529374,True,0.37855724540207125,0.35488247989853755,0.3795559630683172,0.3746461313815774
tid_1980,66,public_administration_education_health_headcount_share,0.2691570881226053,True,0.4257234928095953,0.3575133523353947,0.4012450208162133,0.43449092347695106
tid_1981,66,public_administration_education_health_headcount_share,0.1606505771248688,True,0.38277400807957257,0.3686703479405748,0.3815988535063705,0.354802329579644
tid_1982,66,public_administration_education_health_headcount_share,0.2789839339991316,True,0.36788383423712634,0.3126233322259168,0.36842833357082866,0.31771620739028217
tid_1983,66,public_administration_education_health_headcount_share,0.4738089594690685,True,0.42879495407760354,0.4421316605725982,0.36386147537971675,0.374839911334863
tid_1984,66,public_administration_education_health_headcount_share,,False,0.4913505462307017,0.4399661072066829,0.5133952044895652,0.517703590045646
tid_1985,66,public_administration_education_health_headcount_share,0.482115810322731,True,0.42948988281955947,0.42367980895804064,0.43716722714001544,0.45682872298723204
tid_1986,66,public_administration_education_health_headcount_share,0.2661502395270614,True,0.34819275124340976,0.33415887216343493,0.35339116642368035,0.34618351951734333
tid_1987,66,public_administration_education_health_headcount_share,0.4458072257032395,True,0.4126702641669737,0.4505409778392595,0.4543661688377771,0.4581436682696521
tid_1988,66,public_administration_education_health_headcount_share,0.452376333656644,True,0.4383108150616494,0.38127172071394827,0.4100123084839918,0.4354721680313151
tid_1989,66,public_administration_education_health_headcount_share,0.3804585152838428,True,0.4493993812055703,0.3712727766183987,0.4205886457410903,0.4392929263453687
tid_1990,66,public_administration_education_health_headcount_share,0.2273175542406311,True,0.34948936466930264,0.3130518691111617,0.3565235306232056,0.3366149423729275
tid_1991,66,public_administration_education_health_headcount_share,0.3623230280265819,True,0.4029370449918702,0.3136755116399221,0.44304010550611644,0.4006041792754793
tid_1992,66,public_administration_education_health_headcount_share,,False,0.4720427159971808,0.2930216075048717,0.46056361570276766,0.45570003135264775
tid_1993,66,public_administration_education_health_headcount_share,0.3416565900846433,True,0.32497571787597945,0.36245057444625156,0.3274667116673162,0.35541882722597923
tid_1994,66,public_administration_education_health_headcount_share,0.3349120433017591,True,0.42074357389572387,0.3470224202366023,0.39148951259678544,0.4252735915858737
tid_1995,66,public_administration_education_health_headcount_share,0.4263239074550128,True,0.417274031087802,0.4343380650929147,0.4270087533005375,0.4499109440898955
tid_1996,66,public_administration_education_health_headcount_share,0.3338586813764119,True,0.4157837718634666,0.3751323262774832,0.3853819431381066,0.4023597666719803
tid_1997,66,public_administration_education_health_headcount_share,,False,0.4202625353190405,0.2829561886660287,0.412797317852566,0.43470602197570224
tid_1999,66,public_administration_education_health_headcount_share,0.3955441928414901,True,0.34950894995169424,0.360201884160005,0.3592341837877447,0.3769384021337357
tid_2000,66,public_administration_education_health_headcount_share,0.2576026930932748,True,0.37394571739088905,0.3505474347822469,0.3667099806359817,0.3797450681620759
tid_2001,66,public_administration_education_health_headcount_share,0.3707932692307692,True,0.4953188198396673,0.30585337890897013,0.4259611919589508,0.45383056620100937
tid_2002,66,public_administration_education_health_headcount_share,0.3675749852970006,True,0.4213016933670677,0.4241235510520406,0.45243926545857976,0.404710033745528
tid_2004,66,public_administration_education_health_headcount_share,0.2814531663857452,True,0.3166264448656818,0.32293333165511073,0.33595495417782195,0.32305517176461956
tid_2005,66,public_administration_education_health_headcount_share,0.2769853508095605,True,0.3283446955404927,0.3410920175498003,0.32891557192609605,0.364640559968863
tid_2006,66,public_administration_education_health_headcount_share,0.2952596288788398,True,0.35217902757815533,0.37391752965652797,0.3667720382554305,0.37637558395534476
tid_2007,66,public_administration_education_health_headcount_share,,False,0.5024984222001946,0.4370600751184262,0.4451091459883777,0.4795177950161468
tid_2008,66,public_administration_education_health_headcount_share,0.5061932287365813,True,0.40282592415714036,0.41321477781805305,0.41631794864515476,0.39448501184048035
tid_2009,66,public_administration_education_health_headcount_share,0.3164818438791041,True,0.397482529613943,0.32832398087016773,0.3594195324670649,0.3697217616807538
tid_2010,66,public_administration_education_health_headcount_share,0.3404791929382093,True,0.30497269899988555,0.3594356364154233,0.30394421908385955,0.31777104531530026
tid_2011,66,public_administration_education_health_headcount_share,0.3438648052902278,True,0.3907519290753315,0.3823380842682027,0.3994342443620418,0.38553873327273885
tid_2012,66,public_administration_education_health_headcount_share,0.6303592120509849,True,0.4157019700597257,0.43277978769159475,0.4500093025641087,0.4025392416360996
tid_2015,66,public_administration_education_health_headcount_share,0.3393868385081038,True,0.41667744187343353,0.4547698063994789,0.4083295715631529,0.4198607056996821
tid_2017,66,public_administration_education_health_headcount_share,0.6014234875444839,True,0.46833653667040054,0.5058667951746062,0.47053781899039,0.4511565775519431
tid_2018,66,public_administration_education_health_headcount_share,0.5044164037854889,True,0.5188925077405112,0.5185040994021272,0.505059166727349,0.5206201314930193
tid_2019,66,public_administration_education_health_headcount_share,0.508295380611581,True,0.43300397985280215,0.4486945584563647,0.4636909936586754,0.4264301494350252
tid_2021,66,public_administration_education_health_headcount_share,0.7287671232876712,True,0.51399033213743,0.5911744009256267,0.5595952985338645,0.5015550002221757
tid_2022,66,public_administration_education_health_headcount_share,,False,0.5448297284744621,0.5567397137110773,0.5467851445687774,0.5687682145074622
tid_2023,66,public_administration_education_health_headcount_share,,False,0.45771187690247384,0.4680736876482067,0.4477549565023428,0.44794799491197806
tid_2024,66,public_administration_education_health_headcount_share,0.4091422121896162,True,0.4246923880547707,0.47032380324366996,0.44248246066090796,0.4568305778390646
tid_2025,66,public_administration_education_health_headcount_share,0.5766567754698319,True,0.4435498519306721,0.5232565509988568,0.47367484314477964,0.47799921371079407
tid_2027,66,public_administration_education_health_headcount_share,,False,0.5669224436910439,0.5839994212757599,0.5423229857374366,0.5705353756071525
tid_2028,66,public_administration_education_health_headcount_share,0.5148856990962254,True,0.4345660491545666,0.4761319825746401,0.43143120798460155,0.45759298482363475
tid_2030,66,public_administration_education_health_headcount_share,0.532520325203252,True,0.4387240248390767,0.4754615417902894,0.5395394541970421,0.4499796100699781
tid_2031,66,public_administration_education_health_headcount_share,0.6004645760743321,True,0.5336880930426082,0.4184847688781639,0.5045093912069405,0.5219672109882023
tid_2032,66,public_administration_education_health_headcount_share,0.3965062623599208,True,0.3520820517168566,0.36039923154494957,0.3609435782151348,0.37959524569932085
tid_2033,66,public_administration_education_health_headcount_share,,False,0.42151896196333627,0.38148178151062806,0.3786587084370344,0.4390512202979068
tid_2034,66,public_administration_education_health_headcount_share,0.5198684571115374,True,0.42147056587683995,0.4193375117179033,0.4477727314352194,0.40218015221835446
tid_2035,66,public_administration_education_health_headcount_share,0.7807114044737807,True,0.4459094671649909,0.47799361592065176,0.45663323847080345,0.4594213574561442
tid_2036,66,public_administration_education_health_headcount_share,0.488037109375,True,0.41514074270270296,0.43978410216563024,0.3996263838972295,0.41704928205816333
tid_2037,66,public_administration_education_health_headcount_share,0.6111330438215554,True,0.5046696434562258,0.5220385295644869,0.5136348229419958,0.5141022112376641
tid_2039,66,public_administration_education_health_headcount_share,0.4809667673716012,True,0.5255115771955978,0.5122234303507706,0.5174975521678702,0.5106289977076097
tid_2040,66,public_administration_education_health_headcount_share,0.6066314996232103,True,0.43940381591997363,0.4195202398394311,0.43771561916766505,0.4791774149100728
tid_2041,66,public_administration_education_health_headcount_share,,False,0.5152455236527704,0.4983400894453864,0.5030648121449117,0.5370814119066207
tid_2042,66,public_administration_education_health_headcount_share,0.4276997303817227,True,0.4296567126575813,0.42997936330327424,0.41312181576171525,0.4149832645519454
tid_2043,66,public_administration_education_health_headcount_share,,False,0.646344454749833,0.6480499870090638,0.6336157017021289,0.6472193224823004
tid_2044,67,manufacturing_headcount_share,0.185573881608676,True,0.2824194205836806,0.3127638229319575,0.26008981606337367,0.28585119222991257
tid_2045,67,manufacturing_headcount_share,0.0795812488419492,True,0.18751941565688768,0.2646196387847035,0.18226000842287524,0.1755504466886999
tid_2046,67,manufacturing_headcount_share,,False,0.1100043166575334,0.1294398325097356,0.12723924473763135,0.11284706010510138
tid_2047,67,manufacturing_headcount_share,0.3233407352578337,True,0.2448565721996984,0.29840299535881576,0.24579763983214625,0.3132931176613498
tid_2048,67,manufacturing_headcount_share,0.4302793424531555,True,0.19777184001204876,0.18532220241015443,0.21040829827166682,0.24529146818510317
tid_2049,67,manufacturing_headcount_share,,False,0.07411636283053488,0.05527659696143343,0.08929064672980579,0.07638649533991995
tid_2050,67,manufacturing_headcount_share,,False,0.07137963118052118,0.08484256127805268,0.09185992104566608,0.07580658672971877
tid_2051,67,manufacturing_headcount_share,0.3886704789135096,True,0.11201748568499251,0.25084927552470443,0.12170446996664742,0.10185971006697213
tid_2052,67,manufacturing_headcount_share,,False,0.1409662905645044,0.19534939221675823,0.1394513279144266,0.14704426936218234
tid_2053,67,manufacturing_headcount_share,,False,0.13872906451739372,0.1450115163873463,0.13922907658372383,0.13573581762391873
tid_2054,67,manufacturing_headcount_share,,False,0.08231801707342706,0.07849251672652185,0.09538225114509824,0.08257007069446377
tid_2055,67,manufacturing_headcount_share,0.3389679715302491,True,0.14349276763512764,0.18575303209410715,0.1372565348641713,0.14748815653811087
tid_2056,67,manufacturing_headcount_share,,False,0.06130140563728462,0.09813118308483919,0.08136343572553825,0.08001055981174088
tid_2057,67,manufacturing_headcount_share,,False,0.0431154832212623,0.08975819227567569,0.052445537262673626,0.04278869986575674
tid_2058,67,manufacturing_headcount_share,,False,0.13420357214408207,0.15233135412540952,0.12927827472559153,0.14439584495699315
tid_2059,67,manufacturing_headcount_share,0.1244392432221572,True,0.11129606069976922,0.19026374161661908,0.11496663948326326,0.13647372778591219
tid_2060,67,manufacturing_headcount_share,0.2644858970893034,True,0.24527019389077837,0.2472493825095033,0.2411060226917535,0.32097022865536395
tid_2061,67,manufacturing_headcount_share,0.2364278830709926,True,0.11705636249743795,0.1680433208122105,0.08119455713370764,0.11395406212583285
tid_2062,67,manufacturing_headcount_share,0.3190982222663621,True,0.2037436552112526,0.29141275404319,0.17907667671281213,0.25070100507238235
tid_2063,67,manufacturing_headcount_share,0.064696094744054,True,0.29807101981657486,0.23733010724859474,0.31354692317646915,0.2815299146267987
tid_2064,67,manufacturing_headcount_share,,False,0.22526368368496408,0.1428062440030962,0.21920795383102293,0.23783386204392576
tid_2065,67,manufacturing_headcount_share,,False,0.15684645409614675,0.12386094674933944,0.16671091599136348,0.1667982364847577
tid_2066,67,manufacturing_headcount_share,,False,0.13131192843419492,0.10701183309740807,0.13085151329755557,0.14439584495699315
tid_2067,67,manufacturing_headcount_share,,False,0.07433821889051845,0.06213597360860171,0.08764958944547585,0.07407343767076575
tid_2068,67,manufacturing_headcount_share,,False,0.13210168747902334,0.18561820666038298,0.13761379595228557,0.1297942906811276
tid_2069,67,manufacturing_headcount_share,,False,0.0644133279894553,0.1257988364079829,0.09015637960059428,0.10622547660431562
tid_2070,67,manufacturing_headcount_share,0.350187265917603,True,0.2161562536117399,0.22947506503655973,0.25913562098286724,0.23534868696279498
tid_2044,67,agriculture_headcount_share,0.0019543605964753,True,0.007742007311312599,0.010317795812633505,0.008220162014478406,0.008019694752956634
tid_2045,67,agriculture_headcount_share,,False,0.07808530301363456,0.05183718384941862,0.08941082600190939,0.07658483326796947
tid_2046,67,agriculture_headcount_share,,False,0.1277385460271064,0.1093206655039562,0.12464757523401941,0.11784014751763372
tid_2047,67,agriculture_headcount_share,0.0120281273131014,True,0.043121590625903546,0.049332574885692516,0.03662184931325616,0.03918595936599999
tid_2048,67,agriculture_headcount_share,0.0375905276468559,True,0.06381531188305978,0.08663850643696545,0.05769128210808131,0.05763760990356216
tid_2049,67,agriculture_headcount_share,,False,0.27567061374273527,0.25208861992769793,0.26682494161128023,0.2717844612126717
tid_2050,67,agriculture_headcount_share,,False,0.16809994762168134,0.13560775120180604,0.17522770375057234,0.1749503573797103
tid_2051,67,agriculture_headcount_share,,False,0.09528639617623878,0.031012282812462932,0.09696475872100406,0.09694776893588286
tid_2052,67,agriculture_headcount_share,,False,0.16676784794690971,0.19436872725630125,0.16908831319777934,0.16002215254804408
tid_2053,67,agriculture_headcount_share,,False,0.13733177359642235,0.2048929502207438,0.14232900025284848,0.1330381800603495
tid_2054,67,agriculture_headcount_share,0.059620596205962,True,0.18716969266654385,0.12308885953814433,0.17962141871680418,0.20012391326793272
tid_2055,67,agriculture_headcount_share,,False,0.17046449349731058,0.08460352108925791,0.16750240421748278,0.1826890510749487
tid_2056,67,agriculture_headcount_share,,False,0.19336967346762282,0.25961484114912264,0.1994747612507853,0.19478129077716555
tid_2057,67,agriculture_headcount_share,0.1497005988023952,True,0.1899739235454105,0.11976130727662049,0.18636432822695706,0.19154046971278738
tid_2058,67,agriculture_headcount_share,0.0247875354107648,True,0.09246058320583489,0.1599387125981195,0.10907764177565712,0.11041262133981639
tid_2059,67,agriculture_headcount_share,0.1753462063584942,True,0.11135395220701826,0.09915208069873575,0.11541670218809437,0.10671631506660495
tid_2060,67,agriculture_headcount_share,0.0537983238713165,True,0.04845298106192519,0.05178735476797219,0.05256121413101103,0.04604362483895599
tid_2061,67,agriculture_headcount_share,0.006745904272406,True,0.10798650079076771,0.13812858610506604,0.09318530988597598,0.13716671110187284
tid_2062,67,agriculture_headcount_share,0.0256231999205482,True,0.0481584161776094,0.041544328975452925,0.04691960885556401,0.04633572800837879
tid_2063,67,agriculture_headcount_share,0.0464911422139571,True,0.06260933164592868,0.0615618169610449,0.05689866117116689,0.07010875581477788
tid_2064,67,agriculture_headcount_share,0.1273176761433869,True,0.10603497772786287,0.13848001548236846,0.10723323973679792,0.1152862236288311
tid_2065,67,agriculture_headcount_share,,False,0.1231263994779086,0.15362924134200784,0.1428305308212222,0.1412220598509582
tid_2066,67,agriculture_headcount_share,,False,0.11126650919063398,0.19236550672724512,0.12354633614384018,0.1383113941005985
tid_2067,67,agriculture_headcount_share,0.1169888097660223,True,0.22390565779489674,0.22692727176945796,0.20610861124297558,0.21978026970177011
tid_2068,67,agriculture_headcount_share,,False,0.17170913741320967,0.16515311830345364,0.19070184916381455,0.17767941897419473
tid_2069,67,agriculture_headcount_share,,False,0.20881041907630493,0.1587094802977355,0.1973066282026212,0.22535944446520026
tid_2070,67,agriculture_headcount_share,0.0046192259675405,True,0.09067144906543391,0.07741796679223165,0.10172008461825813,0.0920936623299488
tid_2044,67,public_administration_education_health_headcount_share,0.4190691369182105,True,0.36115034724251893,0.3438914103783196,0.34579019425689056,0.3548514143598393
tid_2045,67,public_administration_education_health_headcount_share,0.18195293681675,True,0.4545211211765623,0.32634189766468297,0.42276500740972367,0.4380743495386331
tid_2046,67,public_administration_education_health_headcount_share,0.6696501220504475,True,0.620790749297792,0.5876336862083584,0.6158966238875252,0.5895468463726777
tid_2047,67,public_administration_education_health_headcount_share,0.3134098198865038,True,0.3642552840526245,0.36457235636432583,0.34909515561127935,0.33962619151600015
tid_2048,67,public_administration_education_health_headcount_share,0.2816415679963214,True,0.38838739943755873,0.4316826386295559,0.37565520644094574,0.3692629816121876
tid_2049,67,public_administration_education_health_headcount_share,,False,0.6338520633692163,0.6257676400337101,0.6070379050143613,0.6054528163145568
tid_2050,67,public_administration_education_health_headcount_share,0.6455266138165345,True,0.5799597494319821,0.5587067064869392,0.573059585481035,0.5716732654249143
tid_2051,67,public_administration_education_health_headcount_share,0.332916368834882,True,0.4705227795088777,0.3529267955686883,0.4488372938558562,0.45046185014683776
tid_2052,67,public_administration_education_health_headcount_share,0.4503105590062112,True,0.5533842368469458,0.5008554775852587,0.5525828207499688,0.5549659431433879
tid_2053,67,public_administration_education_health_headcount_share,,False,0.5799841609603519,0.5970349864282414,0.562808637020867,0.5788215740140473
tid_2054,67,public_administration_education_health_headcount_share,0.6788617886178862,True,0.6520616711897605,0.6346709978934912,0.6519607531709388,0.6554356616541694
tid_2055,67,public_administration_education_health_headcount_share,0.3291814946619217,True,0.578790081643576,0.4845231160624902,0.5841707696787914,0.5985941749592543
tid_2056,67,public_administration_education_health_headcount_share,,False,0.5780109723786704,0.5827799722874046,0.5785080312526967,0.5914039452552483
tid_2057,67,public_administration_education_health_headcount_share,,False,0.6446111959339644,0.5713145368386185,0.6339330729942502,0.6268053565820975
tid_2058,67,public_administration_education_health_headcount_share,0.6565155807365439,True,0.539191169325617,0.5560121638761097,0.5425029169988458,0.5500155261672725
tid_2059,67,public_administration_education_health_headcount_share,0.452701384825434,True,0.5065300472141642,0.5094851125996847,0.4964586618767097,0.4853623113119385
tid_2060,67,public_administration_education_health_headcount_share,0.4153374785978192,True,0.4221119044020794,0.41964606681392197,0.43210485052065295,0.3964605349992349
tid_2061,67,public_administration_education_health_headcount_share,0.4413748795374237,True,0.562820177061241,0.5532980269044301,0.6142668592992923,0.5134140560915479
tid_2062,67,public_administration_education_health_headcount_share,0.3799781507597576,True,0.44323660125424186,0.3998016989523086,0.450662619610382,0.4240756826018907
tid_2063,67,public_administration_education_health_headcount_share,0.3203484388763825,True,0.3185816118261242,0.3302456711308658,0.3075330588217647,0.33196323265479116
tid_2064,67,public_administration_education_health_headcount_share,0.7292954264524104,True,0.5437590526437334,0.47755253120842783,0.53272127815767,0.5245627623739618
tid_2065,67,public_administration_education_health_headcount_share,,False,0.6416515240203998,0.6100162445638523,0.6520833278679554,0.6429118630948633
tid_2066,67,public_administration_education_health_headcount_share,,False,0.5538112072798128,0.5781597512398431,0.5458540181809927,0.5561452590119538
tid_2067,67,public_administration_education_health_headcount_share,,False,0.5329882448220009,0.6039000451944215,0.545685331350817,0.5556176505222489
tid_2068,67,public_administration_education_health_headcount_share,,False,0.5901844840365482,0.5596002624173687,0.5779628990760091,0.5700527723522166
tid_2069,67,public_administration_education_health_headcount_share,0.6233766233766234,True,0.6589480914731422,0.5431849081837544,0.5744050955130375,0.6199052827430325
tid_2070,67,public_administration_education_health_headcount_share,0.3775280898876405,True,0.42094459296981174,0.35461607158417124,0.41558460103260964,0.4103302701717242
tid_2072,68,manufacturing_headcount_share,0.2396796056685151,True,0.2311734305120311,0.14020442167802286,0.2637019517786748,0.24619430616041837
tid_2073,68,manufacturing_headcount_share,0.5179929042067917,True,0.1756911439673507,0.22996319179769747,0.1794817436217893,0.16928764225652385
tid_2074,68,manufacturing_headcount_share,0.2669154892028792,True,0.21888193055437907,0.21508457334283004,0.20327327328006797,0.26786472681494505
tid_2075,68,manufacturing_headcount_share,0.1903052064631956,True,0.21799431367491945,0.12386106535076652,0.25123354754476945,0.2238297033099105
tid_2076,68,manufacturing_headcount_share,0.2314313037934332,True,0.11025035578559149,0.11405632543713659,0.11508863798501741,0.13189062673918533
tid_2077,68,manufacturing_headcount_share,,False,0.2063439496460377,0.09921049158536795,0.19417624970673797,0.19719660459846383
tid_2078,68,manufacturing_headcount_share,,False,0.06687252946461805,0.04414887681766337,0.07409847188270517,0.07546218735926444
tid_2079,68,manufacturing_headcount_share,,False,0.09461142263617554,0.09762075308217656,0.10137319073791393,0.09074576208125942
tid_2080,68,manufacturing_headcount_share,,False,0.14561486321202252,0.1367883727521464,0.18176776088636798,0.1722815220229949
tid_2081,68,manufacturing_headcount_share,,False,0.07308083609598502,0.10957086873932953,0.09887259511127243,0.07305383447090516
tid_2082,68,manufacturing_headcount_share,0.332425068119891,True,0.0641130052056724,0.13534686469684995,0.12145773442497243,0.08885978089478029
tid_2085,68,manufacturing_headcount_share,,False,0.1412512142536971,0.15491932564374916,0.13960705217607158,0.13088603678845973
tid_2087,68,manufacturing_headcount_share,,False,0.04015014862761778,0.09412082743096968,0.06940021442159228,0.05311759814163844
tid_2088,68,manufacturing_headcount_share,0.2265524625267665,True,0.10434339575210147,0.1659949994450694,0.13894913868274553,0.1307134290778603
tid_2089,68,manufacturing_headcount_share,0.1201542912246866,True,0.12618374883596567,0.08941441423854488,0.16461135919821154,0.14125834964643888
tid_2090,68,manufacturing_headcount_share,,False,0.09372011707284031,0.1249338904117524,0.092892399027396,0.1011131884697403
tid_2091,68,manufacturing_headcount_share,,False,0.03364776368647797,0.08217609448993173,0.049067803242443725,0.037085341893612386
tid_2093,68,manufacturing_headcount_share,,False,0.03620644280130517,0.1540781157507285,0.051273093782581734,0.06139879989230061
tid_2094,68,manufacturing_headcount_share,,False,0.14926851772626584,0.10282352353690727,0.1291583512979007,0.14270407396112852
tid_2095,68,manufacturing_headcount_share,0.097640358014646,True,0.1269802947231113,0.14345499391887429,0.12172173131116747,0.13102599006401702
tid_2096,68,manufacturing_headcount_share,,False,0.09292788069931554,0.13115343782053526,0.13438903157584878,0.09041709195318212
tid_2098,68,manufacturing_headcount_share,,False,0.05058899114135976,0.14554520006162927,0.07698778031620844,0.05873408203494371
tid_2100,68,manufacturing_headcount_share,,False,0.022633071536428382,0.14591395093861748,0.07193913523544164,0.03380807508282287
tid_3009,68,manufacturing_headcount_share,0.2103529942483365,True,0.24023677022987874,0.27344392856759114,0.24105697975254517,0.23176012910384372
tid_2072,68,agriculture_headcount_share,,False,0.13630610066161727,0.134848629976094,0.12470580686209307,0.14585916293177992
tid_2073,68,agriculture_headcount_share,,False,0.16859663060606553,0.09814632550197117,0.17333453726369732,0.17930086665711065
tid_2074,68,agriculture_headcount_share,,False,0.04081250405345938,0.04342162224663285,0.03735450093108302,0.03452622555771739
tid_2075,68,agriculture_headcount_share,0.0129816323712194,True,0.12789386416031837,0.17424468420683017,0.13036565491685073,0.11162142609406317
tid_2076,68,agriculture_headcount_share,,False,0.11473136946194228,0.115232388740499,0.1192424759353953,0.13488361411739294
tid_2077,68,agriculture_headcount_share,,False,0.14310703599213603,0.16185663315355836,0.1473585935110982,0.16307215207574507
tid_2078,68,agriculture_headcount_share,0.1487179487179487,True,0.09097869051159475,0.07587806563483832,0.08652727126636163,0.0889567721708923
tid_2079,68,agriculture_headcount_share,0.3716814159292035,True,0.138441036196334,0.10792120701155715,0.14099894921421569,0.13920990488796106
tid_2080,68,agriculture_headcount_share,0.394014401440144,True,0.13410456819661404,0.19167235092462315,0.13293492413628796,0.137649084306313
tid_2081,68,agriculture_headcount_share,0.1464663707750085,True,0.12900171761435772,0.175400037680327,0.12851093435441346,0.14373917489713886
tid_2082,68,agriculture_headcount_share,0.1979192469655684,True,0.1035922503431759,0.16576839962224402,0.10401360065285847,0.11332232690990351
tid_2085,68,agriculture_headcount_share,0.1516563146997929,True,0.15755506253689214,0.19157990947158748,0.17421937668738938,0.16896720166169604
tid_2087,68,agriculture_headcount_share,,False,0.1498117259984187,0.1672815595544865,0.1512410293970637,0.1517911308216526
tid_2088,68,agriculture_headcount_share,0.1289079229122055,True,0.09733980874021751,0.22013485910167735,0.11350326530974156,0.11958746047900015
tid_2089,68,agriculture_headcount_share,0.3357762777242044,True,0.11988252566760585,0.0937141596612072,0.11283873958878221,0.12059706346519924
tid_2090,68,agriculture_headcount_share,0.2637759710930442,True,0.2117357229825609,0.15725428297561464,0.1979202945731539,0.20023417792155615
tid_2091,68,agriculture_headcount_share,0.2706656912948061,True,0.14211329730681876,0.1554832235122507,0.15162433820448643,0.14808237501404692
tid_2093,68,agriculture_headcount_share,0.2853828306264501,True,0.11675815971401378,0.1283847599979706,0.11448179887564142,0.14558666800848952
tid_2094,68,agriculture_headcount_share,0.2884615384615384,True,0.15788970622656676,0.16832012450595737,0.15802335460653608,0.16395204657109566
tid_2095,68,agriculture_headcount_share,0.2202332519663683,True,0.1440169365344469,0.18126614453137185,0.1418296391601946,0.14380126697760845
tid_2096,68,agriculture_headcount_share,0.321629213483146,True,0.17540907792218446,0.18137640499992777,0.16312233663247694,0.1611263975489731
tid_2098,68,agriculture_headcount_share,0.2754635203467373,True,0.09170187620674783,0.15998465048050795,0.08968291461552776,0.08043371140398978
tid_2100,68,agriculture_headcount_share,,False,0.14595567233911813,0.10147317581372187,0.14541546199289548,0.14829424579919334
tid_3009,68,agriculture_headcount_share,0.008108717717379,True,0.013511851272491564,0.020074925212930635,0.016108256381608455,0.011381856015691435
tid_2072,68,public_administration_education_health_headcount_share,0.4756623536660505,True,0.48669531077266576,0.5970142899977662,0.47060606962393864,0.47727382052282524
tid_2073,68,public_administration_education_health_headcount_share,,False,0.48417256674347886,0.4597739770860455,0.45667901116372595,0.4714688242157191
tid_2074,68,public_administration_education_health_headcount_share,0.3214076246334311,True,0.400107932687691,0.39912070654286486,0.40816863384970764,0.40624155966758657
tid_2075,68,public_administration_education_health_headcount_share,0.455738157713023,True,0.42907217320259833,0.43885080201021126,0.4115856683720941,0.41912458301244726
tid_2076,68,public_administration_education_health_headcount_share,0.4687599617468919,True,0.43181934254786714,0.47099675336495567,0.45067220075937364,0.43243092685467044
tid_2077,68,public_administration_education_health_headcount_share,0.481044845122515,True,0.4637046230019355,0.45218448791440824,0.42556598015747105,0.45597513274547674
tid_2078,68,public_administration_education_health_headcount_share,,False,0.6057086366984029,0.6052267098476994,0.6229508425960663,0.5844552830888262
tid_2079,68,public_administration_education_health_headcount_share,0.465339233038348,True,0.6052174491636042,0.7518873410134314,0.605245115781695,0.5996271858670846
tid_2080,68,public_administration_education_health_headcount_share,0.3314581458145814,True,0.49155836052839375,0.5035850233316536,0.47704020318616436,0.46372161465405104
tid_2081,68,public_administration_education_health_headcount_share,0.5046090815978149,True,0.5773901328897797,0.550034241295968,0.534428994991344,0.5402407000901134
tid_2082,68,public_administration_education_health_headcount_share,0.3103789943027,True,0.558219500957457,0.5389444164937308,0.528445315446197,0.5279222849490466
tid_2085,68,public_administration_education_health_headcount_share,0.5579710144927537,True,0.5538919172387983,0.5721333145134576,0.5673501130667732,0.564254795484378
tid_2087,68,public_administration_education_health_headcount_share,,False,0.5791818875908347,0.6449026313667288,0.5541585139338193,0.5770566131242937
tid_2088,68,public_administration_education_health_headcount_share,0.4098501070663811,True,0.6689540412263919,0.4606117256491896,0.5919624570580285,0.6036625282535928
tid_2089,68,public_administration_education_health_headcount_share,0.2923818707810993,True,0.5308931300578175,0.5433598841993119,0.523225064861721,0.5177048806131928
tid_2090,68,public_administration_education_health_headcount_share,,False,0.579099395185447,0.5680934977743898,0.5779786629683785,0.5735569711288462
tid_2091,68,public_administration_education_health_headcount_share,,False,0.5731590584291858,0.5740210089281638,0.5807102335451755,0.5854264406043704
tid_2093,68,public_administration_education_health_headcount_share,0.4419953596287703,True,0.6379502483993806,0.5767324601921392,0.6856740171179388,0.5589465003524456
tid_2094,68,public_administration_education_health_headcount_share,0.5064102564102564,True,0.5620358178246905,0.5956164119877231,0.5637751753857524,0.5615299249221177
tid_2095,68,public_administration_education_health_headcount_share,0.4952535937076214,True,0.5393205381370647,0.5410867195480357,0.5343104721339162,0.543579892645035
tid_2096,68,public_administration_education_health_headcount_share,,False,0.5916701763699633,0.6050774611106863,0.5973117595814419,0.600643779633372
tid_2098,68,public_administration_education_health_headcount_share,0.2215266072718516,True,0.5691918511703548,0.5295861017679399,0.5413645593924031,0.5354019574838581
tid_2100,68,public_administration_education_health_headcount_share,0.5768872320596459,True,0.6216945921958881,0.6409549983188888,0.6053526944814404,0.615492121942914
tid_3009,68,public_administration_education_health_headcount_share,0.3963008909439495,True,0.37700424814110445,0.3330931830979513,0.36023878998152487,0.370320666704964
tid_2101,69,manufacturing_headcount_share,0.2279338616170972,True,0.2634279858353712,0.3140307411298857,0.2543901334207283,0.2771921485151061
tid_2105,69,manufacturing_headcount_share,0.3667027027027027,True,0.20929115205438006,0.21017170411883238,0.21911405934736378,0.23622277283290966
tid_2108,69,manufacturing_headcount_share,0.3207202002695937,True,0.1920430700936546,0.242562553436228,0.21279942397371565,0.2335795261335649
tid_2109,69,manufacturing_headcount_share,,False,0.14652555222069033,0.27002799005797706,0.14811444660894602,0.14645496952153667
tid_2110,69,manufacturing_headcount_share,,False,0.12079541877042867,0.19527281531430196,0.13516342459084543,0.16320238672504703
tid_2111,69,manufacturing_headcount_share,0.1393765133171912,True,0.16402117118188894,0.2812173107451404,0.19878219010777579,0.1841754111702968
tid_2112,69,manufacturing_headcount_share,,False,0.20185884492001546,0.1966488430322888,0.1843455190836438,0.1942525949527536
tid_2113,69,manufacturing_headcount_share,0.0744932222360403,True,0.16847611926317563,0.203675774091178,0.1998973046589946,0.17780967463383393
tid_2114,69,manufacturing_headcount_share,,False,0.11751447734603021,0.2919557061853001,0.11893123192997866,0.13331035805340707
tid_2116,69,manufacturing_headcount_share,,False,0.19620485834861195,0.1600279669388232,0.18327114627336222,0.18996600694720944
tid_2117,69,manufacturing_headcount_share,,False,0.12725568121800293,0.1282626725152824,0.12520625088109036,0.12164137493196026
tid_2118,69,manufacturing_headcount_share,,False,0.11175162000364432,0.13094286320971776,0.13027457284711727,0.14379249246067105
tid_2119,69,manufacturing_headcount_share,0.3223690464873087,True,0.20178796677420294,0.15644959720989687,0.2262971280926269,0.2189641347782124
tid_2120,69,manufacturing_headcount_share,0.1131105398457583,True,0.20567974884540172,0.26205222935712613,0.2390219267298926,0.22195081449121037
tid_2121,69,manufacturing_headcount_share,0.188235294117647,True,0.24919998551386943,0.3006385960658975,0.286737592048718,0.27663984799581803
tid_2122,69,manufacturing_headcount_share,,False,0.15796312149118097,0.1550339265103058,0.1688208851654625,0.15593785104795688
tid_2124,69,manufacturing_headcount_share,0.293645251396648,True,0.1823021343571862,0.35251911723463564,0.21739353553889287,0.3138337913781387
tid_2125,69,manufacturing_headcount_share,,False,0.10223722537968022,0.11693746971449838,0.08655998702760848,0.10616176211249422
tid_2126,69,manufacturing_headcount_share,,False,0.10776864186452464,0.22313302466715115,0.12839842139704077,0.14376187225530862
tid_2127,69,manufacturing_headcount_share,,False,0.1612001812325934,0.06918944620832862,0.14728445213880673,0.1549841749661701
tid_2128,69,manufacturing_headcount_share,0.3723021582733813,True,0.027036084742165897,0.13584383351892967,0.04658951047311933,0.0446179724032426
tid_2129,69,manufacturing_headcount_share,,False,0.1171232908494961,0.1264303543515346,0.1266093370855052,0.13523619210004897
tid_2130,69,manufacturing_headcount_share,,False,0.16777223526401958,0.13210899408291696,0.16473093677339787,0.16419885383580998
tid_2131,69,manufacturing_headcount_share,0.1764985727878211,True,0.2876753661204197,0.26792773525140423,0.3103038128147067,0.2895884398285255
tid_2132,69,manufacturing_headcount_share,,False,0.19643438045520947,0.18097760722682557,0.19347610640474783,0.18996724447654398
tid_2133,69,manufacturing_headcount_share,,False,0.16574661686019132,0.13413650979632927,0.1745356466225734,0.1710097315033159
tid_2134,69,manufacturing_headcount_share,,False,0.13962949677597442,0.177289568671464,0.12764504199319915,0.13720024140925283
tid_2136,69,manufacturing_headcount_share,,False,0.16843116862027246,0.14122581079885432,0.16666306674896197,0.17288297923622803
tid_2137,69,manufacturing_headcount_share,,False,0.152824855014625,0.12243526598370424,0.14481966010531144,0.1545263529132724
tid_2138,69,manufacturing_headcount_share,,False,0.12122747810691921,0.1373382719295394,0.10750541849437945,0.11224286695483573
tid_2139,69,manufacturing_headcount_share,,False,0.17844860608796118,0.19064039378711303,0.16132293275498288,0.17297180138837587
tid_2140,69,manufacturing_headcount_share,,False,0.11109286264983745,0.1763815167879955,0.127547558574404,0.12787550343992715
tid_2142,69,manufacturing_headcount_share,0.2979460529571888,True,0.10516549767002793,0.11408582859955758,0.13935230306294644,0.12028546429731919
tid_2143,69,manufacturing_headcount_share,,False,0.11006918947705019,0.13011571686161977,0.10110872812326926,0.11651687285397375
tid_2710,69,manufacturing_headcount_share,0.2039181541140618,True,0.21274695984438827,0.331416527235564,0.22678268443976835,0.2969653541465293
tid_2883,69,manufacturing_headcount_share,0.2119770533090807,True,0.18439824069396268,0.2443884111278288,0.195613770053305,0.2571681665429854
tid_2884,69,manufacturing_headcount_share,0.2663279031534897,True,0.18850696842678863,0.2358542781829737,0.1909636316683179,0.15858201345613662
tid_2101,69,agriculture_headcount_share,0.0026242667489966,True,0.008651917181570585,0.014557033537134431,0.008838807381838249,0.007446140612839032
tid_2105,69,agriculture_headcount_share,0.0224864864864864,True,0.09342915371357575,0.03494571254414137,0.09177578050671224,0.09353659147217583
tid_2108,69,agriculture_headcount_share,,False,0.05605492582454602,0.03942581775897925,0.06302750759596029,0.06424875769733115
tid_2109,69,agriculture_headcount_share,,False,0.048959657146196205,0.029051829496234353,0.06490005887889218,0.061700705674012084
tid_2110,69,agriculture_headcount_share,,False,0.14302318914794393,0.16526792261082515,0.1422575242415413,0.12010749550071116
tid_2111,69,agriculture_headcount_share,0.1961259079903147,True,0.11660603752131964,0.061297922477627505,0.14244238432282433,0.11127647980623412
tid_2112,69,agriculture_headcount_share,,False,0.1095078933759612,0.16060132531862245,0.10317154303693755,0.12138572764578544
tid_2113,69,agriculture_headcount_share,,False,0.06704281277527475,0.12039307000651994,0.08377195513503757,0.06890845945543321
tid_2114,69,agriculture_headcount_share,0.0903454384410983,True,0.14006486592704936,0.1751181704923655,0.13428629417714266,0.13216484124144037
tid_2116,69,agriculture_headcount_share,,False,0.13018616384055548,0.18867630325222032,0.13161935486327989,0.1493371933347597
tid_2117,69,agriculture_headcount_share,0.0341130604288499,True,0.1439491837116461,0.17758542659683543,0.12048979297471502,0.1610830783276396
tid_2118,69,agriculture_headcount_share,0.0881374722838137,True,0.11559965506971095,0.13752888514066663,0.1064095688765766,0.14107956348986006
tid_2119,69,agriculture_headcount_share,0.1004848369616883,True,0.05436133071677842,0.06297592378563956,0.04978268382042731,0.05192469637585604
tid_2120,69,agriculture_headcount_share,,False,0.07685711290689853,0.11160825237297138,0.09261531924079387,0.08204889688365977
tid_2121,69,agriculture_headcount_share,0.0133185349611542,True,0.08788943646912842,0.06810788697467102,0.09252300002611456,0.0839685767560428
tid_2122,69,agriculture_headcount_share,,False,0.0527622503435864,0.04752459729717621,0.06040308060379532,0.05890114785498538
tid_2124,69,agriculture_headcount_share,0.0717877094972067,True,0.07484639459816363,0.060833009353480176,0.07160242914181482,0.08052539809682889
tid_2125,69,agriculture_headcount_share,,False,0.14795788709585367,0.1734880196003693,0.12483948951033502,0.15154125249833492
tid_2126,69,agriculture_headcount_share,,False,0.04310621177838031,0.13332614495299994,0.0667894690381486,0.052502295105465065
tid_2127,69,agriculture_headcount_share,,False,0.12157516241447858,0.1825784948511307,0.12218617613935136,0.12931328311192258
tid_2128,69,agriculture_headcount_share,,False,0.09132667389539814,0.10871509880678304,0.10543426576689476,0.12053010259643061
tid_2129,69,agriculture_headcount_share,,False,0.17654504540795074,0.16194477942703028,0.1526599329083069,0.1908241574643471
tid_2130,69,agriculture_headcount_share,,False,0.21343155499016087,0.17893283760750778,0.2043823940744573,0.18540849662473757
tid_2131,69,agriculture_headcount_share,,False,0.0999709427848775,0.05696264251893862,0.1143381078520124,0.09916047975332284
tid_2132,69,agriculture_headcount_share,0.0276967930029154,True,0.11814485895130078,0.17441625815752537,0.12021263544121434,0.12437600714689599
tid_2133,69,agriculture_headcount_share,,False,0.10418917139849854,0.14199897729195038,0.10142781891264073,0.1004285665055339
tid_2134,69,agriculture_headcount_share,,False,0.13154922845762285,0.18916193677105464,0.1265134077814901,0.1319717254458642
tid_2136,69,agriculture_headcount_share,,False,0.1127596716756708,0.11341528733548882,0.09907613687315747,0.11299036402372092
tid_2137,69,agriculture_headcount_share,,False,0.16421365710952449,0.16648255867070647,0.14917904845921662,0.17075515001671224
tid_2138,69,agriculture_headcount_share,,False,0.15043462926090242,0.1618815956126446,0.14867427377147968,0.13739153876754737
tid_2139,69,agriculture_headcount_share,,False,0.16122919398239738,0.15057536781023478,0.12225945835257812,0.15833982086623302
tid_2140,69,agriculture_headcount_share,0.0046829971181556,True,0.12662924779074367,0.1352650289879967,0.125866303325612,0.13147365035863723
tid_2142,69,agriculture_headcount_share,,False,0.12655979754500882,0.15196249036613807,0.13889817013724848,0.13461645669084168
tid_2143,69,agriculture_headcount_share,,False,0.11392477893091024,0.16478483776658714,0.1226973306560338,0.13166769899529684
tid_2710,69,agriculture_headcount_share,0.020026121027427,True,0.05561748963129175,0.04075005333682131,0.05431795370630348,0.0651479694811297
tid_2883,69,agriculture_headcount_share,,False,0.10802046943677249,0.08082408037364439,0.0971683871141112,0.09369063708868512
tid_2884,69,agriculture_headcount_share,0.0561948886564041,True,0.10807399858709485,0.09234713348982032,0.10192824524462178,0.11208869987070133
tid_2101,69,public_administration_education_health_headcount_share,0.3583153236595657,True,0.3524658464790521,0.33194802397915163,0.34683865059588914,0.3497883929869044
tid_2105,69,public_administration_education_health_headcount_share,,False,0.42230568933424284,0.3814469561272647,0.3871489745628963,0.40930236786560203
tid_2108,69,public_administration_education_health_headcount_share,0.3587521663778163,True,0.41142845615306417,0.3687486289673679,0.38769825466886265,0.3477581755263432
tid_2109,69,public_administration_education_health_headcount_share,0.2416430891753117,True,0.3677794330208014,0.2686078282057969,0.3241632396331804,0.3283691027651917
tid_2110,69,public_administration_education_health_headcount_share,0.5755879059350504,True,0.6113138033483576,0.5118100931543036,0.5252037724687649,0.5777961623879891
tid_2111,69,public_administration_education_health_headcount_share,0.4181295399515738,True,0.4466448032954195,0.3489188201277606,0.4154209897794111,0.43052417412324084
tid_2112,69,public_administration_education_health_headcount_share,0.6865671641791045,True,0.6175165564016146,0.5556837288484553,0.6337464248280948,0.6195261312957518
tid_2113,69,public_administration_education_health_headcount_share,0.3253326700659122,True,0.4697584161753289,0.40231064646220804,0.4363156195843451,0.4498090216859469
tid_2114,69,public_administration_education_health_headcount_share,0.6439326837909655,True,0.6205126657322042,0.5414045521126778,0.6149811995533868,0.6271821985415656
tid_2116,69,public_administration_education_health_headcount_share,0.5866666666666667,True,0.613003379281746,0.6220215500107907,0.6227411517509293,0.6148911247415315
tid_2117,69,public_administration_education_health_headcount_share,0.615009746588694,True,0.5884311394211369,0.5482315840858565,0.5481084082524132,0.5685033472392541
tid_2118,69,public_administration_education_health_headcount_share,0.5620842572062085,True,0.5912378320698166,0.47688255499465443,0.5340810981982248,0.535442916582407
tid_2119,69,public_administration_education_health_headcount_share,0.278733719935355,True,0.3531564385729941,0.35761039229673997,0.37047559876458125,0.34368327065796034
tid_2120,69,public_administration_education_health_headcount_share,0.5848329048843187,True,0.4853424853361327,0.49690881701330747,0.4388277679817045,0.467565930373457
tid_2121,69,public_administration_education_health_headcount_share,0.4805771365149833,True,0.41412473149857115,0.41555413623179754,0.37021047659079404,0.3955329411912659
tid_2122,69,public_administration_education_health_headcount_share,0.0906871294035577,True,0.5555539515556542,0.578997840864486,0.5382295665309506,0.5365126654908626
tid_2124,69,public_administration_education_health_headcount_share,0.3349860335195531,True,0.3271394465713782,0.31108228359390044,0.32774949027134925,0.28961607635467823
tid_2125,69,public_administration_education_health_headcount_share,0.6512509476876421,True,0.602540822657184,0.5899377189503496,0.5883255855465145,0.5976247991327723
tid_2126,69,public_administration_education_health_headcount_share,0.4080578512396694,True,0.566317311692682,0.4738423684907281,0.504032648936754,0.5411579240657629
tid_2127,69,public_administration_education_health_headcount_share,0.7298747763864043,True,0.6340793636544966,0.6018715788794062,0.6344106538113988,0.6267689403068559
tid_2128,69,public_administration_education_health_headcount_share,0.415167865707434,True,0.505294087453064,0.517325705578976,0.5231280747665548,0.49103929091341986
tid_2129,69,public_administration_education_health_headcount_share,0.6617543859649123,True,0.5829425517914416,0.5236640312397157,0.511131939233808,0.5141825375716507
tid_2130,69,public_administration_education_health_headcount_share,0.7270833333333333,True,0.6092404363699228,0.6521843046704041,0.591040361722013,0.590733530425996
tid_2131,69,public_administration_education_health_headcount_share,0.5154614652711703,True,0.41412473149857115,0.3526745845415057,0.37288430019331126,0.3965782623898835
tid_2132,69,public_administration_education_health_headcount_share,0.6005830903790087,True,0.5745363737571555,0.5452677394367645,0.5774558389656341,0.5621153841703522
tid_2133,69,public_administration_education_health_headcount_share,0.7016348773841962,True,0.517519048509044,0.4914145652636336,0.5187058046518029,0.531382224013233
tid_2134,69,public_administration_education_health_headcount_share,0.6644573322286661,True,0.5645150387086441,0.5103566267688744,0.5515418710381722,0.5447725267747927
tid_2136,69,public_administration_education_health_headcount_share,0.7426229508196721,True,0.6253579805379894,0.6167849954075687,0.637638742301118,0.6273894337485614
tid_2137,69,public_administration_education_health_headcount_share,0.6044520547945206,True,0.610831497802916,0.5924288996612685,0.5985619863895281,0.6107094392173987
tid_2138,69,public_administration_education_health_headcount_share,0.5523704520396913,True,0.5762888702068976,0.6049511629817791,0.5892511089845918,0.5839651547961676
tid_2139,69,public_administration_education_health_headcount_share,0.6568712186689715,True,0.5666361650601546,0.5789707503257704,0.5631463657648879,0.5854670175596175
tid_2140,69,public_administration_education_health_headcount_share,0.4834293948126801,True,0.5417673967886389,0.5118153650130273,0.5282398081393639,0.5017038334451149
tid_2142,69,public_administration_education_health_headcount_share,0.5167037861915368,True,0.5216808665804444,0.5638851246843702,0.4688662114629563,0.49755453731362254
tid_2143,69,public_administration_education_health_headcount_share,0.7314356435643564,True,0.584671079405619,0.5775715032468824,0.5758690706888687,0.5784555350875146
tid_2710,69,public_administration_education_health_headcount_share,0.4497170222028733,True,0.3946293011585966,0.3837544000826327,0.3809870726368178,0.36504638085768465
tid_2883,69,public_administration_education_health_headcount_share,0.476423674268924,True,0.38995186758772066,0.3632538765765344,0.3728582597694512,0.3634977441386778
tid_2884,69,public_administration_education_health_headcount_share,0.3653415035121805,True,0.418503189829479,0.38365519672187487,0.3872992768207192,0.4242871343195159
tid_2144,70,manufacturing_headcount_share,0.1588140795993634,True,0.154980110973916,0.1774928144448844,0.16438321411711287,0.17999953724253878
tid_2145,70,manufacturing_headcount_share,,False,0.2503116632028327,0.20807062635187415,0.2655945314481287,0.25628998427243144
tid_2146,70,manufacturing_headcount_share,0.0971059048022898,True,0.1250593809729746,0.2156712754724093,0.13079265970628307,0.13145692293850256
tid_2148,70,manufacturing_headcount_share,0.038335809806835,True,0.20092961526860398,0.12868807376380223,0.19465112491059514,0.2023113464989985
tid_2149,70,manufacturing_headcount_share,0.1341661258922777,True,0.1937982814105281,0.13176530855184285,0.22524959876601527,0.19727993012829637
tid_2150,70,manufacturing_headcount_share,,False,0.1983800269886886,0.1687417893106296,0.22460121161823518,0.20558736195649505
tid_2151,70,manufacturing_headcount_share,,False,0.18623024495431595,0.18479619296993216,0.19361125088097328,0.19648817253096187
tid_2152,70,manufacturing_headcount_share,,False,0.16507070632037305,0.12132096131828915,0.17849480588732244,0.17254049328055565
tid_2153,70,manufacturing_headcount_share,0.0629901960784313,True,0.08575411682951209,0.11103361556027319,0.1263621207006591,0.09645102772077843
tid_2154,70,manufacturing_headcount_share,0.0686732904734073,True,0.1295929700551111,0.08767257759185622,0.11405335958311681,0.1015733764349508
tid_2155,70,manufacturing_headcount_share,,False,0.1693352444706136,0.11006610515165836,0.1853088932968515,0.14672089497470653
tid_2156,70,manufacturing_headcount_share,,False,0.18170897730920713,0.1318907795191719,0.19374667572421556,0.1948344162563905
tid_2157,70,manufacturing_headcount_share,,False,0.18035537216679268,0.1397274688986572,0.19728283460324603,0.1939691350147348
tid_2158,70,manufacturing_headcount_share,0.0366215770372814,True,0.158167993622956,0.26838227292971917,0.17687317110788106,0.17282445809121555
tid_2159,70,manufacturing_headcount_share,0.0102676934360102,True,0.1541204649722497,0.09117423096274727,0.13363635238899654,0.1493794801571933
tid_2160,70,manufacturing_headcount_share,,False,0.13626352401541106,0.13626805477542084,0.14123195329052807,0.13411757502207514
tid_2161,70,manufacturing_headcount_share,,False,0.21156369612452783,0.17402829612836718,0.2025661751183814,0.22667571377343312
tid_2162,70,manufacturing_headcount_share,,False,0.23757177500287352,0.2112608873233901,0.24774675488022155,0.24901296648607982
tid_2163,70,manufacturing_headcount_share,,False,0.1559928459464169,0.11856401523757822,0.1591549336431045,0.17550574395826352
tid_2144,70,agriculture_headcount_share,0.0039369781806937,True,0.011408797014206776,0.013315095482254317,0.010461403810560915,0.011231559954471846
tid_2145,70,agriculture_headcount_share,,False,0.08133131405038342,0.10688001816821288,0.09007094935586982,0.09340780420421274
tid_2146,70,agriculture_headcount_share,,False,0.06043311459180899,0.022084834508141783,0.05874151337187092,0.06048037214293048
tid_2148,70,agriculture_headcount_share,,False,0.06247127299042425,0.026487397653503213,0.052049741635615904,0.04553552698169463
tid_2149,70,agriculture_headcount_share,0.0399091499026606,True,0.09965434247695518,0.1074124366137504,0.10235763713734922,0.10083766247449431
tid_2150,70,agriculture_headcount_share,,False,0.11360260209458761,0.13678225873546251,0.11603249880685516,0.11881401133372185
tid_2151,70,agriculture_headcount_share,,False,0.04715598996862512,0.1097421611326978,0.05988454569420145,0.0643529355142688
tid_2152,70,agriculture_headcount_share,0.0890868596881959,True,0.18241916092848648,0.13257683371844456,0.1788326255835237,0.16764208571327602
tid_2153,70,agriculture_headcount_share,,False,0.06255008996025796,0.08394426700241886,0.07804354769848702,0.07244855441767485
tid_2154,70,agriculture_headcount_share,0.1864406779661017,True,0.11644681119239303,0.167871661943034,0.11781727971087361,0.10660655655014797
tid_2155,70,agriculture_headcount_share,,False,0.062130250511130226,0.10971635560927923,0.07906445285968804,0.07744115996107631
tid_2156,70,agriculture_headcount_share,0.1167681239623685,True,0.11768831985470041,0.10825883277074161,0.11416954850804178,0.13326317011157554
tid_2157,70,agriculture_headcount_share,0.0073855243722304,True,0.09977853869248465,0.12180785271344945,0.10359228264737173,0.10930068532526518
tid_2158,70,agriculture_headcount_share,,False,0.06943118552893218,0.10109542902172883,0.08045461853017458,0.0742401337708727
tid_2159,70,agriculture_headcount_share,0.3168316831683168,True,0.14824105022647802,0.1250834652572975,0.1412886258674563,0.1438567387316412
tid_2160,70,agriculture_headcount_share,0.3676572218382861,True,0.17994673219543855,0.18129871345198587,0.21305974685995346,0.21357453971410845
tid_2161,70,agriculture_headcount_share,0.2334330910645575,True,0.04397846494048062,0.044274614790869325,0.04329822039038083,0.04221974574936789
tid_2162,70,agriculture_headcount_share,,False,0.11624231816558105,0.1271471200199019,0.1196133895240964,0.12392984087061981
tid_2163,70,agriculture_headcount_share,0.0615690168818272,True,0.09464539781175561,0.13471153286071394,0.08935272678670021,0.08095790367051783
tid_2144,70,public_administration_education_health_headcount_share,0.4197633287829307,True,0.3507789243667352,0.32918946216705497,0.34632971556824166,0.3482638818509992
tid_2145,70,public_administration_education_health_headcount_share,,False,0.5228420593716507,0.4607209493867846,0.5135069659213887,0.5065772178588813
tid_2146,70,public_administration_education_health_headcount_share,0.2989504929502809,True,0.4066500121718645,0.2750204186240165,0.40741022662781434,0.3670978710348353
tid_2148,70,public_administration_education_health_headcount_share,0.2481426448736998,True,0.33144097331069766,0.23352950996627692,0.32504667832008033,0.3493653525497614
tid_2149,70,public_administration_education_health_headcount_share,0.4923750811161583,True,0.45139407840988016,0.4742015741556897,0.4276464463892975,0.4374206878867706
tid_2150,70,public_administration_education_health_headcount_share,0.8015513897866839,True,0.5677694463257311,0.5833234997931963,0.5541118632549363,0.5660684241042725
tid_2151,70,public_administration_education_health_headcount_share,,False,0.5653154529400595,0.4465313659094902,0.5491732334158049,0.5596800906337803
tid_2152,70,public_administration_education_health_headcount_share,0.6737193763919822,True,0.5915986605250336,0.5805360694493172,0.5639615392666738,0.5847552066901368
tid_2153,70,public_administration_education_health_headcount_share,0.252328431372549,True,0.4871515934255996,0.3798166876849498,0.46659843713610644,0.4944339238349584
tid_2154,70,public_administration_education_health_headcount_share,,False,0.5311110378004621,0.560192583225804,0.5462944486289333,0.5502102428424701
tid_2155,70,public_administration_education_health_headcount_share,0.6367891816920943,True,0.4503659087893286,0.42022403704908845,0.4292582069186678,0.4449623078804942
tid_2156,70,public_administration_education_health_headcount_share,,False,0.5691151415446147,0.5809354001253834,0.5618395907828506,0.5539808977974998
tid_2157,70,public_administration_education_health_headcount_share,0.776464795667159,True,0.5534644491101144,0.5329178173990309,0.5484440474261837,0.5420644087334634
tid_2158,70,public_administration_education_health_headcount_share,0.2302870339821841,True,0.47707009064516104,0.3791374307395147,0.4674717431320056,0.49555237079486003
tid_2159,70,public_administration_education_health_headcount_share,,False,0.5209872231786136,0.5596994523097939,0.5185850140240671,0.5262399765199824
tid_2160,70,public_administration_education_health_headcount_share,,False,0.5593252147978235,0.5406970311817013,0.5823163944217894,0.552520488566472
tid_2161,70,public_administration_education_health_headcount_share,0.384138520735357,True,0.30286203535672784,0.3198545623407486,0.3196284231967718,0.313806515427585
tid_2162,70,public_administration_education_health_headcount_share,0.8071748878923767,True,0.542262820363341,0.5255367478477361,0.511136896141714,0.5159213432900439
tid_2163,70,public_administration_education_health_headcount_share,0.7295597484276729,True,0.5385318307358098,0.5322999783372239,0.5251044857944898,0.5307085824767565
tid_2164,71,manufacturing_headcount_share,0.3090360122350343,True,0.23083614753468543,0.25648346623076085,0.22210280820272024,0.23228370899822315
tid_2165,71,manufacturing_headcount_share,0.3281432814328143,True,0.20978671604802523,0.3209010185917954,0.22454095292371123,0.2677584114828078
tid_2167,71,manufacturing_headcount_share,0.4150559511698881,True,0.28088737280632603,0.326508395479979,0.30189055941847404,0.2972889556918048
tid_2168,71,manufacturing_headcount_share,0.3012368300503893,True,0.27736909564197637,0.31753736374100916,0.27942444751515405,0.3118856918502515
tid_2169,71,manufacturing_headcount_share,0.2941952506596306,True,0.3190488791489197,0.3685108668840457,0.3323746527933975,0.31890387608604975
tid_2171,71,manufacturing_headcount_share,,False,0.16934997553162282,0.1650558452698969,0.17229341755607247,0.18617782295619925
tid_2172,71,manufacturing_headcount_share,0.2598455598455598,True,0.13721091237380573,0.161211685625905,0.18273209708728944,0.1663190765446474
tid_2173,71,manufacturing_headcount_share,0.2436410402972277,True,0.22293660806553883,0.27979647965404997,0.26777556515838874,0.2570605392549892
tid_2174,71,manufacturing_headcount_share,0.1640513552068473,True,0.17458913274597335,0.1959809926358788,0.20681940785684969,0.16173472827387003
tid_2175,71,manufacturing_headcount_share,,False,0.14155397802897773,0.17189100799532392,0.16164728334476072,0.14547730889078203
tid_2176,71,manufacturing_headcount_share,0.1658607350096712,True,0.17609481693129708,0.2540204674953393,0.17729698976824543,0.1687104434845757
tid_2177,71,manufacturing_headcount_share,,False,0.12410187359856233,0.17126536824735772,0.13137941024960917,0.13662883153912161
tid_2178,71,manufacturing_headcount_share,,False,0.11773388673597772,0.21119050209872833,0.11073113548267863,0.12053005297972029
tid_2179,71,manufacturing_headcount_share,0.382283961753563,True,0.1787336174855084,0.15403955356835938,0.2010117700647961,0.1987019005295903
tid_2180,71,manufacturing_headcount_share,0.256677796327212,True,0.20636308006126147,0.3178446733797907,0.2153913885772282,0.251714023250787
tid_2181,71,manufacturing_headcount_share,,False,0.16047814531119817,0.15620730893069182,0.17649623175641282,0.16719655590745186
tid_2182,71,manufacturing_headcount_share,,False,0.11243047151997364,0.22914659573783655,0.1624042464145733,0.15156999766797954
tid_2183,71,manufacturing_headcount_share,0.1813768755516328,True,0.1479003893785722,0.21503887067352745,0.1785009943281994,0.1514799806148202
tid_2184,71,manufacturing_headcount_share,,False,0.19663899629615153,0.19619369514233956,0.21213417146600258,0.2029554316731415
tid_2185,71,manufacturing_headcount_share,,False,0.09881476040694216,0.19767471584880178,0.1572240819633718,0.13561867226780897
tid_2186,71,manufacturing_headcount_share,0.4712552096101985,True,0.23676974287218375,0.3133964042377613,0.24563414773125233,0.31431494207877875
tid_2187,71,manufacturing_headcount_share,,False,0.06988973773964902,0.15656146732311305,0.10899300083242833,0.08271772069932759
tid_2188,71,manufacturing_headcount_share,0.3208400646203554,True,0.2641013242602608,0.3511921757039264,0.2557095895024726,0.32674554882103174
tid_2189,71,manufacturing_headcount_share,0.3908551329962629,True,0.11308704983521163,0.17025153617287475,0.1586396978334247,0.1309816123115076
tid_2164,71,agriculture_headcount_share,0.0048331765461376,True,0.01716661406837594,0.009711276279770037,0.019755640955357773,0.021905755666446893
tid_2165,71,agriculture_headcount_share,,False,0.028708248072344525,0.0493124661520567,0.027438415305275052,0.019242456727403583
tid_2167,71,agriculture_headcount_share,,False,0.0473488337594801,0.05377375191004049,0.04314944625416874,0.04105134787592505
tid_2168,71,agriculture_headcount_share,0.0622995877233165,True,0.05461086142474731,0.06089101330412063,0.05395220854973068,0.04674446302662442
tid_2169,71,agriculture_headcount_share,0.0243217644273053,True,0.02044353193443179,0.016909494826357074,0.019238276236510365,0.01872496348820779
tid_2171,71,agriculture_headcount_share,,False,0.12660803770460163,0.13236958325191064,0.14047390167395976,0.13876093472355272
tid_2172,71,agriculture_headcount_share,0.0355212355212355,True,0.0990538052064502,0.09071561674836207,0.10487456121365288,0.1047128806296982
tid_2173,71,agriculture_headcount_share,0.0325807373535295,True,0.044192340926588594,0.08121237312333304,0.04993016247598929,0.04458345131601704
tid_2174,71,agriculture_headcount_share,0.018830242510699,True,0.054744748850718915,0.06522677138457117,0.05974861374168645,0.0692133830918713
tid_2175,71,agriculture_headcount_share,0.3041305796135909,True,0.13609662255494542,0.1434259062493396,0.14132586405719208,0.13735694722840275
tid_2176,71,agriculture_headcount_share,,False,0.1127511267960761,0.055138299120302554,0.13033121367263992,0.11975283964646449
tid_2177,71,agriculture_headcount_share,0.0686026936026936,True,0.058047095752016074,0.07073093815825114,0.06577394317380003,0.06292461977087929
tid_2178,71,agriculture_headcount_share,0.2756706753006475,True,0.20574508138293993,0.1966177787066126,0.2259382743450326,0.20622093861975435
tid_2179,71,agriculture_headcount_share,,False,0.06381115686871812,0.07609776673992352,0.07240570669756997,0.06509952705641824
tid_2180,71,agriculture_headcount_share,0.0425709515859766,True,0.043975598230521974,0.03281158252643392,0.048599123144922006,0.04686630012041262
tid_2181,71,agriculture_headcount_share,0.2260772243984331,True,0.1476607509217273,0.18940000413728564,0.1424166766107574,0.14568493747395572
tid_2182,71,agriculture_headcount_share,,False,0.09367395459222885,0.1229485985052743,0.09912415697113923,0.10447763214117567
tid_2183,71,agriculture_headcount_share,0.1959399823477493,True,0.08198441988137352,0.09851371187512999,0.0808654094072265,0.08092932871342097
tid_2184,71,agriculture_headcount_share,,False,0.08017305754618677,0.11430873787717366,0.09102257152937791,0.08570128494964757
tid_2185,71,agriculture_headcount_share,,False,0.13554973348938562,0.16311678014855577,0.13797194276366956,0.1305787327090221
tid_2186,71,agriculture_headcount_share,0.0512993380730571,True,0.03516925220410721,0.04775419216709516,0.032979927484025624,0.03278622201361961
tid_2187,71,agriculture_headcount_share,0.2060383516931864,True,0.07133072699647905,0.0639014895944558,0.08403365754372155,0.07144831222452996
tid_2188,71,agriculture_headcount_share,0.0643511039310716,True,0.032054597360889225,0.039757666956316474,0.029159063414386375,0.035184236645433895
tid_2189,71,agriculture_headcount_share,0.117388437019125,True,0.1021172547548037,0.06763509405490825,0.0977888742170803,0.10048601886239543
tid_2164,71,public_administration_education_health_headcount_share,0.2929423229666015,True,0.38369839554200913,0.34872792626791366,0.37749039651841254,0.38598196645605193
tid_2165,71,public_administration_education_health_headcount_share,0.1813968139681396,True,0.37237851557806056,0.3001267776030913,0.37155866948221217,0.3567104808681822
tid_2167,71,public_administration_education_health_headcount_share,0.3835198372329603,True,0.3704410189042892,0.3491931753800275,0.3674985175243784,0.3528415486534033
tid_2168,71,public_administration_education_health_headcount_share,0.3684837379752634,True,0.3756197097241934,0.4067005033024012,0.38734525896139993,0.38060934592399753
tid_2169,71,public_administration_education_health_headcount_share,0.3216291184628915,True,0.3265168551649699,0.3141973729719859,0.3199549028538181,0.32421143135671543
tid_2171,71,public_administration_education_health_headcount_share,0.6654088050314465,True,0.5668650851082156,0.5067329688498843,0.5121537478713829,0.5424724098791294
tid_2172,71,public_administration_education_health_headcount_share,0.555984555984556,True,0.4982029366870472,0.4831319012670281,0.4649242242220533,0.4731801642974499
tid_2173,71,public_administration_education_health_headcount_share,0.4142612174907116,True,0.41725341794191045,0.40175499333072834,0.3908230348662909,0.40117032869375957
tid_2174,71,public_administration_education_health_headcount_share,0.5406562054208274,True,0.436699489471687,0.45515876146495865,0.4061544267485345,0.43174154307730334
tid_2175,71,public_administration_education_health_headcount_share,0.2331778814123917,True,0.5289952579942666,0.49089349259902676,0.5044035613038963,0.4990047232222194
tid_2176,71,public_administration_education_health_headcount_share,0.4835589941972921,True,0.5433446921352181,0.4494306953448629,0.5114408482644861,0.5176969895666172
tid_2177,71,public_administration_education_health_headcount_share,0.54503367003367,True,0.40174016183705824,0.39302304739855415,0.37964734093185737,0.373688408604083
tid_2178,71,public_administration_education_health_headcount_share,0.5198889916743756,True,0.5761644128509381,0.5360653056577857,0.566155018364916,0.5712742942492353
tid_2179,71,public_administration_education_health_headcount_share,0.4383907631246617,True,0.4337004917060193,0.44608638791760363,0.42814298970384934,0.4447650789938142
tid_2180,71,public_administration_education_health_headcount_share,0.5383973288814691,True,0.42890926917579086,0.39459960861289756,0.422826136777784,0.41191954068354714
tid_2181,71,public_administration_education_health_headcount_share,0.3402350307778399,True,0.6102804272912878,0.6115915054093018,0.6026102168390854,0.5830364231254545
tid_2182,71,public_administration_education_health_headcount_share,0.6155447605829285,True,0.6140485107901347,0.48349498174994093,0.5281647117425822,0.5553648190158108
tid_2183,71,public_administration_education_health_headcount_share,0.3971756398940865,True,0.43960190574312336,0.414367719870122,0.40585803605119536,0.41715096391236994
tid_2184,71,public_administration_education_health_headcount_share,0.5338795394154119,True,0.44196409738834047,0.41842053965982323,0.4010279787706293,0.41631275148782065
tid_2185,71,public_administration_education_health_headcount_share,0.5796979865771812,True,0.6066799409038116,0.5701185725419582,0.5689539702052321,0.5554358519537567
tid_2186,71,public_administration_education_health_headcount_share,0.2676513851434175,True,0.3537491497100619,0.2886435857842917,0.355300787058189,0.3570496095310073
tid_2187,71,public_administration_education_health_headcount_share,0.518563851489188,True,0.481334128002288,0.5133881102314339,0.4661653061333593,0.4771789194616229
tid_2188,71,public_administration_education_health_headcount_share,0.3486806677436725,True,0.3428146439567147,0.2896506053421269,0.3436421114663111,0.32564016804233004
tid_2189,71,public_administration_education_health_headcount_share,0.3457902835788085,True,0.43614014576184423,0.4017223666712872,0.40858992813999295,0.4164845965586447
tid_2190,72,manufacturing_headcount_share,0.1235780912296667,True,0.20398576163865545,0.1525244043418422,0.2175327749502515,0.1790603481887563
tid_2191,72,manufacturing_headcount_share,0.1871489552909458,True,0.24702155918178045,0.12639929103607142,0.24442516612264817,0.2186703304186933
tid_2192,72,manufacturing_headcount_share,0.1064192646155945,True,0.31692995019104797,0.14813077614304024,0.32431676677187016,0.2651911581057822
tid_2193,72,manufacturing_headcount_share,0.1959015744916528,True,0.20894573378210876,0.1630394372225736,0.2032205701404387,0.2323314339697113
tid_2194,72,manufacturing_headcount_share,0.1103458601587064,True,0.18857981659391893,0.1442709223492906,0.19846927438052425,0.16826743764266747
tid_2201,72,manufacturing_headcount_share,,False,0.2041436015462865,0.164744641270603,0.175339484977711,0.19808281001970898
tid_2190,72,agriculture_headcount_share,0.0023556288628521,True,0.0086690170776592,0.008468332853094403,0.008639834819125034,0.009404456371166037
tid_2191,72,agriculture_headcount_share,0.1913053246461469,True,0.06423661940245401,0.051281624976024176,0.05660058884608886,0.0625956343488033
tid_2192,72,agriculture_headcount_share,0.0048434408895559,True,0.04914005016685974,0.07852327235740267,0.049430998383849505,0.045101693324128764
tid_2193,72,agriculture_headcount_share,0.0053801724820001,True,0.02090639794454999,0.041729162580567004,0.02228313331574457,0.027422838295496632
tid_2194,72,agriculture_headcount_share,,False,0.059427801329107584,0.05110621832058435,0.056695071981007435,0.056522712355438806
tid_2201,72,agriculture_headcount_share,0.3460610050471802,True,0.08974712244378116,0.07469021192148043,0.09280428444148561,0.09017479585148491
tid_2190,72,public_administration_education_health_headcount_share,0.3353382246995033,True,0.2549251370671238,0.29131055191594507,0.24644438244310302,0.25386413116584833
tid_2191,72,public_administration_education_health_headcount_share,0.4169849472028757,True,0.4138254120128241,0.47917288782775114,0.42653301862526805,0.45146910440575394
tid_2192,72,public_administration_education_health_headcount_share,0.3911590149396275,True,0.3389231076052333,0.42776045589163914,0.3351978416031925,0.3415817769709234
tid_2193,72,public_administration_education_health_headcount_share,0.3339267347100245,True,0.31376960576004387,0.3096215436298262,0.3123282162664079,0.31386555539417793
tid_2194,72,public_administration_education_health_headcount_share,0.4614463243000449,True,0.3836771472366729,0.49403428815556405,0.4136356929311424,0.43442987189018184
tid_2201,72,public_administration_education_health_headcount_share,0.412332675005486,True,0.47420045968408425,0.5341472455016756,0.500601534269484,0.46435417923429384
tid_2251,73,manufacturing_headcount_share,0.267310389822215,True,0.19601886010910136,0.20121590408544257,0.1809855869755363,0.2044253244817577
tid_2252,73,manufacturing_headcount_share,0.376659190351877,True,0.30395717121804666,0.3724998449758123,0.3059309250244469,0.3087272243383573
tid_2253,73,manufacturing_headcount_share,0.4316380449141347,True,0.22644695068280907,0.3002215155794953,0.23503327899430818,0.23141662667327442
tid_2254,73,manufacturing_headcount_share,,False,0.14198487216349845,0.11369599055665337,0.12872602640897315,0.13406838944468658
tid_2255,73,manufacturing_headcount_share,0.0480070469059678,True,0.13127114084732547,0.16680318547048956,0.1783266777359522,0.14236535569900452
tid_2256,73,manufacturing_headcount_share,,False,0.14623965858496657,0.12589574828614686,0.1501441875628434,0.140418998897137
tid_2257,73,manufacturing_headcount_share,0.0875826251180358,True,0.06164369157005941,0.08220087945631892,0.09641235717634332,0.07384291119871358
tid_2258,73,manufacturing_headcount_share,,False,0.09798549892671092,0.10932640917429705,0.12299760302978771,0.12278953150841339
tid_2259,73,manufacturing_headcount_share,,False,0.11659072772587939,0.13992016405609298,0.1297760397918119,0.12000397760744276
tid_2260,73,manufacturing_headcount_share,,False,0.09049525669067528,0.10479358568595835,0.07558061746828729,0.08744234205787133
tid_2262,73,manufacturing_headcount_share,,False,0.0883815181256438,0.06834623982289043,0.08489201779410595,0.11067517498265972
tid_2264,73,manufacturing_headcount_share,0.1397148676171079,True,0.06400044628692304,0.20504450590071718,0.09864905004376708,0.08498782985201897
tid_2265,73,manufacturing_headcount_share,,False,0.12650460312080375,0.198266087934608,0.15472610164798983,0.1265820767869279
tid_2266,73,manufacturing_headcount_share,,False,0.067975493945309,0.16576614374350532,0.11806333185127357,0.07915319286440753
tid_2267,73,manufacturing_headcount_share,0.1746542296558378,True,0.1593650844432607,0.209017310165423,0.1625210097373957,0.1558788959811449
tid_2268,73,manufacturing_headcount_share,,False,0.07720466740196028,0.0556138224588546,0.06813509025170698,0.08350111758518
tid_2269,73,manufacturing_headcount_share,,False,0.07592562714131065,0.07089144381502825,0.05649610369779437,0.0728363882021215
tid_2270,73,manufacturing_headcount_share,,False,0.04501275252331942,0.20584491271004923,0.10516814507115912,0.08197837054503923
tid_2271,73,manufacturing_headcount_share,0.0605493133583021,True,0.0631189885370446,0.08586952750110187,0.051196532545237906,0.06632637595425579
tid_2272,73,manufacturing_headcount_share,,False,0.20115765577967018,0.27468908501658557,0.2472627858820363,0.2148511271249293
tid_2274,73,manufacturing_headcount_share,0.2847167116330741,True,0.20902594415101305,0.18529727681350888,0.20598882565076113,0.22341172046518776
tid_2251,73,agriculture_headcount_share,0.0052585222639047,True,0.010618500816988275,0.02265162435585227,0.009797442053188561,0.012254964866698807
tid_2252,73,agriculture_headcount_share,,False,0.03114916704197229,0.028724695844402983,0.02944040262928031,0.02594487918588322
tid_2253,73,agriculture_headcount_share,,False,0.1422672524201566,0.08819570138770294,0.13286152723054662,0.1457857351169953
tid_2254,73,agriculture_headcount_share,,False,0.16914042427905776,0.2026030716917285,0.16756852881855866,0.172109465949128
tid_2255,73,agriculture_headcount_share,,False,0.12189536413619136,0.14156726045970952,0.11673122624359275,0.1252770790850211
tid_2256,73,agriculture_headcount_share,0.0895445134575569,True,0.14778293782388274,0.17812247989599625,0.15874714470350426,0.16639684577735855
tid_2257,73,agriculture_headcount_share,,False,0.17460211037485884,0.14410315661124248,0.17534361706144339,0.19583526623603303
tid_2258,73,agriculture_headcount_share,0.0203866432337434,True,0.1257367403861774,0.176428864162741,0.14164012135587378,0.14468228449913967
tid_2259,73,agriculture_headcount_share,0.0544711756695415,True,0.07663500250901172,0.11098387067445618,0.09197352358820522,0.09037882112964123
tid_2260,73,agriculture_headcount_share,,False,0.15328329337930494,0.16219363179496568,0.16171659680998995,0.14954043559305558
tid_2262,73,agriculture_headcount_share,,False,0.13709000696961562,0.16315524246843413,0.12694866007761516,0.1354320532917495
tid_2264,73,agriculture_headcount_share,,False,0.13759956667386053,0.14733526953655465,0.145096435046065,0.14488425327838783
tid_2265,73,agriculture_headcount_share,,False,0.2255554423276236,0.18289111521618817,0.233988757710102,0.22847358266793802
tid_2266,73,agriculture_headcount_share,,False,0.18466426422840726,0.22462693125319902,0.2000100122882706,0.1943912657415046
tid_2267,73,agriculture_headcount_share,,False,0.13509930770971743,0.15700446968588996,0.1374716696698426,0.13426087241809917
tid_2268,73,agriculture_headcount_share,,False,0.17273625792913636,0.1150241952177144,0.16943105354897672,0.19498055852125704
tid_2269,73,agriculture_headcount_share,,False,0.10667140954027882,0.14710738032577617,0.10958989686163084,0.11225270337743742
tid_2270,73,agriculture_headcount_share,0.079538554948391,True,0.16735139670612253,0.2156169912822987,0.17789572325301184,0.19556461201284311
tid_2271,73,agriculture_headcount_share,0.0199750312109862,True,0.11019436021299578,0.1451975784642055,0.10666040789415183,0.1037465220407366
tid_2272,73,agriculture_headcount_share,0.0283671586715867,True,0.14735587078121515,0.10529339325401835,0.1543567688872513,0.14174290521881744
tid_2274,73,agriculture_headcount_share,0.0769719092207586,True,0.15067543950311743,0.1597127957110706,0.15003480023684054,0.13069204435276985
tid_2251,73,public_administration_education_health_headcount_share,0.3706540531724025,True,0.36677391537550713,0.3751655782498156,0.362796186074855,0.3543345954129697
tid_2252,73,public_administration_education_health_headcount_share,0.3094091260065448,True,0.3389324900867304,0.3424920248670492,0.34101453002838855,0.33253705973423153
tid_2253,73,public_administration_education_health_headcount_share,0.3949801849405548,True,0.5012766417156282,0.4574564501831833,0.49249127188829633,0.5112840073501065
tid_2254,73,public_administration_education_health_headcount_share,0.7860422405876951,True,0.5544405315612647,0.611522878551868,0.5522564832435563,0.564241044057825
tid_2255,73,public_administration_education_health_headcount_share,0.6505175071570138,True,0.5168856017571588,0.49111037503860844,0.5230881595963143,0.5141327543096849
tid_2256,73,public_administration_education_health_headcount_share,0.6066252587991718,True,0.5623357143738951,0.5549999829798273,0.5567605127218977,0.5515222324939503
tid_2257,73,public_administration_education_health_headcount_share,0.6189801699716714,True,0.5129123960970686,0.5320756516706596,0.5133606927095287,0.5066696083959658
tid_2258,73,public_administration_education_health_headcount_share,0.675219683655536,True,0.6106749379760087,0.5803865784154062,0.5745971874313781,0.569757660812144
tid_2259,73,public_administration_education_health_headcount_share,0.6028143440762597,True,0.5710570967894569,0.5501876815285598,0.5669210708035379,0.5678231030727289
tid_2260,73,public_administration_education_health_headcount_share,0.6170525542080117,True,0.5573832669730953,0.5928694184518583,0.5612904027868779,0.5606122692101662
tid_2262,73,public_administration_education_health_headcount_share,0.5746591286997007,True,0.5851650146535087,0.588922183564965,0.587532515167153,0.5698771537105379
tid_2264,73,public_administration_education_health_headcount_share,0.3364562118126273,True,0.5286957366979868,0.5452904038253351,0.5299052883470557,0.5253458127365531
tid_2265,73,public_administration_education_health_headcount_share,0.5420258620689655,True,0.6030332997883529,0.5627933182300724,0.6145492374541655,0.6117331197254162
tid_2266,73,public_administration_education_health_headcount_share,0.6808,True,0.5820454055839458,0.6314324833602152,0.5785327095553023,0.6010093993976782
tid_2267,73,public_administration_education_health_headcount_share,0.4911547121260856,True,0.5422438482686062,0.5330712507089217,0.543771785875984,0.5401305924036491
tid_2268,73,public_administration_education_health_headcount_share,0.6721698113207547,True,0.6173925789181578,0.5847424423050254,0.6276644220403738,0.6221456158651637
tid_2269,73,public_administration_education_health_headcount_share,0.7930785868781542,True,0.577125501292454,0.5608792635336619,0.5626986161331664,0.5550963874744086
tid_2270,73,public_administration_education_health_headcount_share,0.6618093503339405,True,0.5539451978634946,0.49845709869616145,0.5083739559599282,0.50400961087338
tid_2271,73,public_administration_education_health_headcount_share,0.5955056179775281,True,0.5446142683329462,0.5785879232047664,0.5535854099505276,0.5412950511083406
tid_2272,73,public_administration_education_health_headcount_share,0.6166974169741697,True,0.4483512835268236,0.4419925465803861,0.44505680343979775,0.43812009253243045
tid_2274,73,public_administration_education_health_headcount_share,0.398349468338359,True,0.4559947132889867,0.44956693794628944,0.4507351974463934,0.4432667397843495
tid_2275,74,manufacturing_headcount_share,0.2927088318384612,True,0.23399113437174915,0.2767780230318403,0.2213418943117626,0.25725653997048803
tid_2276,74,manufacturing_headcount_share,0.2841219768664563,True,0.1505559436115924,0.21553950088862445,0.15165519851335418,0.15011866158125886
tid_2278,74,manufacturing_headcount_share,,False,0.22225348400781855,0.19553752196285817,0.24490322113772223,0.22685495564606808
tid_2279,74,manufacturing_headcount_share,0.3184713375796178,True,0.3714556619605598,0.3751390453950312,0.3836113515982964,0.35280925322855566
tid_2280,74,manufacturing_headcount_share,0.4058226274347286,True,0.21217492724765424,0.23340650422025422,0.21165982036731626,0.18432023529723765
tid_2281,74,manufacturing_headcount_share,0.362126063989928,True,0.3036018975145427,0.2504289563582069,0.21192179808037157,0.3064418530577508
tid_2282,74,manufacturing_headcount_share,0.4289123935381755,True,0.2608538439193209,0.31217211664293215,0.29043036806651623,0.2688636620475717
tid_2286,74,manufacturing_headcount_share,0.0979901592861312,True,0.32575443791415054,0.2656722057806231,0.30134001380921294,0.270195467062297
tid_2287,74,manufacturing_headcount_share,0.3622853368560105,True,0.26058772900113175,0.23944523042133467,0.24598616223219333,0.2608492696151444
tid_2288,74,manufacturing_headcount_share,0.3323140766626624,True,0.30778509225810835,0.3127565973780234,0.31346647496316066,0.27832915628021104
tid_2289,74,manufacturing_headcount_share,0.4634954443261153,True,0.18566521633190938,0.2687690843204879,0.17292862798400696,0.15434833245683288
tid_2292,74,manufacturing_headcount_share,0.1612517440701614,True,0.2094762089176139,0.17680544506563675,0.22400570653739374,0.19615054560237083
tid_2293,74,manufacturing_headcount_share,0.4727297895902547,True,0.2360230384251629,0.30693574655177297,0.25812521275388195,0.2618812975969067
tid_2294,74,manufacturing_headcount_share,,False,0.0896074022550243,0.10735394743850178,0.07994900182800949,0.09976669146330536
tid_2295,74,manufacturing_headcount_share,,False,0.17132871658959084,0.06020477659642349,0.10935947706671703,0.1582273981499239
tid_2296,74,manufacturing_headcount_share,0.0255485422302374,True,0.1493250811898006,0.08343386177721997,0.09628922041477357,0.18312061387917883
tid_2297,74,manufacturing_headcount_share,0.1199364575059571,True,0.11886886267870446,0.19227487881432617,0.12911184603579823,0.13018451497212494
tid_2298,74,manufacturing_headcount_share,0.1799111549851925,True,0.1665007193328554,0.12102746250620368,0.17281107326867381,0.15126730366750754
tid_2299,74,manufacturing_headcount_share,0.1099961895084465,True,0.12132100585087391,0.191272491022746,0.15477603974220017,0.14264403616428825
tid_2300,74,manufacturing_headcount_share,0.1496328636634253,True,0.11195439941963883,0.11455447252071464,0.1629964753518842,0.12038886167642487
tid_2301,74,manufacturing_headcount_share,0.2972215736633201,True,0.1462881936628325,0.168153361187332,0.17203713014941585,0.1464245888381947
tid_2302,74,manufacturing_headcount_share,,False,0.12116889273778371,0.14185173279271657,0.0972742132907603,0.11504629739139505
tid_2303,74,manufacturing_headcount_share,0.2060745401742497,True,0.22550111538635334,0.20422090995606165,0.22776011096872442,0.23362121821517867
tid_2304,74,manufacturing_headcount_share,0.203023758099352,True,0.13846551407140245,0.2303457101243042,0.14255234834254576,0.15036793818724095
tid_2305,74,manufacturing_headcount_share,,False,0.11557368819961483,0.07725038752856886,0.0681210300864454,0.13619765503214076
tid_2307,74,manufacturing_headcount_share,,False,0.0814590167880199,0.08075600149160347,0.09745291309037964,0.09947135938765334
tid_2308,74,manufacturing_headcount_share,,False,0.1323961456495145,0.16035007923655,0.15108930766179798,0.12574757961951732
tid_2309,74,manufacturing_headcount_share,,False,0.13691534021901208,0.1639184249195977,0.16358987884204707,0.1564779556107122
tid_2310,74,manufacturing_headcount_share,,False,0.17843539695408125,0.12890404285147827,0.09883823109881455,0.19344443487867144
tid_2311,74,manufacturing_headcount_share,0.3694809328163879,True,0.24118133034254088,0.3048840373368194,0.23184097472550913,0.31885708821369
tid_2312,74,manufacturing_headcount_share,0.272588480222068,True,0.2469918666038666,0.16754887684518807,0.1916767197850363,0.21393973243504613
tid_2314,74,manufacturing_headcount_share,0.1755458515283842,True,0.16864708515324914,0.15213596772663715,0.19872346646371894,0.1789172094733238
tid_2315,74,manufacturing_headcount_share,,False,0.086132004677094,0.15496006742521568,0.12847543338263762,0.09329783262688879
tid_2316,74,manufacturing_headcount_share,,False,0.14848539901491242,0.18577603872574922,0.16994131634963544,0.1512561866283108
tid_2317,74,manufacturing_headcount_share,,False,0.12544751997666598,0.08126718336992057,0.07885060139201637,0.13125370402696138
tid_3011,74,manufacturing_headcount_share,0.2564008778346744,True,0.3569070380256079,0.3629032356254136,0.377117889285636,0.36371807577031245
tid_3012,74,manufacturing_headcount_share,0.08046875,True,0.12535068604290217,0.12644556591659215,0.1493186413234126,0.12620161358222437
tid_2275,74,agriculture_headcount_share,0.002710838723621,True,0.01779835082530367,0.009936330588149625,0.017878405111945283,0.017919175467748218
tid_2276,74,agriculture_headcount_share,,False,0.07855726590748406,0.06826462725168522,0.08159978110451284,0.08497803618084766
tid_2278,74,agriculture_headcount_share,,False,0.13556996637588106,0.09231131086368582,0.12692300926238528,0.12778777389868054
tid_2279,74,agriculture_headcount_share,,False,0.015912153370060297,0.010187963532000388,0.012465086745709768,0.01385958204483148
tid_2280,74,agriculture_headcount_share,,False,0.03999728231846905,0.029514710430022545,0.03944076434344097,0.04480966978778732
tid_2281,74,agriculture_headcount_share,,False,0.011514641953778824,0.02023193727221025,0.013584066488510706,0.008899169151130329
tid_2282,74,agriculture_headcount_share,,False,0.016434342962778115,0.013331225803057352,0.02063653687144938,0.020124357386294693
tid_2286,74,agriculture_headcount_share,,False,0.039638220744676614,0.019549323978510474,0.037213381002411,0.03518491621128395
tid_2287,74,agriculture_headcount_share,,False,0.05885746288538498,0.07321566268278994,0.07525463372870289,0.07172849109492017
tid_2288,74,agriculture_headcount_share,0.0653052309708419,True,0.045777618801533394,0.04005336921760937,0.04647751816018863,0.05458675882303779
tid_2289,74,agriculture_headcount_share,,False,0.0310951049398178,0.03043944538964331,0.028770875788437747,0.029097934168923437
tid_2292,74,agriculture_headcount_share,0.1355391668327686,True,0.12607030823199494,0.10531261912123724,0.13187809680117007,0.12461069151256536
tid_2293,74,agriculture_headcount_share,,False,0.048921897375353296,0.0417112217950609,0.06162986739969906,0.055268555081745024
tid_2294,74,agriculture_headcount_share,0.1671826625386996,True,0.1352139643333201,0.12620651475596345,0.13299843560733662,0.12592222722164548
tid_2295,74,agriculture_headcount_share,,False,0.12891638700679495,0.13736766273145207,0.11827945528648465,0.14055159035418363
tid_2296,74,agriculture_headcount_share,0.0333633904418394,True,0.12424656416194818,0.12768807767701906,0.11298114062114288,0.13713520966870474
tid_2297,74,agriculture_headcount_share,0.2336775218427323,True,0.09781855631354959,0.08466519400367262,0.10080363146296424,0.10587089834779786
tid_2298,74,agriculture_headcount_share,0.1468410661401777,True,0.1268236369269872,0.12063765750423439,0.1229667012833056,0.1331226564061017
tid_2299,74,agriculture_headcount_share,,False,0.10038137958809487,0.08058712121647246,0.11217685414349718,0.10499088673873373
tid_2300,74,agriculture_headcount_share,,False,0.10852666105033285,0.14492085067530044,0.10973867202865538,0.10188115843784952
tid_2301,74,agriculture_headcount_share,,False,0.15001058928233407,0.15335600785027229,0.15731469790742078,0.15848207673550774
tid_2302,74,agriculture_headcount_share,,False,0.14176072533986842,0.12948682094944086,0.149748588961566,0.12813949506510713
tid_2303,74,agriculture_headcount_share,,False,0.09118207632082481,0.07951427235863978,0.09774492430434666,0.09364534512128037
tid_2304,74,agriculture_headcount_share,0.1191831926173178,True,0.08320975470160825,0.13029673427977956,0.08201535284941884,0.0971982230921821
tid_2305,74,agriculture_headcount_share,,False,0.1286970557666046,0.10671583136924347,0.12496563282488546,0.13813643883156734
tid_2307,74,agriculture_headcount_share,,False,0.15864128788463314,0.13737016250461315,0.16703051756668422,0.16859556872423365
tid_2308,74,agriculture_headcount_share,,False,0.16166747118705588,0.09112195023498394,0.1340707022441689,0.13986326260455775
tid_2309,74,agriculture_headcount_share,0.1522821576763485,True,0.12148889111341638,0.116425840149537,0.12232049187336592,0.12879575820234995
tid_2310,74,agriculture_headcount_share,,False,0.11548392684081411,0.10275276534069043,0.09635023506553661,0.12296950891883342
tid_2311,74,agriculture_headcount_share,,False,0.02953400120487883,0.033687066240466496,0.02728755141191668,0.026698236839062722
tid_2312,74,agriculture_headcount_share,0.0424011103400416,True,0.05657171460278454,0.08036126539082522,0.053574336057872415,0.058440816027510174
tid_2314,74,agriculture_headcount_share,0.1191266375545851,True,0.11498254363206878,0.19900078938140434,0.12414839212561929,0.13366745951863276
tid_2315,74,agriculture_headcount_share,0.0804916732751784,True,0.0937678373915666,0.07933628792276104,0.08836576303894503,0.10373099415332156
tid_2316,74,agriculture_headcount_share,0.365079365079365,True,0.1764831143056552,0.1771961287645975,0.1731000660540428,0.1817869307953152
tid_2317,74,agriculture_headcount_share,,False,0.10450893158851059,0.13325245917863723,0.11443601427817125,0.12462833156645144
tid_3011,74,agriculture_headcount_share,,False,0.012954178932973289,0.013920397341274579,0.00881851256452503,0.011543474081524946
tid_3012,74,agriculture_headcount_share,,False,0.13345465106899165,0.09418882009827724,0.1330568490665322,0.1311542053169774
tid_2275,74,public_administration_education_health_headcount_share,0.345702950121185,True,0.3622088450469104,0.35433509377541866,0.3622463403569202,0.3550732271159395
tid_2276,74,public_administration_education_health_headcount_share,0.4296529968454258,True,0.4709766590580328,0.44802584618883023,0.44979342256652655,0.46587764628151745
tid_2278,74,public_administration_education_health_headcount_share,0.3345430550973276,True,0.5388608284108999,0.4892063069054382,0.48631871454257153,0.5286957774245948
tid_2279,74,public_administration_education_health_headcount_share,0.3765682300714147,True,0.33509518124704735,0.32122565158249106,0.3278580543012921,0.3342497625899487
tid_2280,74,public_administration_education_health_headcount_share,0.3783671777869871,True,0.4221009357654352,0.3911344740202322,0.4393425880823407,0.4504224491210553
tid_2281,74,public_administration_education_health_headcount_share,0.242147229748839,True,0.35701301917644973,0.36014287380841103,0.36454366957421686,0.36833967319723415
tid_2282,74,public_administration_education_health_headcount_share,0.2885712132251338,True,0.32479693042023905,0.3174930938029218,0.31660215334862746,0.3145683707083039
tid_2286,74,public_administration_education_health_headcount_share,0.5283962972229171,True,0.4173401878165987,0.39730444526119507,0.41990892111311456,0.4401830731442501
tid_2287,74,public_administration_education_health_headcount_share,0.3281043593130779,True,0.46665571780571385,0.4142666089618182,0.41286406303142065,0.43441925115274277
tid_2288,74,public_administration_education_health_headcount_share,0.4077754723162607,True,0.3736323305275855,0.36631744163921576,0.3868234370964402,0.4026423952947243
tid_2289,74,public_administration_education_health_headcount_share,0.2861199858004969,True,0.4412934895970749,0.4316114153544,0.45897290364296955,0.47608436280025557
tid_2292,74,public_administration_education_health_headcount_share,0.608331672314132,True,0.4686566707476982,0.48631402738025387,0.4697792807678749,0.47973231704320446
tid_2293,74,public_administration_education_health_headcount_share,0.2688953488372093,True,0.4313518663045832,0.32808760122104597,0.429407033622888,0.4203892877176888
tid_2294,74,public_administration_education_health_headcount_share,0.6683436532507739,True,0.5425961868864481,0.6088880230919526,0.5606129945561508,0.5519898158339376
tid_2295,74,public_administration_education_health_headcount_share,0.3388034188034188,True,0.49086303150726596,0.501857315132372,0.5393272833278279,0.4778098656349486
tid_2296,74,public_administration_education_health_headcount_share,0.4699428914938383,True,0.4442090043698967,0.47081235748120104,0.46763099438056005,0.44973500247368836
tid_2297,74,public_administration_education_health_headcount_share,0.4452740270055599,True,0.45155756383400114,0.3870888539112389,0.45913679122995804,0.4629864415739421
tid_2298,74,public_administration_education_health_headcount_share,0.4580454096742349,True,0.48938138365092326,0.4869505047302379,0.4681104749945003,0.4718878512955429
tid_2299,74,public_administration_education_health_headcount_share,0.3639019433506922,True,0.4580716528450497,0.45098645510808627,0.45644372702243824,0.4614066055126372
tid_2300,74,public_administration_education_health_headcount_share,0.5280809684461203,True,0.44118091895141925,0.4371095219467644,0.4101438112097558,0.4255952032595375
tid_2301,74,public_administration_education_health_headcount_share,0.4749007704879757,True,0.510292630794029,0.4754707211543289,0.4824339951802633,0.476570885122864
tid_2302,74,public_administration_education_health_headcount_share,0.8991596638655462,True,0.5831562471375341,0.563048008876431,0.5775896718368789,0.5754860611172742
tid_2303,74,public_administration_education_health_headcount_share,0.4990319457889642,True,0.45854987833558825,0.36615958126529585,0.4510548251250901,0.4460595252994939
tid_2304,74,public_administration_education_health_headcount_share,0.5291576673866091,True,0.45060109475627175,0.46150036437369196,0.44882216684180326,0.4671304196461207
tid_2305,74,public_administration_education_health_headcount_share,0.5907016543069025,True,0.4680489961513799,0.5260466865283261,0.49293831657027565,0.49653039945201805
tid_2307,74,public_administration_education_health_headcount_share,0.5103011093502378,True,0.6099039312014346,0.5432209030329614,0.6257173813846967,0.6085431866937394
tid_2308,74,public_administration_education_health_headcount_share,0.6043228936921041,True,0.5417334412509589,0.5781820465214151,0.5476145068739715,0.5426146364733182
tid_2309,74,public_administration_education_health_headcount_share,0.6887966804979253,True,0.5913509294491263,0.5440918084307428,0.583324400936849,0.5749409563162192
tid_2310,74,public_administration_education_health_headcount_share,0.4040346907993967,True,0.44398167090245066,0.4100940718892352,0.5263334892541656,0.4149314448222882
tid_2311,74,public_administration_education_health_headcount_share,0.326138533649673,True,0.39981254341446093,0.3850360681129675,0.39738576239986934,0.37391719026158304
tid_2312,74,public_administration_education_health_headcount_share,0.2931297709923664,True,0.29902631773764177,0.3475928318494461,0.3156185679721042,0.3098387229964723
tid_2314,74,public_administration_education_health_headcount_share,0.4040174672489083,True,0.45937444051582826,0.44992914332205824,0.4535852395389732,0.4621112725137652
tid_2315,74,public_administration_education_health_headcount_share,0.7779540047581285,True,0.5601008942731995,0.5335667868490797,0.5522021043296015,0.5445497755132372
tid_2316,74,public_administration_education_health_headcount_share,0.4030784030784031,True,0.4321819318042025,0.4563877351901973,0.44381739334945636,0.4513554226671472
tid_2317,74,public_administration_education_health_headcount_share,0.7026496565260059,True,0.5486371604963222,0.5824310780282754,0.6287496990910538,0.5476169494634281
tid_3011,74,public_administration_education_health_headcount_share,0.3729700073152889,True,0.35570500093087487,0.3425958167962771,0.3663610107865554,0.3704379046667738
tid_3012,74,public_administration_education_health_headcount_share,0.71796875,True,0.5036884223209167,0.53654017123759,0.5056686517564495,0.5116310016152508
tid_574,75,manufacturing_headcount_share,,False,0.1960498569207336,0.15518553713747574,0.1679629264675518,0.22729063081741105
tid_578,75,manufacturing_headcount_share,,False,0.07476945762793602,0.13198649659154466,0.07196038379666289,0.09512437534936849
tid_579,75,manufacturing_headcount_share,0.023579344494223,True,0.22264248930823716,0.1260093666054331,0.2073038796807841,0.1325618321384418
tid_580,75,manufacturing_headcount_share,,False,0.11434004001737424,0.005836103250545068,0.1009314925127162,0.10080473123715097
tid_581,75,manufacturing_headcount_share,,False,0.1480865861863374,0.1251748822332205,0.13548732749368017,0.12772295562842056
tid_582,75,manufacturing_headcount_share,0.3031538296502896,True,0.10648349337098253,0.059063483692817074,0.09536979600043873,0.11104317185718904
tid_583,75,manufacturing_headcount_share,,False,0.13522548629686262,0.03701849351298804,0.09519583312192337,0.11852000764205675
tid_584,75,manufacturing_headcount_share,0.1295932678821879,True,0.1877705415062342,0.13314149475925324,0.11942007762471264,0.09141206835432783
tid_585,75,manufacturing_headcount_share,0.3599267945502609,True,0.1794698153785463,0.19863338155787139,0.1563229780180361,0.17589993099137727
tid_586,75,manufacturing_headcount_share,,False,0.12622064218101367,0.037076527751431644,0.08133684585171157,0.07110990777364304
tid_587,75,manufacturing_headcount_share,,False,0.21865336065181473,0.07103067448101372,0.17557035488415607,0.1725679074369768
tid_588,75,manufacturing_headcount_share,0.0600469641060047,True,0.11222795643508866,0.08314978601203721,0.12285380972353269,0.11878685584088844
tid_589,75,manufacturing_headcount_share,,False,0.20622487802357514,0.08066144774737997,0.09568027749111846,0.12428129362991477
tid_591,75,manufacturing_headcount_share,,False,0.18091751649275192,0.10386556024726522,0.07987370365183721,0.2073587424906364
tid_592,75,manufacturing_headcount_share,,False,0.16874441508886578,0.03396295027362174,0.11132097981919153,0.11458257934602252
tid_593,75,manufacturing_headcount_share,,False,0.09321902639586153,0.04861911482008672,0.04037576438423897,0.03044346342205765
tid_594,75,manufacturing_headcount_share,,False,0.18270106001955688,0.08218853161614119,0.09455494662091984,0.19930121725742353
tid_595,75,manufacturing_headcount_share,0.0053763440860215,True,0.14536798891470584,0.08883070563386167,0.06456863242135284,0.1391368851040252
tid_598,75,manufacturing_headcount_share,,False,0.0851745716768025,0.047676141329371126,0.036686891696851576,0.02561476479763855
tid_599,75,manufacturing_headcount_share,0.0500860585197934,True,0.1849324114114025,0.13085107910105276,0.1597042333799613,0.19950010405673077
tid_600,75,manufacturing_headcount_share,0.0542841937200638,True,0.15461349321020887,0.06927483282127352,0.08514662482796044,0.08721154145666901
tid_601,75,manufacturing_headcount_share,0.089475079533404,True,0.2427125227420027,0.1745479287475436,0.2462713175534183,0.12403485380841463
tid_602,75,manufacturing_headcount_share,,False,0.12538560468086485,0.02494169571085135,0.10382126165992885,0.11587646601841656
tid_603,75,manufacturing_headcount_share,,False,0.15174087795023178,0.128294846555982,0.0731171778514355,0.1637776888061767
tid_604,75,manufacturing_headcount_share,,False,0.20644192800744005,0.09849147642237402,0.20475784103525313,0.2018296800475352
tid_605,75,manufacturing_headcount_share,,False,0.20105364519180316,0.029519168038563474,0.09727833256886767,0.12695357933747106
tid_606,75,manufacturing_headcount_share,,False,0.12044793000890408,0.04808191153078156,0.04957878595138454,0.06202419159565015
tid_607,75,manufacturing_headcount_share,,False,0.19644211322385988,0.05086417879946973,0.15276019759119228,0.12476522006072077
tid_574,75,agriculture_headcount_share,,False,0.08091350810982977,0.11231802750853583,0.09176906670846974,0.08975647498592504
tid_578,75,agriculture_headcount_share,,False,0.04347391409804006,0.05829256144771981,0.04421743821011513,0.036830954368902755
tid_579,75,agriculture_headcount_share,,False,0.0663279467273725,0.052828343317398996,0.06615589642755608,0.06779152547851222
tid_580,75,agriculture_headcount_share,,False,0.0661475206845854,0.05869157157812588,0.07374428304634002,0.06593367705441464
tid_581,75,agriculture_headcount_share,,False,0.06707413158365456,0.08641114365394198,0.04909013696228934,0.053496989258262004
tid_582,75,agriculture_headcount_share,,False,0.051080674922536796,0.046924197856022976,0.043906133574965506,0.039394272820419574
tid_583,75,agriculture_headcount_share,,False,0.26114261443882003,0.1674947691743808,0.2551324108953291,0.21589881071838538
tid_584,75,agriculture_headcount_share,,False,0.12577748674646796,0.077674469821016,0.09690555627310099,0.11399787643630067
tid_585,75,agriculture_headcount_share,,False,0.0615997146043553,0.038109179084538,0.06457427437732771,0.06106607756081838
tid_586,75,agriculture_headcount_share,0.0318084345961401,True,0.11736276469490135,0.05540912902795828,0.08461802848927562,0.09587580936444957
tid_587,75,agriculture_headcount_share,0.0267857142857142,True,0.17536256135120065,0.12885112263780318,0.17097604215961112,0.1636664714460511
tid_588,75,agriculture_headcount_share,0.0046964106004696,True,0.1063393192877037,0.0790780559118909,0.0986301286786879,0.09426166292252594
tid_589,75,agriculture_headcount_share,0.0333525014376078,True,0.11021622887692614,0.1064859212531732,0.10529847409444634,0.1004106363758983
tid_591,75,agriculture_headcount_share,,False,0.09672346563732653,0.17126580333109548,0.08036123714014452,0.09587847936770144
tid_592,75,agriculture_headcount_share,,False,0.13101078166961377,0.10328905042909882,0.14691380433706316,0.1105309561250916
tid_593,75,agriculture_headcount_share,,False,0.1216748865820397,0.06643664060597237,0.120178562392103,0.061536055795331904
tid_594,75,agriculture_headcount_share,0.0570502431118314,True,0.07054027970745004,0.1052223028259846,0.07865692600950025,0.09253592171212666
tid_595,75,agriculture_headcount_share,,False,0.14456760728724982,0.12326401436396099,0.13541057175138405,0.1573795381424131
tid_598,75,agriculture_headcount_share,0.0365709791584742,True,0.11558229096737001,0.09429756288441811,0.1173700199810353,0.05719070868962444
tid_599,75,agriculture_headcount_share,0.0166953528399311,True,0.10900198320421031,0.1253397243535309,0.08116260851329923,0.11882661440287304
tid_600,75,agriculture_headcount_share,,False,0.09482373982269482,0.096240654278745,0.10032389558059887,0.11457869591565983
tid_601,75,agriculture_headcount_share,0.0120625662778366,True,0.034952501173789,0.034168208957829814,0.035917652623244034,0.02837855917846012
tid_602,75,agriculture_headcount_share,,False,0.2656100543720745,0.17494791683068492,0.24836487760251544,0.21250882496798024
tid_603,75,agriculture_headcount_share,,False,0.04984451972894893,0.12650493286708056,0.050363111650168574,0.05374944680080645
tid_604,75,agriculture_headcount_share,0.0080870050195203,True,0.08019589652956455,0.027428479474056248,0.09340125134210459,0.06289748096004771
tid_605,75,agriculture_headcount_share,,False,0.12454798017448773,0.01853830901053223,0.11225693736884435,0.08845645660257782
tid_606,75,agriculture_headcount_share,0.0141165755919854,True,0.1430633826410457,0.10849452978187293,0.14346551720537004,0.08480183850094017
tid_607,75,agriculture_headcount_share,,False,0.08899721644956227,0.048711355766702435,0.057580685705872464,0.08010546624266314
tid_574,75,public_administration_education_health_headcount_share,0.5644810065327849,True,0.5060469477228989,0.5029757255874868,0.5767765694852804,0.492647320429059
tid_578,75,public_administration_education_health_headcount_share,0.5407711757269279,True,0.5567799084823795,0.5210287120570377,0.5879518140362351,0.5755492432593955
tid_579,75,public_administration_education_health_headcount_share,0.449893892949776,True,0.3656137297469286,0.41834072890362456,0.39017780421349524,0.42482165253010673
tid_580,75,public_administration_education_health_headcount_share,0.164917984335747,True,0.45793047694634637,0.5457975459190618,0.48324229806982094,0.4565642979032331
tid_581,75,public_administration_education_health_headcount_share,0.4554278416347382,True,0.43464279028988134,0.41957019368655496,0.4186505577222155,0.43631065399889957
tid_582,75,public_administration_education_health_headcount_share,0.0755202746191804,True,0.37150168063948846,0.34114444121594484,0.4226967206186739,0.387427047841101
tid_583,75,public_administration_education_health_headcount_share,0.4247455811462239,True,0.6005976775272273,0.7082378520825156,0.6058119833842216,0.642891644427441
tid_584,75,public_administration_education_health_headcount_share,0.4604488078541374,True,0.4387063118204491,0.42910270395312217,0.46787658784052555,0.5157885312237344
tid_585,75,public_administration_education_health_headcount_share,0.3534196434623466,True,0.4368468912374244,0.2857413185145266,0.42838621120967785,0.42661374940363084
tid_586,75,public_administration_education_health_headcount_share,0.6629735525375268,True,0.5091470644693239,0.5998339157905817,0.5989185336618311,0.6188162939062869
tid_587,75,public_administration_education_health_headcount_share,0.6934523809523809,True,0.6058810666552815,0.6260235554776051,0.6869117234779523,0.6176359090232789
tid_588,75,public_administration_education_health_headcount_share,0.1934473890193447,True,0.4702056737861583,0.35255696019210053,0.468827938919857,0.46026526178033417
tid_589,75,public_administration_education_health_headcount_share,0.5211807552233084,True,0.43049676453574764,0.6129288124685447,0.476669086836139,0.5245694507893156
tid_591,75,public_administration_education_health_headcount_share,0.5926092834610185,True,0.4644319573691152,0.4947233345058193,0.5026858671058891,0.45453157096045077
tid_592,75,public_administration_education_health_headcount_share,0.7988165680473372,True,0.6012775754662631,0.7304994086015008,0.6573436254327368,0.6483510784744039
tid_593,75,public_administration_education_health_headcount_share,,False,0.588376397169558,0.6567508907679847,0.657096443436107,0.6918398971145864
tid_594,75,public_administration_education_health_headcount_share,0.6029173419773096,True,0.5022225181821104,0.5759141512394443,0.547768081617803,0.5027207399574305
tid_595,75,public_administration_education_health_headcount_share,0.6010752688172043,True,0.48993447099815945,0.595363695190238,0.5251837469559798,0.4885482723316606
tid_598,75,public_administration_education_health_headcount_share,0.6354699174203696,True,0.5362699733313843,0.6236111020360505,0.585081878185148,0.6557991877476912
tid_599,75,public_administration_education_health_headcount_share,0.3654044750430292,True,0.44715179858372905,0.4249754359530812,0.47567155129487493,0.40467724330094806
tid_600,75,public_administration_education_health_headcount_share,0.3094731240021288,True,0.5776566957427652,0.5890396548759103,0.5840633910314629,0.6046947445644112
tid_601,75,public_administration_education_health_headcount_share,0.6178419936373277,True,0.3975870304364564,0.46947311653677887,0.4061507366504073,0.43276524250230747
tid_602,75,public_administration_education_health_headcount_share,0.7296767874632712,True,0.5743623063084247,0.6918885823637999,0.605735956206302,0.6427781171809235
tid_603,75,public_administration_education_health_headcount_share,0.5107086197778953,True,0.5014640741767248,0.4623973839595099,0.5140531726099857,0.47812892240506166
tid_604,75,public_administration_education_health_headcount_share,0.7091466815393196,True,0.4847983421628861,0.6196580915103562,0.5404734587543233,0.5830770279714089
tid_605,75,public_administration_education_health_headcount_share,,False,0.4787598342066143,0.5970090752195747,0.5711062936458138,0.5803637347246289
tid_606,75,public_administration_education_health_headcount_share,0.6602914389799636,True,0.5570923600362285,0.6735781270142724,0.6153639141519189,0.7014973336584172
tid_607,75,public_administration_education_health_headcount_share,0.7736842105263158,True,0.45056512919425706,0.5545932796510328,0.48902588081664927,0.539981610700439
tid_2318,76,manufacturing_headcount_share,0.2210903169265767,True,0.18816265143053756,0.27037992278890954,0.21138430074050923,0.2104928384505399
tid_2320,76,manufacturing_headcount_share,0.4104587667902268,True,0.26817745191139947,0.3450462114267357,0.2761337216841856,0.26295512756315303
tid_2321,76,manufacturing_headcount_share,,False,0.11523687868283791,0.17810407575317025,0.12659100074266025,0.12317743791791533
tid_2322,76,manufacturing_headcount_share,,False,0.23274753367989715,0.2645578252306644,0.23206614132342523,0.2409009697186093
tid_2323,76,manufacturing_headcount_share,,False,0.1541775717148206,0.144673508180308,0.15425669042767268,0.16193262582360332
tid_2324,76,manufacturing_headcount_share,,False,0.12652950526611773,0.33315181615424555,0.1329437855015598,0.1222621317029584
tid_2325,76,manufacturing_headcount_share,0.0189412336085478,True,0.1930135493263544,0.2663372387867493,0.19326555386025032,0.1945675571373387
tid_2326,76,manufacturing_headcount_share,,False,0.13828671951196247,0.13969358550640976,0.14836042646650444,0.13946808899264043
tid_2327,76,manufacturing_headcount_share,,False,0.209195772333786,0.3047631684854448,0.20837221135833878,0.21595239793359847
tid_2328,76,manufacturing_headcount_share,,False,0.20415201401225505,0.23408668417531528,0.19310346317847127,0.20274957501116272
tid_2329,76,manufacturing_headcount_share,,False,0.15183085819459713,0.2473671980498571,0.14641324394410438,0.1456077836819196
tid_2330,76,manufacturing_headcount_share,,False,0.13432105112127993,0.2567247625838406,0.15323116570109077,0.13688528235956854
tid_2332,76,manufacturing_headcount_share,,False,0.08756856430195592,0.11151321851297565,0.09475966081172926,0.08726582956661352
tid_2333,76,manufacturing_headcount_share,0.2738461538461538,True,0.2075830971134734,0.29383235888649367,0.22425062577267874,0.2741494477728183
tid_2334,76,manufacturing_headcount_share,0.2363090772693173,True,0.14245704556793862,0.17117519250014632,0.15833873946062216,0.1479167994428645
tid_2335,76,manufacturing_headcount_share,0.3411176948995004,True,0.246558849399899,0.28355456305414334,0.2669932383330344,0.2773470598704186
tid_2336,76,manufacturing_headcount_share,0.1531587439493608,True,0.2108083973977152,0.21442253842165152,0.23387024663506292,0.23412560531020235
tid_2337,76,manufacturing_headcount_share,0.0647517039922103,True,0.18948998660662358,0.1528897715597969,0.1986571282340088,0.1657791458384675
tid_2619,76,manufacturing_headcount_share,0.3587469879518072,True,0.21531802465439165,0.2972990324378743,0.22646151854855404,0.27356357603300535
tid_2318,76,agriculture_headcount_share,0.0013301095786536,True,0.010682092182387984,0.015907234710437913,0.012862667859789845,0.014023612159651849
tid_2320,76,agriculture_headcount_share,,False,0.00993126593411818,0.007053175167103814,0.0077438458079432245,0.008024277305979035
tid_2321,76,agriculture_headcount_share,0.0477770404777704,True,0.26305213710039754,0.15751336263169893,0.2496319350443633,0.20344346139493688
tid_2322,76,agriculture_headcount_share,0.177961432506887,True,0.0977172756316964,0.12584505574542137,0.11118190607319901,0.08776555001347365
tid_2323,76,agriculture_headcount_share,0.0205078125,True,0.1877327643474115,0.24334731758397662,0.18907546569408873,0.18666653861932916
tid_2324,76,agriculture_headcount_share,0.004225352112676,True,0.11463436762681482,0.1192227049684147,0.11761747867120301,0.12797314208247157
tid_2325,76,agriculture_headcount_share,0.0208839242350655,True,0.1786428135858999,0.08246448059438961,0.16037517419543276,0.16493098215045335
tid_2326,76,agriculture_headcount_share,0.1801426872770511,True,0.21591045978714327,0.10138533797322502,0.20085307700525198,0.2075885434592406
tid_2327,76,agriculture_headcount_share,,False,0.14769560939874407,0.0968416779636493,0.14679265356475765,0.13375242652062944
tid_2328,76,agriculture_headcount_share,0.0100860278849006,True,0.16002413994790257,0.14107554102117514,0.1627970324040693,0.1806234891258362
tid_2329,76,agriculture_headcount_share,0.0735854588097332,True,0.144499239180139,0.09934812852982289,0.13788560980072745,0.13177748292933011
tid_2330,76,agriculture_headcount_share,0.0245319561007101,True,0.15871496439549715,0.11513635483939817,0.154833533809933,0.14555134431218084
tid_2332,76,agriculture_headcount_share,0.0207982012366498,True,0.32182519064452947,0.3242885327733462,0.30905660249314887,0.31538779596589256
tid_2333,76,agriculture_headcount_share,0.0358974358974358,True,0.06176220862794201,0.056042422839241816,0.053031147070489545,0.05044845874932207
tid_2334,76,agriculture_headcount_share,0.3900975243810953,True,0.08233681037504034,0.07480240128236042,0.08395543890784182,0.07168272920204591
tid_2335,76,agriculture_headcount_share,0.0141745091204833,True,0.07161767610884073,0.03771369842934251,0.06816371812327972,0.06108322485014779
tid_2336,76,agriculture_headcount_share,0.0459228000496462,True,0.08572842377669364,0.04910143963325034,0.08300516399402096,0.07931716686286326
tid_2337,76,agriculture_headcount_share,0.1041869522882181,True,0.055721142229602366,0.05251577203534676,0.056325971304808285,0.06062373872983507
tid_2619,76,agriculture_headcount_share,0.016,True,0.059814870502007504,0.043652010787600296,0.04663510074835352,0.04802987807299554
tid_2318,76,public_administration_education_health_headcount_share,0.3457849821926919,True,0.3419977777381016,0.35528166250215093,0.33496743626951464,0.33594226178263464
tid_2320,76,public_administration_education_health_headcount_share,0.2815177966439475,True,0.33142694738685125,0.3241161371510845,0.3428454867712556,0.34006168966583517
tid_2321,76,public_administration_education_health_headcount_share,0.4990046449900464,True,0.6062944182480462,0.5532279587297176,0.5826327886514371,0.5968668691134071
tid_2322,76,public_administration_education_health_headcount_share,0.6209366391184573,True,0.5574506645666961,0.4824123473084113,0.527952288867415,0.5326293956357476
tid_2323,76,public_administration_education_health_headcount_share,0.6630859375,True,0.6439949397324327,0.6310203229373845,0.6392330184094226,0.650489561598625
tid_2324,76,public_administration_education_health_headcount_share,0.454225352112676,True,0.49274906394879747,0.4113729643308966,0.4966037256593776,0.4881321342211614
tid_2325,76,public_administration_education_health_headcount_share,0.4788732394366197,True,0.5473161334744164,0.44923601331082336,0.533997846463896,0.5350776196550269
tid_2326,76,public_administration_education_health_headcount_share,0.5184304399524375,True,0.6462793217988331,0.5507519429640381,0.6402273922822816,0.6438917606947095
tid_2327,76,public_administration_education_health_headcount_share,0.4389468906037222,True,0.5902049582375435,0.49492189325674657,0.5723571070168868,0.5658052936799727
tid_2328,76,public_administration_education_health_headcount_share,0.4274695935924058,True,0.5865399218304028,0.5465912213924491,0.5946414136211408,0.5812404954468245
tid_2329,76,public_administration_education_health_headcount_share,0.6379360891234243,True,0.5607195460853346,0.5017132335488677,0.5636052182283687,0.5486140065529628
tid_2330,76,public_administration_education_health_headcount_share,0.6100710135571337,True,0.5919708148764741,0.5200674264831383,0.579526358141525,0.5896932318890039
tid_2332,76,public_administration_education_health_headcount_share,0.6323777403035413,True,0.5283623264733796,0.5312472838849933,0.5048694188983309,0.5446553987078966
tid_2333,76,public_administration_education_health_headcount_share,0.3555311355311355,True,0.40565471113941354,0.37392645763110616,0.39638674412115155,0.37769868699835996
tid_2334,76,public_administration_education_health_headcount_share,0.2642535633908477,True,0.4729910039892869,0.41201829931675066,0.4514728478699709,0.4515102050285826
tid_2335,76,public_administration_education_health_headcount_share,0.4293017311490647,True,0.3974124343433395,0.32779447889504404,0.3740542311328431,0.3909561096104244
tid_2336,76,public_administration_education_health_headcount_share,0.4805758967357577,True,0.4025440067755667,0.4356641579501668,0.38636889890132586,0.3867518489908822
tid_2337,76,public_administration_education_health_headcount_share,0.2557379329531228,True,0.31238033112411245,0.35503230629032245,0.3120150243386283,0.33197521014502135
tid_2619,76,public_administration_education_health_headcount_share,0.3662650602409638,True,0.35067153084409974,0.34045698395592916,0.34862402600387005,0.329837976042551
tid_2587,77,manufacturing_headcount_share,0.0470992520719628,True,0.10797054352831383,0.23591161086064513,0.09704384369370084,0.09789146951373483
tid_2588,77,manufacturing_headcount_share,0.3536309127248501,True,0.23873600295176953,0.31524449387577297,0.22411909089553939,0.22747755800805478
tid_2587,77,agriculture_headcount_share,,False,0.038159244446729475,0.05912333111326562,0.037154661051213664,0.03458337942276657
tid_2588,77,agriculture_headcount_share,,False,0.03992070966392824,0.05513562049573502,0.039226225501373016,0.03847044078015231
tid_2587,77,public_administration_education_health_headcount_share,0.4683646654538104,True,0.35018616669929253,0.357823736035851,0.34900557669238613,0.35559824683985025
tid_2588,77,public_administration_education_health_headcount_share,0.1884077281812125,True,0.2712311276834073,0.28991198637981336,0.2662804994777889,0.2741600030312416
tid_2351,78,manufacturing_headcount_share,0.4486089644513137,True,0.1748120076707986,0.1254135463187369,0.19002388269180104,0.16045966730800917
tid_2354,78,manufacturing_headcount_share,0.0671895118810722,True,0.21469965267686714,0.1422099702172972,0.22702925850091557,0.22592249231184008
tid_2355,78,manufacturing_headcount_share,0.1021160474913826,True,0.1490091468221944,0.13221763075892476,0.1518752919467822,0.1251091096182272
tid_2356,78,manufacturing_headcount_share,0.1846712211784799,True,0.19204897982980515,0.11186510914266225,0.20081760665431359,0.20630887887501748
tid_2357,78,manufacturing_headcount_share,0.1660511709161672,True,0.2172926150574492,0.1514289363952375,0.1934195300141939,0.18398129033023447
tid_2358,78,manufacturing_headcount_share,0.1674647789575959,True,0.1490091468221944,0.13221763075892476,0.1518752919467822,0.12739996211949509
tid_2359,78,manufacturing_headcount_share,0.1553367955972405,True,0.1527545594072252,0.12807963114432375,0.14525624520935393,0.14974834768329992
tid_2360,78,manufacturing_headcount_share,0.0311497938616582,True,0.1517353823931271,0.12441270859022831,0.1369030835765933,0.14218177485692104
tid_2361,78,manufacturing_headcount_share,0.1548700612719205,True,0.218937137507189,0.14667466778868124,0.2015141002105577,0.19919870799625583
tid_2364,78,manufacturing_headcount_share,0.2211120668739936,True,0.14992634183205722,0.1498371635770911,0.14166201630758585,0.14607607646898405
tid_2365,78,manufacturing_headcount_share,0.1724917763157894,True,0.16047946915507255,0.1865070188569378,0.1562514349769876,0.16640283727857522
tid_2366,78,manufacturing_headcount_share,,False,0.16690787827596507,0.17682167586136507,0.15066861296738399,0.16550833074659066
tid_2367,78,manufacturing_headcount_share,0.2086029691663494,True,0.2758910170271682,0.14644872790303293,0.2679403585845941,0.27991029387239974
tid_2368,78,manufacturing_headcount_share,0.417115605404928,True,0.2677368913791387,0.17920578146490201,0.26516407640327005,0.27991029387239974
tid_2369,78,manufacturing_headcount_share,,False,0.17596975608150783,0.18490324968235022,0.1664912401412858,0.17597777076627583
tid_2371,78,manufacturing_headcount_share,0.1256953642384106,True,0.07397938493265302,0.10893457332464807,0.08990032525423498,0.09774211839517925
tid_2372,78,manufacturing_headcount_share,0.0911836553408838,True,0.14946291496842917,0.14863235825198556,0.13601885997566762,0.14509030940805825
tid_2373,78,manufacturing_headcount_share,0.0867547664682739,True,0.14763103007841735,0.14630607899517653,0.14636049317042144,0.15532233846892848
tid_2374,78,manufacturing_headcount_share,0.0312102720569539,True,0.1643925325818705,0.18761275204023153,0.17107102178495753,0.1724499642897865
tid_2375,78,manufacturing_headcount_share,0.0371912832929782,True,0.16047946915507255,0.1865070188569378,0.1562514349769876,0.16640283727857522
tid_2376,78,manufacturing_headcount_share,0.1469631713105388,True,0.1553913398031603,0.1600495338602491,0.14999111840576537,0.16182150553141628
tid_2377,78,manufacturing_headcount_share,0.2759124087591241,True,0.1568732305393205,0.1502166010449166,0.14999111840576537,0.16182150553141628
tid_2378,78,manufacturing_headcount_share,0.4559676331759946,True,0.1533973545634119,0.14850836759181024,0.17523207606707777,0.1789071418461071
tid_2379,78,manufacturing_headcount_share,0.0598500675924788,True,0.1553913398031603,0.18784268266877296,0.15114639524814114,0.16182150553141628
tid_2381,78,manufacturing_headcount_share,0.0745214644118193,True,0.21071707986070606,0.14672752245449647,0.20685797163279404,0.21988490696085813
tid_2382,78,manufacturing_headcount_share,0.1368470810683053,True,0.16047946915507255,0.15126998374852174,0.15252350386806068,0.15532233846892848
tid_2383,78,manufacturing_headcount_share,,False,0.18845364809956452,0.1550998460221994,0.18610441366371414,0.20953656785372038
tid_2384,78,manufacturing_headcount_share,,False,0.16624579364006709,0.14747272684417756,0.1706700825546413,0.191179752378923
tid_2385,78,manufacturing_headcount_share,0.0409341380215166,True,0.2677368913791387,0.17135757359935236,0.26516407640327005,0.27991029387239974
tid_2386,78,manufacturing_headcount_share,,False,0.27460265408357676,0.1835458998812707,0.2692474997357222,0.2845663207690624
tid_2387,78,manufacturing_headcount_share,,False,0.24398132529320338,0.16944154420019314,0.2555560218376802,0.26972430159473765
tid_2388,78,manufacturing_headcount_share,0.3159601706970128,True,0.24112654366169392,0.1583285617152836,0.24115838867042974,0.2457342351293385
tid_2390,78,manufacturing_headcount_share,,False,0.2288660469139727,0.1623823728165062,0.23756415976866166,0.2432221925631486
tid_2391,78,manufacturing_headcount_share,0.0856756495701729,True,0.17797158500409627,0.1167988510560152,0.18328541815815397,0.15693503120633717
tid_2392,78,manufacturing_headcount_share,0.367501730975011,True,0.21454291933001723,0.26186109010690795,0.21631457091862621,0.20405032689935826
tid_2398,78,manufacturing_headcount_share,0.1894499178981937,True,0.16624579364006709,0.16126340768774872,0.1706700825546413,0.191179752378923
tid_2399,78,manufacturing_headcount_share,0.1553160590078728,True,0.22815659585032275,0.14799441752843723,0.20574374887693106,0.19661258752388364
tid_2400,78,manufacturing_headcount_share,0.1048202784126324,True,0.2024956518370954,0.1517343871497091,0.19249807656391088,0.1804221117951483
tid_2401,78,manufacturing_headcount_share,0.1113166485310119,True,0.22988575678150794,0.17444137414808286,0.2358415896524881,0.25310356250728444
tid_2402,78,manufacturing_headcount_share,0.507353942530301,True,0.2110365391027086,0.17259795998360639,0.2022267985507933,0.2300708992385203
tid_2403,78,manufacturing_headcount_share,0.3734555599840574,True,0.25975489694652637,0.2168902776598188,0.25908278032359905,0.26122406833463824
tid_2404,78,manufacturing_headcount_share,,False,0.22542545203795655,0.15279423364364567,0.22965216726007645,0.24146000525321612
tid_2405,78,manufacturing_headcount_share,,False,0.17241132034201348,0.16329243938185836,0.1703116568411459,0.16375016860164013
tid_2406,78,manufacturing_headcount_share,0.2355755291388808,True,0.19786864078405086,0.1732459972437613,0.20185023777753056,0.21988490696085813
tid_2407,78,manufacturing_headcount_share,,False,0.26469183119623524,0.17481180716314085,0.2664770271338643,0.2712589669574129
tid_2408,78,manufacturing_headcount_share,,False,0.25919572080133896,0.15731362063359763,0.25766852857953976,0.2545268054373015
tid_2409,78,manufacturing_headcount_share,0.200956937799043,True,0.11580947550191709,0.11753194191029774,0.11750980894248576,0.13086660021115076
tid_2410,78,manufacturing_headcount_share,0.1493718008375988,True,0.24816791815374917,0.2232149991639439,0.23942638276222786,0.24649892876048057
tid_2411,78,manufacturing_headcount_share,,False,0.07978146791668833,0.13996488877705787,0.1035304990225563,0.11257295837481913
tid_2412,78,manufacturing_headcount_share,0.1602276458356134,True,0.1527545594072252,0.1623784050906066,0.1404973124783614,0.15216200834431712
tid_2422,78,manufacturing_headcount_share,0.1563075180518193,True,0.18343666394495206,0.23307109363772188,0.17677782848901238,0.197800998224383
tid_2423,78,manufacturing_headcount_share,0.1560355820025502,True,0.2047838186384491,0.1524982731479565,0.19249807656391088,0.1858523855939823
tid_2424,78,manufacturing_headcount_share,0.0581010101010101,True,0.21534675195747632,0.14630607899517653,0.1996814722269045,0.19894154687941706
tid_2425,78,manufacturing_headcount_share,0.0761771360844736,True,0.16624579364006709,0.1827991493978748,0.17439801366356825,0.1923477597057763
tid_2426,78,manufacturing_headcount_share,0.0535094066570188,True,0.22375021252071758,0.12731574514607635,0.21061558748086054,0.1997389107772186
tid_2427,78,manufacturing_headcount_share,0.1285896988722241,True,0.16047946915507255,0.15745328427973884,0.1562514349769876,0.16640283727857522
tid_2428,78,manufacturing_headcount_share,0.2393988737363457,True,0.10786573641523543,0.11043385849258264,0.11758871085349525,0.13086660021115076
tid_2429,78,manufacturing_headcount_share,0.3896363254151776,True,0.18158563823309276,0.11010739625679092,0.17612047155238683,0.1710685483576141
tid_2430,78,manufacturing_headcount_share,0.3326638212402711,True,0.19512855321032418,0.16419916452925368,0.1977857060310985,0.20694832910983435
tid_2431,78,manufacturing_headcount_share,0.5457603887608249,True,0.19786864078405086,0.16806994483315754,0.2006949609351548,0.21988490696085813
tid_2432,78,manufacturing_headcount_share,0.1468566304672711,True,0.20460812998181604,0.18363098740659403,0.2175829758428697,0.22161486958595794
tid_2433,78,manufacturing_headcount_share,,False,0.25334205275993177,0.15934254400729475,0.255932582610943,0.26972430159473765
tid_2435,78,manufacturing_headcount_share,,False,0.25560865728393856,0.15798864509424115,0.2622808929466473,0.27345007315182773
tid_2436,78,manufacturing_headcount_share,0.0262807315005449,True,0.16047946915507255,0.15785604613049248,0.1562514349769876,0.16640283727857522
tid_2437,78,manufacturing_headcount_share,,False,0.0476454647734807,0.12926646852743146,0.06385418671792273,0.06596500394674172
tid_2439,78,manufacturing_headcount_share,0.0649255552843544,True,0.14362469186253585,0.08207098665305806,0.1600186002567342,0.14531902082808068
tid_2440,78,manufacturing_headcount_share,0.0345131767559819,True,0.1310097153140169,0.08815009977908045,0.12581450794070492,0.12629642447661485
tid_2441,78,manufacturing_headcount_share,0.039207087097623,True,0.06520998420512832,0.10171045036028628,0.10270812808561164,0.11453802010998852
tid_2442,78,manufacturing_headcount_share,0.0657281165341741,True,0.1395378803861172,0.12754109940107303,0.15164287415708935,0.1627560073527425
tid_2444,78,manufacturing_headcount_share,0.0696114519427402,True,0.10669508888609809,0.1070094913427171,0.10730238907397813,0.10661321789418564
tid_2445,78,manufacturing_headcount_share,0.1088549720970886,True,0.20460812998181604,0.22098351352218276,0.20685797163279404,0.21988490696085813
tid_2447,78,manufacturing_headcount_share,0.0574867753427615,True,0.1553913398031603,0.2031103186159994,0.14999111840576537,0.16182150553141628
tid_2450,78,manufacturing_headcount_share,0.1920011540264704,True,0.2677368913791387,0.1595911529532748,0.26516407640327005,0.27991029387239974
tid_2451,78,manufacturing_headcount_share,0.0869183494293239,True,0.25334205275993177,0.1452965845021211,0.255932582610943,0.26972430159473765
tid_2452,78,manufacturing_headcount_share,,False,0.18967048643246784,0.14896496114184166,0.18494913682133837,0.20521836648473454
tid_2453,78,manufacturing_headcount_share,,False,0.2130708305739261,0.16117856705046527,0.21058590274172093,0.2401512089867163
tid_2455,78,manufacturing_headcount_share,,False,0.20460812998181604,0.14962859991514932,0.2175829758428697,0.22161486958595794
tid_2457,78,manufacturing_headcount_share,0.0048704797207016,True,0.17269767492273405,0.10834160738962025,0.14871077875325617,0.14771184240122198
tid_2459,78,manufacturing_headcount_share,0.0437190454750112,True,0.20155693306624434,0.17722943275391662,0.19817595761790585,0.18901271571859365
tid_2460,78,manufacturing_headcount_share,0.07136340598074,True,0.17248743527657293,0.13267756576130038,0.1697234765941284,0.1845567572227127
tid_2351,78,agriculture_headcount_share,,False,0.05748461556485634,0.06344554581978919,0.05933848009048458,0.07415509172692455
tid_2354,78,agriculture_headcount_share,,False,0.05551349418901476,0.052349094743874044,0.05474778034903954,0.05635966608681964
tid_2355,78,agriculture_headcount_share,,False,0.05748461556485634,0.051520586148710856,0.05933848009048458,0.07415509172692455
tid_2356,78,agriculture_headcount_share,0.0073654995730145,True,0.06288827194565597,0.06080092147721858,0.062446022872444176,0.06932373539661946
tid_2357,78,agriculture_headcount_share,,False,0.061856365563847195,0.053197125662027736,0.05933848009048458,0.07223362001889877
tid_2358,78,agriculture_headcount_share,,False,0.05433431106701552,0.06020408636538891,0.05933848009048458,0.07127164254384903
tid_2359,78,agriculture_headcount_share,,False,0.06480772946995683,0.06524235360955584,0.05822126369717048,0.07484002197123424
tid_2360,78,agriculture_headcount_share,,False,0.061856365563847195,0.0636184468756458,0.05933848009048458,0.07223362001889877
tid_2361,78,agriculture_headcount_share,,False,0.06895038242615846,0.06415975541578633,0.05770047309677595,0.07476491779371877
tid_2364,78,agriculture_headcount_share,,False,0.06480772946995683,0.05287475123977366,0.05822126369717048,0.07484002197123424
tid_2365,78,agriculture_headcount_share,,False,0.06194133304361083,0.059859634709494264,0.05043434771311922,0.06932267946124637
tid_2366,78,agriculture_headcount_share,,False,0.06895038242615846,0.05682540624706722,0.05770047309677595,0.07476491779371877
tid_2367,78,agriculture_headcount_share,,False,0.05968930972684304,0.06548041144100487,0.05091094097579649,0.06313857513613913
tid_2368,78,agriculture_headcount_share,,False,0.05968930972684304,0.05581931399890226,0.05091094097579649,0.06313857513613913
tid_2369,78,agriculture_headcount_share,,False,0.06194133304361083,0.057883744964268874,0.05043434771311922,0.05851879110927112
tid_2371,78,agriculture_headcount_share,,False,0.04196255255896831,0.04943991378508015,0.04958828239311646,0.06440882308149408
tid_2372,78,agriculture_headcount_share,,False,0.035474519585773565,0.0348702274443811,0.0309017975261385,0.0367267627081382
tid_2373,78,agriculture_headcount_share,,False,0.06194133304361083,0.057883744964268874,0.05043434771311922,0.06932267946124637
tid_2374,78,agriculture_headcount_share,,False,0.06194133304361083,0.04822264752216622,0.05043434771311922,0.06932267946124637
tid_2375,78,agriculture_headcount_share,,False,0.06194133304361083,0.057883744964268874,0.05043434771311922,0.06932267946124637
tid_2376,78,agriculture_headcount_share,,False,0.06194133304361083,0.057068324171285274,0.05043434771311922,0.05851879110927112
tid_2377,78,agriculture_headcount_share,,False,0.06194133304361083,0.057068324171285274,0.05043434771311922,0.05851879110927112
tid_2378,78,agriculture_headcount_share,,False,0.06194133304361083,0.057883744964268874,0.05043434771311922,0.06932267946124637
tid_2379,78,agriculture_headcount_share,,False,0.06194133304361083,0.04822264752216622,0.05043434771311922,0.06932267946124637
tid_2381,78,agriculture_headcount_share,,False,0.0526802603442954,0.057676906300936505,0.04364481559213976,0.05937976081907775
tid_2382,78,agriculture_headcount_share,,False,0.06194133304361083,0.057068324171285274,0.05043434771311922,0.06932267946124637
tid_2383,78,agriculture_headcount_share,,False,0.05666411226979009,0.06263517333583965,0.05091094097579649,0.06371385778087774
tid_2384,78,agriculture_headcount_share,,False,0.0526802603442954,0.05844417721797198,0.04364481559213976,0.05937976081907775
tid_2385,78,agriculture_headcount_share,,False,0.05968930972684304,0.06548041144100487,0.05091094097579649,0.06313857513613913
tid_2386,78,agriculture_headcount_share,,False,0.0526802603442954,0.05336022983154721,0.04364481559213976,0.05937976081907775
tid_2387,78,agriculture_headcount_share,,False,0.0526802603442954,0.05844417721797198,0.04364481559213976,0.05937976081907775
tid_2388,78,agriculture_headcount_share,,False,0.05742698415243624,0.05581931399890226,0.05143173157619102,0.06511578087396017
tid_2390,78,agriculture_headcount_share,,False,0.055546656770641425,0.06291633273420275,0.05143173157619102,0.06321367931365464
tid_2391,78,agriculture_headcount_share,,False,0.09231147042855223,0.09564369083833023,0.08742571712145407,0.10513140393035504
tid_2392,78,agriculture_headcount_share,,False,0.040215320972015155,0.04475918879072297,0.039688485166884606,0.046779240037674925
tid_2398,78,agriculture_headcount_share,,False,0.0526802603442954,0.055778887314183394,0.04364481559213976,0.05937976081907775
tid_2399,78,agriculture_headcount_share,,False,0.06895038242615846,0.06676984829810675,0.05770047309677595,0.07476491779371877
tid_2400,78,agriculture_headcount_share,,False,0.06668805685175166,0.05634147993896866,0.05822126369717048,0.07674212353153977
tid_2401,78,agriculture_headcount_share,,False,0.033511324523624646,0.042336249094698776,0.028172035384573302,0.030898636667781622
tid_2402,78,agriculture_headcount_share,,False,0.05968930972684304,0.0628151215372163,0.05091094097579649,0.06313857513613913
tid_2403,78,agriculture_headcount_share,,False,0.06958052304100834,0.06470466198898708,0.05860918349920113,0.07660529741579711
tid_2404,78,agriculture_headcount_share,,False,0.05968930972684304,0.06548041144100487,0.05091094097579649,0.06313857513613913
tid_2405,78,agriculture_headcount_share,,False,0.04277239722294008,0.040960396048012056,0.03496156750555279,0.040841555309950234
tid_2406,78,agriculture_headcount_share,,False,0.0526802603442954,0.054123518303185174,0.04364481559213976,0.05937976081907775
tid_2407,78,agriculture_headcount_share,,False,0.05666411226979009,0.06842102642480452,0.05091094097579649,0.06371385778087774
tid_2408,78,agriculture_headcount_share,,False,0.05259529286453177,0.06025104283041418,0.052548947969505114,0.06060727736131918
tid_2409,78,agriculture_headcount_share,,False,0.04898902194884805,0.05996133498140407,0.0544148412212018,0.05898253884437808
tid_2410,78,agriculture_headcount_share,,False,0.06731819746660153,0.06582045001088131,0.05988613276934389,0.08164762955594165
tid_2411,78,agriculture_headcount_share,,False,0.04196255255896831,0.06470130722770465,0.04958828239311646,0.06440882308149408
tid_2412,78,agriculture_headcount_share,,False,0.06668805685175166,0.05863451632947841,0.05822126369717048,0.07674212353153977
tid_2422,78,agriculture_headcount_share,,False,0.06292143452728258,0.058082591456984765,0.05988613276934389,0.07813354145407338
tid_2423,78,agriculture_headcount_share,0.0054192725727123,True,0.06668805685175166,0.05678407817449459,0.05822126369717048,0.07674212353153977
tid_2424,78,agriculture_headcount_share,,False,0.06694667404997709,0.06385966686609561,0.057954373449525504,0.07690459075645625
tid_2425,78,agriculture_headcount_share,,False,0.0526802603442954,0.04801580885883386,0.04364481559213976,0.05937976081907775
tid_2426,78,agriculture_headcount_share,,False,0.06668805685175166,0.06491997918730177,0.05822126369717048,0.07674212353153977
tid_2427,78,agriculture_headcount_share,,False,0.06194133304361083,0.059859634709494264,0.05043434771311922,0.06932267946124637
tid_2428,78,agriculture_headcount_share,,False,0.04898902194884805,0.05999783400652393,0.0544148412212018,0.05898253884437808
tid_2429,78,agriculture_headcount_share,,False,0.04898902194884805,0.06148935499145739,0.0544148412212018,0.05898253884437808
tid_2430,78,agriculture_headcount_share,,False,0.05666411226979009,0.06530046323962821,0.05091094097579649,0.06371385778087774
tid_2431,78,agriculture_headcount_share,,False,0.0526802603442954,0.05449749972528247,0.04364481559213976,0.05937976081907775
tid_2432,78,agriculture_headcount_share,,False,0.0526802603442954,0.055630745989612755,0.04364481559213976,0.05937976081907775
tid_2433,78,agriculture_headcount_share,,False,0.05506480753523652,0.05636609111736441,0.04839265064877202,0.06129550783521994
tid_2435,78,agriculture_headcount_share,,False,0.05968930972684304,0.06530046323962821,0.05091094097579649,0.06709899716791641
tid_2436,78,agriculture_headcount_share,,False,0.06194133304361083,0.05973361407507386,0.05043434771311922,0.06932267946124637
tid_2437,78,agriculture_headcount_share,,False,0.050460442931277535,0.047920419152974736,0.05093279931951269,0.06572537448815446
tid_2439,78,agriculture_headcount_share,,False,0.04196255255896831,0.049759826506037594,0.04958828239311646,0.06440882308149408
tid_2440,78,agriculture_headcount_share,,False,0.06250018713881514,0.055062831287638614,0.06630201455692492,0.07329230573545496
tid_2441,78,agriculture_headcount_share,,False,0.05093510172993073,0.04673386000655833,0.058672663033424645,0.07245696089953167
tid_2442,78,agriculture_headcount_share,,False,0.05692214704107056,0.05492904121435907,0.049460884125366075,0.06756267225409283
tid_2444,78,agriculture_headcount_share,,False,0.05579740508233477,0.06577304899809933,0.060191340710772714,0.07127164254384903
tid_2445,78,agriculture_headcount_share,,False,0.0526802603442954,0.055855067292173786,0.04364481559213976,0.05937976081907775
tid_2447,78,agriculture_headcount_share,,False,0.06194133304361083,0.05820559406502054,0.05043434771311922,0.06932267946124637
tid_2450,78,agriculture_headcount_share,,False,0.06958052304100834,0.06985483755166409,0.05860918349920113,0.07660529741579711
tid_2451,78,agriculture_headcount_share,,False,0.05506480753523652,0.05844804075089167,0.04839265064877202,0.06129550783521994
tid_2452,78,agriculture_headcount_share,,False,0.05666411226979009,0.0636305423301999,0.05091094097579649,0.06371385778087774
tid_2453,78,agriculture_headcount_share,,False,0.0526802603442954,0.05844417721797198,0.04364481559213976,0.05937976081907775
tid_2455,78,agriculture_headcount_share,,False,0.0526802603442954,0.05659430810716699,0.04364481559213976,0.05937976081907775
tid_2457,78,agriculture_headcount_share,,False,0.050903578992717934,0.0629389540915039,0.04393770777011922,0.06805260313745154
tid_2459,78,agriculture_headcount_share,,False,0.06194133304361083,0.04943831349587618,0.05043434771311922,0.06932267946124637
tid_2460,78,agriculture_headcount_share,,False,0.06585878161907524,0.054115045085235645,0.06215941021290646,0.07150923922564772
tid_2351,78,public_administration_education_health_headcount_share,0.3456612938838596,True,0.20733360109012544,0.33674361619299537,0.2595940132649747,0.25111340748394717
tid_2354,78,public_administration_education_health_headcount_share,0.1140407351047641,True,0.2174451279681998,0.3427632437859369,0.26318578740572196,0.2312329595427428
tid_2355,78,public_administration_education_health_headcount_share,0.2472711604749138,True,0.26508292316869914,0.3731288232540335,0.30285998681397513,0.28675865343227136
tid_2356,78,public_administration_education_health_headcount_share,0.2264624252775405,True,0.24407565181742688,0.3153901175608039,0.310677708135945,0.2771756842697513
tid_2357,78,public_administration_education_health_headcount_share,0.3816368501359987,True,0.2673233434864462,0.355663515744804,0.29896396223103233,0.2928969180872228
tid_2358,78,public_administration_education_health_headcount_share,0.2137552918314942,True,0.23627268046369454,0.3495355648895699,0.2814708421609514,0.27124656580776263
tid_2359,78,public_administration_education_health_headcount_share,0.1918455933648554,True,0.27525150182371705,0.35198009933447477,0.30575788937307374,0.29951511534923086
tid_2360,78,public_administration_education_health_headcount_share,,False,0.3003631817943977,0.39346505098297563,0.3256920101178648,0.33242118229972645
tid_2361,78,public_administration_education_health_headcount_share,0.2857595605324318,True,0.27081060597797574,0.3361940672453914,0.2646203528567468,0.2654768986020344
tid_2364,78,public_administration_education_health_headcount_share,0.3318114647433777,True,0.2673233434864462,0.33842445803929916,0.2973398529510327,0.29155974841403925
tid_2365,78,public_administration_education_health_headcount_share,0.213845159774436,True,0.3070375464380107,0.36102887313125065,0.31023363821179095,0.31524626556378677
tid_2366,78,public_administration_education_health_headcount_share,0.9103139013452914,True,0.26153126054320963,0.33917616893626507,0.2715188119672603,0.28076138655511945
tid_2367,78,public_administration_education_health_headcount_share,,False,0.22225374961089606,0.27422323964266626,0.24188840124648286,0.2330028101438865
tid_2368,78,public_administration_education_health_headcount_share,0.1990638523359533,True,0.22225374961089606,0.2714211306703024,0.24188840124648286,0.2356227214937092
tid_2369,78,public_administration_education_health_headcount_share,0.470557169263269,True,0.26131112602582424,0.3209001371313387,0.24427287178034685,0.2592363262789846
tid_2371,78,public_administration_education_health_headcount_share,,False,0.304801312708336,0.3322373694448271,0.31433184539559955,0.3320267909400922
tid_2372,78,public_administration_education_health_headcount_share,0.2696868754163891,True,0.28074446446150975,0.3437240903487507,0.26225366578878606,0.2721232966870436
tid_2373,78,public_administration_education_health_headcount_share,0.3657318672450317,True,0.30611637409093945,0.36102887313125065,0.3108887609333179,0.3129245924673876
tid_2374,78,public_administration_education_health_headcount_share,0.1999745741164505,True,0.26948824030873647,0.3260294468654429,0.25808440859045684,0.26803031866237464
tid_2375,78,public_administration_education_health_headcount_share,0.2098789346246973,True,0.3047940084217002,0.3508642527513021,0.31023363821179095,0.3130274688731477
tid_2376,78,public_administration_education_health_headcount_share,,False,0.3125272365159341,0.3509838536711053,0.3015231113119701,0.309164315047969
tid_2377,78,public_administration_education_health_headcount_share,0.5896273530541682,True,0.31759216313163846,0.36932820138166156,0.3153876824214872,0.3176968092183669
tid_2378,78,public_administration_education_health_headcount_share,,False,0.2066202385838367,0.3086860123549063,0.23450798923814775,0.22542399263789242
tid_2379,78,public_administration_education_health_headcount_share,0.7127319650977019,True,0.3125272365159341,0.3509838536711053,0.3015231113119701,0.309164315047969
tid_2381,78,public_administration_education_health_headcount_share,0.4185095707117636,True,0.2967877795470162,0.3090760061311836,0.2910217153845138,0.2879320474151709
tid_2382,78,public_administration_education_health_headcount_share,0.4575750413613803,True,0.30387283607462895,0.3508642527513021,0.3108887609333179,0.3107057957767485
tid_2383,78,public_administration_education_health_headcount_share,,False,0.29465285368836297,0.30391449619429645,0.3097986512548922,0.3098976469142027
tid_2384,78,public_administration_education_health_headcount_share,,False,0.26071542886259824,0.3075142242325768,0.27185597786781723,0.26520178985164017
tid_2385,78,public_administration_education_health_headcount_share,0.2519023878247179,True,0.24250571148946373,0.28527485741807523,0.26471350531039833,0.26216980843979126
tid_2386,78,public_administration_education_health_headcount_share,0.8471768548763415,True,0.23649465531797464,0.2689060424894398,0.24810214777673562,0.26216980843979126
tid_2387,78,public_administration_education_health_headcount_share,,False,0.2384517422994825,0.2867625476867279,0.2511963441509754,0.25673647793108717
tid_2388,78,public_administration_education_health_headcount_share,0.1032716927453769,True,0.2495485197924508,0.2984098113727291,0.3118027354224944,0.2942776342823116
tid_2390,78,public_administration_education_health_headcount_share,,False,0.2797684295890538,0.3446424621553918,0.3375403235353218,0.3200503561539184
tid_2391,78,public_administration_education_health_headcount_share,0.2936346952574133,True,0.4159562991775084,0.373528459082979,0.43004737857799485,0.43095146380275157
tid_2392,78,public_administration_education_health_headcount_share,0.3282243343614275,True,0.30716959167307456,0.26668218074267913,0.303786265605104,0.30223723252251694
tid_2398,78,public_administration_education_health_headcount_share,0.2672413793103448,True,0.26071542886259824,0.3143743875860363,0.27185597786781723,0.26520178985164017
tid_2399,78,public_administration_education_health_headcount_share,0.3155239623939463,True,0.21031515005310003,0.30909245239649846,0.21698545449323967,0.2318679641951945
tid_2400,78,public_administration_education_health_headcount_share,0.1665281529191772,True,0.21931504533759508,0.3165668404877325,0.27233963400278527,0.2629412236286554
tid_2401,78,public_administration_education_health_headcount_share,0.510772578890098,True,0.25513066520401684,0.28874948520198357,0.2597884769078546,0.270211768388761
tid_2402,78,public_administration_education_health_headcount_share,0.1983521721367288,True,0.31703974142558394,0.2898876578571441,0.3138468194484292,0.3090458038525488
tid_2403,78,public_administration_education_health_headcount_share,,False,0.24250571148946373,0.2513422143623841,0.267430387368001,0.26320437484885084
tid_2404,78,public_administration_education_health_headcount_share,,False,0.2151608899667541,0.2805923308166189,0.24327188186499343,0.21527996608797012
tid_2405,78,public_administration_education_health_headcount_share,,False,0.28032930803716694,0.34169128652343844,0.2581374428898639,0.27234875563946276
tid_2406,78,public_administration_education_health_headcount_share,,False,0.24557166905690633,0.2561788854476429,0.2540108926554013,0.24170014908027365
tid_2407,78,public_administration_education_health_headcount_share,0.8973066397810745,True,0.24488025345213313,0.27762056139403307,0.25644855591294885,0.28066392757414876
tid_2408,78,public_administration_education_health_headcount_share,0.6316067653276956,True,0.23642562715192963,0.2979511994259377,0.2956853244619961,0.29414702818309235
tid_2409,78,public_administration_education_health_headcount_share,,False,0.2899974655077528,0.30129019913083366,0.3058249645690607,0.2976781966655693
tid_2410,78,public_administration_education_health_headcount_share,0.6292849387311928,True,0.24683734043364097,0.2593043444993389,0.3118027354224944,0.2942776342823116
tid_2411,78,public_administration_education_health_headcount_share,0.7404311482622086,True,0.27806656025660786,0.33364026160437343,0.303436847954675,0.29605923086742436
tid_2412,78,public_administration_education_health_headcount_share,0.6007442267702747,True,0.30173791021597574,0.3108755295420719,0.3296656968036963,0.33267139527578027
tid_2422,78,public_administration_education_health_headcount_share,0.5552881211949596,True,0.3112865491290422,0.2746331340266864,0.3253251174890232,0.3333423885833617
tid_2423,78,public_administration_education_health_headcount_share,0.1002337725423523,True,0.27514223492215306,0.3470594762518525,0.31391948037191597,0.29758472444455475
tid_2424,78,public_administration_education_health_headcount_share,0.2571313131313131,True,0.23979603635113006,0.3126008088809278,0.23224937674867088,0.25446410952800524
tid_2425,78,public_administration_education_health_headcount_share,0.2863376791294041,True,0.20949931837248856,0.3086860123549063,0.23749924370357295,0.22165212717211566
tid_2426,78,public_administration_education_health_headcount_share,0.1501447178002894,True,0.27094160992433475,0.330701725984313,0.3029376489168638,0.2953659277539157
tid_2427,78,public_administration_education_health_headcount_share,0.221311475409836,True,0.3070375464380107,0.36102887313125065,0.31023363821179095,0.3176968092183669
tid_2428,78,public_administration_education_health_headcount_share,0.0935612999525069,True,0.2899974655077528,0.3671280333878541,0.3058249645690607,0.2976781966655693
tid_2429,78,public_administration_education_health_headcount_share,0.1249737229346226,True,0.21513654353064038,0.33673325026422835,0.2728602203980807,0.26199921931268183
tid_2430,78,public_administration_education_health_headcount_share,0.5107958825006277,True,0.2510326397634521,0.2749913630778412,0.25672777471300395,0.2611222998852321
tid_2431,78,public_administration_education_health_headcount_share,0.1718273004797209,True,0.2967877795470162,0.29434700521546664,0.2910217153845138,0.2879320474151709
tid_2432,78,public_administration_education_health_headcount_share,0.5285443857726412,True,0.26582363093547406,0.27822087593317424,0.2734914025003751,0.2711735585770697
tid_2433,78,public_administration_education_health_headcount_share,,False,0.2384517422994825,0.2687470538352597,0.2624285734507293,0.25673647793108717
tid_2435,78,public_administration_education_health_headcount_share,,False,0.24250571148946373,0.2784980400922995,0.26471350531039833,0.25673647793108717
tid_2436,78,public_administration_education_health_headcount_share,0.7229017803076178,True,0.2435962884868532,0.31643034169830625,0.25482492529507983,0.2654831215607915
tid_2437,78,public_administration_education_health_headcount_share,,False,0.2948896676872435,0.3438853566124007,0.29527551755418036,0.2891256976410763
tid_2439,78,public_administration_education_health_headcount_share,,False,0.30090495711189663,0.3642786760874028,0.31485711714507614,0.30197821422962295
tid_2440,78,public_administration_education_health_headcount_share,,False,0.2907515384842222,0.3724366479300191,0.2990697890039562,0.2880823730908726
tid_2441,78,public_administration_education_health_headcount_share,0.1194632049820191,True,0.28980497981722547,0.3762661807473976,0.2990697890039562,0.2900233537962842
tid_2442,78,public_administration_education_health_headcount_share,0.4389128214238131,True,0.3114742061925666,0.40268066457679835,0.3177836183593049,0.32706997711650426
tid_2444,78,public_administration_education_health_headcount_share,0.4115746421267893,True,0.29416937641916546,0.39796362913989275,0.31860620324575545,0.3164661741796319
tid_2445,78,public_administration_education_health_headcount_share,0.4118873125798427,True,0.31703974142558394,0.27389331123104665,0.31050222522948767,0.3090458038525488
tid_2447,78,public_administration_education_health_headcount_share,0.6339738745546799,True,0.3035654218060707,0.3217239628104145,0.2969897922338886,0.309164315047969
tid_2450,78,public_administration_education_health_headcount_share,0.2795268491471023,True,0.2490892758908731,0.28833148155048655,0.2800181012271,0.2634604198829733
tid_2451,78,public_administration_education_health_headcount_share,,False,0.24503530670089196,0.2867625476867279,0.2665009400676772,0.2580270893742692
tid_2452,78,public_administration_education_health_headcount_share,,False,0.318665333351453,0.31821625228332995,0.31656370150603186,0.3342076963671028
tid_2453,78,public_administration_education_health_headcount_share,,False,0.2977089518940874,0.3090760061311836,0.2930206812278551,0.29270426416615025
tid_2455,78,public_administration_education_health_headcount_share,,False,0.26582363093547406,0.28630655355756107,0.2734914025003751,0.2711735585770697
tid_2457,78,public_administration_education_health_headcount_share,0.4021378388862549,True,0.3484696061344651,0.37963157112720697,0.364984284472633,0.34913284052383
tid_2459,78,public_administration_education_health_headcount_share,0.3268797838811346,True,0.2773941703793853,0.3361940672453914,0.2799249487734485,0.2667675100452164
tid_2460,78,public_administration_education_health_headcount_share,0.3274708565636087,True,0.31400581089873286,0.39831660617306963,0.3419564274653959,0.320581739967002
tid_2338,79,manufacturing_headcount_share,0.0063623349769365,True,0.16476069651731315,0.3092852808026726,0.18541864703520672,0.1519163675334926
tid_2339,79,manufacturing_headcount_share,,False,0.20285939159670197,0.13501972734881304,0.19312939417808347,0.22007976384229047
tid_2340,79,manufacturing_headcount_share,,False,0.041418325560451386,0.11101074906955492,0.024216717507040495,0.07903525437682482
tid_2341,79,manufacturing_headcount_share,0.0824131117052191,True,0.06384520116791219,0.07342511970877763,0.06469891402145915,0.06953530457607093
tid_2342,79,manufacturing_headcount_share,,False,0.18199662109154321,0.08302508026273149,0.15190659832880662,0.18441685900028024
tid_2343,79,manufacturing_headcount_share,,False,0.09536864903108434,0.1141976668919335,0.09149465557584158,0.10578433021944633
tid_2338,79,agriculture_headcount_share,0.002703992365198,True,0.029591503195911792,0.02417540863912025,0.0248461469684093,0.03370887846265808
tid_2339,79,agriculture_headcount_share,0.1483771251931993,True,0.11308208697340057,0.1442521519801449,0.10940592062478041,0.10587914728020106
tid_2340,79,agriculture_headcount_share,0.0081558676937018,True,0.10266697294863938,0.1009341367475714,0.09118049558110215,0.09447371773679945
tid_2341,79,agriculture_headcount_share,0.0094153202371265,True,0.05094132055821596,0.0740494191111386,0.04384595313793459,0.05609825389142625
tid_2342,79,agriculture_headcount_share,,False,0.07251388020986388,0.08016692132107918,0.06749605390461884,0.0632000558794997
tid_2343,79,agriculture_headcount_share,,False,0.073638774304049,0.12666152860763155,0.06954009533662976,0.06967351331565937
tid_2338,79,public_administration_education_health_headcount_share,0.5703303112242193,True,0.36193172201602886,0.35523964886239523,0.3236631501134249,0.36753687793391343
tid_2339,79,public_administration_education_health_headcount_share,0.6769706336939721,True,0.5545279981143324,0.49747062632040384,0.5682429706615545,0.5362473074461892
tid_2340,79,public_administration_education_health_headcount_share,0.6674218396012687,True,0.3856848551608006,0.5102432921032383,0.4212948755974802,0.37854409456909216
tid_2341,79,public_administration_education_health_headcount_share,0.2703708008834127,True,0.4570259556305266,0.5504861160297924,0.47553828369661466,0.4389028919751297
tid_2342,79,public_administration_education_health_headcount_share,,False,0.5366324996569,0.5557821344229825,0.5507500874901561,0.5281309728990523
tid_2343,79,public_administration_education_health_headcount_share,0.3976411120471778,True,0.4302016781820926,0.47864488538523803,0.44522408332391655,0.44964191223460487
tid_916,83,manufacturing_headcount_share,0.0224211272598369,True,0.05638675620081183,0.047595529835674846,0.05121486857361821,0.04878527048251144
tid_917,83,manufacturing_headcount_share,0.0107700592353257,True,0.01763437798452682,0.07408603330329686,0.038670558301475186,0.029737516455488045
tid_916,83,agriculture_headcount_share,0.0177242112725983,True,0.07773297521362371,0.03128984711549575,0.08580474636300883,0.06517983605724882
tid_917,83,agriculture_headcount_share,0.0288772213247172,True,0.028489236465574136,0.04540731940446529,0.021928306946916595,0.024028432106479706
tid_916,83,public_administration_education_health_headcount_share,0.4364587025877348,True,0.3602216054235634,0.2673486029052033,0.373791746414546,0.3711085455880044
tid_917,83,public_administration_education_health_headcount_share,0.1299138395261174,True,0.23854364232156994,0.22907544249654813,0.23569634254091662,0.22815037870727778
tid_2216,86,manufacturing_headcount_share,0.0037192827097631,True,0.05632527150522954,0.04528308557129218,0.07174645880915577,0.07457701807801796
tid_2217,86,manufacturing_headcount_share,0.0522226372805379,True,0.15975454082139892,0.0972524526444557,0.15112802725942326,0.19474794617887212
tid_2218,86,manufacturing_headcount_share,0.0601001669449081,True,0.3127450794437916,0.23142960052051356,0.3273102410474556,0.31203420227780837
tid_2219,86,manufacturing_headcount_share,0.045157780195865,True,0.2619330040107353,0.21250889097600595,0.2567301028105968,0.2514339433500329
tid_2220,86,manufacturing_headcount_share,0.0366233163028332,True,0.1634797229907615,0.1722064624332505,0.17781596791620066,0.21883829748345573
tid_2221,86,manufacturing_headcount_share,0.0444307642894423,True,0.18891537078196602,0.1310489510973126,0.1943293730749338,0.22898383167693148
tid_2222,86,manufacturing_headcount_share,0.0337716078221984,True,0.19243247727267115,0.07578729704467273,0.16397160767618335,0.20767559013451706
tid_2223,86,manufacturing_headcount_share,0.0207272088529773,True,0.14815838316988988,0.12652165086959644,0.14052297989053822,0.13607385338275996
tid_2224,86,manufacturing_headcount_share,0.0480119542619542,True,0.16111851785211823,0.09047700227760698,0.16958696710463578,0.2012059311376311
tid_2225,86,manufacturing_headcount_share,0.0172479150871872,True,0.2783663729884053,0.15842134779163386,0.29466433844177586,0.30023543570798705
tid_2226,86,manufacturing_headcount_share,0.037110454254414,True,0.07212374453047252,0.05648709988651524,0.06651324021164506,0.08958380927489164
tid_2227,86,manufacturing_headcount_share,0.0236852281515854,True,0.2026513072533635,0.15985358770239577,0.20196229645512226,0.2059197431758919
tid_2228,86,manufacturing_headcount_share,0.1021946849805912,True,0.21722398989212238,0.18434008579428063,0.21200613310316221,0.23374479616594102
tid_2229,86,manufacturing_headcount_share,0.0068275346053123,True,0.06257788288042547,0.04223017088111535,0.07794790576895667,0.08034895349451755
tid_2230,86,manufacturing_headcount_share,0.0115891834287997,True,0.06110797166891023,0.08843999869676046,0.06275352631451991,0.07410518895994415
tid_2231,86,manufacturing_headcount_share,0.0194586263365764,True,0.14882439604325562,0.08922907951772897,0.1422704449868804,0.1492316897085044
tid_2232,86,manufacturing_headcount_share,0.0258354708003419,True,0.17128496145722366,0.11805830745417624,0.17970971899836966,0.21000196371196006
tid_2233,86,manufacturing_headcount_share,0.0337152880606875,True,0.2216079274495222,0.16287994832851652,0.213385266721836,0.2174031943655762
tid_2234,86,manufacturing_headcount_share,0.0152215799614643,True,0.19066839216305145,0.18961365643962316,0.22319001805265787,0.18781133664458546
tid_2235,86,manufacturing_headcount_share,0.0550033134526176,True,0.2771424484670826,0.1454199830427953,0.29007453182085663,0.23640704398756274
tid_2236,86,manufacturing_headcount_share,0.0677957328750815,True,0.19638051429202572,0.12238684369109852,0.20492273102003436,0.26408875093835543
tid_2237,86,manufacturing_headcount_share,0.0315248332412796,True,0.11018406892050332,0.06182282145390991,0.11395397515029937,0.08082862244952067
tid_2216,86,agriculture_headcount_share,0.0200796989152092,True,0.03440395415859931,0.028619312811291292,0.041793720083591154,0.030542463717095868
tid_2217,86,agriculture_headcount_share,,False,0.03245622629095189,0.029817539310643484,0.04389201169774957,0.043420353102060716
tid_2218,86,agriculture_headcount_share,,False,0.06078217941074918,0.036810262802214055,0.05801265024648837,0.05744969525109996
tid_2219,86,agriculture_headcount_share,,False,0.04963214326255132,0.031056815381600326,0.04437835012825258,0.04256497842705025
tid_2220,86,agriculture_headcount_share,,False,0.017813231134549717,0.01838825666681924,0.01664391124769564,0.017227320612062037
tid_2221,86,agriculture_headcount_share,,False,0.013006940780609554,0.004933209176142734,0.014556450141911422,0.011601900536458475
tid_2222,86,agriculture_headcount_share,,False,0.031405081004531,0.032174873615546426,0.03255560431114185,0.03678538609632524
tid_2223,86,agriculture_headcount_share,,False,0.045856789955508175,0.01646643336486323,0.058912512251214195,0.04872067626230629
tid_2224,86,agriculture_headcount_share,,False,0.032785269633113165,0.03150533478900456,0.035048873878247275,0.03196688318374398
tid_2225,86,agriculture_headcount_share,,False,0.05496029656829917,0.02317517643006603,0.05297045302426403,0.05394497000574293
tid_2226,86,agriculture_headcount_share,,False,0.022207082921901135,0.011768915219889844,0.02321153906738821,0.020206559131533512
tid_2227,86,agriculture_headcount_share,,False,0.024652358575693825,0.037169832808933836,0.035351069479351876,0.028721555973953376
tid_2228,86,agriculture_headcount_share,,False,0.04755764963550112,0.043197149417907976,0.03776338158940985,0.03473922368818001
tid_2229,86,agriculture_headcount_share,,False,0.08163823668401915,0.05272778891753583,0.0686823022871793,0.08782616340300432
tid_2230,86,agriculture_headcount_share,,False,0.06623242793776299,0.07026944271676851,0.05109561569003777,0.08087759273014967
tid_2231,86,agriculture_headcount_share,,False,0.06297970409543978,0.05094897752227431,0.043983728440381675,0.07097602834180491
tid_2232,86,agriculture_headcount_share,,False,0.047040760102952085,0.04084482671105972,0.04295433792977649,0.05582883227634506
tid_2233,86,agriculture_headcount_share,,False,0.061726551979736366,0.034839440839503105,0.06311393376962125,0.06710907891495417
tid_2234,86,agriculture_headcount_share,,False,0.05646028670445147,0.057544969147417274,0.05766410112616766,0.047361882114100695
tid_2235,86,agriculture_headcount_share,,False,0.04717324613998796,0.04542555776831723,0.04180772171685461,0.04644221749402339
tid_2236,86,agriculture_headcount_share,,False,0.027079765307345405,0.03185652071075703,0.02877623968335936,0.035558988167219335
tid_2237,86,agriculture_headcount_share,,False,0.08440575629415865,0.08524812397867262,0.07859802295391911,0.08251735970285906
tid_2216,86,public_administration_education_health_headcount_share,0.479388974983396,True,0.2743260908746961,0.3409427950478436,0.3040620976090027,0.2925261344696304
tid_2217,86,public_administration_education_health_headcount_share,0.1687336570788195,True,0.252539847820016,0.22593528816301855,0.2333664673036798,0.23951158478771167
tid_2218,86,public_administration_education_health_headcount_share,0.3363012428120942,True,0.40026700537898025,0.27785453689456524,0.3879305470514877,0.3504647910205057
tid_2219,86,public_administration_education_health_headcount_share,0.2738483859267319,True,0.32793110679846044,0.23685850702124073,0.3327339330001703,0.33690641646662123
tid_2220,86,public_administration_education_health_headcount_share,0.2053413841151881,True,0.2661494922279315,0.2566444349037395,0.2690503816065338,0.27089119418904495
tid_2221,86,public_administration_education_health_headcount_share,0.3138524952156631,True,0.3036801402613929,0.26877663093452475,0.31438682066940427,0.3048277512092097
tid_2222,86,public_administration_education_health_headcount_share,0.3785623706867783,True,0.2843341037236553,0.23595584307376655,0.2940964813120896,0.28220989317991446
tid_2223,86,public_administration_education_health_headcount_share,,False,0.3969542593502128,0.25518293418870974,0.39002283507092644,0.3524154371309679
tid_2224,86,public_administration_education_health_headcount_share,0.2160862785862785,True,0.390513917775246,0.421312295954875,0.375666346009965,0.43392022280920794
tid_2225,86,public_administration_education_health_headcount_share,0.2841167551175133,True,0.40001309747575775,0.3173797887054721,0.3964128542997867,0.35618211457704557
tid_2226,86,public_administration_education_health_headcount_share,0.3014796817850909,True,0.32131621545847516,0.3306687108772125,0.3370746998900039,0.33058737108849945
tid_2227,86,public_administration_education_health_headcount_share,0.4065158546017015,True,0.3486645127195061,0.29940859795767966,0.3144294679246527,0.3274925964186467
tid_2228,86,public_administration_education_health_headcount_share,0.3060615108987757,True,0.35894612233769535,0.34350337369587897,0.33397021355711565,0.3516799621184009
tid_2229,86,public_administration_education_health_headcount_share,0.278245417134306,True,0.39219759337791116,0.28666660814287226,0.37579343964253276,0.3360594859080738
tid_2230,86,public_administration_education_health_headcount_share,0.4808845077927268,True,0.43490908919312454,0.35390884027347114,0.45485372833445137,0.3772905651220117
tid_2231,86,public_administration_education_health_headcount_share,0.3879202388979867,True,0.4264037523972097,0.5137030588135892,0.42949789987461434,0.3759051246314622
tid_2232,86,public_administration_education_health_headcount_share,0.1189918590386974,True,0.38769058570253917,0.33104056007017063,0.3779441128113217,0.33819006363461357
tid_2233,86,public_administration_education_health_headcount_share,0.0802104927443788,True,0.396009154583413,0.3464262323722083,0.3957606366955101,0.39280221353999323
tid_2234,86,public_administration_education_health_headcount_share,0.2307642903018625,True,0.41231470333910325,0.3672862841013812,0.4135848639963111,0.39302933769602505
tid_2235,86,public_administration_education_health_headcount_share,0.4411862160371106,True,0.36225397188248304,0.48057989114874333,0.360819664738994,0.41054921784738224
tid_2236,86,public_administration_education_health_headcount_share,0.0913777575337218,True,0.32104929005773414,0.2847808161149524,0.3225936569838975,0.2972648415144321
tid_2237,86,public_administration_education_health_headcount_share,,False,0.47491293285038555,0.5563382802992597,0.46426341623978373,0.491793670786917
tid_2344,87,manufacturing_headcount_share,0.0085383207969099,True,0.08303140482803062,0.04606022199950537,0.03306149148533075,0.05881900931961075
tid_2345,87,manufacturing_headcount_share,,False,0.16916982437190944,0.13866207325619267,0.17884887232340288,0.17302812458943212
tid_2348,87,manufacturing_headcount_share,,False,0.18993192081818114,0.12790716170355707,0.186303448360058,0.18211534589556683
tid_2349,87,manufacturing_headcount_share,0.0114735289296836,True,0.18993192081818114,0.13040088464281854,0.186303448360058,0.18211534589556683
tid_2344,87,agriculture_headcount_share,0.0085383207969099,True,0.06532909719758047,0.05356339060827204,0.05205791771967572,0.058934655571625506
tid_2345,87,agriculture_headcount_share,0.1158484065460809,True,0.09964922696245289,0.08805021566147661,0.10335715637609925,0.1079735735400007
tid_2348,87,agriculture_headcount_share,0.0811292719167905,True,0.06113043013306724,0.013288099670968282,0.055314041519755656,0.06596576756709978
tid_2349,87,agriculture_headcount_share,0.0293394525487625,True,0.08229276695636041,0.07298097288107275,0.07834270854792573,0.08132356483092064
tid_2344,87,public_administration_education_health_headcount_share,0.448566781866233,True,0.36167599546207513,0.35751178776618553,0.37588950788959613,0.36529667342032585
tid_2345,87,public_administration_education_health_headcount_share,0.3462532299741602,True,0.4075749993848093,0.3144281737512823,0.4136295399734374,0.3962455867946176
tid_2348,87,public_administration_education_health_headcount_share,0.2184249628528974,True,0.35986743253746983,0.34736707469029143,0.36463214028615387,0.35370923505667595
tid_2349,87,public_administration_education_health_headcount_share,0.1945582691362072,True,0.35729244560874535,0.25354471991379735,0.35911943506333516,0.3408938577888227
tid_2238,89,manufacturing_headcount_share,0.0060803288515885,True,0.066127596878551,0.05671578297903242,0.04818712123420646,0.06681828986942966
tid_2241,89,manufacturing_headcount_share,0.018917679431323,True,0.06238103033877507,0.06475537620493808,0.05129570561737788,0.0216485891727247
tid_2242,89,manufacturing_headcount_share,0.0105953656281643,True,0.048830957292002285,0.03862004286628162,0.0429334834871669,0.06004858176814777
tid_2243,89,manufacturing_headcount_share,0.0315606361829025,True,0.07198751798408465,0.0649132882731247,0.0678688406831415,0.07698230054986853
tid_2244,89,manufacturing_headcount_share,,False,0.16490157904493752,0.07425560133540077,0.15788514882530136,0.16163946706675378
tid_2245,89,manufacturing_headcount_share,0.017271462890378,True,0.08573868622366082,0.08875965514480505,0.12062221990910553,0.05943190764034282
tid_2248,89,manufacturing_headcount_share,0.0154409276860139,True,0.019200846182497504,0.04179178945228189,0.0,0.013049795567602038
tid_2249,89,manufacturing_headcount_share,,False,0.14303618210980046,0.1513819607390414,0.14640087605409358,0.13027216404012726
tid_2250,89,manufacturing_headcount_share,0.0202560672654309,True,0.07566202767828635,0.09812414352094981,0.0633345424447359,0.05653714649070074
tid_2872,89,manufacturing_headcount_share,,False,0.16805610112269237,0.1726335777431452,0.17335195991505725,0.1625811450333516
tid_2879,89,manufacturing_headcount_share,0.0395942637285764,True,0.0648802413807674,0.08767814790258023,0.07461639294670687,0.06913713951524142
tid_2880,89,manufacturing_headcount_share,0.0295737457563183,True,0.05345016992139895,0.036539556442035485,0.0411369795452658,0.04380179374227297
tid_2882,89,manufacturing_headcount_share,0.068552210236319,True,0.1167726233672341,0.11109532405924691,0.13505100883057594,0.13344997651858162
tid_2238,89,agriculture_headcount_share,0.0017127686905883,True,0.04592525868888401,0.0485395882979396,0.04882127953376145,0.0509229653391919
tid_2241,89,agriculture_headcount_share,,False,0.04038779810839385,0.04405998800440402,0.03838111175167719,0.04496137370062058
tid_2242,89,agriculture_headcount_share,,False,0.02956032690162189,0.023211663978967696,0.028913604771067577,0.03254832455682321
tid_2243,89,agriculture_headcount_share,0.0033859343936381,True,0.025410892643703737,0.03369665631239487,0.025174066234256415,0.029992960068470895
tid_2244,89,agriculture_headcount_share,,False,0.10635428176995891,0.08650554790605704,0.12160754092907801,0.11071263539103189
tid_2245,89,agriculture_headcount_share,,False,0.06714973943369856,0.06391174885936954,0.07206733919855153,0.07092774234748427
tid_2248,89,agriculture_headcount_share,0.0151333394850973,True,0.046091621228758366,0.06258451916784696,0.05932114141560527,0.06532107976745212
tid_2249,89,agriculture_headcount_share,0.0491599253266957,True,0.025933266151230743,0.07596581391066966,0.037066305949175045,0.03145377719744267
tid_2250,89,agriculture_headcount_share,0.0060194916873686,True,0.056407636493244706,0.05735696570129176,0.06753680626607309,0.04929320749879868
tid_2872,89,agriculture_headcount_share,,False,0.1478028694643936,0.09791565016505126,0.15446358828724646,0.1510091681057006
tid_2879,89,agriculture_headcount_share,,False,0.04844529470800674,0.042060349417016474,0.04883979623365085,0.05003296757443178
tid_2880,89,agriculture_headcount_share,0.0055073557148245,True,0.07358561789861676,0.0453168760012334,0.06516971112118507,0.08019347715321418
tid_2882,89,agriculture_headcount_share,0.0090162614715826,True,0.07630481047613438,0.08272507799425079,0.08279142072344958,0.0782053117159196
tid_2238,89,public_administration_education_health_headcount_share,0.4728954354714396,True,0.3394635426421128,0.4358682318688776,0.3450421219621681,0.3464905156324619
tid_2241,89,public_administration_education_health_headcount_share,0.3847741343728502,True,0.33146248819674523,0.23788797620436808,0.2978915432149524,0.33001688978672633
tid_2242,89,public_administration_education_health_headcount_share,0.1521212743788797,True,0.35312361448231094,0.3887266424675778,0.3733919220010738,0.36364694733171543
tid_2243,89,public_administration_education_health_headcount_share,0.3059455765407555,True,0.3387006232474188,0.35342132922367747,0.3241037437525723,0.34154676906479864
tid_2244,89,public_administration_education_health_headcount_share,0.2774650823431311,True,0.31643629209448804,0.26071904541774843,0.3155462024357577,0.3470494709371473
tid_2245,89,public_administration_education_health_headcount_share,0.183917056517891,True,0.2579069885875421,0.22838535667668086,0.23733536108638836,0.2668014606733984
tid_2248,89,public_administration_education_health_headcount_share,0.0991356771554243,True,0.29298684573276523,0.20014631587040282,0.3012081128764905,0.3134494393234451
tid_2249,89,public_administration_education_health_headcount_share,,False,0.39315759719719495,0.5209284563796062,0.4055778927264547,0.41166241574008705
tid_2250,89,public_administration_education_health_headcount_share,0.0679342633288744,True,0.34636963884141564,0.26201067104092524,0.3771695764369541,0.3737450104019459
tid_2872,89,public_administration_education_health_headcount_share,0.4410458806117415,True,0.38230177820817585,0.3910128050525332,0.3921771638971771,0.39608087182782364
tid_2879,89,public_administration_education_health_headcount_share,0.2322490381252186,True,0.29387413595610345,0.2741774734584004,0.2864738261697848,0.29199428528084914
tid_2880,89,public_administration_education_health_headcount_share,0.3284798189362504,True,0.3863805060301831,0.3016953903855976,0.3499029488588704,0.3627576128952192
tid_2882,89,public_administration_education_health_headcount_share,0.1063525286677758,True,0.309910021446329,0.2625932384623629,0.2608189105872001,0.2954113568611568
