entity_id,held_out_region,spatial_block,observed2023,observed2024,controls,continuous5,mixture4,continuous5_temporal15,controls_geo3,continuous5_geo3,continuous5_geo3_temporal15,continuous5_geo3_region_weighted
tid_10,4,0,11.022083824603424,11.205031161346051,10.940431423653786,10.88809509498006,10.951898654922633,11.058267261537312,11.119996340551175,11.096106317137563,11.23010467272586,11.122184506050845
tid_11,4,0,10.940571894846348,11.166656193745377,10.83604227237995,10.80276456328888,10.795913857977796,10.871171819792881,10.910611457378016,10.870664779510422,10.904964656852043,10.836418368903937
tid_1134,38,0,11.363093944132189,11.513810073588626,11.249165898760356,11.285077964740191,11.291982499048402,11.34958856586363,11.401713411056718,11.385259708227633,11.402958631027339,11.328471750454208
tid_1135,38,0,11.1285107348053,11.302205668221715,10.997973980504801,11.034458997130693,11.03729725685207,10.997714459489533,11.27989501198465,11.283500437541756,11.28071093616402,11.284112766830493
tid_1136,38,0,11.295199710852511,11.432029893711915,11.183837275204793,11.179434128978803,11.255025950334888,11.278516708215491,11.37184106197865,11.324623152931354,11.391381913564636,11.276002789714353
tid_1138,38,0,10.96612199759446,11.14050579217469,11.007871040508858,10.9586515906799,10.961954234141103,11.00075712198015,11.126555363155006,11.131008755183512,11.174560144913434,11.144675175571937
tid_1139,38,0,11.00941799805356,11.106052866812494,10.88138844543291,10.854929066361741,10.932182771493071,10.910411586909618,11.089945802700107,11.056295605612519,11.035182652762384,11.09013328550199
tid_1140,38,0,10.94931947676361,11.09364080521907,10.995701183774562,10.990138630325474,10.988871651037991,10.96914497685056,11.234110897982163,11.232350264503228,11.22070317689403,11.20730033982354
tid_1141,38,0,11.267463449294072,11.377536347843591,11.227598207869525,11.29236489330024,11.393727683086958,11.2287098474921,11.410519793023665,11.380286067803247,11.406148261492682,11.396149490512553
tid_1142,38,0,11.00311266146193,11.146540675545118,10.920631995356077,10.934656425807228,10.94496919250066,10.913204354559042,11.119996340551175,11.111776703060485,11.058850264826672,11.097085730061147
tid_1143,38,0,10.82582993617205,11.044670705559753,10.819832175505235,10.889670204677508,10.917574310700786,10.955796142600349,10.950349691627974,10.954881223139791,11.060766181554795,11.040698525737403
tid_1144,38,0,10.9342402558773,11.03875958556684,10.619377506360228,10.610590853400565,10.586104411275668,10.640967728554811,10.780816977884447,10.725851641409161,10.769115208780695,10.71811853627016
tid_1146,38,0,11.245431566397023,11.383168653926862,10.78365381886331,10.788115889244336,10.78823193344977,10.817935779833684,10.761723986305594,10.747491574581437,10.910902229817227,10.804149747997782
tid_1147,38,0,11.684835509583252,11.749349242421973,10.872884253053913,10.907062792532496,10.826141211200918,11.024634069230498,10.9592549996237,10.927178930478364,11.034791783343827,10.98734426539699
tid_1148,38,0,10.933522954612142,11.065459542806998,10.81133165771972,10.693739866727308,10.771900510610507,10.761264096272575,10.931075699030728,10.833628795298967,10.839997582417796,10.883034785544892
tid_1149,38,0,10.881249606498384,11.03286341903026,10.837511501825746,10.967060549900298,11.084444234865586,10.935642430610137,10.98291552174988,10.904168535883288,10.921982950727292,11.012813986990034
tid_1150,38,0,10.926341276803086,11.092846594093666,11.191733885289915,11.22650617910132,11.184828886570687,11.207481660051014,11.390684426023478,11.378679106900929,11.336208090387812,11.359296561899173
tid_1151,38,0,11.520118532718222,11.705413500872796,11.307608181922507,11.186612588897056,11.375022418340226,11.20201231492518,11.497626740984444,11.421198264709508,11.367402741357003,11.376494562600703
tid_1152,38,0,11.752296633389088,11.94052251156547,11.476595218685889,11.529835637047531,11.516502005044225,11.578902671824892,11.758354402204839,11.709529576361382,11.65674361682795,11.625930186153603
tid_1153,38,0,10.922166988607522,11.04458605015114,10.763558827252147,10.79232844259136,10.824721741432015,10.852529772799157,10.94665836090603,10.894559623702014,10.983904003878326,11.004860206014135
tid_1154,38,0,11.492631937202129,11.670985920226192,11.151004176575768,11.086145899159053,11.059341916487435,11.23431690207248,11.190078880492226,11.174490782325222,11.298166275414292,11.265588291186823
tid_1155,38,0,10.8782094435218,11.007796915348733,10.860090682206334,10.905082174206106,10.84882369502157,10.89521714692104,10.965996977164938,10.886474304579682,10.915047209088938,11.015935763554722
tid_1157,38,0,11.299092188231716,11.44011495843615,11.151762328759746,11.104214104159558,11.138586644929873,11.208777229950181,11.321581917227775,11.397311009814095,11.418628153552236,11.42031368279955
tid_1158,38,0,11.058503803850776,11.210780642665664,10.849456905677414,10.837371253702992,10.81897070086013,10.775927978361468,10.912553851698783,10.879411919473728,10.906642538613012,10.989831401868502
tid_1159,38,0,10.905519188023616,11.02751251968818,10.703486072783598,10.701034315779333,10.79637279163093,10.677400473718288,10.855905848325394,10.768396399938979,10.857218980501873,10.763354912311451
tid_1160,38,0,11.061427936618928,11.221010446228808,10.917282955416656,10.792955639477743,10.8284839521806,10.831381767165878,11.006106119475136,10.972551795846206,10.974925911783435,11.043343000477394
tid_1161,38,0,11.202637800584618,11.366672350447868,10.93099674357721,10.952092474683726,10.947087082362447,10.973206289037563,11.072778845897457,11.024961868708246,11.055972180992049,11.058259858807196
tid_1163,38,0,11.097023582714538,11.330592708113551,10.78360933923905,10.777065475165513,10.728087555955046,10.779087200833757,10.818013735709549,10.8364959814997,10.884199188060968,10.829026984310199
tid_1164,38,0,11.51661166258805,11.634568596417031,10.660896384499184,10.743961535102816,10.724538965099107,10.70250722379509,10.695411924006793,10.681095079836698,10.742540605399194,10.71831337329641
tid_1165,38,0,11.622367141350848,11.807517111241998,11.454567994909267,11.63560075895632,11.578021647455754,11.614349235287175,11.509206487115616,11.577808860997736,11.579379427606431,11.600625673819444
tid_1166,38,0,10.859717969810296,10.979625848987896,10.727699389354179,10.651736947271969,10.712944082294964,10.615211744306897,10.85124675329496,10.760552917786814,10.77305027046051,10.815144520224294
tid_1167,38,0,10.926458129370335,11.056146009621324,10.80853350709068,10.78387187045083,10.8443356298199,10.741445283811585,10.841573995632519,10.839605085678032,10.81537254788511,10.830696922740387
tid_1168,38,0,10.929206515683912,11.06532187114743,10.763007618945528,10.74773451728632,10.766242937476003,10.72636361902457,10.758241792637248,10.721975812363592,10.810483053407664,10.780263967612967
tid_1169,38,0,11.224241557515972,11.39056346182507,11.010977284712078,11.058108115100914,11.047461250925664,11.027431684970615,11.318379230150677,11.298993529150877,11.312416412664815,11.282525391222283
tid_1170,38,0,10.892746178350317,11.034818693766963,10.906179046753977,10.970224697266788,10.865125041671032,11.035933211078115,10.957615948885977,10.953001661585024,11.03606091554113,10.998180593350387
tid_1171,38,0,10.912831373446055,11.066433653890464,10.668628283445,10.67187641299013,10.6435565446173,10.695590051323833,10.770492806876211,10.726335080891126,10.798530458961485,10.739386428649615
tid_1172,38,0,10.842836391191824,11.013122204485974,10.786541489563884,10.819522949783664,10.794971682082837,10.787645833941989,10.786477918226916,10.836541715030044,10.928203815408533,10.813300593401724
tid_1173,38,0,10.904003617314144,11.035055779261588,10.75739580006627,10.760250879305035,10.766492942831709,10.74285763431996,10.94665836090603,10.82135002479022,10.810691196166607,10.90055865845083
tid_1174,38,0,10.889543124519436,11.031915891907955,10.694268584339419,10.79759687322849,10.830753299853322,10.723973877736043,10.755575473864146,10.836936269668342,10.813523982889526,10.825253517310717
tid_1175,38,0,10.849251646108684,10.988122613273378,10.808238482681023,10.870934399036171,10.819714496506991,10.884895211821648,10.844528989667191,10.874086347114385,10.926609082767254,10.869838627027178
tid_12,4,0,11.06632737649072,11.205742479701875,11.231046966673595,11.05804403710564,11.119122565699149,10.996239849280247,11.372453387880665,11.28007006868356,11.254578400326508,11.346462921883651
tid_13,4,0,10.556310010748849,10.752402675876883,10.6686706516029,10.65288756261631,10.764464896679403,10.59295716731791,10.735491801227154,10.686998679341107,10.681387719092594,10.661511486747045
tid_14,4,0,10.745729079760489,10.962956991686172,10.841235859177985,10.807042491417796,10.78034191399285,10.893272534477408,10.989730428058264,10.919418081528661,10.996885111501015,10.983054873911229
tid_15,4,0,10.865462678283263,11.055877546884709,11.158180414316057,10.946150596234856,11.116626034250809,10.93148579656665,11.078848801969492,10.979549746992925,11.009606416788298,11.006600744136334
tid_1597,54,0,11.274091967680336,,11.224132852590682,11.221495946070034,11.224703685327885,11.235046332042943,11.379759864932971,11.370677676591379,11.391232915870189,11.31687827730979
tid_1598,54,0,10.98713001707958,,11.040909873728523,11.05097908653327,11.022215933196133,10.971633354004394,11.276092592344838,11.247978086770164,11.218280205382394,11.255039356774406
tid_1599,54,0,11.059169917809234,,10.93366158237502,10.937840966919751,10.969714272570315,10.93130722309548,11.116359335385729,11.064657132819264,11.075075407946082,11.096322389487849
tid_16,4,0,10.518629947448105,10.72115060779364,10.660329468377006,10.60995039110504,10.74851464038655,10.662846203745502,10.712956882833852,10.620629641612407,10.75354186866198,10.625659658245327
tid_1600,54,0,11.35552517754952,,11.19073809151602,11.07359269520322,11.05839204398065,11.030102208759459,11.31386181039615,11.24003062417468,11.305697208722268,11.294961556228447
tid_1601,54,0,11.591063590847996,,11.569563989798054,11.437505115026639,11.389657176029068,11.503656674021924,11.578571819296327,11.55625824398088,11.573781062930202,11.585406051032788
tid_1602,54,0,10.682096576845584,,10.660329468377006,10.676849440897783,10.721344590620545,10.674685088512337,10.711706042819841,10.705557778132683,10.738106014025922,10.717301649066298
tid_1603,54,0,10.902863129319243,,10.878066276560997,10.867251482865889,10.972656969567097,10.822306828217776,10.870654086909049,10.884832106663849,10.90165130625006,10.94050487717033
tid_1604,54,0,10.793280293104054,,10.772482279904635,10.748401410862112,10.78237758239151,10.702283799707141,10.814943539692369,10.832064032229365,10.839572728957988,10.844483357427656
tid_1605,54,0,10.70771535769278,,10.632035529149196,10.59214802691426,10.623419166044165,10.64240911441435,10.607299962415967,10.54284098083456,10.638064863007315,10.610405077062476
tid_1606,54,0,10.64128538892981,,10.62942676515687,10.622740958091201,10.597943970553985,10.604012104862452,10.638773682835375,10.614071761342025,10.668851976864156,10.658616052649833
tid_1607,54,0,10.740228455252172,,10.615007311628222,10.57803297864965,10.614971534122944,10.567319488747701,10.604700826662306,10.559106012804508,10.57940323105955,10.610900553390993
tid_1608,54,0,11.00393648687086,,10.825676788802195,10.865864911335622,10.960650064954645,10.858535326220204,10.898740132686331,10.914651328711898,10.956697642657494,10.917283596160567
tid_1609,54,0,10.837038466744326,,10.795592192780862,10.801415083580759,10.832048690215561,10.824363592487803,10.807160724373913,10.8682065596998,10.85396729646491,10.815176979995806
tid_1610,54,0,10.70937619244823,,10.654697569782604,10.63278944980931,10.641920094614568,10.680977116576752,10.703930681372228,10.69236790183215,10.7217163341545,10.735027220803863
tid_1611,54,0,10.793965995215949,,10.81598041041581,10.807590350442002,10.782160788627408,10.849956793905854,10.808702083547944,10.80459074499935,10.882259957054718,10.829089047642018
tid_1612,54,0,10.893175575518615,,10.825705594059546,10.829097293376208,10.897682025016604,10.796853983064553,10.880579674286194,10.864377484386724,10.869303353059149,10.885602886951347
tid_1613,54,0,10.748381096297749,,10.61113165822024,10.60445359260057,10.60018848370899,10.508588502920617,10.641305549543405,10.65152906665846,10.609197282077686,10.668324907883997
tid_1614,54,0,10.794653278351328,,10.760241273348692,10.665126100416282,10.716476343812504,10.690354876077969,10.767789326770112,10.700343764077902,10.761897805788012,10.724767298993534
tid_1615,54,0,10.847132717065898,,10.859880316606713,10.860356297053704,10.844572805529937,10.849223155981965,10.859918091078306,10.870288890237301,10.87945938257173,10.951275089590803
tid_1616,54,0,10.732988701004455,,10.736525493683208,10.704989290831376,10.741807044833344,10.711050201113592,10.767320082872681,10.731437624382796,10.76136523575846,10.733225403104619
tid_1617,54,0,10.713172549344025,,10.632743165340118,10.587343869026034,10.617537824585698,10.573736150278297,10.690536582925262,10.612497997496066,10.672114535870623,10.627384917562834
tid_1618,54,0,10.904560512024895,,10.775490997965148,10.735396348683839,10.76689956663865,10.739879815293207,10.851944940440674,10.825239571618823,10.901129666447064,10.820991925970278
tid_1619,54,0,10.925569707214288,,10.825705594059546,10.867680541379727,10.826135688416201,10.769065189213771,10.87691643409621,10.887601701603762,10.912222863578766,10.908245519309803
tid_1620,54,0,11.143972597721191,,11.191733885289915,11.13965197375443,11.236362637329607,11.167433854503566,11.392903045644614,11.348997027153136,11.354715202026066,11.337299967523363
tid_1621,54,0,10.822791739390569,,10.827240891181116,10.805872143097973,10.838909184136577,10.882348884409184,10.925368882013911,10.871090784484794,10.937996736850891,10.886952341639898
tid_1622,54,0,10.663557129294274,,10.638503914982302,10.634582419965911,10.585719552497514,10.56171162952219,10.720895191215256,10.648390595607275,10.669554304183002,10.685893462666108
tid_1623,54,0,10.675732378954724,,10.777189843122962,10.824018893651024,10.850762447260852,10.815087053501696,10.844528989667191,10.86254654056877,10.89933918586836,10.85996402977317
tid_1624,54,0,10.79614111464413,,10.819267468841485,10.83483612094533,10.825544059410257,10.826928027325145,10.843155022079598,10.829054295947305,10.862397503782404,10.876936667786488
tid_1625,54,0,10.795971129686365,,10.746268657375754,10.799354843820193,10.826133064784193,10.793882800707623,10.756501043348798,10.804627981351354,10.86321323575081,10.823626015193177
tid_1626,54,0,10.646338765275187,,10.666105276712628,10.618457624071182,10.640546268194274,10.582438545584381,10.699942510276703,10.618541073528538,10.685202248487306,10.672255661207735
tid_1627,54,0,10.680500124993277,,10.724646329963159,10.69860661095391,10.666898192524725,10.731410990196288,10.792262558103513,10.766283071477414,10.782935880493572,10.748156571077043
tid_1628,54,0,10.826676437351267,,10.76252831702503,10.724300134339405,10.798401040611843,10.69636439590565,10.767531326480677,10.749222683532798,10.752018984070542,10.766212471480586
tid_1629,54,0,10.811917468998434,,10.783948843272967,10.814517841703088,10.783846726353053,10.853662470464249,10.821431588953459,10.860463342395702,10.905321734616402,10.839591591860117
tid_1630,54,0,10.641706086289684,,10.663191795573843,10.691742675725688,10.68676681472685,10.68549851616079,10.682782130160927,10.674706814064914,10.697594641949125,10.697215526778926
tid_1631,54,0,10.835692971294836,,10.674376148681342,10.722497697310269,10.732039007502456,10.662193771723432,10.720402822614544,10.756991017230348,10.788304551394303,10.805173768363916
tid_17,4,0,10.568368994487296,10.772678291097035,10.754822491478523,10.783176689086979,10.795658021630206,10.770771622265618,10.827291388452174,10.796278996017406,10.876467863685459,10.77755429454749
tid_18,4,0,10.8475860399008,11.087018335196865,11.122067054080572,10.931068618410542,10.90814444919042,10.923573274008419,11.25345868811026,11.122304607402038,11.086702895233895,11.139698709835512
tid_19,4,0,10.723511847537871,10.928621926932612,10.593637881250807,10.607871904668105,10.616133369480135,10.659155846318283,10.733951802869163,10.689402439782397,10.743510547077776,10.68900323668366
tid_20,4,0,10.59786397726579,10.837038466744326,10.661600648479796,10.683145343864426,10.64793765469288,10.571389118615704,10.772627497834456,10.747663507621837,10.658878442448136,10.69487385208778
tid_2144,70,0,11.265744055417226,11.412489470595586,11.226082120884039,11.155017892136783,11.269882151991325,11.18937983943951,11.378753516901508,11.340570680502143,11.354916087779841,11.330341633762789
tid_2145,70,0,11.116906600288472,11.239798287594176,11.059019973362332,10.967284445301438,10.979809838578735,10.990243222899705,11.1364707821699,11.053857297146788,11.133432516455022,11.096669586278653
tid_2146,70,0,11.40537477485258,11.5415430477046,11.397789979549117,11.463775168169823,11.520192371821983,11.405372626599718,11.605909843329806,11.55058325164709,11.579462925729288,11.535519946548236
tid_2148,70,0,11.5992811270258,11.748775150381702,11.29937915774969,11.411229032455227,11.388941352437289,11.17076207286771,11.388947355693114,11.410520190676548,11.324876764078319,11.47654087913837
tid_2149,70,0,10.706188445005516,10.85721471436895,10.779711293510013,10.840514798313725,10.875392563071367,10.787438452029376,10.798995076992556,10.768400078277994,10.823325398441746,10.851604680733356
tid_2150,70,0,10.9067904947329,11.045146559191048,10.687191644430712,10.658155720659991,10.705340628591566,10.641750571211714,10.728638260767477,10.627891531614306,10.697162276575698,10.671867529357298
tid_2151,70,0,10.941571048129417,11.087453038618122,10.990243202985146,10.984117430316294,10.950944557327068,10.993162459763695,10.945423252173885,10.938773971645059,11.008566275855356,11.033056447850994
tid_2152,70,0,10.731993517522678,10.843846311743985,10.602349066823033,10.591426393192538,10.59639095997322,10.589324506656856,10.614752689573494,10.56247827842907,10.65525827160303,10.637361389020517
tid_2153,70,0,11.373579486070266,11.523069836402248,11.102752529806331,10.968795606907637,10.864122548236297,10.951222829452572,10.931627673863117,10.952068468297433,11.01439722647863,11.088693203784139
tid_2154,70,0,10.780030712491293,10.923970718125943,10.672908213412333,10.691106960498983,10.719958473051946,10.710757043090231,10.664080404725212,10.66708668103285,10.73912095816946,10.713859854038146
tid_2155,70,0,11.133787243055648,11.270865368672933,10.89647780024357,10.86873451910517,10.904495377127812,10.941373849725865,10.975936144165601,10.920318961694468,11.004101602477766,11.001676705693292
tid_2156,70,0,10.96787754844146,11.075721981074851,10.71374580299123,10.662683752115797,10.66940217076096,10.73287851635879,10.776255558366142,10.680603714233035,10.830492161423418,10.759270962276394
tid_2157,70,0,11.001939828402872,11.146983428146672,10.695344647452366,10.716695823311147,10.705567638090285,10.760475721396576,10.778354804422428,10.72263960430105,10.811513179049753,10.75845917519411
tid_2158,70,0,11.52710150837598,11.659196611220016,11.141051221665776,10.969822044049382,10.95636062740205,10.972240773754217,11.133686647609979,11.053369044363908,11.171770388043408,11.113647789657888
tid_2159,70,0,10.711477896002712,10.850129006010611,10.676768378314504,10.730981229379864,10.719178694184883,10.699549767524028,10.70075403041459,10.659272113691841,10.717127936051718,10.73986673901355
tid_2160,70,0,11.085890899640734,11.16577360362571,10.705639202801333,10.645395811325946,10.680658444702487,10.628808343876422,10.790751791118076,10.692641839590172,10.766025439401329,10.71625490439754
tid_2161,70,0,10.916587340338344,11.103007959635775,11.2477712125221,11.164514907446634,11.27422169803422,11.142517371829085,11.400693112642381,11.357185810758548,11.317556881545304,11.307414369723308
tid_2162,70,0,11.036565678085516,11.14368909852929,10.704585157685447,10.665214402710399,10.670157027931781,10.654892443550795,10.777072493592929,10.687634482474992,10.763658599299829,10.727798382296195
tid_2163,70,0,10.690794251143002,10.820755806479868,10.689705496572541,10.746421236634458,10.756277637945031,10.787140691288148,10.689019638105027,10.686432581296321,10.791322189620049,10.75025602153131
tid_401,17,0,10.590020406587556,10.74984926058372,10.60021022172232,10.598808797816535,10.62674895410818,10.527198685122105,10.60990584069123,10.59438535451641,10.583975190420366,10.536992888924626
tid_402,17,0,10.637407126386208,10.789601511264046,10.60202234389928,10.557036501790769,10.636647945975051,10.595332509967212,10.624690371066599,10.573296730734363,10.66700958926328,10.579407244557958
tid_403,17,0,10.662991132141894,10.84994466902656,10.62095668831391,10.61464843136652,10.612200091407708,10.551463212062437,10.638958685299619,10.649706480177183,10.593448776092288,10.614835443923871
tid_404,17,0,10.8430181349356,11.000515253074,10.605792310941599,10.626200872820117,10.58236974579934,10.684882763841065,10.6880704709653,10.734173396029583,10.734013272711548,10.733341507087072
tid_405,17,0,10.87584476897906,11.02814763268573,10.887608668196973,11.009304115138908,10.82567039372038,11.06643527831807,10.994163035841874,10.99311712265848,11.080314229234153,11.051802249933703
tid_408,17,0,10.703439954663576,11.04909156374975,10.603068142726874,10.642682961522278,10.606190749025647,10.67041562255421,10.643476537645872,10.656305441850076,10.762504775437996,10.749361539895908
tid_410,17,0,10.78915823924962,10.928539411429515,10.739186041113848,10.779099976340472,10.877981534731491,10.745518568542643,10.838176965620725,10.773491416211979,10.786089010395319,10.775106652628008
tid_413,17,0,11.340912194757626,11.479381090878348,10.9620895157161,10.916271940227194,11.002706187995251,11.002010725432923,11.109605098200065,11.053623269765415,11.152884255664661,11.054114184158822
tid_414,17,0,10.734625542723808,10.860403779625814,10.672908213412333,10.61451554448597,10.563070798973742,10.640614168478356,10.773503419279322,10.676013185974902,10.736495708002241,10.713431313369911
tid_416,17,0,10.709032181365002,10.858067794898142,10.585311578583205,10.604006654137073,10.620333658285677,10.596886859307553,10.5844786811539,10.647659103285596,10.606092937078241,10.555666057700396
tid_448,19,0,11.14548708827198,11.277481573693176,11.02092967319858,11.023272641059053,11.013694804860128,11.066568627160489,11.280180662247721,11.27975074126886,11.276859814653056,11.26904396518372
tid_449,19,0,10.93130355883469,11.010322608070425,10.866898311084048,10.797373711172341,10.783170072134897,10.818142458430282,10.957997674921252,10.917160388048773,10.916942137340754,11.019832474008304
tid_450,19,0,11.254614474876345,11.419594525177509,10.966404489679128,11.003197055218118,10.98436325130081,11.030129719932921,11.249357600453676,11.273319955226523,11.30275574102424,11.157934066155383
tid_451,19,0,10.989919291928404,11.22298484391663,10.850936277271035,10.86745826060602,10.869249224110995,10.915592520332368,10.960412858847548,10.928803699637479,11.031408866785437,11.015390714453515
tid_452,19,0,11.061297563130116,11.182900798027385,10.944317214843446,10.916032214361415,10.955589769322545,10.95444359490625,11.114048180615999,11.121216004523736,11.14806738442349,11.13027251643664
tid_453,19,0,11.161657306559349,11.250366481546232,10.908241775953526,10.888275542016407,10.980203026506398,10.810105623771015,10.964524525692987,10.942123331272148,10.934636336891108,10.976438122296011
tid_455,19,0,10.924260814751776,11.045963604850623,11.068257188750534,10.991862827208307,10.883493295488224,11.065883589627385,11.024239411814543,10.99849197264858,11.069055656605666,11.015016519495575
tid_456,19,0,10.713179224295049,10.798021308618573,10.602349066823033,10.63541583246485,10.593980225168773,10.557913939574716,10.641435098183578,10.654168966450191,10.611863100329085,10.678997120097486
tid_457,19,0,10.71760158391867,10.82320640169593,10.548914941484073,10.606718641255563,10.568163725145656,10.60900703892023,10.55069873426949,10.60716750356675,10.678416191124201,10.636295809723283
tid_458,19,0,10.98925942139772,11.02525305815078,10.735136369397361,10.749731238971822,10.714335501683049,10.700899160817276,10.850073336397882,10.844155388763498,10.897693035990184,10.810183731026799
tid_459,19,0,10.838256505656055,11.016014251895468,10.8956226375514,10.942579939179502,10.895853123048493,10.962434548658107,10.956312570686645,10.967182187752783,10.98963563788123,11.013815137444915
tid_460,19,0,10.879702425653358,11.04152245705072,10.806505749456703,10.784212760857676,10.877103245897136,10.793743142347832,10.843777365412127,10.824227445538515,10.865926075234501,10.834310964165846
tid_504,22,0,10.981008984496746,11.150239634653095,11.054694831005888,11.04943762935819,11.105236508911126,11.031062014373925,11.293984887126292,11.298687687830657,11.281130856400647,11.332213204389646
tid_505,22,0,10.80409392539423,10.96887736924655,10.878527424976404,10.879850864392633,10.902069831909227,10.890500017284042,10.932147688304658,10.932122867295973,10.984348324050218,11.017103305591162
tid_506,22,0,10.921948516520976,11.06024924533255,11.242508569338446,11.1846156518642,11.203936202282437,11.02965723797985,11.507201096011553,11.405838749166374,11.34971905526211,11.379172335210185
tid_507,22,0,10.830939762716303,11.054469306312296,10.948454994560983,10.960773077345852,10.992261348807496,10.947966324741081,11.111453341418422,11.07912019167742,11.065506477344847,11.099590047731914
tid_508,22,0,10.879359538578536,11.077196491121656,10.814679447672027,10.872841160180261,10.90039572131302,10.876768949182477,10.896811959691941,10.930851303897876,10.934748117037065,11.007986567938147
tid_509,22,0,10.964539881569427,11.147078587148783,10.921698085103824,10.97266889149536,10.956753268972419,10.991813673122396,11.115975319204583,11.10169219867238,11.14395207453297,11.151074063318726
tid_510,22,0,10.700485609822245,10.869429030553754,10.829595787940962,10.848395388000172,10.868127573959264,10.829019370045174,10.98054916599432,10.987820083043905,10.924685968437771,11.035354493810464
tid_511,22,0,10.616530493310153,10.756090601207438,10.796303668035398,10.747214130418925,10.771088845182867,10.785291479374889,10.846769268259283,10.870509508912225,10.88093809584822,10.863769990041474
tid_512,22,0,10.58114539019994,10.756131099248083,10.836262358206563,10.77836286402546,10.818383086662077,10.796755243917858,10.866398713586616,10.847168621450074,10.877748007010231,10.945807253240487
tid_515,22,0,10.538777840082211,10.702333941391071,10.763007618945528,10.817302396434037,10.777232050416494,10.790435109916123,10.85841476328969,10.869735470573298,10.850455958184904,10.853739920242417
tid_516,22,0,10.584822745434714,10.709691059888293,10.54286352178209,10.506519675372076,10.53581051391931,10.512354776691307,10.579083136954512,10.51153220049874,10.609655728671777,10.579221648082518
tid_517,22,0,10.630717268393232,10.790536891788976,10.777189843122962,10.788683522865085,10.901216306804509,10.714360391152006,10.844528989667191,10.821073689965429,10.738301370116668,10.880033336780736
tid_518,22,0,10.691776716938069,10.819748283960276,10.738854723257386,10.742284256305464,10.768866112739477,10.679052355932075,10.798380977694748,10.817959803063388,10.776166662051022,10.816658852064347
tid_519,22,0,10.531680125406496,10.67941215955364,10.539088545203082,10.541623833139258,10.539015494219106,10.540781447600096,10.548352433814408,10.609994623161189,10.595180140444349,10.616380019103662
tid_520,22,0,10.538277071033583,10.675295717398606,10.521165819038705,10.513175334790557,10.488315677219168,10.544185328883,10.601797650407198,10.561125178291789,10.639758799070359,10.5681035325642
tid_521,22,0,10.518835340641662,10.675353487807463,10.632157125355828,10.631520151402857,10.640089811726604,10.673135922923985,10.672472654829324,10.658320973049701,10.72647283293099,10.695879948730688
tid_522,22,0,10.532282861205116,10.632378253971089,10.544858218541185,10.567735520668178,10.540472227155277,10.553712785165487,10.620086559727925,10.586507590630976,10.66403476060439,10.593996636179721
tid_523,22,0,10.449482424111409,10.586637426139545,10.536089161692745,10.51333888390915,10.483029506996166,10.469626681868844,10.626553282981662,10.594381135247868,10.604672957355268,10.64942876171298
tid_524,22,0,10.618401117233525,10.738021441779823,10.629452540292665,10.682262448662406,10.64636707813054,10.693191752282656,10.63092364177895,10.706955224723197,10.759277991971896,10.722179755859496
tid_525,22,0,10.531581412805489,10.67354021713338,10.585759306353268,10.547403354519837,10.578458244106761,10.528860249916017,10.597100410234061,10.543415155275751,10.633866284546263,10.627866576065538
tid_527,22,0,11.069764720188235,11.206878451256255,10.655288286189311,10.669378377784996,10.688518324519979,10.683119722846191,10.699730487790381,10.750763942248607,10.78114508047905,10.72235371669491
tid_528,22,0,10.717683541418214,10.888781822507012,10.568434457647404,10.608028919576173,10.586960758753941,10.632353487117182,10.603700202651883,10.63714681295569,10.7454588142917,10.71049765513771
tid_529,22,0,10.574465808325012,10.73872006127542,10.753663708770256,10.74440706186808,10.765683648959795,10.69578976763811,10.762475674065838,10.800574886275113,10.794057314594117,10.788276421389527
tid_530,22,0,10.490365471320208,10.643857002093345,10.633492176884031,10.674507263506978,10.6610725290615,10.667319493108298,10.629675281204106,10.665896465978806,10.662277764618857,10.721644345485698
tid_531,22,0,10.516554733060518,10.67090697747066,10.575799672055759,10.601655468247172,10.603905682751517,10.57581911885475,10.610539143341374,10.615366893433647,10.670058661955311,10.631941662977246
tid_532,22,0,10.40909659356314,10.619325343015772,10.617862199349442,10.637546556413318,10.663934732910125,10.59299286394805,10.651939218986438,10.666778768706614,10.664983648500028,10.723361514471389
tid_533,22,0,10.7263046171839,10.931031603347831,10.617862199349442,10.644518155386882,10.619306525790938,10.575141913768713,10.68768113447583,10.659194789450414,10.689719951907234,10.707005456066131
tid_534,22,0,10.492612210814649,10.603245334841402,10.572134484233517,10.577341804945204,10.555060006625464,10.605980432682335,10.585733422163665,10.6199617528427,10.651141736262991,10.633654892090748
tid_535,22,0,10.757728397385762,10.89473175617131,10.689705496572541,10.73015305003229,10.780666824273744,10.680681450982561,10.747398312198982,10.773393357306706,10.737605393757818,10.770512256783617
tid_536,22,0,10.560455589676334,10.785484931852729,10.589086555162213,10.591771395576215,10.57880043590523,10.56268753530061,10.638252227168323,10.622307374234207,10.673537572432016,10.691203602244382
tid_537,22,0,10.57403118688622,10.763343373484853,10.524588783894037,10.557408516541441,10.56490592635899,10.537618394828886,10.552440011864743,10.564281727509412,10.623783182454673,10.605810705141588
tid_538,22,0,10.567141553701305,10.728248350464618,10.663112294063223,10.612843068653028,10.672476715066663,10.634002511162086,10.628274829232934,10.628523301071663,10.678246274995432,10.639919496538969
tid_539,22,0,10.559960375226694,10.69241752847279,10.632304030333398,10.658191497477288,10.6289985643678,10.642062072088104,10.625348489017744,10.651688889859937,10.709986782917884,10.669324327270862
tid_540,22,0,10.546120082854896,10.69670402488604,10.639583398040976,10.66473616825502,10.648840302703057,10.643741208820805,10.678157058788853,10.686780176608645,10.70988605087065,10.730617131804133
tid_541,22,0,10.59934605414098,10.747132319925404,10.565102223694067,10.557101353387488,10.562328351850285,10.52544638576839,10.597078433297902,10.61593997916388,10.640401672452873,10.659776082903672
tid_542,22,0,10.63418337604185,10.874304347764848,10.543006733808648,10.673087270521908,10.567689822354215,10.614854382982662,10.56559213996184,10.588658264381158,10.68301219587234,10.705391270206817
tid_543,22,0,10.765742284874824,10.997159323587558,10.705935495015682,10.768534618272382,10.731721491071742,10.67417898376745,10.697199586429482,10.746027592702879,10.744193971895559,10.76902233475303
tid_544,22,0,10.62317441928306,10.79277700890734,10.555365044518314,10.59200805998239,10.560466162971851,10.557507392475895,10.555707107292362,10.596815541758698,10.649757751520873,10.629727083518203
tid_545,22,0,10.625681268228892,10.783875421100936,10.683031408604242,10.725190493832898,10.72187461164422,10.72409833429222,10.682537473002183,10.749512998382025,10.765253508645555,10.756763461237993
tid_546,22,0,10.73096674264132,10.87339866902182,10.609862399549673,10.589913385299523,10.608877170723883,10.576648687423008,10.65743905952658,10.560404896234656,10.649983277600144,10.642978043132352
tid_547,22,0,10.610350243982015,10.771696669160768,10.650937645924913,10.665712724103471,10.67203985973167,10.623068880712376,10.660842334227278,10.663698115362568,10.695540384348856,10.704646163149262
tid_548,22,0,10.502524582968029,10.667165421536176,10.6407926544123,10.587278976273952,10.625507887772178,10.573973717279358,10.623405014100939,10.591856514743727,10.661216695511914,10.628327952002431
tid_549,22,0,10.529300307056484,10.719476065084804,10.619355509433953,10.567765764213771,10.629925308751032,10.611520819766168,10.634021790312916,10.573636797062441,10.658238059616957,10.636200629148222
tid_550,22,0,10.617201774036037,10.72492679938942,10.60081422286855,10.621285875049923,10.614142770467328,10.577659858797771,10.625481241302483,10.613748917633428,10.65866870800675,10.641618621482445
tid_552,22,0,10.620541671271456,10.802918961341428,10.678222531585211,10.73549188166073,10.744769541989317,10.718391872532658,10.758000661940795,10.745841641986209,10.779576518763207,10.769309949620189
tid_553,22,0,10.761388288955532,10.94418643654808,10.557925891872253,10.517546560238134,10.555357195284227,10.499084759900994,10.666716553973547,10.566796615213688,10.606007389529411,10.679969697343308
tid_554,22,0,10.712186392193548,10.875869351060048,10.626326000288493,10.675362322286757,10.660669737017775,10.627377238142104,10.65497410596318,10.683694811082912,10.674528103818853,10.749044799933305
tid_555,22,0,10.4529000347658,10.582822278836275,10.580742908930073,10.552330851477617,10.559438914725089,10.575431480369275,10.666554635817567,10.631062377654162,10.639915390061063,10.656407680115086
tid_556,22,0,10.417648607561611,10.576656490380408,10.51781844485799,10.565260991021969,10.534710981329642,10.55583803426508,10.601797650407198,10.54086204760787,10.566061614961205,10.614242419737185
tid_557,22,0,10.534706136473906,10.74036271337878,10.574973373200349,10.594304605106096,10.607089579508123,10.512658185802573,10.595323908839934,10.552740114221436,10.628255746746564,10.621496390347039
tid_558,22,0,10.464368254416202,10.658296463987748,10.624491005302405,10.595673798152532,10.552511057837902,10.62360144789056,10.62106333720377,10.619912586633795,10.620652172830916,10.644946911094081
tid_559,22,0,10.661373234236311,10.854934981394765,10.689591814959561,10.76241070271733,10.739100683003159,10.683232762909299,10.678249161827578,10.753350209856846,10.731466769291977,10.757295462065066
tid_560,22,0,10.619938576915306,10.771383941893124,10.537207229259657,10.550677501054562,10.529311305890829,10.514932094900386,10.591724716618899,10.60018328400966,10.634571817036367,10.653709332028464
tid_561,22,0,10.635814580029727,10.80747895682323,10.641525891160372,10.627772800920354,10.647876552653486,10.509643448752628,10.631998774226897,10.662166903084051,10.637803544829037,10.704931396469522
tid_562,22,0,10.517729503249274,10.669234425510416,10.610176014208664,10.610591787791247,10.61490830274736,10.622228956594238,10.635663721866319,10.617660992017042,10.630292588815244,10.61624891213584
tid_563,22,0,10.59538395119442,10.75398457585447,10.629962929383723,10.589235175730105,10.619938963577185,10.59597596984562,10.625348489017744,10.594521048695318,10.68781415027264,10.647098385528722
tid_564,22,0,10.42019285705201,10.605839736756971,10.597233505296716,10.617740230061713,10.615824915613421,10.623682820338345,10.636089626497911,10.648108301792854,10.693544323540992,10.693739907553999
tid_565,22,0,10.511498868959436,10.657842714137187,10.50090639886295,10.551543294220842,10.504725150737984,10.5590975433245,10.582735950193653,10.574449478115984,10.65627775806668,10.63658587579023
tid_566,22,0,10.602084854167853,10.745494296766744,10.607335271182459,10.552955369970828,10.578393223022138,10.50843453400297,10.63936498965278,10.560716447292934,10.612486545214553,10.61626825849227
tid_567,22,0,10.464918834321963,10.604659944769116,10.50295942803263,10.55837888625952,10.55027778998466,10.505999446092737,10.534409405873461,10.561365858366774,10.617826363910266,10.597322016823306
tid_568,22,0,10.539127434873636,10.702102243029808,10.600807641065982,10.66632025104632,10.62001336789693,10.656175291615849,10.630601769610085,10.68462994855409,10.753761095964085,10.74067895308553
tid_569,22,0,10.65954380239777,10.87980602224456,10.631767866106545,10.581897646375396,10.606328273268895,10.58507446376444,10.63697880961979,10.599680976525836,10.648743743032108,10.659744507933517
tid_570,22,0,10.418497410173329,10.546714180278055,10.613599042896217,10.571193005809038,10.557916502592997,10.538940650789078,10.614995203631446,10.637332940750424,10.652390344332142,10.653942100069555
tid_571,22,0,10.577961467830452,10.721430896956782,10.707476799684924,10.656262973654574,10.70576894725029,10.626607375340816,10.681521332234594,10.65886293373306,10.71031672379752,10.724588449292856
tid_572,22,0,10.573046198287456,10.727546760677296,10.636104640767805,10.609528917671835,10.616279922989783,10.630426132307731,10.624901184032048,10.654891938292304,10.651562060370532,10.661376280777992
tid_666,24,0,11.337950456087258,11.494039237651297,11.26886796524948,11.29903158712795,11.30269090288525,11.379179390013627,11.399428247027355,11.361265701092139,11.435315972754445,11.355004410100056
tid_667,24,0,11.114912024099214,11.264102501839403,11.022781940711097,11.06440324111675,11.100974840464293,11.046215062731239,11.248891891482453,11.25596422069816,11.32842590379249,11.358909390337901
tid_668,24,0,11.065669142800257,11.24966670055692,10.898333677013396,10.777359300373844,10.79077630212596,10.842858665365002,10.852583528165889,10.829879153841864,10.919153540727878,10.94488278026183
tid_669,24,0,11.099559224965809,11.247237081736657,10.865221867074531,10.822594211284178,10.855647403170881,10.896003667217714,10.94835273895581,10.89943677984608,10.99284141740306,11.027439765174314
tid_670,24,0,11.1687012593268,11.300324890641948,10.995750352277913,11.071015917200668,10.91253279781686,11.055957365189808,11.10779152138092,11.18595761275381,11.26858616802705,11.260101064668055
tid_671,24,0,11.037322186914,11.177670886702089,11.255724050840886,11.093636319781977,11.181439547487871,11.112846252811439,11.35829736477584,11.315171701328891,11.341463699810943,11.32565505148671
tid_674,24,0,10.914286324404657,11.054171915597236,10.961669694096889,10.969918153820617,10.994427500016945,10.929831693767301,11.069546754204083,11.06474054307257,11.113050570009937,11.128750843038743
tid_675,24,0,11.080530480963471,11.227201474224607,11.033200870618709,11.055179478022414,11.155225356340349,11.142492022616265,11.296997062957093,11.33944454946509,11.376943507079048,11.315288568913758
tid_676,24,0,10.956600257132871,11.103664662319174,10.995701183774562,10.976193157228089,10.9951637376258,10.971807670441324,11.234110897982163,11.228190028929552,11.194189399682749,11.200563142353152
tid_677,24,0,10.968601656441049,11.151281050785744,10.850827980346017,10.816984584127662,10.82562581206144,10.83458452690368,10.876947873842719,10.846586428330761,10.894637042981271,10.983362411314452
tid_678,24,0,12.004894210078776,12.116478299181846,11.601903101388878,11.769989365920392,11.62469145703573,11.755006068793014,11.681333648835512,11.722928921194285,11.744892184093464,11.82678762846482
tid_679,24,0,11.057359509122069,11.218036149291317,11.142495362057216,11.053883091665767,11.081806168368752,10.993266130469731,11.266189112469187,11.243190343777226,11.293844493342121,11.257572170322396
tid_680,24,0,10.77510513369854,10.895725849189738,10.984066413921365,10.932793594399337,10.907192673812993,10.961229338220122,11.099586325843978,11.101999512792847,11.169061031482864,11.142319829059137
tid_683,24,0,10.799161205538445,10.95394372598328,10.69332887303451,10.655478368718688,10.67571271394935,10.684062370618017,10.667145685993622,10.625287390672286,10.722598939110027,10.66828976698661
tid_685,24,0,10.918730913344202,11.0876488995269,10.827572880902713,10.82608081009177,10.774665103286246,10.832649884329719,10.885784812567476,10.834353309139152,10.92304879819766,10.899464220950373
tid_686,24,0,11.063977011587433,11.217535093100077,11.062826211672496,10.97606892049689,11.037812419700986,10.923860815522868,11.150067670622485,11.087821580655008,11.076743610777777,11.138883130745233
tid_687,24,0,10.86108336222701,11.00048186632186,10.624285218207005,10.587580782136067,10.586002298101175,10.601455845154724,10.641042854573353,10.600157900645431,10.689959736731092,10.62787795911133
tid_689,24,0,11.231992565524768,11.368427877105564,11.210911987089217,11.091584256527911,11.13969745440182,11.200709828645378,11.3260518465427,11.320892194445475,11.344870201999473,11.376364801579001
tid_690,24,0,10.884175545571134,11.039137082573436,10.684419571159417,10.71996547882605,10.760620002210302,10.705441417045208,10.704363261648306,10.647039569742953,10.735477161160505,10.737482295830985
tid_691,24,0,11.418288358601153,11.596583475706783,10.739841625348337,10.605769522986023,10.607495189922437,10.83425926790184,10.761354801038244,10.653626139765628,10.880391439574506,10.691418345948987
tid_692,24,0,10.797289292064397,10.957585273630908,10.687191644430712,10.654962276928647,10.630628795252495,10.676177583008291,10.707649269908153,10.640241683545252,10.746766712171011,10.693200816952338
tid_693,24,0,11.250499098574451,11.445621523580416,11.062961183066928,11.085548609561167,11.033903318562317,11.190464260533092,11.275854794961115,11.236673297244769,11.34075897984902,11.236967868563292
tid_694,24,0,11.109748736522931,11.280666746456578,11.119383748647047,10.99245356458145,10.998457048453036,11.230929787566668,11.163899772365129,11.17340653790498,11.310706702359438,11.235894120351213
tid_695,24,0,10.808753736792829,10.965304451242186,10.832108295996271,10.73960129896973,10.812820195551074,10.748042741539345,10.92432115804657,10.849813535890569,10.868425596693486,10.904527637793118
tid_696,24,0,10.79690875898616,10.933961961250692,10.60450232686537,10.615432743494763,10.622500784124592,10.579161434973319,10.641095963215475,10.613181715958785,10.655473282490583,10.678744293897488
tid_697,24,0,11.0904220253773,11.274579439412822,10.758822206298616,10.761721469612288,10.733165783102978,10.818641326916037,10.749115171595188,10.727122784105578,10.86672282225656,10.792464593402547
tid_698,24,0,11.053545207361624,11.23207202425196,10.731749061070666,10.638099554089075,10.665255369414384,10.692504975321894,10.81908699473482,10.710273287632777,10.79688920678904,10.774555258013185
tid_699,24,0,10.79479888069927,10.956823496334602,10.637811618446838,10.61795141383204,10.63726869906103,10.66622330951049,10.68577085924667,10.613819356426697,10.753380997946163,10.650934785238185
tid_701,24,0,10.802538530147585,11.014089345654392,10.727699389354179,10.65057215569888,10.671457234287983,10.71406515117223,10.846537309412446,10.784005005379138,10.835158902928788,10.793639889553543
tid_702,24,0,11.291948315312435,11.479280776854004,11.438945387686728,11.548622419788003,11.32937094177536,11.514657249375759,11.517411781522151,11.522712107733978,11.524486295049206,11.593195653095274
tid_703,24,0,10.949187693320516,11.102494045125672,10.74087062937855,10.696716602286134,10.675590592541292,10.728032217158257,10.762385247679699,10.70629976123101,10.805374179542328,10.75603500271374
tid_704,24,0,10.725230214126707,10.868107389927555,10.711857158091107,10.78379676296577,10.828911162421857,10.818452616615668,10.859716588402193,10.825731459706976,10.8878115312908,10.844259697122304
tid_705,24,0,10.84816552685717,11.031885155006927,10.914159344724315,10.76784256070131,10.847722466358285,10.797756146784707,10.976016601708958,10.943892950132456,10.942726819695187,10.999154206725994
tid_706,24,0,10.777242321885693,10.945113177320303,10.630395111907102,10.616024651840593,10.623244462060827,10.668936763260128,10.634494638570635,10.593819478548218,10.717766177254935,10.655225089147722
tid_708,24,0,11.322214011212631,11.517597533839432,11.324011459729933,11.279220789180542,11.404673858698663,11.267204882703533,11.48707181557716,11.353825540143593,11.33842261428161,11.38513870511606
tid_710,24,0,10.81542281310078,10.991832310048371,10.781845072482648,10.708170621251304,10.743490568290534,10.654715573573837,10.751138544982979,10.695685456887821,10.772776505042305,10.754396745954484
tid_711,24,0,10.819038010475133,10.980321062606642,10.774920753542553,10.731016372507304,10.78358637319324,10.792845399787854,10.916225542517648,10.792821139542868,10.86410112835046,10.889669955918336
tid_712,24,0,10.92753253280254,11.088052741538382,10.617622212718953,10.588687230195092,10.599341097309544,10.594089043892225,10.664503324360348,10.600839742962838,10.699796276904,10.616970580124221
tid_713,24,0,10.8192761583661,10.982587371808185,10.652324342410768,10.64225409895649,10.659812529905377,10.654535716875527,10.758902190017082,10.608324240664613,10.67496604265835,10.650635386933189
tid_714,24,0,11.029234996811509,11.18010515195126,10.888101272297408,10.801614340422931,10.867931350822001,10.8444140211197,10.923913086816409,10.900375032205345,10.938768415048559,10.996045274459943
tid_715,24,0,10.80781298487052,10.94210210618654,10.628497087166313,10.592687649554163,10.59201469426597,10.682844687159777,10.660746214115228,10.625607849631246,10.751907257393663,10.668604883960134
tid_716,24,0,11.751008858992993,11.945686623051072,11.417908541003628,11.736465030507564,11.552744216946932,11.543200482253583,11.64389531815899,11.72297643169206,11.58391033843779,11.768952934912198
tid_717,24,0,10.784615247741709,10.98837103087986,10.688580315322344,10.72950179753083,10.74120655909428,10.729327871436652,10.684899514379905,10.657663579495905,10.761381489460122,10.721709328102715
tid_718,24,0,11.813064130914132,12.000493311277417,11.662189613912343,11.695212530055139,11.699161227379607,11.831015338167248,11.732932014868194,11.663591047245824,11.814358736701971,11.740300470555558
tid_719,24,0,10.797076538728582,10.938863582865377,10.627917733248406,10.614692585581757,10.615861201671587,10.65402482582091,10.735547291543883,10.666547625920597,10.729290092704531,10.713621583811955
tid_720,24,0,11.709520502574492,11.93533421540828,11.688038875121375,11.787306200357506,11.743991034246703,11.82728577494765,11.825585682652894,11.818970320353348,11.79688677617106,11.83802163341409
tid_721,24,0,10.838069966882449,10.983779714460873,10.65119643404402,10.560584314922862,10.5728106196426,10.601636340101305,10.663262031986818,10.590610087300291,10.701687468840698,10.642984006175737
tid_722,24,0,11.00851919300642,11.140526109354898,11.012201499090853,10.865622340509361,10.961553128239604,11.072557603158739,10.983090557946522,10.982269539630181,11.105075244199265,11.038354637705831
tid_723,24,0,10.863351052082614,11.052327067543125,10.783132800811192,10.730087099126637,10.723967456425164,10.706538126703027,10.800551302471586,10.782241450918667,10.810680706350848,10.782949755395475
tid_725,24,0,10.792682486481825,10.969430288926231,10.99457164866712,10.872253508009548,11.030298914869867,10.912179682708143,11.09471143925641,11.015243760232876,11.028100055415027,11.065845340004488
tid_726,24,0,11.6252393498271,11.799952322815791,11.574020593639688,11.64406883689584,11.610596447358205,11.667025252389818,11.769102998578234,11.76745623517941,11.70382592963204,11.688478756226901
tid_1258,43,1,10.9925645242209,11.174833917973366,11.018273316044473,11.045971840261918,11.062463235875695,11.055865870740636,11.069034067264777,11.048649517783316,11.02436482845763,11.084634807593034
tid_1259,43,1,10.713515139282796,10.855048898492202,10.674736932430937,10.754019915292297,10.65922508906389,10.69490928768991,10.7039891419226,10.72631016961624,10.737577498710653,10.668004525941809
tid_1260,43,1,10.934520256271483,11.105567566664366,10.950664086566057,11.03988791603466,10.951312823803592,10.986710946845365,10.952520961838578,11.01436372334317,10.985160490123477,10.987149664295481
tid_1261,43,1,10.61863836776998,10.76107656263599,10.656708398297257,10.737885879067724,10.700573081350743,10.729952608508084,10.674896224740445,10.710684190129378,10.725889167213262,10.705767901515605
tid_1262,43,1,10.736048788878753,10.911976353891683,10.688802614830571,10.702484009869691,10.65117334516003,10.792147349515,10.744156560658226,10.731414769122102,10.745786608981554,10.722250682080734
tid_1264,43,1,10.514437205464674,10.686959780477366,10.433604551332866,10.478145109971646,10.469258031314851,10.44891522426606,10.465065827963702,10.498118692559999,10.474507053206311,10.414271568398624
tid_1265,43,1,10.48367318038765,10.627658481197736,10.539164568440812,10.590915937304391,10.554671669322584,10.574932812727871,10.528732146081012,10.552003313377739,10.577839067994736,10.590644792060047
tid_1266,43,1,10.545312490921118,10.698383233273017,10.614426815745103,10.599470038265437,10.568398758695496,10.617678924447565,10.576614729172393,10.569343085823157,10.590807519846374,10.56636769472325
tid_1267,43,1,10.704131714883957,10.865720587747012,10.512641390409286,10.587058858832812,10.54352276970182,10.627686001019354,10.478638539618856,10.524346973540942,10.594284252314283,10.533564225308806
tid_1268,43,1,10.555575731325153,10.764259231965196,10.67678312646356,10.732087971773,10.761038080952309,10.698074155418068,10.736273157169574,10.75748069221351,10.717926464083305,10.727174580220044
tid_1269,43,1,10.631644670285525,10.793530813654211,10.545909922809711,10.537335742363627,10.61206395724641,10.537621975558142,10.516322547133113,10.513364047196802,10.525348810899237,10.518564197198623
tid_1270,43,1,10.498721418073297,10.666011530873892,10.693858023700555,10.687726478417972,10.697471961006363,10.665139323999561,10.64864299882977,10.67691858209898,10.66223145357061,10.704181699989206
tid_1271,43,1,10.52887770478312,10.67447964276456,10.511069911812122,10.526595651712963,10.533116427491985,10.543596603480093,10.488575329493209,10.50075361456717,10.506922311548173,10.489852744358002
tid_1272,43,1,10.702414910683512,10.877745260164817,10.66026483425679,10.643427358235739,10.708819353726753,10.653389384177219,10.621281921542053,10.608309209565466,10.615059864330355,10.621738706176133
tid_1273,43,1,10.426341544559008,10.569851749702224,10.530785366399712,10.534772438153382,10.551687656663386,10.518166261443225,10.492226064027552,10.536579848171222,10.492344149430334,10.489134158355373
tid_1274,43,1,10.477724499891163,10.653582013537823,10.493300038156896,10.523554489100617,10.512283599355467,10.53404523022471,10.494034334428529,10.491336999222673,10.490543142394777,10.467706151888718
tid_1275,43,1,10.727037800108558,10.956790362415145,10.729673997998145,10.844320735532886,10.839613508151858,10.856537676277725,10.793317337772649,10.7748182717672,10.774501690034572,10.782676887347032
tid_1276,43,1,10.562684904393006,10.736418414365376,10.626594987595999,10.596097804925996,10.620267868175228,10.607834571402075,10.559572948495076,10.556234113635725,10.57604290286734,10.558204362449997
tid_1277,43,1,10.786672278273285,10.965681331542203,10.65937994284157,10.699220358954923,10.753040198094359,10.751543273453159,10.680674182719542,10.674657365028109,10.699218973169074,10.670367535650138
tid_1278,43,1,10.459037945081628,10.613720437603718,10.480041748923037,10.525101764645544,10.510427426734221,10.5366222505611,10.487922685063973,10.532283944526643,10.58367852892744,10.48689820397261
tid_1279,43,1,10.58942631476276,10.73035673255396,10.699268754947509,10.730864379322236,10.776656466011884,10.663966789760908,10.718813856167536,10.747520138251701,10.676674312499431,10.722533299987502
tid_1280,43,1,10.553909887636076,10.6945936745592,10.594272189286437,10.583422827845357,10.606846444168662,10.593006011936192,10.586728186951854,10.566765749056122,10.58553358703927,10.554749113691726
tid_1281,43,1,10.908122439523115,11.082502484093322,10.565879074352713,10.555202777251546,10.51848539250606,10.61188222845379,10.565550940645652,10.601266759154717,10.62552702303722,10.578289250590167
tid_1282,43,1,10.561331337226838,10.69806704344808,10.509378035034292,10.51341539237021,10.516807127337726,10.54468632847303,10.553824503525211,10.535441876373973,10.5432482714833,10.498093173662786
tid_1284,43,1,10.517385876905715,10.691260587894352,10.610448512445025,10.636580644273314,10.59955067179717,10.676240849400257,10.571526036654173,10.57141134093061,10.610570817464296,10.567071373680184
tid_1285,43,1,10.723780468238251,10.917496471726889,10.824399602750344,10.913649365690446,10.885591877709043,10.745206284224295,10.841398014017498,10.903454169327848,10.79704423751802,10.884352387313795
tid_1286,43,1,10.593349342104544,10.748368208122004,10.675563365026818,10.732621546394677,10.694858077627549,10.650158911923684,10.705607678070043,10.673206434452565,10.701432440444261,10.65854596364196
tid_1287,43,1,10.645393944405518,10.83390207248068,10.70934537870521,10.685388095949172,10.75246230017937,10.721294812386217,10.633615020071646,10.633233787511678,10.659262234262487,10.641633716641714
tid_1288,43,1,10.619051587380074,10.805289831841868,10.524115825583108,10.49593929891246,10.49389737610526,10.593713293361219,10.50665805843333,10.498457882011419,10.521102188263557,10.507220811352697
tid_1289,43,1,10.58579620791508,10.735598530951664,10.551963830426535,10.584419614204593,10.56466771711002,10.609912373394994,10.50445191327093,10.517019985409167,10.579872106988534,10.522696295359408
tid_1290,43,1,10.628491863031734,10.76416197503345,10.652665985894808,10.62803867336858,10.627993980577768,10.671718961501455,10.602868114521906,10.64536992205548,10.673532579458453,10.62343878179091
tid_1291,43,1,10.44077008526448,10.58554092372046,10.53086859651349,10.534442472130909,10.509816571035312,10.51828206922334,10.488281773993204,10.508253960652493,10.512979845570737,10.450666568635032
tid_1292,43,1,10.535001321372157,10.692624227568478,10.59963644281735,10.562760919471575,10.608548575517915,10.5877342167785,10.55452371817563,10.593715620972336,10.557733723033111,10.560857413903243
tid_1293,43,1,10.690698682131863,10.851623790538836,10.702077980361288,10.765324957058011,10.814673099529013,10.793369142045119,10.713265660829618,10.738402085955512,10.757507470182425,10.714255061671551
tid_1294,43,1,10.588957841021465,10.795837988758544,10.673046188846854,10.701320048360191,10.686974193680289,10.680713902153913,10.620016356866087,10.640564280682144,10.649778921421841,10.648122679086491
tid_1295,43,1,10.684505948651884,10.837276297337342,10.465271179751332,10.495198147004494,10.513421588973097,10.58168194017632,10.473511545876859,10.565307299660676,10.594938852581576,10.521772139441069
tid_1296,43,1,10.449630125829504,10.595506596989765,10.497778673536644,10.51918100662691,10.49422869308315,10.525955175133841,10.49636840297713,10.530760701629351,10.501601029533397,10.47752871266397
tid_1297,43,1,10.536420183438556,10.69358220816432,10.480147454882193,10.471071125402677,10.512980238671725,10.54096618062284,10.47798602300888,10.484874097489193,10.483098060238644,10.49012178465188
tid_1298,43,1,10.587301311914995,10.747942805110696,10.655124151943648,10.648313031878983,10.677945669064968,10.635945831549169,10.608693504707084,10.597539433735674,10.603052805634329,10.607638956905268
tid_1299,43,1,10.563589711045864,10.71084249618667,10.486461057523144,10.500730210073998,10.548643948610788,10.539497510565106,10.491810386863921,10.496379675838142,10.517257969083978,10.517347443701816
tid_1300,43,1,10.54232109257818,10.700037082797737,10.570284903215933,10.606498988125542,10.568834529200904,10.601105388158157,10.534917043858597,10.551378301954587,10.559754889679287,10.538625377255475
tid_1301,43,1,10.81273755655398,11.03231700273152,10.664255998539065,10.64002347842233,10.627246609866365,10.664092552038698,10.61339443371359,10.604055234456009,10.637985607794619,10.631937201229665
tid_1302,43,1,10.549708206275277,10.700915916484332,10.65394397093938,10.671271032566752,10.664942312240562,10.66408972355721,10.600207927370182,10.62323077225177,10.620896461727892,10.613426091987836
tid_1523,52,1,11.239786460918056,11.42750591126648,11.1916831925032,11.157555354404053,11.181099040231373,11.119231503838805,11.126980137862772,11.130555252148788,11.110762236724202,11.117152643473965
tid_1525,52,1,10.945086710927768,11.164779757742904,11.025294692832873,11.039796831945523,11.007281077877918,11.006970916113197,11.014348323623386,11.020189124066114,10.985622279270325,10.980176299143514
tid_1526,52,1,11.21185280409282,11.419501205699309,11.014999832102916,11.010111489141543,10.97831262240559,11.008824922211328,11.035589460056151,11.027231679476664,11.00186590296047,10.987159473499576
tid_1527,52,1,11.065540885334167,11.310678305318907,11.047701517790866,11.050894685004458,11.085824748420947,11.071473147237354,11.038087403847667,11.05853585071673,11.063755549000854,11.009389935311914
tid_1528,52,1,10.940529355532924,11.151865205288969,10.819656105649054,10.781002603823334,10.762280522946396,10.813165557129865,10.818536601563286,10.776213826049739,10.799477898529409,10.788742773748558
tid_1529,52,1,10.901479922989028,11.059882782208716,10.739047049239863,10.78994208652968,10.790996141749272,10.823793563248143,10.75377350778005,10.74365796616067,10.761336211802371,10.76000607087445
tid_1530,52,1,10.677788361929666,10.845323216599915,10.661939067919562,10.668053114770203,10.664328952108082,10.706432968458747,10.679927066994985,10.675918321438296,10.683139983350316,10.676937537391717
tid_1532,52,1,10.642081218157712,10.859579598213152,10.77618989545196,10.743498593784233,10.814197582599286,10.767115143141538,10.743314708042737,10.740389695385534,10.762318361464303,10.758438877356113
tid_1533,52,1,10.652781107218765,10.83453092706942,10.674736932430937,10.68484105537974,10.685904493848994,10.717088160796074,10.685999654804155,10.692850827052498,10.6919720485744,10.655047003623014
tid_1534,52,1,10.81997626481087,11.065465800159387,10.678875080737546,10.61473638827288,10.668246639863453,10.627356063479489,10.673434943726082,10.672018556553395,10.646824413392393,10.655702702020463
tid_1535,52,1,10.77167358525602,10.916396699011266,10.679701808463884,10.66315876181906,10.682965118365585,10.68392511012253,10.61313764494814,10.632682382009692,10.660383798482572,10.605891362691851
tid_1536,52,1,10.67689818563444,10.84609104726278,10.775055335804975,10.769532746124243,10.729607971997936,10.744989470845582,10.718370431657068,10.7302049396289,10.736980126162814,10.751676084110441
tid_1537,52,1,10.725553315551496,10.841146352431169,10.652310298565668,10.641239962616933,10.673400897551014,10.6759556207212,10.659720124711596,10.650883843359255,10.649171626381818,10.671791880184047
tid_1539,52,1,10.829912756724214,11.067965606163924,10.896924233794683,10.906841037202339,10.8519952285133,10.908473430747547,10.88051799894578,10.872400483906262,10.895482979454417,10.892416795149234
tid_1540,52,1,10.71010180168481,10.913046380580385,10.930044325796953,10.913899749902818,10.911730304964996,10.941899508546232,10.908599312277369,10.921549161016143,10.91465262367773,10.892680621802114
tid_1541,52,1,10.700422512652583,10.86480709784654,10.787900996036756,10.73582832374242,10.748436624239526,10.641242205308265,10.697598003735852,10.705016322235165,10.632132005480273,10.760598348108273
tid_1542,52,1,10.712954476440052,10.90527685101243,10.658043075124615,10.59821060827599,10.580408225349158,10.579493197920444,10.64403947769915,10.65537094222352,10.620866553965898,10.635828048680711
tid_1543,52,1,10.666447601626867,10.821255193243314,10.788574154431583,10.787174144796806,10.747141679255252,10.697532041741143,10.712358316751324,10.680695737077514,10.69367914360991,10.737372483441108
tid_1544,52,1,11.040461210868672,11.00909200561469,10.786285771477438,10.789011381919677,10.719354806029656,10.703079806540567,10.712420654780836,10.696386865593402,10.673284361010989,10.730275805232841
tid_1545,52,1,10.475644371965862,10.65796969079952,10.674685332526506,10.736804081682038,10.713473489153634,10.716511170353227,10.662230329962666,10.639346407914777,10.660759520468384,10.703020308871361
tid_1546,52,1,10.585917508254868,10.76156637466187,10.680079181291322,10.681140392212859,10.619651855676663,10.729381613427247,10.688681727591698,10.639519719575036,10.700425651960009,10.639102817529364
tid_1547,52,1,10.52257906726666,10.684586084837653,10.714454648409113,10.731232270680708,10.686230623163915,10.63651160766949,10.683720659153934,10.651301064479593,10.61387194566765,10.645007096643234
tid_1548,52,1,10.577862125147789,10.75095539847497,10.623750000189903,10.624151009209127,10.672506431633163,10.653999151481699,10.640751146347991,10.623584676139847,10.616607551231153,10.635175847754287
tid_1549,52,1,10.839478945723796,11.093120531257238,10.842323368657897,10.891980815807203,10.869551389595923,10.926338405210776,10.784850931018164,10.881649205287891,10.919341180186759,10.862573149551611
tid_1550,52,1,10.70777352233004,10.868259829533184,10.613970292944241,10.64569600550378,10.645569896879325,10.675757251134977,10.601448880333514,10.62520084473517,10.642095146615235,10.650238249663628
tid_1551,52,1,10.579974214202965,10.760936572265402,10.683405334242401,10.659730453627903,10.66124586692515,10.654191108102667,10.639322056580149,10.638943382969732,10.630875799320192,10.592083999441577
tid_1552,52,1,10.593311717991998,10.77414682627218,10.536427175882777,10.560634881181794,10.604068233132404,10.585392049629863,10.582192698403091,10.57090805240332,10.567535312899354,10.547253912482088
tid_1553,52,1,10.76175078714436,11.038192268935113,10.86812317219027,10.820982385079297,10.826111792405795,10.826893081537648,10.815207176323538,10.789761840446818,10.815401697240823,10.808418129943515
tid_1554,52,1,10.733368181164815,10.913578233480957,10.770944709331815,10.765065471145533,10.742733241150418,10.76222949463779,10.733739795128203,10.721100027419325,10.720367973720139,10.75890463663984
tid_1555,52,1,10.66304727840292,10.832858365945636,10.925454101601382,10.709464284666362,10.7985978730961,10.753915432498037,10.84638519438897,10.764810745758302,10.75793748465467,10.785496603687262
tid_1556,52,1,10.80913383271097,10.990238101439047,10.794651113613096,10.779248420418577,10.737307914546266,10.78910520402459,10.772239185531044,10.798976746765037,10.805024246294252,10.821693147653091
tid_1557,52,1,10.662410769445732,10.837865716108926,10.680079181291322,10.718972148122964,10.738854767290182,10.735717641326971,10.623838308348562,10.641215264850157,10.681391323563192,10.651694228242203
tid_1558,52,1,10.539410728869829,10.739251292823552,10.710235404132199,10.74395511889572,10.645771817208157,10.77969211038136,10.683708747827806,10.67540934629862,10.72129350041181,10.680317917558394
tid_1559,52,1,10.445090653133764,10.627120290233629,10.496701148424485,10.55383021540394,10.522209722902618,10.545043822090975,10.521637399565556,10.56237756929115,10.603384266557121,10.545812042054564
tid_1560,52,1,11.161098749356317,11.346515445579762,11.030131338790591,11.034726031931875,11.047526472020976,11.040776426648957,11.066112324659178,11.054466645312779,11.020972568119163,11.004223758794716
tid_1561,52,1,10.523367561216867,10.698374200665302,10.670709018586955,10.702853052079114,10.71533168905028,10.680711364454712,10.70083198006107,10.66993044916247,10.662257334675074,10.666682965265649
tid_1562,52,1,10.613813823888782,10.82373843266192,10.859218397754187,10.806557475066201,10.823720917234297,10.784209208541933,10.82774425609057,10.812787249543701,10.79620309833751,10.803206863781005
tid_1563,52,1,10.980208634343422,11.297426370201476,10.86297969463681,10.843621068589796,10.87482999039178,10.845430160881863,10.899774919883189,10.871533237868139,10.859129847905198,10.886183555075917
tid_1564,52,1,10.771251685504476,10.816412626933982,10.69047413862492,10.659834300554342,10.706753412757058,10.647650765621114,10.714067269722726,10.685470291669331,10.680455260993858,10.684474255961668
tid_1565,52,1,10.693007984003662,10.84837934661182,10.83299058148291,10.815870903867337,10.84132244504179,10.777303039563085,10.802999758235327,10.758944693437627,10.732247749286223,10.790856645570463
tid_1566,52,1,10.855724411183752,10.935746340654216,10.797095575141567,10.793497563850588,10.77276497749375,10.720727905815247,10.792002036435983,10.75045002399601,10.731656386453055,10.787884997456821
tid_1567,52,1,10.734026477465507,10.860687955086872,10.676735945052855,10.686054223040024,10.645770119863577,10.65581829749691,10.67410713382269,10.658588644645874,10.663918277838718,10.67329534385574
tid_1568,52,1,10.67731800479543,10.950115079738245,10.67628728593139,10.706087693035945,10.700702373306564,10.696120875255929,10.690304515216749,10.681921054225887,10.674224093807618,10.709259014429339
tid_1569,52,1,10.524545107325618,10.706042796370268,10.511440650287456,10.507027374064602,10.56307899147423,10.55580621000381,10.544827952905901,10.546753583787925,10.53189144098725,10.568587688367593
tid_1570,52,1,10.524359695475658,10.678599438701529,10.798174287965118,10.776646601134447,10.724245449547332,10.679826346423068,10.74578961715052,10.719275292639265,10.689194361750488,10.7375274246696
tid_1571,52,1,10.529928530901264,10.677915136047172,10.685883233719094,10.746065834092066,10.689734390152768,10.603202528864717,10.693660498101053,10.66770213666098,10.635175467493045,10.650978384374595
tid_1572,52,1,10.642004769576513,10.816984385105888,10.819742050290952,10.79712968423053,10.758126530104445,10.796545762575496,10.759948796058055,10.750234943352151,10.739754013187195,10.74847201700638
tid_1573,52,1,10.557769156874206,10.695927879438612,10.72750796544803,10.7249119568587,10.665606349814729,10.667758041037354,10.682373720694006,10.662379666466352,10.616713122943466,10.673885489357673
tid_1574,52,1,10.609111572606952,10.78761866296868,10.711441181333829,10.670795740338807,10.670261705089887,10.709722237211784,10.69108134745716,10.697681364293793,10.676707432216933,10.707516638946343
tid_1665,56,1,11.121840958566782,11.256760147269532,10.945411137518766,10.998832219552312,10.984033251289105,11.016650544347145,10.991185603852218,10.998787244739168,10.971906950525154,10.997111900902254
tid_1666,56,1,10.900327325413922,11.0557417088666,10.597142803954258,10.623649743208619,10.614912516315602,10.614331791603629,10.641033980411873,10.60762381113862,10.620355367834637,10.635359875461884
tid_1667,56,1,10.894338297235366,10.997956268451354,10.819656105649054,10.802157801188434,10.803551848163215,10.77725800324628,10.840662205174207,10.809539284247137,10.80986689175073,10.852798779684601
tid_1668,56,1,11.107369352721314,11.287008070106625,10.949495784453797,10.94368022908012,10.92755872513481,10.895696657720881,10.93621268192611,10.922388550214123,10.912288413285687,10.949421481621897
tid_1669,56,1,11.130940039027696,11.331697310194365,10.700203395622012,10.753782175763986,10.738069063396274,10.852052420345117,10.819520066309291,10.886963109500128,10.848769061447955,10.864649147089088
tid_1670,56,1,10.677207300369217,10.854229951411446,10.62660441285987,10.65566083775612,10.687359882435123,10.698607540923279,10.7238990381152,10.733653667444328,10.70125243663116,10.681159709905582
tid_1671,56,1,10.875691590091348,11.080180625564234,10.663543932149068,10.660044325850933,10.65941028074112,10.699839817672883,10.761288882350776,10.806038919727898,10.760282046009044,10.725665624614692
tid_1672,56,1,11.040141975490831,11.215263087882736,10.796728645276227,10.998922674038052,10.873491621044781,10.93181152660972,10.853334777891959,10.996106325719065,10.881420229313324,10.965565311609232
tid_1673,56,1,10.927561263532754,11.212403985634626,10.77553941045594,10.943033605975005,10.839205877080667,10.89902936401604,10.845080201276287,10.983694387273014,10.921313326276747,10.97740891445054
tid_1674,56,1,10.652109647312082,10.835206652687502,10.67691461545299,10.706472499008306,10.73023130524173,10.743998319843163,10.774893587350741,10.791916863524158,10.767413516274932,10.77767208405172
tid_1675,56,1,10.634580595510828,10.793356277278846,10.644344944410754,10.678918712527313,10.680760883870047,10.722343996430281,10.729218586303515,10.739028595260336,10.720776594888193,10.76289840760619
tid_1676,56,1,10.864889307881755,11.070750209599256,10.803810667302093,10.790721612748662,10.786593788859335,10.864130012393385,10.735009172850448,10.901448532033449,10.88780858442717,10.868630881640202
tid_1678,56,1,10.485462920066826,10.682849125911504,10.56644009702506,10.559070959895356,10.571391679769295,10.580601786817606,10.653843749382814,10.59972853556991,10.593471337283546,10.565506326232207
tid_1679,56,1,10.437970130832554,10.633043804980238,10.557508937188826,10.623945195480777,10.564968642461213,10.641959828141983,10.610634401198789,10.689494172188853,10.667012120241532,10.619340147949064
tid_1680,56,1,10.76191821270131,10.88157868531573,10.555424674282719,10.534977764159926,10.557280269959929,10.57201652835608,10.570058576261726,10.528623710365494,10.57096437370246,10.527222284455641
tid_1681,56,1,10.65905303941587,10.821307115152774,10.614064369000966,10.58926607048779,10.642219373398751,10.620549279597826,10.611317779261277,10.582429699886466,10.613782974067819,10.59322611777775
tid_1682,56,1,10.619002694558018,10.823080825014756,10.555424674282719,10.640062052123298,10.570470637721323,10.651967676231749,10.608069248467629,10.672835835116055,10.67796654758471,10.626732438004542
tid_1683,56,1,10.760822020111169,10.895471855979446,10.752800737910086,10.808457254246168,10.794847720142139,10.832675418742486,10.754989161997706,10.760887083404382,10.785927142977963,10.795691211079493
tid_1685,56,1,10.664253661154875,10.884985332034216,10.564981587580178,10.553418696000247,10.555946141354998,10.51915348320886,10.565734678402395,10.560091546479732,10.543530349522518,10.562959704512078
tid_1686,56,1,10.759524968651222,10.913215802787304,10.652665985894808,10.649066324847867,10.58669911542638,10.656545405852603,10.55766733570154,10.652606197114022,10.664987515890493,10.621432837562958
tid_1687,56,1,10.588088316294233,10.769846168462042,10.606915362697482,10.611904487672795,10.644585089684439,10.627188194858787,10.677402189044532,10.656543631604858,10.639059447846618,10.684279802951817
tid_1688,56,1,10.726640543151612,10.885290706152668,10.58942953889079,10.563255016954983,10.613611867572194,10.594636787973496,10.64228412694895,10.621630111266137,10.597835952658373,10.545978331654663
tid_1689,56,1,10.542437225561134,10.730715349869396,10.63910181162635,10.630721763741679,10.67799791837157,10.633178567415994,10.645010424593988,10.625566211176386,10.616133903184867,10.633258750658117
tid_1690,56,1,10.712088391191186,10.841328403560633,10.580474124131989,10.58061943888831,10.604387673751972,10.582852758759804,10.585432537819484,10.586441886277054,10.576037751282724,10.581393828591864
tid_1691,56,1,10.513907801113636,10.824148720127818,10.513015012509717,10.504226996438636,10.521729178400895,10.504897383176235,10.525341434933571,10.520992116607735,10.512865705679832,10.509278705382584
tid_1692,56,1,10.988967319213907,11.090920829858575,10.592706953932764,10.559782246341696,10.590091344611723,10.582063130483144,10.664825835525315,10.663481241393185,10.606504429850313,10.629736925364384
tid_1693,56,1,10.788768409872382,10.917686903527034,10.708226186306467,10.66505975334458,10.659416509536717,10.65840970600377,10.741009165696441,10.687532279149247,10.672265122620685,10.700162565817664
tid_1694,56,1,10.739106045290066,10.882634766713354,10.556701685924853,10.648300418144512,10.602828953649265,10.628317526148393,10.637065319375392,10.72442966945049,10.678725217379885,10.660151596803924
tid_1696,56,1,10.677154250154867,10.896496703523477,10.59502363270936,10.570451762048794,10.620473887405716,10.62132109716516,10.621096773020586,10.589127450078038,10.61220420358586,10.621139061866224
tid_1697,56,1,10.701557653022851,10.903681837112986,10.59502363270936,10.610526936905853,10.574166310889792,10.649221958993898,10.667305144527804,10.712326834859784,10.674389586775499,10.754619783691538
tid_1698,56,1,10.444697851009328,10.672650883519095,10.638976372643201,10.61188571716042,10.613549176974505,10.622678094161003,10.62490071154579,10.598431938290757,10.608979361674912,10.590891866334191
tid_1699,56,1,10.69711561267086,10.910859534884572,10.59380337816118,10.63541004249863,10.61505830190833,10.682742241803798,10.653379590089283,10.710664311457556,10.704671649617609,10.759130366059319
tid_1700,56,1,10.663786243651396,10.850129006010611,10.682013367643002,10.651220174524182,10.662711401446575,10.652669597830124,10.734616790073817,10.745444341285298,10.706190589965544,10.690578054870775
tid_1701,56,1,10.515378581163418,10.736083582984634,10.679353190461295,10.637948155079588,10.62624833956401,10.618747762396406,10.59358522092395,10.766275740230748,10.689028422185165,10.685848605704251
tid_1702,56,1,10.842693708981024,11.007193513069984,10.524354710241889,10.554875740529152,10.578376670608522,10.551282531884276,10.554379262912859,10.563437909129139,10.55643421809772,10.564685581300179
tid_1703,56,1,10.789502565245202,10.95896788911844,10.557508937188826,10.615665676091094,10.572799215801563,10.620868496238478,10.622190070674714,10.67329799431923,10.6845511354704,10.68713458244944
tid_1704,56,1,10.556976124080393,10.757292055878825,10.922899603171302,10.909675845056967,10.898449285938883,10.862752014415276,10.877413943854679,10.97087852353085,10.877786111153531,10.941698932931015
tid_1705,56,1,10.491229772006118,10.647498935436795,10.556701685924853,10.62456440682854,10.599893787721639,10.63958189230367,10.643928160664691,10.712078191782359,10.634706048228212,10.651403231179502
tid_1706,56,1,10.612050300320847,10.739110381342828,10.558999739155222,10.621912717201358,10.562127073143486,10.557997896097252,10.595530825328265,10.639976544689894,10.589472408162637,10.613391298109418
tid_1737,58,1,10.85735341356337,11.006987875277014,10.673540266870805,10.650638083527696,10.652510156045476,10.679885604382957,10.71232159248462,10.677532287624665,10.678247693701486,10.685849279996054
tid_1738,58,1,10.572254946570526,10.780827454835151,10.659216157544277,10.65759359065955,10.631779994619176,10.661069622518239,10.671604639691399,10.677036243375603,10.682171577896172,10.675952927277455
tid_1739,58,1,10.58761164721838,10.740568396512732,10.638864316547805,10.61170017423693,10.649985507151433,10.631005905940448,10.624116293793485,10.57517971650393,10.608243733103931,10.614827957974825
tid_1740,58,1,10.811770305968746,11.041456763029414,10.75463908630384,10.759382743870267,10.662556186466,10.714994742573978,10.74236420639795,10.724921284568103,10.754660494424218,10.727948184412384
tid_1741,58,1,10.587926929985493,10.773101685088234,10.511047158953065,10.521193972500889,10.494670584472814,10.51386588959681,10.545652887304346,10.519513332415237,10.514440084577327,10.51518722042131
tid_1742,58,1,10.590440588932744,10.775537954031542,10.618243360722373,10.674877605961516,10.58200441600907,10.604149005208425,10.591469884318274,10.659537556218675,10.652335029468876,10.712749348410869
tid_1743,58,1,10.69550447921153,10.845892325316989,10.591392447847337,10.629900938049774,10.570894404317052,10.622637051803421,10.608709155493539,10.607272681468753,10.60773707764231,10.611468780797205
tid_1744,58,1,10.638834178495127,10.783371528363435,10.520001071648355,10.533461951383298,10.560087729794242,10.521504164094551,10.540120208946641,10.54751392526489,10.558768349048322,10.527641061752714
tid_1745,58,1,10.749780622576257,10.926422176188565,10.734866624925612,10.676001836908295,10.69281814219541,10.6557134759184,10.733665930098327,10.67829345288474,10.696058627404966,10.672264787513777
tid_1746,58,1,10.475774154157673,10.657880338532852,10.499460089053532,10.52526622084095,10.517019230673409,10.527436613162315,10.536472356887979,10.50461337046416,10.53830437447989,10.488529836197127
tid_1747,58,1,10.643236790819968,10.782338065236436,10.560057762557939,10.597141579304385,10.568296734642379,10.610190396544603,10.601753464584455,10.605888170128713,10.617234229550364,10.631937529159565
tid_1749,58,1,10.56460470488937,10.76071381991524,10.572616879977735,10.580461678114945,10.583675523145889,10.591079683470804,10.55748952275952,10.56840728830662,10.592263921985284,10.586258505586516
tid_1750,58,1,10.54820575369157,10.73566379828669,10.564164974908529,10.611603452529076,10.600089941108877,10.59389456272554,10.567560302885735,10.577648032508264,10.586188560762599,10.59525751418148
tid_1751,58,1,10.46946591344995,10.619955673667048,10.518986478237128,10.515715641027791,10.545160255529444,10.562370355873055,10.535322839765943,10.510602694054002,10.506192926075522,10.517998915249215
tid_1752,58,1,10.605941292416372,10.820949598154426,10.638864316547805,10.621729641217163,10.602974275224257,10.638294109592266,10.619431295215582,10.646937597912057,10.643118819182822,10.636129657607034
tid_1753,58,1,10.595096049930047,10.77912919160833,10.493300038156896,10.538461083515875,10.520025565203124,10.545342180600153,10.53156150514046,10.561050051465285,10.543924387263106,10.550081971536851
tid_1754,58,1,10.441164432952796,10.590078286496828,10.555424674282719,10.548409423911568,10.58877518952866,10.595951044771574,10.55748952275952,10.532763354705601,10.570555826117024,10.540571836286242
tid_1755,58,1,10.88031819675662,11.088465593156204,10.706085618136044,10.666072188453501,10.76345311372212,10.682849682383491,10.728735591983764,10.69279644288052,10.698335133107223,10.700865592582568
tid_1756,58,1,10.674918972493208,10.846507845402185,10.59422954603851,10.59901220364453,10.596368468076282,10.594806121494292,10.603350204221776,10.59319570024548,10.619145663185977,10.585197899658562
tid_1757,58,1,10.587051459869013,10.773395021329096,10.550259438529412,10.555474537660102,10.579639269105915,10.638628248158344,10.575998844547103,10.562343808515145,10.678584439729102,10.580679696253288
tid_1758,58,1,10.811667480589335,10.980244408343731,10.98505059092298,10.949957354702015,10.91405563718942,10.876427016900324,10.960743414142762,10.941402011215883,10.871541613858987,10.906915160646536
tid_1759,58,1,10.620302430396258,10.764973569035847,10.723158261501366,10.678702148391642,10.694648302739427,10.657085206532262,10.73950932835112,10.690267460895017,10.690389246207168,10.668454769424306
tid_1760,58,1,10.407747670459951,10.5601004083681,10.682415148439134,10.695350963160424,10.696307756769635,10.686177762348793,10.689193120167833,10.634499548110435,10.650053693211019,10.651071431971957
tid_1761,58,1,10.621127325683778,10.83814851376516,10.622876279157117,10.649029141910795,10.645139809208143,10.636666907559649,10.626563597497237,10.61365964833086,10.657029438783129,10.62604487604778
tid_1762,58,1,10.634717780121818,10.79680030100278,10.550259438529412,10.567015343994065,10.570572423447025,10.577427038405386,10.595448943925641,10.584297820029693,10.588091754664779,10.586599119546102
tid_1874,63,1,11.144014537205411,11.306192765969396,11.062591284595843,11.0884651790645,11.10111818669381,11.094858489723755,11.081000097498446,11.053089563564956,11.049838069971496,11.026094840892634
tid_1875,63,1,10.858556592024357,11.07331446499292,10.955448443224869,10.928079683318042,11.022492925462936,10.927051296180036,10.94419500197412,10.925086781903303,10.92312325442789,10.894150798376979
tid_1876,63,1,10.852417773353055,11.032346109352307,10.956763363087195,10.919563792620396,10.940096728536881,10.902915622030944,10.946795858900403,10.936442158630062,10.902711845195805,10.925923539010846
tid_1877,63,1,11.001010915206132,11.167714557139735,11.024401910251507,11.025058186698448,11.029026391359192,10.976767939156197,11.033962824652136,11.031892135578351,10.976248853321373,11.015013828887584
tid_1878,63,1,10.901194202644623,11.054676478421662,10.656708398297257,10.67984158299334,10.630982228918517,10.656917627342583,10.6916592732222,10.73891684909768,10.686392800364883,10.715806360619464
tid_1879,63,1,11.069814562872276,11.24606902577731,10.963877567166698,10.926505353350132,10.948614221618806,10.905942324440716,10.942365772701054,10.922650336154724,10.905267344278384,10.934666267181603
tid_1880,63,1,10.777559481473872,10.927290084395722,10.813495264880238,10.760199315541177,10.771359852486427,10.784652663206364,10.822786797069229,10.816916582462161,10.788302155279387,10.845116058883907
tid_1881,63,1,10.906495284742023,11.103572810134873,10.928997679438298,10.961922654627475,10.896182082149263,10.920713348286474,10.920454927081991,10.92819930438594,10.889124857173723,10.905418678177533
tid_1883,63,1,10.820310142948452,11.08150080454238,10.783141233255627,10.786256920253377,10.823169093247326,10.79604417426368,10.830374931108473,10.838765053482735,10.81085546824097,10.8311813712032
tid_1884,63,1,10.650767741676,10.83112961360482,10.6309823230591,10.62306847561727,10.661440709240283,10.635550681868368,10.677784073114143,10.64245776304111,10.650133460685538,10.646076364471035
tid_1885,63,1,10.803295181391883,10.98953624875543,10.831907763229273,10.785207119269113,10.799925061098197,10.804539174297766,10.846247916149801,10.924524090807054,10.885256164706545,10.888427617468665
tid_1886,63,1,10.700985739370726,10.903240370110993,10.666857359591411,10.645282503676903,10.653928451295087,10.642133541340757,10.699727387749144,10.670123929284106,10.676352902022867,10.67544658741678
tid_1887,63,1,10.694849780593028,10.866492008555198,10.709626656972139,10.72141243247653,10.761465221363501,10.698824859979789,10.731201885815295,10.694297416695347,10.701503368175514,10.691188478965705
tid_1888,63,1,10.714224416727824,10.857563352133036,10.758089096774329,10.670056269877872,10.767972579292895,10.650386334545244,10.745978980985848,10.706758720315996,10.692092791004091,10.705274779434738
tid_1889,63,1,10.601380951958806,10.781854170309034,10.76455112789313,10.712702878276728,10.697527850695998,10.693038370570827,10.746342406968099,10.717441889081101,10.740621776930384,10.742449432276372
tid_1890,63,1,11.04489907968867,11.255847602823073,11.014825209857097,10.993127371271076,10.970319610305335,11.00909626011941,11.052171466869188,11.032234792384504,11.021968161611053,11.008795010585887
tid_1891,63,1,10.664590066526516,10.77765544415698,10.605435085811777,10.629086752739687,10.609671040951971,10.618156463121666,10.653908383315972,10.635180774648026,10.592712570228997,10.626730058127675
tid_1892,63,1,10.540053799541107,10.734555851759648,10.655198354668972,10.64539734965906,10.62775135037522,10.65775167675057,10.66434978087995,10.637490703888881,10.629341042836835,10.64872826608638
tid_1893,63,1,10.695475038305654,10.774985918386133,10.582199311894989,10.559151804385243,10.552157418161599,10.608115691553348,10.561800129012642,10.550707811744514,10.597679842703586,10.577197612419127
tid_1894,63,1,10.958475312138976,11.264776877266414,10.689023183614152,10.69049845639122,10.681575782768943,10.707847271821363,10.744832489448216,10.746185157818864,10.753612737267957,10.764426267006325
tid_1895,63,1,10.778228942103414,10.929192174037205,10.801636159688838,10.819482136679452,10.794571828417736,10.751329893741536,10.788622137966522,10.82108233834957,10.812170319306775,10.842429859381477
tid_1896,63,1,10.701557653022851,10.89467423174429,10.65816377912701,10.67361740592532,10.691681953901066,10.691935261924574,10.70202167887284,10.668955109698697,10.663449247675821,10.671662185518747
tid_1897,63,1,10.71435332223138,10.904108403371444,10.667607855131832,10.717119584659036,10.660666130475315,10.60865760534484,10.726533434056737,10.69000896787616,10.653395771083607,10.699665578899387
tid_1898,63,1,10.74698175962572,10.907294533930326,10.745883520736198,10.7456405514011,10.691333938382833,10.810355835168817,10.735850476866268,10.801555304566719,10.818375760482354,10.818455768021161
tid_1899,63,1,10.917284233565852,11.132079308202927,10.865418461868737,10.862991428211041,10.86836944396393,10.93497222812001,10.86978861150881,10.919307154290284,10.923799483423716,10.872233513072878
tid_1900,63,1,10.734281396366727,10.934917829121249,10.919233645716318,10.876439603404828,10.904604612888459,10.919922684433436,10.878796121067506,10.908804086153427,10.917717014840031,10.909848255239456
tid_1901,63,1,10.810135946122536,10.958987030322229,10.737016486994694,10.721403691136288,10.686826772578357,10.71731664662816,10.720053823759702,10.679818680190408,10.695129279251942,10.685974464846396
tid_1902,63,1,10.60814078388227,10.80124968519556,10.606915362697482,10.576231731348049,10.642086735562561,10.66307554465293,10.621270507397,10.589794384323834,10.655670057632301,10.622966163848016
tid_1903,63,1,10.643038719272536,10.81404588556188,10.730630867917592,10.703534280485755,10.694811152211882,10.699409121166585,10.734610799615815,10.738161883486423,10.712204728127544,10.779285748099447
tid_1904,63,1,10.970987499511612,11.176317819181609,10.813211431811752,10.85267792110947,10.760382091957608,10.752211016850215,10.782060913830277,10.821404277436958,10.779302261618383,10.836345206966294
tid_1905,63,1,10.981645401524514,11.12140468129161,10.865415937801318,11.022590873429253,10.909896387619408,10.961325721861606,10.87753538614074,10.84024944849561,10.854184804913379,10.865344841837093
tid_1906,63,1,10.768661816493276,10.943304794693733,10.79637104556421,10.792737055452793,10.761609129899028,10.7972588394735,10.762461962401067,10.761983676626228,10.735228406373139,10.784556012329476
tid_1907,63,1,10.699471065682593,10.862004093122152,10.690496101432455,10.65555642717237,10.694952218381452,10.679861221830501,10.713083394885661,10.678255665398527,10.665710324886014,10.693266332301812
tid_1908,63,1,10.60836318512468,10.779441588780136,10.588805405032014,10.580861100449148,10.604044704745826,10.552688109660394,10.599612656707633,10.577995508418878,10.559289531081554,10.587798552639384
tid_1909,63,1,10.638016570874845,10.808753736792829,10.654716889618335,10.668939090449099,10.683416350035664,10.696105030232644,10.649582221224422,10.681107436260028,10.674436693896014,10.697082306871765
tid_1910,63,1,10.87367538594786,10.939585935814996,10.679615749673331,10.652881546614049,10.646518694003609,10.670543328059617,10.719091312797566,10.715530121803111,10.717557530851568,10.73994636810381
tid_1912,64,1,10.669999035939163,10.832408190310304,10.901265474852233,10.885837642553856,10.836306762776394,10.837007655261532,10.879467519846374,10.906410345257598,10.833832364832734,10.874376966278888
tid_1915,64,1,10.723256370752935,10.836125930518808,10.580474124131989,10.596295715837272,10.612740874568535,10.60212787244074,10.525784791854402,10.58103961041762,10.603945557009968,10.601944475622535
tid_1916,64,1,10.537929829940076,10.703080409753667,10.653058717920214,10.655062452785112,10.648291165062513,10.645086763803942,10.698492866644196,10.663565397871839,10.664643989306963,10.656623231165556
tid_1917,64,1,10.621019981381703,10.77756782642059,10.697824018475767,10.709479689097483,10.72725520144489,10.71631362766842,10.702904220996661,10.741494874959017,10.742205662084602,10.752451426736169
tid_1918,64,1,10.496938699480356,10.63757272088885,10.58318709182584,10.560480877525288,10.615499524860233,10.611668161129066,10.604480150937402,10.581432366388603,10.601068189965016,10.567572610927058
tid_1919,64,1,11.006825325163948,11.19355318711678,10.895391025288747,10.919620788091594,10.910324235299834,10.886356332295652,10.87006622440845,10.86459827580419,10.847837087799306,10.84715611126451
tid_1920,64,1,10.622090469067862,10.769549686190455,10.810057315564826,10.78913931012731,10.782295859335564,10.731707328194812,10.784341982557269,10.74259254397738,10.744634875943412,10.760896978995024
tid_1921,64,1,10.461908341029762,10.595989524994083,10.56245985080994,10.561035918687192,10.581016607465873,10.582605251225365,10.593327655708979,10.58233108832341,10.57494284188138,10.569538702702982
tid_1922,64,1,10.648009649152485,10.813212778568118,10.778229147938681,10.777431627250817,10.73997231668123,10.745126574308559,10.77584808995429,10.787776181051276,10.722181290852955,10.790112235246015
tid_1923,64,1,10.604875682997651,10.777594947016494,10.530514761138525,10.561833099970286,10.524879113450707,10.618652421079085,10.575869656832381,10.599355086841276,10.637068127208995,10.55820728303633
tid_1924,64,1,10.467507911804198,10.56738613273695,10.598854836256757,10.5507536223918,10.575280150753557,10.57158797408118,10.595881338072672,10.536892790949585,10.55175736913635,10.51647598408776
tid_1925,64,1,10.633819721721377,10.815083280106062,10.522519272869415,10.53932838052623,10.555630642188719,10.528314183170105,10.548790968868492,10.5552527304903,10.543827286626097,10.54127813752893
tid_1926,64,1,10.649680116678526,10.77447961786295,10.655549701167494,10.65447435670779,10.694195953542177,10.647753030508252,10.702750836605546,10.636514434822983,10.632304362986952,10.639507330962415
tid_1927,64,1,10.723166057310156,10.890572199710364,10.633426021458957,10.623299700218068,10.576699651540201,10.622528490968016,10.648251875649088,10.605441579086158,10.625217273261294,10.615607061812668
tid_1928,64,1,10.5373915004721,10.67670667111163,10.656574089309718,10.69726771739551,10.65165467786592,10.656201303339506,10.65318417964429,10.676536449703853,10.659375635512996,10.676639350021915
tid_1929,64,1,10.613740098599008,10.76882177540943,10.683144069089108,10.648850616547422,10.690682440282622,10.671406054902327,10.707138308778983,10.661994190548588,10.695256241435644,10.674164829323356
tid_1930,64,1,10.49802637026078,10.677615462228353,10.700552976974793,10.690652754209498,10.710040299830018,10.689753539750319,10.701211118543936,10.71877552060623,10.732551385682834,10.772443136265954
tid_1931,64,1,10.584739261683008,10.77101651983758,10.684289868878365,10.744276732640829,10.700327425741424,10.826698729450419,10.662636512265507,10.731209838011111,10.791592382217326,10.720090510917162
tid_1932,64,1,10.474741072887062,10.645360609484804,10.539011764193488,10.540664796080428,10.5761674677685,10.525375772214474,10.530605564106699,10.564175256105065,10.572140770089103,10.590938867681269
tid_1933,64,1,10.831722665427256,10.787011261327375,10.591801945353884,10.607532806768917,10.593177359441544,10.619803099228537,10.646204549009916,10.633102964037812,10.64931251121454,10.617245008208487
tid_1934,64,1,10.607683470380955,10.780055685333329,10.761921680992538,10.758082555934628,10.690615197437564,10.742164969463442,10.75742742823847,10.77046948599968,10.750475436754332,10.759654904327999
tid_1935,64,1,10.573105069018863,10.675894057081642,10.567930898991456,10.574840170281432,10.607483868122383,10.567750376165057,10.596926064823844,10.57724238865956,10.565963454577451,10.583430893669414
tid_1936,64,1,10.48629238424425,10.59481808398785,10.609088281597696,10.672884730528741,10.574567305147346,10.613253300021062,10.592318286315614,10.635588157774292,10.655699877942121,10.636785645983272
tid_1937,64,1,10.436465980943252,10.596552229692762,10.645036872169985,10.700531079193164,10.665765162378579,10.631112514396504,10.645265252332443,10.705804833317242,10.642507320174326,10.687446402023882
tid_1938,64,1,10.585240059682189,10.719840815196338,10.611123460178634,10.552019958286996,10.585989253314537,10.586686027479237,10.60072458790811,10.55675044723121,10.593743747481847,10.571571660112184
tid_1939,64,1,10.602047557295936,10.774904341824916,10.646779650958894,10.610822999484476,10.625455204642298,10.565924378938613,10.641936870455075,10.674614242785099,10.664247278559904,10.721289597173834
tid_1940,64,1,10.429236270959974,10.54094758934847,10.580474124131989,10.59583659151521,10.56669968009067,10.579506248347954,10.517427053530017,10.571889231495387,10.581602013354736,10.557357006014989
tid_1941,64,1,10.575860433879596,10.717756632980931,10.737699925221428,10.730963693279103,10.700208937257853,10.666533928189423,10.758390808384664,10.69695842252312,10.702147832815967,10.72468669233762
tid_1942,64,1,10.51992646001141,10.605473059763083,10.564827182017849,10.602652942520486,10.622744489687236,10.589151374223562,10.534813470322229,10.613099380810649,10.64990921813174,10.55750085978548
tid_1943,64,1,10.461092749158212,10.57380101668713,10.556419489426048,10.54403540445508,10.551195676194162,10.537764397006104,10.608708335692565,10.56364709595653,10.568424197035606,10.548896701627378
tid_1944,64,1,10.640895607883776,10.810737539758136,10.70483454390368,10.69306863199777,10.653663776110712,10.660551408413953,10.712606406084001,10.718605699370254,10.708207434466093,10.727743874382709
tid_1945,64,1,10.425680324777195,10.55966987359058,10.567316843455453,10.55893784008162,10.579274057239148,10.568294834846547,10.626929581475997,10.590164419361315,10.602798844141327,10.529463614199036
tid_1947,64,1,10.687872997530322,10.832127715318144,10.70934537870521,10.639319843672988,10.676038573274472,10.689300478908715,10.69744569295234,10.657895583886695,10.654253204217332,10.687286143539083
tid_1948,64,1,10.750040135272924,10.91077919262651,10.699452609074857,10.679375847768345,10.712477052937597,10.729598973333237,10.705334632684847,10.71814261960224,10.75795237649731,10.770480100054348
tid_1949,64,1,10.430276088376663,10.615481020892434,10.566229472270285,10.593741898496054,10.57320348416825,10.539726768055973,10.617794206889203,10.628091076866923,10.569553221266174,10.621373021277629
tid_1950,64,1,10.68237196537464,10.771801589285174,10.593767390550244,10.62180880734963,10.62344136903674,10.612374246336193,10.616317424167653,10.655770379767088,10.625816679662426,10.655533453997448
tid_1951,64,1,10.481770870006438,10.625253773511416,10.65727317271069,10.709105055752032,10.675806447105659,10.714684338986388,10.677695934828186,10.727739718211614,10.721359987041733,10.727856201098902
tid_1952,64,1,10.834499395191676,10.990179070308544,10.940867610343012,10.956661758549176,10.891651650170992,10.949166448269745,10.963108304622125,10.93347111278253,10.939627191322302,10.916114931429462
tid_21,2,1,11.213848044797777,11.377254642539828,11.018273316044473,11.086118542516793,11.015036147762284,11.085004909297773,11.066437543482326,11.035925078569035,11.074062089386976,11.073518863291454
tid_22,2,1,10.847017894549271,11.063549220853623,10.642398833123826,10.693456038162164,10.6849125364908,10.77004869028393,10.67695974716467,10.7105881380946,10.760995052484763,10.688604450474172
tid_2251,73,1,10.953905249646224,11.149197132842144,10.945411137518766,10.964966507043036,10.972674799276726,10.949142143234598,10.94403644465712,10.918424489121662,10.937807054461336,10.913153410733212
tid_2252,73,1,10.923024165804236,11.07062260220657,10.795347725947572,10.833172318798495,10.823239471850629,10.851777395060141,10.844731709942847,10.832256797661621,10.806905731726973,10.852874330334886
tid_2253,73,1,10.761203809605565,11.040132348720707,10.618196379113206,10.671454427114632,10.666611984628823,10.646643419738973,10.640941603607377,10.71502023097798,10.677977519059443,10.719125509686819
tid_2254,73,1,10.357310985552823,10.56193458676648,10.570284903215933,10.605232726521054,10.573215391801211,10.58360320481015,10.59235967445076,10.57384290262095,10.583865342212631,10.601301152251141
tid_2255,73,1,10.452622897705316,10.64631021953778,10.634531416154108,10.579461153520846,10.649812199774349,10.581386221958226,10.62110702660693,10.595609355008186,10.606845759332874,10.624833554537446
tid_2256,73,1,10.430769032933338,10.60334218774303,10.552383505091466,10.595157151464075,10.568269486368495,10.581115496958786,10.569546903205097,10.56987624759139,10.574331524942538,10.564010538273115
tid_2257,73,1,10.50905137437426,10.722266883695855,10.666285331304325,10.649721139834417,10.664212028301016,10.640355227529527,10.666143886347243,10.635177045818619,10.640124081394857,10.657726230350697
tid_2258,73,1,10.410672557283576,10.566412610906486,10.563006780976142,10.55364489443853,10.599968546485501,10.58366043823637,10.567560302885735,10.554835994706913,10.569410152326423,10.548158485570706
tid_2259,73,1,10.46388589134159,10.67481956213526,10.591801945353884,10.587721026510675,10.621672281614806,10.580139592880638,10.60259001980263,10.596292724125504,10.597725799417079,10.602687013327694
tid_2260,73,1,10.477423177590891,10.658350524076726,10.594272189286437,10.587111956267186,10.592340538457261,10.571288325815328,10.604703499573985,10.590024155868004,10.580726359275705,10.600506973987386
tid_2262,73,1,10.59842313295529,10.781623562885985,10.59595842430969,10.553771605503476,10.591751058030024,10.601431738360564,10.59439146404009,10.547098365742414,10.548007656351063,10.523822255059454
tid_2264,73,1,10.708967386813978,10.894306739577202,10.656521729287768,10.669793190520602,10.627004592686106,10.670843555641362,10.665697780265207,10.721138578903219,10.66686037423117,10.723247271992506
tid_2265,73,1,10.668110852103483,10.798928428962066,10.557865616939674,10.572207871491884,10.59320499866478,10.578217853278257,10.575978099393922,10.564882875131117,10.584764336892315,10.546729612723606
tid_2266,73,1,10.420801084237644,10.592250134778247,10.611123460178634,10.588682516963761,10.591062775076342,10.58927974377174,10.590256638016893,10.599382812739131,10.578643710060435,10.63106577396862
tid_2267,73,1,10.696765095314968,10.923247813279032,10.557508937188826,10.646331268029702,10.561096207730156,10.58736412736856,10.584833197417476,10.606271461147285,10.586542056873087,10.58671568282198
tid_2268,73,1,10.34743271496214,10.503721428490003,10.503958667053192,10.504612105794711,10.529134766616131,10.506304244309478,10.517983780253576,10.530891422194214,10.520177283162159,10.519752736592913
tid_2269,73,1,10.440676587452844,10.628704942220514,10.564164974908529,10.546228375618297,10.56784959267757,10.588587144720258,10.550160528902001,10.544397792422558,10.579718190645368,10.571266857699149
tid_2270,73,1,10.37842275157726,10.599026869654624,10.564164974908529,10.661214029084642,10.588473982539911,10.575820803251226,10.550160528902001,10.655242139255824,10.590172280159544,10.71730034774986
tid_2271,73,1,10.45149912842484,10.655262067543696,10.598854836256757,10.57885897883999,10.601464540549312,10.562361546462482,10.584833197417476,10.571966986533083,10.580099677760957,10.56866109538047
tid_2272,73,1,10.679950539870209,10.877769795572712,10.605024578704557,10.617141241262612,10.639206076691968,10.640270215728304,10.606417758877072,10.69728258916219,10.676236053792543,10.692598637579705
tid_2274,73,1,10.893703239817462,11.142910508837096,10.620198086918705,10.651997968677339,10.629498480971568,10.667784139503672,10.60936404808286,10.660629805838076,10.666556004891602,10.681348684720588
tid_23,2,1,10.7855594410236,11.009520572676688,10.806589185660318,10.82890734867114,10.814398053200168,10.79930776780691,10.87707872708764,10.82369209736842,10.80706463405853,10.853133432505063
tid_25,2,1,10.903422498865488,11.066242971685224,10.942125606143597,11.083872855565597,10.967571074096403,11.08881198731443,10.974354194779599,10.988852685048085,10.958815979188712,10.987203348611981
tid_26,2,1,10.94434183588053,11.13340876597566,10.938546695917369,10.987604804071857,10.969757360544707,10.94418345826409,10.983659740212776,10.979104938101418,10.964597116930149,10.987318825195663
tid_2620,59,1,11.01367426504538,11.194637095178756,11.019696914831044,11.080488159742297,11.040186805727854,11.05581639276953,11.083344834788202,11.075199576007055,11.084391787969667,11.181599355399952
tid_2621,59,1,11.202008883045533,11.398327975071004,11.063805812445553,11.212014377629995,11.122661714444762,11.107828495065554,11.117111358186962,11.158096610975456,11.118545289949283,11.23044610679718
tid_269,12,1,10.959606311558318,11.18776026222667,10.77553941045594,10.848832552924778,10.792244157076349,10.825078273909986,10.796136966427813,10.821225903178158,10.812514521044662,10.824077444763399
tid_27,2,1,11.042374485955936,11.208406443248654,10.942125606143597,11.003744764020803,10.960191954151668,10.949018147466177,10.971001168120901,10.973954101714744,10.947728199430994,11.007156603954288
tid_270,12,1,10.97956107408917,11.196192128124444,10.702748487407467,10.807969085673276,10.755482522797136,10.784157240208435,10.736774214782852,10.759500183758867,10.76610842678081,10.792265639766084
tid_271,12,1,10.822426774063208,11.037748476950496,10.656594554848176,10.684210760626279,10.669995506096198,10.730527352013555,10.672888928343216,10.696485624959616,10.716471195730763,10.710089235302046
tid_272,12,1,10.660339312851171,10.828914422512332,10.634712572736131,10.661029536034107,10.651727834653675,10.686514493608449,10.647022030015924,10.627161666168714,10.687682148085912,10.664235898234182
tid_273,12,1,10.346225966008804,10.46041687801767,10.563006780976142,10.622589857252319,10.581829590796765,10.591597383331344,10.55425606079176,10.540436558764666,10.535454480020507,10.5398697053196
tid_274,12,1,10.873095329632012,11.032325087988944,10.733186526500768,10.754833882604183,10.707657010183109,10.749209398189507,10.738323143544694,10.713848562225197,10.739171255776007,10.74973320179126
tid_275,12,1,10.54430932731739,10.711785418267072,10.611123460178634,10.597263827286266,10.595670744959305,10.600402909565332,10.56516759777755,10.572493079146673,10.56166584902168,10.565935594464726
tid_276,12,1,10.46245169962834,10.62903899773009,10.572616879977735,10.648412812630808,10.596146544046025,10.656395529159553,10.52389718795837,10.564427014868338,10.606995401783957,10.570371682579196
tid_277,12,1,10.43823964181822,10.593770635481423,10.562199529712169,10.594111836042009,10.57819009644311,10.592432470959944,10.553551331710265,10.56628497106738,10.604073230105097,10.568181019179164
tid_278,12,1,10.766284676370256,10.96403619172786,10.857632650464833,10.908622522174069,10.916233232765547,10.807261244535198,10.82997870609503,10.839543974479811,10.805124872361343,10.812906840207715
tid_279,12,1,10.557854922730872,10.716755035215945,10.583601279079906,10.648635483601733,10.58525390604679,10.692502238397688,10.560215964144165,10.564972349396708,10.654960153642614,10.6261534432141
tid_28,2,1,10.781272355737698,10.93352473958216,10.818145275700566,10.961301263479264,10.833281881364194,10.932010784495125,10.869862702180665,10.888155520130308,10.859816891927629,10.864050696707972
tid_280,12,1,10.480609214601216,10.65438699834914,10.555424674282719,10.567374526419215,10.577095351641013,10.601470112340083,10.513530916630419,10.50124265705879,10.53828028222817,10.505855675582978
tid_2809,59,1,10.765839388239325,10.951948000373791,10.789128882569818,10.886947555057766,10.845822789815585,10.853685059772497,10.850201288846923,10.806271657175726,10.837972763269875,10.819143125164578
tid_281,12,1,10.601622274607111,10.767572995334602,10.587957482227353,10.572146965626452,10.553193102278108,10.636908698077377,10.533075996703353,10.537793733300683,10.606178181813204,10.49638179611388
tid_282,12,1,10.451938386548065,10.629213243271538,10.555424674282719,10.550450676564141,10.555931358021788,10.583213944777397,10.538977129339441,10.538076212021105,10.554102082482434,10.539459011673443
tid_283,12,1,10.669729513572983,10.85082529910248,10.558260380611749,10.630728289050115,10.572468753617574,10.58267787851422,10.55476218027434,10.571116753739789,10.589773626791613,10.570322869564794
tid_284,12,1,10.563271829426952,10.768072273287949,10.609088281597696,10.627751065339801,10.602815545157277,10.612781189769498,10.587905623115697,10.618249041045486,10.644291794729616,10.641190367650244
tid_285,12,1,10.579979298190436,10.725140078780733,10.512097120913545,10.49268542727367,10.507854654150306,10.56705723523124,10.534947018785475,10.559630070231398,10.524412610152904,10.5149645270331
tid_287,13,1,10.64265200874203,10.825867706190412,10.590612339638808,10.572737595987958,10.608057659887965,10.535533018292059,10.583185896196026,10.59056049230228,10.549071728023117,10.587893699293964
tid_288,13,1,10.34486663049196,10.521002908160549,10.509801832520933,10.504207464300267,10.55101125402861,10.503770436296296,10.516676826806247,10.496280616782201,10.495654072059901,10.483106412325377
tid_2885,59,1,10.695232684070913,10.841175717758354,10.790993406424146,10.870543848746571,10.771327792924533,10.935815201263004,10.838693188489856,10.789625084011227,10.850637268883434,10.829779477846714
tid_2886,59,1,10.962504524562496,11.1467627974448,10.832669014735828,10.961360203093813,10.91607749064879,10.965216529910196,10.890187554563935,10.95213736154505,10.955934676264157,10.971044390759136
tid_2887,64,1,10.99622930997249,11.138226197330074,10.973418214618189,11.001585134579546,10.923410948893876,10.936990795172628,10.995297917702388,10.968049225750832,10.928941293006067,10.964672668313469
tid_289,13,1,10.684079974286352,10.87942925591246,10.562861736821489,10.627641052676724,10.614184504425417,10.575726770139687,10.585090167770526,10.604350747609534,10.596889084175833,10.596853263182439
tid_29,2,1,10.899391361344213,11.08894398198845,10.921443276181696,11.088369677394438,10.94845238457983,11.071334558751115,10.949832701931653,10.993755733546584,10.966851080045428,10.99653605836335
tid_290,13,1,10.446166431650422,10.66981781338343,10.555424674282719,10.572977932909419,10.578059469853557,10.572782437767275,10.550160528902001,10.567360766092644,10.562547649664285,10.569938599739197
tid_292,13,1,10.550522729451062,10.84453333407581,10.572616879977735,10.581048640919843,10.583675523145889,10.580928652861438,10.550160528902001,10.543191180683287,10.553774968514572,10.53746456473155
tid_293,13,1,10.518832638373512,10.72899982085141,10.495390197224284,10.50600650264758,10.541213201641765,10.523546523590356,10.531818475493509,10.529845647713111,10.527404444783723,10.506906417454433
tid_294,13,1,10.465999143583575,10.610298457789929,10.714491658202682,10.732218265097506,10.662438298432352,10.646588193573663,10.689307562733497,10.654345302820758,10.656040479068386,10.708892056185055
tid_295,13,1,10.606263229988029,10.865923047828687,10.612230206183412,10.5832263167564,10.602429700440931,10.566070416383146,10.597097838444894,10.583732981974842,10.547750527930095,10.612067758989198
tid_296,13,1,10.623758534292438,10.850260931620278,10.558667131121213,10.581265061821988,10.611617024783,10.563556099517912,10.585090167770526,10.582234381736537,10.575040510603428,10.57028646207514
tid_297,13,1,10.566953573369156,10.766158074326729,10.568498409314122,10.574995921532345,10.560083369472883,10.581978678201091,10.58534467479729,10.600285505451517,10.59156933851215,10.615552355506406
tid_298,13,1,10.533407352038564,10.807570066447404,10.71776193361978,10.723304156723238,10.73509123879834,10.752672235183057,10.73253175095427,10.766653524568069,10.729801635379363,10.743225681248964
tid_30,2,1,10.69753155126262,10.871865863270388,10.618243360722373,10.558919501302833,10.560143445383705,10.564045666814678,10.64258775736494,10.526324397482268,10.515181283107276,10.54298616301265
tid_300,13,1,10.57288236583649,10.74369821510449,10.569684221399688,10.561975106188328,10.573572964933081,10.568939658612567,10.595782499152763,10.59201343643232,10.582235060498302,10.580385057642676
tid_3005,52,1,10.953613130987998,11.149513593093063,10.942125606143597,10.9428870158086,10.878592666523428,10.908625776154143,10.928179182649782,10.924453294851325,10.89374734452418,10.904369030140119
tid_301,13,1,10.891179453618896,11.1068516716508,10.84110267499139,10.811355239565982,10.752171182739351,10.767605151096612,10.762074506767838,10.713012752147675,10.757618504112136,10.735668725196236
tid_302,13,1,10.698963407364086,10.902198471331262,10.563668988085462,10.543982776298286,10.600684545781208,10.589718139353314,10.587900752072771,10.56784670269073,10.588411228564901,10.546670582469554
tid_303,13,1,10.931060233724306,11.13820874253073,10.815138406960244,10.825444957443173,10.791422761208896,10.78486190999547,10.812413133313044,10.854147576263511,10.806218074506567,10.814622623415781
tid_304,13,1,10.507606778725808,10.718679784557352,10.572616879977735,10.547543291138023,10.54138408490666,10.548327742375452,10.550160528902001,10.539073127590196,10.550169638555712,10.55427623702343
tid_305,13,1,10.462343051525142,10.681844070720969,10.597433846927027,10.623868469464622,10.579452941391846,10.58861704370176,10.586662898274607,10.596445731884229,10.597198036506686,10.6476379799859
tid_306,13,1,10.473475081811632,10.684176177908263,10.533088240922224,10.510238156004112,10.559376857428855,10.508287701827367,10.531818475493509,10.529539539797042,10.520103222022177,10.516812470837632
tid_307,13,1,10.761473095628173,10.891086340454674,10.698856075466448,10.682592394203175,10.715519262147598,10.629930200919254,10.71360362399017,10.688778563962321,10.668474383724215,10.696309709878971
tid_308,13,1,10.886934002697592,11.13804145191818,10.774437872811376,10.745683672599297,10.703780649364262,10.666729541917904,10.748408421935297,10.793937320662943,10.756359643725911,10.780769328059689
tid_31,2,1,10.819228133104804,11.01220527553979,10.69390138476095,10.67540616863933,10.672382847751857,10.693232939340174,10.67798932272242,10.644185216839919,10.669669024000257,10.703216332365338
tid_32,2,1,10.590211649186926,10.755167227308707,10.63910181162635,10.633627158857397,10.645836518499753,10.645929408742605,10.642921754762368,10.64178227679086,10.656945875538474,10.635224224895397
tid_33,2,1,10.57159893662485,10.777791027902571,10.556701685924853,10.596542826809909,10.591707067576433,10.620469826840521,10.568659439824595,10.511953569256843,10.584674895259843,10.52221532963703
tid_34,2,1,10.580078430780356,10.764339567514142,10.636318068194115,10.628902636226575,10.592334338159485,10.652484200209315,10.608224783829593,10.609421702135634,10.63114725644208,10.619120892721192
tid_35,2,1,10.6417706094338,10.766280456560358,10.709200062463937,10.686381733432697,10.640951199330509,10.627495100607439,10.72907405510978,10.644966563923202,10.627139494987293,10.58912399286903
tid_354,16,1,11.25738397237076,11.458180958838776,11.062591284595843,11.071239902357986,11.032466753640906,11.052754220177217,11.08159745794182,11.04748227111882,11.072782050610515,11.017746833685555
tid_355,16,1,11.161842002380066,11.382307538364572,10.930068791393126,10.98873441285304,10.949906927019843,10.952978292704726,10.973428668158487,10.970756999502445,10.952055886703231,10.9649788105863
tid_356,16,1,10.91677613021396,11.100869182719268,10.676921000039,10.669029466990873,10.626333911511372,10.70674106702616,10.637279768811373,10.62995036313608,10.683913009634885,10.615466911307943
tid_357,16,1,11.049070891471352,11.213374569201587,10.720126136380049,10.764981081927322,10.745144064998351,10.79581433071624,10.768352106565352,10.73261834712763,10.755740732050084,10.730488050784011
tid_358,16,1,10.715776844790089,10.950534580012508,10.583601279079906,10.560139198063265,10.584884378387363,10.617479326595104,10.579016620633755,10.567381189695984,10.582086893525288,10.576664634254785
tid_359,16,1,10.802033777730134,11.049856137783372,10.583601279079906,10.615940678857147,10.588490502931615,10.623823578013626,10.587962472792789,10.595689707254012,10.626001713705284,10.646758820029918
tid_36,2,1,10.505516753727289,10.678555675781382,10.642527457923489,10.619095268227685,10.6371056832464,10.662400928518645,10.625606921023401,10.600173932883411,10.651062209583143,10.642430212053736
tid_360,16,1,11.06023352005936,11.27154793039422,10.72225781947474,10.747781180504496,10.692699266321185,10.806526133865049,10.726414593570054,10.714745960231314,10.753079345592017,10.701038613913836
tid_361,16,1,10.729032671103536,10.953996191329932,10.559306319135016,10.61075996733584,10.559926527121354,10.64055286213208,10.585090167770526,10.564689401709948,10.600428635475412,10.556848233510934
tid_362,16,1,11.30601076063909,11.484412815320187,10.938657797072525,10.97950573976828,10.967265351918616,10.945084742342429,10.995207996599655,10.992200986112422,10.965625990788341,10.979317973801974
tid_363,16,1,10.722407984014009,10.912096720682266,10.563006780976142,10.61654283402619,10.55012512072456,10.586831276223911,10.567560302885735,10.558239919287201,10.545710442853723,10.556122659235175
tid_364,16,1,10.680228819460195,10.8793896872113,10.617890050609969,10.583714447375566,10.586308490021592,10.604615323224488,10.591624650385697,10.533496171268963,10.534321813209354,10.518153277425592
tid_365,16,1,10.69085795874334,10.88945172425804,10.555424674282719,10.605315246085688,10.564876593822126,10.624938396872288,10.539681858420936,10.56039458233031,10.625995661266353,10.592585356828707
tid_366,16,1,11.018855347077608,11.187666128163082,10.703989504040424,10.71073228418311,10.672646071702223,10.823593159340716,10.745363926392141,10.704774204313308,10.74582415736659,10.697966680154046
tid_367,16,1,10.66029474345603,10.952857074625786,10.636318068194115,10.607834725445171,10.588861941571638,10.642403123029638,10.586794778672482,10.52319149219138,10.590417437135464,10.504689851619885
tid_368,16,1,11.028942985271732,11.188210045335,10.870118861625308,10.913095510000353,10.90471622728325,10.860114361155205,10.895988027221513,10.876106475806363,10.850354797688453,10.87128484107951
tid_369,16,1,10.73915157290637,10.91501937091863,10.64706380911522,10.619517560871294,10.581389718970915,10.627385142170144,10.624310286165768,10.564534670556677,10.593784080350227,10.586453406167193
tid_37,2,1,10.56721107172259,10.719246093609096,10.565632845761087,10.600103095588846,10.582085287190635,10.613248644546422,10.580907697111893,10.54105164764778,10.601257754684543,10.536661993799804
tid_370,16,1,11.8955149088372,12.113188420716035,11.013627849034426,10.915223005240163,10.904505377180627,11.081330561572587,10.848286466027375,10.855026009818419,10.926063239681024,10.89190222276696
tid_371,16,1,10.983421481682136,11.21171766420932,10.856762403102106,10.82958945343098,10.776637490380317,10.85214379265345,10.825854131815117,10.796122539989112,10.808529645449708,10.804958394219483
tid_372,16,1,10.6385872882917,10.81670958075182,10.563006780976142,10.531985980898021,10.583568003200584,10.561065165607166,10.570701735940903,10.531148320873635,10.512844595153943,10.548099359488335
tid_373,16,1,11.362531552978975,11.744706009840082,10.872108470377054,10.888790372805103,10.86300649112838,10.817462153075967,10.898164516874496,10.847194887834187,10.809673251000559,10.873007693106315
tid_374,16,1,10.932001001216667,11.147921646336076,10.770538653022747,10.805409471883467,10.77272284759074,10.75639451017677,10.785333014048437,10.771262553540765,10.754819761049529,10.808455004605976
tid_375,16,1,10.88244881193364,11.085599643158218,10.945499943390661,10.9658143404794,10.975677114994276,10.96580322059267,10.960400333299038,10.951889981140976,10.94882004556164,10.947236742345549
tid_376,16,1,10.98280828328985,10.990460701782975,10.555424674282719,10.570232254556748,10.555931358021788,10.632501588311143,10.550160528902001,10.561525135966434,10.585125846766152,10.580324865781762
tid_377,16,1,10.775092585387542,10.943820799695589,10.638997034570114,10.622690468327736,10.6502221709183,10.663511178925871,10.637544764968538,10.625295187019962,10.634230741338378,10.65750720245514
tid_378,16,1,10.761632088756825,10.925749613483609,10.641530727160804,10.567923465837398,10.594824806561766,10.571499691107597,10.606640671282486,10.51137545373275,10.522921503869004,10.549992293441829
tid_379,16,1,11.377578711288754,11.548097609101331,11.014882667477218,10.94742360793858,10.936996533880139,10.905977800439475,11.001472285980356,10.971253154963676,10.960353027775119,10.97525292089578
tid_38,2,1,10.795958840497164,10.973319635777512,10.858276796885027,10.905451210316953,10.914498833445625,10.84068532532506,10.886525688964976,10.851689547064586,10.855507373501752,10.883156907890353
tid_380,16,1,11.067892263379225,11.217502844961396,10.85134501922542,10.909242253420791,10.905128840652281,10.893244203144572,10.876782774577634,10.83172283059432,10.87713445479255,10.8625675961225
tid_381,16,1,10.855984844179192,11.083622990943974,10.63962378375811,10.632371032769033,10.631766432346215,10.628114151589818,10.626105616979602,10.60711920432874,10.618536277972694,10.665457250424474
tid_382,16,1,11.079992546971493,11.362483897871764,10.730965114280584,10.751151169136188,10.724472421977644,10.847245352630342,10.758471944371,10.75075904494601,10.795900080697528,10.749951215258296
tid_383,16,1,10.74312399622066,10.95150980824232,10.693469344467028,10.729636999755117,10.732278273404622,10.753251138408803,10.729050770116865,10.710562349735818,10.724424918921214,10.730826447685798
tid_384,16,1,10.76896908335696,10.974029530609146,10.563006780976142,10.624379994781618,10.57724339307071,10.622746641320814,10.567560302885735,10.585037699439548,10.625346188951626,10.635220761830324
tid_385,16,1,11.32593904459911,11.497482839039373,10.895391025288747,10.946267897486601,10.921142613750654,10.894370719913722,10.894122528332002,10.907423603533562,10.905133049025794,10.885205722569587
tid_386,16,1,11.24222898379647,11.446773910259877,10.592011341271721,10.60122970488934,10.579795723014296,10.641894702595385,10.585447216171946,10.573518390263924,10.603153822641488,10.578108673284818
tid_387,16,1,10.982306913861011,11.152136355159753,10.718975364754135,10.728217629496559,10.663212231996232,10.666073518530565,10.741376587236928,10.722511720089662,10.683560526075432,10.72837109049771
tid_388,16,1,10.896077995804983,11.0933913508991,10.863051813835565,10.873424386889926,10.829427012268015,10.795353214229923,10.87401495719912,10.82899772607717,10.791953335841205,10.832973086629178
tid_39,2,1,10.705648318163435,10.831428160317245,10.660996698675257,10.661225606536197,10.654792792056888,10.675078592644134,10.680514295234838,10.61380415153156,10.661509436322257,10.66020227582374
tid_390,16,1,10.811699740670113,11.031737928328544,10.60478007539281,10.5949247763965,10.5862988543522,10.625806698503691,10.595795252559201,10.55225508719387,10.586933795230413,10.5486014641787
tid_391,16,1,10.958210647634512,11.095383727036603,10.64644896091563,10.617504462761474,10.565144569047229,10.608881916319291,10.60427012028493,10.620925320594443,10.645414940767125,10.621733982749893
tid_392,16,1,10.737997567272911,10.927853910816768,10.63713636642999,10.736266332373225,10.64232556522686,10.657986640142171,10.646628223823617,10.7184554884175,10.689303395448535,10.733550101894956
tid_393,16,1,10.683392536271914,10.855330739261756,10.557508937188826,10.592639524845042,10.557250105387839,10.660207607183828,10.585090167770526,10.613320802553487,10.67086702021829,10.616278370788937
tid_395,16,1,10.719272631478638,10.926610915973583,10.555424674282719,10.517836932163652,10.570261025851735,10.53880495900512,10.547942209308058,10.48672947550786,10.484288232181422,10.49551572016331
tid_396,16,1,10.89377010696176,11.097016004000116,10.562199529712169,10.61103434644134,10.563238936855722,10.636497538860848,10.567560302885735,10.569461504082216,10.574664910096747,10.58013465414472
tid_397,16,1,10.874910201848282,11.069920470327949,10.786263965968441,10.81768055999846,10.770409392687975,10.897635394491923,10.821873574418266,10.790292931097067,10.822135550419818,10.808297590854092
tid_398,16,1,10.79996529706044,11.000179665512968,10.650941514035159,10.673421705694903,10.685725768070172,10.70727955031289,10.652890555598663,10.694189100142674,10.716109449115981,10.738081648007523
tid_40,2,1,10.770522912048298,10.955811544752128,10.844499696107787,10.955576334187164,10.888440782240352,10.873790531210995,10.913369680580724,10.886712843544979,10.840860768381607,10.872516834138358
tid_41,2,1,10.670479813553944,10.83531102438475,10.64586639353369,10.651307529139844,10.601956077080962,10.663370285353416,10.649593278082028,10.641219687392486,10.663953918193279,10.646090825973559
tid_418,18,1,11.048383692590914,11.282900792954988,11.017179593872804,11.059043569688523,11.047208564624215,11.090541584395206,11.055118214245866,11.073940556726049,11.050763578280192,11.056295292624725
tid_419,18,1,11.025829388570116,11.240005888685484,10.949495784453797,10.968433898730977,10.990102959461135,10.958542278145973,10.959136600070499,10.941496103961464,10.928702877259596,10.937862876772595
tid_42,2,1,10.693874867521128,10.831447928476274,10.863351894581287,10.933623573918739,10.890159022218233,10.849642373374111,10.887258557046115,10.859845698239816,10.84184726442952,10.852375590061841
tid_420,18,1,10.8646732530986,11.081199026977869,10.792039046278147,10.869396977904493,10.820717153036245,10.931353327883132,10.858221780832404,10.825818576123568,10.852550730653313,10.82908872809297
tid_421,18,1,10.683896703684503,10.89738911438791,10.67225590900378,10.706283306194505,10.673966847250767,10.68970143215172,10.709784111234345,10.686040787134813,10.694725248658555,10.687785699938294
tid_422,18,1,10.987289034016907,11.19843935243305,10.799604281908264,10.84587672888035,10.849802645799004,10.861434570287782,10.836760283649577,10.830634257626778,10.83318194366124,10.854383171677437
tid_423,18,1,10.531656115130096,10.744494236334926,10.540762933191992,10.597434828826483,10.563066429369938,10.613915291017221,10.547682833825018,10.565080863075208,10.599859514502802,10.585032304362056
tid_424,18,1,10.600494773544971,10.800585271261635,10.547313296971334,10.635678634961362,10.574427312786092,10.692378129986972,10.548203167535682,10.587695610692133,10.6647206977179,10.613465911342082
tid_425,18,1,10.753523090633037,10.96675241717251,10.637929285564194,10.67913223419772,10.691979446481445,10.668254708151792,10.619287259355817,10.638617693047992,10.671351866259911,10.645277516847464
tid_428,18,1,10.552006023052776,10.777768084253218,10.524296836052573,10.531803598462949,10.544056895654196,10.518851614177123,10.52172915412888,10.541953375390245,10.521774478790777,10.530291873832605
tid_429,18,1,10.667181729638155,10.858446922121034,10.572375813256961,10.63542420817937,10.6124655331852,10.601290751128909,10.549156078891288,10.550234305947615,10.530512366541934,10.565579480870502
tid_43,2,1,10.777277798678137,10.9532281737135,10.689362537079038,10.661508059292975,10.678370554084578,10.68414081238022,10.669388154691338,10.662620956323456,10.675051484346126,10.680333855099297
tid_430,18,1,10.801838321277618,11.008378422927612,10.916655702707649,11.040143234226164,10.951840396737639,11.012695137647329,10.96276675942691,11.005926146224594,10.907892297912015,10.957817072076317
tid_431,18,1,10.7445330504348,10.977730301420229,10.676301155121303,10.668581208672647,10.674300534705779,10.67439578640109,10.655005486613007,10.621238284433927,10.663100174844862,10.625227782682735
tid_432,18,1,10.712028249457148,10.907497910532276,10.680421844830951,10.749613398716251,10.694188597699187,10.710487232413005,10.693493933033958,10.703201039877454,10.723407047288113,10.70099265275328
tid_433,18,1,10.77786819813284,11.0093369235684,10.509923108799574,10.558410499963227,10.532735784636445,10.589767527366888,10.527611059276175,10.532813473144655,10.56684209534305,10.533901191148898
tid_434,18,1,10.593911027174476,10.799738829072556,10.541900083052075,10.608159284863692,10.597922650286035,10.627115585671717,10.545973721243382,10.541033365603317,10.593233757831953,10.60284957985799
tid_435,18,1,10.588438737496537,10.80584567480012,10.642195759532026,10.661939886638672,10.647962293877757,10.721381840186364,10.634566190808135,10.623019051267395,10.673275540000366,10.638205277274755
tid_436,18,1,10.566417764310438,10.789261343300256,10.488918001237279,10.56020967396734,10.512882799020451,10.510828218302134,10.493599511759511,10.535908280912624,10.517145613941503,10.533695774782569
tid_437,18,1,10.589171955714708,10.787445157285934,10.486926150618581,10.561995374144562,10.48451673054244,10.532959241377313,10.485928937772725,10.50256462197439,10.533459975766295,10.491987765336445
tid_438,18,1,10.63056503435848,10.848637813090836,10.587054152954455,10.593303900094243,10.590363096452725,10.621004919978514,10.572083255415802,10.572244864731859,10.610771103874931,10.595083196049174
tid_44,2,1,11.055386231389464,11.234731570390757,10.892884120967134,10.911531778695215,10.90941771844421,10.889593162608193,10.886525786661366,10.870974597383448,10.863619505160242,10.864055191914863
tid_440,18,1,10.768630242630955,11.010777084797882,10.711441181333829,10.734380552960719,10.734440926640335,10.715975714892863,10.690120571489688,10.693815826305405,10.69780112086087,10.689299889383202
tid_441,18,1,10.5938182705865,10.79032475662719,10.600777968456633,10.62073337106186,10.597889737333942,10.627383430019895,10.544499291709617,10.547856598495294,10.555653759227644,10.537176386756258
tid_442,18,1,10.657687498540062,10.861689605398965,10.555847229130727,10.604356146945308,10.618484441545103,10.621757876000627,10.530200456022554,10.557498759931715,10.572449299762182,10.559211995833264
tid_443,18,1,10.803715973401829,11.065630041657329,10.678861739419037,10.702370059882218,10.7213395969967,10.742679104066486,10.678757305749087,10.65411075120713,10.669026628534578,10.652707384681529
tid_444,18,1,10.610897534047076,10.826571160497874,10.57541320470669,10.619669106407379,10.572130724186852,10.594517147548277,10.555615523159176,10.550484296336318,10.588180378556208,10.591093121045867
tid_445,18,1,10.46444529678812,10.659858327596414,10.478677910335938,10.594038366991336,10.486976064171092,10.665714019981944,10.4709138050354,10.517157252751648,10.642105647942655,10.578492357410544
tid_446,18,1,10.822560410705377,11.038177800563377,10.583744485606715,10.584862140740892,10.590028857786034,10.60757846397404,10.56029602250576,10.547599419433316,10.600766785761298,10.555797535872046
tid_447,18,1,10.64225798312049,10.835624074131696,10.517474356962968,10.6442009875707,10.540671431613388,10.654462441874735,10.498651162302279,10.55558653654918,10.613708943105898,10.608644349399448
tid_45,2,1,10.702972521067714,10.864921807659517,10.670467969212813,10.662608422293841,10.615604664773024,10.677520417306376,10.682099120501256,10.620129767222917,10.61550408501984,10.628508095993256
tid_46,2,1,10.833464203514849,11.174979743302924,10.60814753800426,10.606390439610502,10.60058120873973,10.637209584570089,10.616948572947775,10.54651255349811,10.574917750412483,10.58022183958162
tid_47,2,1,10.430163887406897,10.543017688258958,10.562861736821489,10.529021071568556,10.586471943929064,10.566763543681372,10.637442331352457,10.542025565440449,10.506415916036136,10.532702480945048
tid_478,21,1,11.003658625668232,11.188561427348963,10.936333042986673,10.971730939685855,10.905663822773578,10.945071295087343,10.925931765159145,10.930612868780141,10.905761344831891,10.89984236653802
tid_479,21,1,10.620016731108684,10.80507674441738,10.564303374526348,10.583643656084663,10.621525091431131,10.552355113330089,10.604139777787521,10.598879055483595,10.582935392650624,10.618872971200307
tid_48,2,1,10.615019689304631,10.780496769408607,10.683114330988191,10.626278462664281,10.651322255383862,10.653123632045354,10.701774387063454,10.588764072996078,10.582963487742033,10.600507682384254
tid_480,21,1,10.8151676718526,11.028300259573363,10.620447941162244,10.631843314874779,10.614016292707825,10.640949681518077,10.654614013524139,10.640279188958186,10.644981003634204,10.680978607268873
tid_481,21,1,10.845219884731986,11.00836517295867,10.795347725947572,10.853336223594471,10.865596019999494,10.833183889234508,10.827342297036997,10.826711666003343,10.784614549245585,10.8324294898385
tid_482,21,1,10.814502391329926,11.008222724703584,10.608552140058945,10.644346786316078,10.660385824144942,10.697439498399735,10.644607035262071,10.671897749912944,10.684464826926797,10.693869686766218
tid_484,21,1,10.53035068942004,10.717780995648027,10.534146699128236,10.59261906481023,10.554932944258963,10.684084684727354,10.545472465038014,10.564799274064164,10.59960056862143,10.59985800723336
tid_485,21,1,10.485879134560172,10.65450025798518,10.559519966863984,10.548989076140485,10.575278199811262,10.5608392684437,10.573569706048271,10.517034618876208,10.521369736074472,10.493129284639823
tid_486,21,1,10.72243443810734,10.907878901296025,10.580409412706652,10.580363004598237,10.578504163668432,10.597795577584758,10.608856393318217,10.626555404680554,10.633227296479923,10.648932740770265
tid_487,21,1,10.819748283960276,10.759473986284736,10.541900083052075,10.59028274097592,10.557893890082385,10.619915441863611,10.578516940803784,10.609840670188822,10.60264365274058,10.629897772971159
tid_489,21,1,10.653345824680116,10.797054033324727,10.546119772382644,10.570207221525807,10.562180543072076,10.582295944806583,10.582646562462616,10.555508147010025,10.577468838057515,10.565479657931736
tid_49,2,1,10.625557410723154,10.80491436161174,10.704310178327006,10.773216297055162,10.67719248892691,10.783162083136572,10.77367393283566,10.7491187997659,10.743072029033417,10.748379382468979
tid_490,21,1,10.488453576501474,10.649691970820422,10.540762933191992,10.554319487821864,10.547533947340009,10.611964324755444,10.562164680444134,10.54183306374557,10.583113934340664,10.535731320360176
tid_491,21,1,10.852342275283544,10.984058062703472,10.532022632566182,10.609732019209561,10.518820852792542,10.682264384302234,10.545472465038014,10.569142184203049,10.598959575594737,10.60989316966627
tid_492,21,1,10.518265000219476,10.660318201280036,10.534146699128236,10.599697073370164,10.556943394324609,10.659783582950995,10.545472465038014,10.576069051277338,10.60395828754981,10.619818839766584
tid_493,21,1,10.526874603055829,10.717271470846407,10.540762933191992,10.616047784648208,10.574810039389673,10.68651565300375,10.547682833825018,10.608058941214033,10.638809697941245,10.679652126539974
tid_494,21,1,10.684077683611116,10.890322485296627,10.559519966863984,10.639385448238892,10.615346519868133,10.598760398883327,10.571351386454328,10.596211660721274,10.629802841850392,10.683486490308894
tid_495,21,1,10.58991722104854,10.75698330907962,10.555357184773708,10.538902618129201,10.530750802793042,10.525106552185607,10.534950624532337,10.530048382243528,10.5329747031576,10.534343444962945
tid_496,21,1,10.468954758911126,10.633024519878942,10.540762933191992,10.588211674719263,10.573125134957051,10.706023940320682,10.56198742126445,10.571316959030709,10.645906682970862,10.636255749270342
tid_497,21,1,10.652187692216325,10.842478669931058,10.549468073803476,10.626058668076979,10.593118547179524,10.645741564145593,10.588881251339119,10.609369533283942,10.68575163286227,10.657757205169974
tid_498,21,1,10.68908400622494,10.917781199183882,10.671533807203069,10.683284601141283,10.653086848648522,10.701163541936483,10.701119797852977,10.681255556218993,10.706847833328146,10.674814917856306
tid_499,21,1,10.417851907600282,10.59928372142638,10.549214838261198,10.604297083471915,10.546168255283492,10.647663331495526,10.54358730193526,10.539095132409678,10.584295760172676,10.573593161955957
tid_50,2,1,10.660897434949003,10.841391037146348,10.716457060344966,10.736284435158545,10.713150870433271,10.74770343322144,10.767809262207141,10.660919182290039,10.695142876059204,10.659581557182783
tid_501,21,1,10.686975768947397,10.93242280716002,10.559877954836983,10.607301250875977,10.608944884637852,10.59614906571425,10.577867825589712,10.607850105230412,10.637884349723972,10.657587835041351
tid_502,21,1,10.468562696744364,10.634614291720249,10.540762933191992,10.611074935231304,10.55538727262417,10.628741155063231,10.567335017171768,10.577589365555419,10.574889497154048,10.578789580623331
tid_503,21,1,10.490543394896942,10.687453021261938,10.532022632566182,10.621019772570747,10.545287624045217,10.656307413451115,10.54358730193526,10.611577107662606,10.649763371725252,10.680416292960828
tid_51,2,1,10.764846800884063,10.949865753532242,10.83385239942185,10.908041488636373,10.77830381098535,10.865835633913264,10.846536792404793,10.82071982090538,10.819858275204961,10.82474619431724
tid_52,2,1,10.773200171849702,10.950487197584534,10.5613146649277,10.623264450925657,10.570604278516816,10.664146227635905,10.567582752140408,10.636891873383798,10.653288732607882,10.637607129446808
tid_53,2,1,10.537672634771274,10.68604572869668,10.703558224080172,10.614908248173583,10.639473496805987,10.639747317940055,10.738121193333088,10.619300738637937,10.54829647144837,10.60295989735138
tid_54,2,1,10.572213958554393,10.735470159431252,10.588805405032014,10.567563151937575,10.62079196497626,10.574358341048333,10.634826803607787,10.58140494624612,10.55905441949348,10.55275960300591
tid_55,2,1,10.9741152326028,11.057528240913824,10.846437368520972,10.92532265359559,10.879133296490881,10.902097598472105,10.879629395976217,10.818078475281878,10.87836729542169,10.861021762762315
tid_56,2,1,10.792259080772675,11.049864082469291,10.594009325734216,10.60816422282458,10.567855088185098,10.63554791143819,10.610831344421175,10.605407134077824,10.618759929722426,10.609667645673657
tid_57,2,1,10.85419323760618,11.04178038451686,10.971141706559154,10.99604037782094,11.012622980815069,11.032066799799113,10.99981685372957,10.983310201024361,10.990884913457863,10.973551298316071
tid_58,2,1,10.933594350927766,11.10799471406782,10.60814753800426,10.630104362988625,10.5881147168717,10.630171789668601,10.616948572947775,10.606014411448374,10.625099109708723,10.657460349323989
tid_59,2,1,10.550870860084707,10.704264172797894,10.692972770681388,10.66016202872852,10.639159617399176,10.736509643893873,10.664080529791038,10.625788254053388,10.659894456898517,10.669810095933832
tid_60,2,1,10.7656135028256,10.93019380199021,10.705555102560684,10.666988861958018,10.669756497374468,10.7080042792388,10.689991376542007,10.633972076530327,10.694004166897148,10.683278853519765
tid_61,2,1,10.54544669632664,10.691021759652802,10.635309916266419,10.641015960651243,10.643621854061609,10.67689462949312,10.640111170460122,10.605381192894946,10.62636594574714,10.625038741592709
tid_62,2,1,10.860641878065282,11.080618310893968,10.649304946582374,10.651484169782105,10.58848308908445,10.724953926832308,10.639691222697667,10.632929292369063,10.676862766731654,10.623693142094792
tid_63,2,1,10.609654605508345,10.76437973286857,10.651477865482589,10.616272732728865,10.631984796038825,10.605974844948035,10.716195562556592,10.607999259579772,10.567036200376322,10.558357394156365
tid_65,2,1,10.653981045948564,10.825666912358283,10.672640888113028,10.692056351644466,10.686929733046107,10.730313233426529,10.682099120501256,10.67942193476593,10.731101402032431,10.724622274032296
tid_66,2,1,10.732772725585546,10.90835493571864,10.86254030116928,10.92972078946088,10.866256607986628,10.841476343416206,10.904797741120097,10.901082545706043,10.850150781544812,10.880449516048987
tid_67,2,1,10.544878173523038,10.726813950955618,10.688272658474686,10.713964671914962,10.688368465511017,10.768665893372695,10.718551798071772,10.675706405514516,10.71147869675388,10.693940150872235
tid_68,2,1,10.537969596483958,10.720368914394037,10.567191540447983,10.586033218096182,10.599216760630737,10.604092288338434,10.592865094680793,10.549970222953883,10.567332158463552,10.575358168547533
tid_69,2,1,10.591041620764033,10.77054812345646,10.586314243907664,10.62929881740768,10.501274519409845,10.632468351448795,10.592008169260946,10.598511042768289,10.636204804209552,10.614430913296554
tid_70,2,1,10.559067851608974,10.724055619545693,10.656521729287768,10.700032172190117,10.677067765047342,10.725960051609,10.664595914897365,10.711006030467134,10.694632681029134,10.725026391325807
tid_71,2,1,10.69463220797731,10.853052506022268,10.700777786659426,10.68786302426642,10.666501574253939,10.748509487600508,10.670593604750357,10.61505341384488,10.653793465024114,10.606952409523661
tid_72,2,1,10.54138890087003,10.66282033455183,10.564164974908529,10.613985778838035,10.58071040123341,10.611973502687437,10.560470136101054,10.565392982143909,10.621362518739259,10.592226208121428
tid_727,59,1,11.216873798309212,11.386434374016776,11.126840112224016,11.139710836116647,11.151387702861069,11.088188399996424,11.149705877571892,11.150207079060776,11.09083433660398,11.162383725755554
tid_73,2,1,10.867430658685072,10.95801384506604,10.987335538305137,10.98501302197104,10.94601221341292,11.026045289184047,11.004764791525883,10.98931030232966,10.991806051476546,10.950322521878554
tid_731,59,1,10.795210963970522,10.994338130241,10.803611294074202,10.80216815773511,10.808805146819306,10.827475202563486,10.825876908599081,10.784625070979544,10.789782221315926,10.818621254472253
tid_734,59,1,10.782452255209227,10.972997101616976,10.78221303267749,10.79176889095743,10.745650334510792,10.838995072422604,10.84644893525089,10.844137445104728,10.782361160766103,10.861442625936158
tid_735,59,1,10.90430323947997,11.0739707892748,10.672651771048328,10.690797152610395,10.631958083248863,10.745437287096465,10.667903601781372,10.633927845469056,10.6609280628809,10.614156329963931
tid_736,59,1,10.873787188190654,10.999952537396704,10.575824510306,10.547465417824888,10.584038089957643,10.578793760529654,10.550049289209692,10.524037694170856,10.55681949589129,10.551563165358289
tid_737,59,1,10.697429843130967,10.875806949212931,10.675272583175776,10.759236578492935,10.736654132418439,10.752771765343459,10.665118412063922,10.664652911952825,10.703007244414776,10.666523719432893
tid_738,59,1,10.677952012772892,10.85157923135988,10.730448547129745,10.778056346306245,10.78244069889877,10.801796691447956,10.777113241126747,10.736646168124523,10.765287794739667,10.772364347145487
tid_739,59,1,10.982022976308365,11.115688909275374,10.80035991018223,10.831575471498034,10.873507838990955,10.829697716808544,10.836253507673572,10.837299427749059,10.826715782582646,10.847239296900657
tid_74,2,1,10.92582156692976,11.19160939125486,10.564420431508385,10.551122190286119,10.56145242412584,10.57320290198537,10.579345193559147,10.525602353616618,10.520745977013021,10.473475430066173
tid_741,59,1,11.170570358150838,11.31263747404513,10.82616996127529,10.872198166828712,10.840834147005095,10.904706904122317,10.853393098538593,10.855680692420378,10.858302325696691,10.849627932422374
tid_742,59,1,10.620243832068246,10.795458952142145,10.649998397476008,10.631100210211349,10.705453859518267,10.705161986881023,10.6114569432599,10.633064426648115,10.644116196156974,10.620676599688137
tid_743,59,1,10.698588703060084,10.852185453385466,10.548946280654274,10.573607770036464,10.579441621003387,10.609579963039009,10.544197047882593,10.538462250251401,10.578035012968854,10.556482065629261
tid_744,59,1,10.648904550529757,10.815099355273546,10.69730230366068,10.758002415402002,10.760301827585499,10.76112663849699,10.769750450958329,10.720683722212156,10.70191972935108,10.71057542502911
tid_745,59,1,10.651636517526123,10.823853967518716,10.803810667302093,10.836307968863713,10.788250562805567,10.833270828438202,10.825331454483509,10.871862877283457,10.831605838507997,10.88074777525959
tid_746,59,1,10.64029030922937,10.87048660773562,10.52154693793394,10.555546150829713,10.546364081770319,10.52505383033301,10.520076374714588,10.506677110176563,10.518551970700269,10.519888995154677
tid_747,59,1,10.70207074590392,10.865233369571587,10.720656886826294,10.820831799469529,10.744956727092921,10.807679271409192,10.841842233370228,10.861320351828187,10.869609518927078,10.887857465094346
tid_748,59,1,11.041440739442695,11.20201024771998,10.945251305807679,10.9542628013263,10.934505866773263,10.931161158179531,10.93978658901751,10.931131549687855,10.890017622591213,10.942306625897444
tid_749,59,1,10.668341252640708,10.844388942422958,10.706450475055371,10.68890334622133,10.720019989114533,10.686014179615954,10.692859217798912,10.664734254100464,10.659007758898664,10.660734178988905
tid_75,2,1,10.86159754149888,11.022838304978633,10.838143787412353,10.969006697654903,10.897464945209272,10.870467987239799,10.88334399871388,10.851875489868666,10.853495763196266,10.86885155212419
tid_751,59,1,10.790839569874612,10.989090586610596,10.766365023823065,10.837661731984124,10.815983406434237,10.827878677709698,10.791850788285265,10.81395450160618,10.806663904712313,10.823848915294562
tid_752,59,1,10.813571059387623,11.015264472601276,10.608302883808257,10.623002201862644,10.627427823181149,10.628408150764306,10.618165818404336,10.619282274196955,10.587917573354915,10.592987247285963
tid_753,59,1,10.722041963905276,10.89326849435965,10.62456233509381,10.634932489113234,10.668879591871034,10.676480738569168,10.584116056742301,10.583251851374111,10.597735751863103,10.576081436452338
tid_754,59,1,10.953242174756578,11.119153722203077,10.809479384640843,10.844042599116841,10.814365952505863,10.821953355319744,10.797007937441307,10.807351464126306,10.798755925254037,10.784361776483905
tid_755,59,1,10.56042448394536,10.767402298860969,10.647123112973839,10.71045714968693,10.672803310883312,10.713659052297743,10.662928165032973,10.67821566964431,10.64949108617162,10.644507281434452
tid_756,59,1,10.8662304795636,10.99137756247596,10.802293899985413,10.814223992658835,10.877779887765374,10.800324612319132,10.810535235782188,10.756595244321664,10.761198568483467,10.779612590539218
tid_757,59,1,10.999670225410016,11.197099029485967,10.896385433052608,10.925052582004934,10.967716724740768,10.942905019799001,10.970860066913687,10.9499583264417,10.939815515866497,10.948853576490697
tid_758,59,1,10.641051060256473,10.806924021224049,10.696507199942797,10.753702008243652,10.748009969404979,10.723539904418603,10.699548432217407,10.668451649980053,10.669505308260636,10.679313142014193
tid_76,2,1,11.227106988277992,11.411787134441918,10.942588605577228,10.917951674305074,10.98812230967933,10.902069532069861,10.992552245181304,10.92945079012353,10.87261707813697,10.953522806349243
tid_760,59,1,10.930995814224502,11.119588018579377,10.600931778802329,10.61369145049835,10.654000647645647,10.656069370964621,10.59835898779021,10.589931248672949,10.595814569281618,10.580235547011872
tid_761,59,1,10.664872653012122,10.869636449492226,10.536427175882777,10.567289940863795,10.577676922205093,10.592027557411107,10.53393514488587,10.54077338373593,10.558905883920215,10.530361193958816
tid_763,59,1,11.00558542615562,11.164186093777518,10.857740549904479,10.908258183483518,10.888270195434265,10.915153457326248,10.896401273490877,10.914734968839598,10.872033164569869,10.925176269028695
tid_764,59,1,10.829247311336484,10.972770579282964,10.676315879161512,10.703397128700917,10.77376479297697,10.706520473385549,10.653831634656875,10.637362129542172,10.646335557209333,10.6750436881712
tid_765,59,1,10.629631792508595,10.794456373853476,10.65636969401108,10.678174873075013,10.612865754626544,10.665723774942787,10.703973784176839,10.722650242550298,10.725618865756768,10.693673599854751
tid_766,59,1,11.050597899222758,11.213200500452087,10.816123921159543,10.847740755621196,10.81607609795418,10.858207688456204,10.830777336307154,10.80862097067426,10.817418186781865,10.826359644550747
tid_767,59,1,10.812181501788404,11.035371805842695,10.802037955093626,10.883448598618882,10.883340557244196,10.982622384464145,10.86303413172325,10.814563987211805,10.879404664154546,10.850308142980946
tid_769,59,1,10.87832639883557,11.02098701692272,10.699796869771395,10.727723934090536,10.681105439835616,10.726126613123094,10.828260946809555,10.789276047000943,10.785125372071228,10.793554687546958
tid_77,2,1,11.108275024929902,11.31097328208704,10.858346404016812,10.990659936208345,10.86104210097237,10.91203260722119,10.918611535157542,10.90571971487301,10.876339141497748,10.88119288255752
tid_770,59,1,10.80420972080216,10.978498507951912,10.64551857195015,10.671130525170947,10.710190331822359,10.649164967999086,10.736060212364583,10.738938718922011,10.722360886751218,10.68639128590156
tid_771,59,1,10.931398368031251,11.077043416525324,10.6071001854677,10.660115773357171,10.673015720479537,10.741700597313569,10.680757035419054,10.686757130765265,10.733229250247414,10.684051373493526
tid_773,59,1,10.567252265306696,10.719776717236952,10.591740545140738,10.583964105499154,10.676899816919388,10.574494471269318,10.61685678496718,10.635889159023845,10.608203203391371,10.631979645287814
tid_774,59,1,10.615927426476482,10.809398601398668,10.58370713208456,10.634621330075259,10.61157786790594,10.623839340965203,10.573560877755801,10.574051402152165,10.5791186618436,10.595431443507751
tid_78,2,1,10.5565208211595,10.716828194673663,10.602117231545,10.603915567690674,10.582860024085491,10.593265618027678,10.62011183969179,10.610218286267013,10.58754582342745,10.598879877111983
tid_79,2,1,11.10787776973319,11.278837238606474,10.713198056799822,10.7701310474719,10.695813858920094,10.7470297535711,10.831440719204915,10.756453230112186,10.733098140254922,10.734729467027327
tid_80,2,1,10.747026930095856,10.8999840557113,10.644406123746961,10.626015399948907,10.551709835281528,10.640103540424997,10.639190245040746,10.60629411851397,10.63437522176456,10.617129599750887
tid_81,2,1,10.854052166762294,11.030076486346193,10.867232835301946,10.903603150779702,10.855373877645436,10.893825317883035,10.892759617070139,10.84305645441248,10.856825766921052,10.860477965699435
tid_82,2,1,10.760881419162496,10.898075469545358,10.563006780976142,10.610037785038633,10.520199974050804,10.621418997987638,10.564933206110942,10.60043189211962,10.59164811610327,10.622109728410702
tid_83,2,1,10.812094842222397,11.03966212864745,10.720384973011148,10.743795304455524,10.68131089481909,10.743852309102191,10.718756564589944,10.690908917531546,10.692398533587953,10.66006821342172
tid_1954,65,2,11.309273217986428,11.478592785889724,11.339785326677577,11.48653604355656,11.338633467271402,11.392382462526669,11.357353010526339,11.426087857701743,11.371484797828979,11.44154055277888
tid_1955,65,2,11.431354172940004,11.592534848002972,11.590337774539593,11.482047433316827,11.534800592279954,11.541442366690822,11.752151223476865,11.575319893393377,11.53676815577957,11.594910620388177
tid_1956,65,2,11.39729236654166,11.573621613640322,11.293626329946632,11.297640743563939,11.19258991829553,11.278049486446225,11.363553172033473,11.292117309026619,11.309715233049053,11.333932057395886
tid_1957,65,2,11.630560934183665,11.760493105020627,11.627046717594007,11.622662211138312,11.562427487846646,11.616601241100884,11.734420536455652,11.68649679016361,11.63316935866998,11.661279578716227
tid_1958,65,2,11.76689614007964,11.916546206613075,11.97686391402732,11.856935375814205,11.944413304649846,11.717485539928946,11.967226742005309,11.85317191393069,11.696595616437861,11.796815214436913
tid_1959,65,2,11.311527505115428,11.468229308901371,11.501880398255558,11.401726964329956,11.3618577077203,11.348756033970941,11.464113067623488,11.375228906972696,11.329884993301908,11.36646783926746
tid_1960,65,2,11.455101417880908,11.59629831387091,11.45756801689359,11.334806208646244,11.306622880585028,11.393668998188481,11.390480305607104,11.316562602622616,11.38087736517224,11.365034877408876
tid_1961,65,2,12.010226238895306,12.169068354298116,11.885844495079546,11.78677175900515,11.867199550635094,11.718884172307936,11.87585733770199,11.795441208023846,11.697641145611955,11.672511645924361
tid_1962,65,2,11.604688451826954,11.750696708041826,11.597161003764962,11.653243914777727,11.533324984334886,11.716063735597531,11.726884295222314,11.696398892264085,11.694881526595173,11.652198572994317
tid_1963,65,2,11.270923965010422,11.444767601909543,11.267965480035944,11.291051599387766,11.195015649740123,11.371854095694506,11.36826396517927,11.288271459754432,11.362989577127705,11.325341213832765
tid_1965,65,2,11.333981796681776,11.457019443030635,11.203397709691997,11.251300285288163,11.23850220161222,11.086732983241273,11.335155813091857,11.220639728998286,11.20218527410826,11.23262117452017
tid_1966,65,2,11.38347146276573,11.542170625798438,11.21663852077135,11.232191070812291,11.283163110907218,11.19662071534793,11.347975957373809,11.211445408252448,11.2164782696311,11.20115386835899
tid_1967,65,2,11.350114728194969,11.532004300980915,11.638088831782499,11.473123996648367,11.52298947887142,11.447922121507233,11.5951306296075,11.488447331947981,11.48545014991609,11.422212906915997
tid_1968,65,2,11.738137275960067,11.903762773236732,11.578395280680189,11.568730985968902,11.441973148279967,11.402380364612469,11.62833343637084,11.578598469860081,11.52880592328998,11.49843788179108
tid_1969,65,2,11.410177090255305,11.596810627105086,11.431932871449291,11.349466180989836,11.263026197445065,11.211968829376234,11.350128179240416,11.319312811125275,11.269581017800492,11.378622809734775
tid_1970,65,2,11.773866409305713,11.940239471346436,11.971027556831839,11.921012491292684,11.93360468531575,11.886793964553021,11.902896645582736,11.861292910755902,11.841392050845556,11.87989255189972
tid_2338,79,2,11.101236025842091,11.242547476215965,11.340360961514797,11.342628670247258,11.313257236161904,11.320285858405834,11.410210653054635,11.391107594757699,11.39065042101905,11.307795595161023
tid_2339,79,2,10.838923833132514,11.032371981192911,10.956705127783488,11.153530814047384,11.080729872125993,11.108846630660151,11.187322254096019,11.176422346111869,11.203570331934781,11.136223824205521
tid_2340,79,2,10.90377010713103,11.10818359526211,11.208232240971256,11.163113221464265,11.254945748395707,11.122570708620326,11.246618259657856,11.158492045869673,11.160654598602,11.238581124024009
tid_2341,79,2,11.310144433202884,11.483400872143536,11.308977424790916,11.27268786793497,11.186444101422891,11.265922266707824,11.347740395620788,11.284219906686108,11.254687936530049,11.344079142842132
tid_2342,79,2,10.802597536981205,10.943345448585069,11.102398736941268,11.06977245655083,11.134212440297723,11.0150837354197,11.244147866981619,11.15227045126799,11.102287157939584,11.232663327328435
tid_2343,79,2,11.228537959467875,11.4793635107972,10.989986885066152,11.050770660933363,11.060723773476894,11.098356853062793,11.19210370727437,11.118628871459823,11.120138154933786,11.165301733828263
tid_309,14,2,11.583797636133482,11.705602386091767,11.550691022642642,11.75632663763021,11.601047873823312,11.82436575577093,11.773697075637763,11.795459103079835,11.878423507694897,11.788347762342047
tid_312,14,2,11.69379680403994,11.846943263349324,11.454878663111886,11.482148139283376,11.400928221515574,11.45832339019147,11.574027029346505,11.52229366131205,11.501956367618106,11.494781004772062
tid_314,14,2,11.180795387516312,11.324244932679404,11.263166021002684,11.285079942377127,11.243320999320561,11.321797626892213,11.556465986718182,11.426396272090669,11.434061241795257,11.415476053861138
tid_316,14,2,11.747845006339892,11.8920712380923,11.792884112859333,11.920398953974754,11.776698708545212,11.872107275513859,11.962779918522276,11.943501882801884,11.886101152109221,11.920105523355646
tid_317,14,2,11.212133836564728,11.354341137704283,10.953803611996706,11.032244238989643,11.041869314028048,11.114418767571188,11.369777461072378,11.25698577488531,11.262883216911776,11.318768993984994
tid_318,14,2,11.550172115558883,11.693684134425109,11.96683563035877,11.96293776980526,11.979488902540325,11.828294681052224,11.970127604207088,11.93903112905406,11.897334509509461,11.93237089154183
tid_319,14,2,11.482628100058408,11.737623806970737,11.512800923583775,11.592122514167,11.480659267915621,11.724105895914727,11.75479459074191,11.767113722020849,11.770174689211817,11.741581051174222
tid_320,14,2,11.312514069220336,11.462230938653711,11.100353778877468,11.172283474746914,11.146921191513904,11.278516977833858,11.576949723794321,11.472488837473964,11.413154411336349,11.36853010454297
tid_321,14,2,11.200111550147463,11.356849265853311,11.002634294370639,11.12771503387781,11.025362368711216,11.184516856249736,11.299042306542706,11.252570598438774,11.246176511521249,11.332601526783131
tid_323,14,2,11.33691356038829,11.505117058558223,11.34224101144933,11.538982124253938,11.285052682236254,11.600633334807565,11.700083695851939,11.699542762655586,11.605526225947377,11.645194939441648
tid_324,14,2,11.545142865926564,11.685902665604592,11.120248509140195,11.09401120050821,11.141832355140066,11.266401014086924,11.57943945112474,11.434638918687428,11.410712670225234,11.357820402540304
tid_325,14,2,11.775202033284833,11.92244965717221,11.568989375351265,11.62006267818675,11.602394730583104,11.692620262304452,11.757853657319709,11.720794800485587,11.761348836897545,11.68140890152028
tid_326,14,2,11.242177858281352,11.394959162521513,11.221056728382724,11.255509737541356,11.157741322922876,11.28053272625861,11.592323029718692,11.47811197262921,11.463639446564212,11.389733435399869
tid_327,14,2,11.92903571200147,12.029903324861415,11.577593738379283,11.69809742827443,11.703723666315502,11.829352662775348,11.816751619569473,11.822634960534966,11.831850214666773,11.826465688869138
tid_329,14,2,11.204353374226914,11.341052332781931,11.103334486652995,11.216190823655195,11.09998676229644,11.295292704615179,11.612526576339905,11.4644225986022,11.509435202136824,11.393553415291102
tid_330,14,2,11.831563179162838,11.99131570309295,11.634377409288076,11.741288335440744,11.689911587568485,11.692855205655285,11.741314466084999,11.70910007980381,11.704840855061086,11.722884768383262
tid_331,14,2,11.562308786520369,11.707270285115678,11.858307657176033,11.931900802988233,11.878498464801263,11.987222304000595,11.941719827992086,11.95145562970466,12.021380690639655,11.940708264503012
tid_332,14,2,11.951317160742194,12.173405848472536,11.79101225045672,11.88055780820748,11.826364027941933,11.905896996843975,11.94063300081395,11.954540202344345,11.967006262040245,11.925634728443463
tid_333,14,2,11.661814325675785,11.823843968343075,11.465584268889241,11.57894626001508,11.479111169415834,11.69612297088617,11.749831721884687,11.708219775652845,11.72843035819355,11.668606458689395
tid_334,14,2,11.883257919079544,12.001913985296216,11.76584022775716,11.772212603620005,11.75129192502431,11.896759525825253,11.947900329916452,11.942131047866743,11.957874005877624,11.8882892785458
tid_335,14,2,11.316986003990644,11.464616135181416,11.664556110514043,11.727879617221983,11.648375481651955,11.796598322600843,11.738087997541648,11.761354154346071,11.799140340396006,11.789925662398073
tid_336,14,2,11.17841170927263,11.333779660133663,11.106523853056276,11.211940224148709,11.143161957528253,11.286106920990726,11.614785164235977,11.468674724352864,11.435794852773101,11.439929801513555
tid_337,14,2,11.253915069989562,11.37451935304143,11.038794002692079,11.123014945015562,11.015510584283737,11.218052805520443,11.285243827818835,11.23694727511335,11.259701957751595,11.321477957768542
tid_338,14,2,11.589185334417008,11.77669259112081,11.406050582732307,11.375342468091155,11.384798013627732,11.586029714379752,11.693054498590902,11.57532629420671,11.653860970279474,11.675566573348977
tid_339,14,2,11.174780630336508,11.32301478348048,10.93592470090731,10.949270286189332,10.940606633778938,11.117573375595644,11.273220924095039,11.17381746073542,11.200565771524305,11.20831906458523
tid_340,14,2,11.677303664952923,11.828319975988546,11.619371131660055,11.499927307571106,11.517477323606093,11.6205157325629,11.754881976615366,11.665570176389169,11.753403619386008,11.711908574684113
tid_341,14,2,11.571058514809282,11.748102719962985,11.86965674665932,11.939522729462567,11.867900902151646,11.998386808634967,11.982750308017183,11.940525233807488,11.996529118778883,11.906511333215425
tid_342,14,2,11.250943627368262,11.383675181022948,11.20173416426861,11.22891164005895,11.200610419621023,11.245340006548751,11.60725017744415,11.46579106564364,11.413493508291658,11.413226558264135
tid_343,14,2,11.170343602536786,11.302996712311533,10.963711523105623,10.978407251967202,11.008737433643839,11.122309486748565,11.324893866160025,11.22297303638946,11.299439848063408,11.282652324855864
tid_574,75,2,10.803768813989914,11.008229350653789,10.807505636725613,10.930589023921545,10.80575549559417,10.786731716934584,10.969603891164718,10.999493728541243,10.884179362737104,10.96141078316954
tid_578,75,2,11.168440209694136,11.322464472661936,10.999699029231083,11.102841785594213,10.99415560696539,11.024826040440992,11.137246383349414,11.118559419404555,11.01108455088514,11.097403246155105
tid_579,75,2,11.035881107868189,11.23469458892375,10.966958753162336,10.988641995565983,11.014468440290413,10.961309080915004,11.017140096955261,11.023005190113292,10.975045202122915,11.019078657296419
tid_580,75,2,11.633016945228048,11.825312101160478,11.16765239911051,11.216924425277067,11.228304014475478,11.082745160361679,11.231363528001086,11.098800883065516,11.063946463933608,11.082322118655929
tid_581,75,2,11.255013175738188,11.448369877020353,11.047429059505637,11.04016993470462,11.09844116231835,11.254494342069316,11.143630909595323,11.130940106021214,11.208551489088638,11.116820213656846
tid_582,75,2,11.875038296760057,12.161032391650474,11.445811004723215,11.572398605450493,11.330036240134742,11.410104235379123,11.445637158009962,11.508281521969018,11.399389927453594,11.456659892421216
tid_583,75,2,11.258004827841743,11.518063243951271,10.685712037625754,10.724227247764654,10.80316647327766,10.808372570943693,11.07326977620487,10.937814172127684,10.956428317958167,10.924753388357807
tid_584,75,2,11.105675765425596,11.279980284246244,10.85383935685625,10.895799365966004,10.881552042946485,10.930976355465472,10.995731749663577,11.01061973638852,10.909270133805569,11.00329183661031
tid_585,75,2,11.050491513287833,11.257706710431608,11.028277187714092,11.2591278562996,11.15520044168191,11.11199689919978,11.096906869308702,11.236908568914982,11.143020370622123,11.28177731972974
tid_586,75,2,10.822542460552947,11.187423830627448,10.825552138618722,10.883372465573643,10.909060359706137,10.944928058478467,10.944587069678128,10.964344386548236,10.904933112703873,10.976137455246448
tid_587,75,2,11.470948637220026,11.315480118030427,11.030113963302826,11.076429281582765,11.121177746614237,10.978646011602649,11.123756661212836,11.029163191135638,11.02673506110416,11.000498727853715
tid_588,75,2,11.430820215051384,11.646116299611464,10.955584727898309,11.03174649122436,11.035028148289044,11.04635268629733,11.157027311905157,11.16443400923618,11.118423371216222,11.187469313168602
tid_589,75,2,10.885300071982934,11.125948885814983,10.87391915294649,10.893634468501242,10.911804898351154,10.78298451127192,11.048352623534681,11.044389403807486,10.891056922902871,11.005810024784969
tid_591,75,2,11.010603581695458,11.1968960428385,10.887058708602225,10.905266281093894,10.905634456352976,10.81110477248772,11.001708964459976,11.031699509226113,10.924534303929818,10.981258413735809
tid_592,75,2,10.635001716541217,10.83248718315162,10.760154257263245,10.845302889864758,10.871997074626403,10.850704263623745,10.985821059929583,10.941344310166174,10.997078924297385,10.910431179532374
tid_593,75,2,11.042910635661771,11.249790303437935,10.789432542352827,10.828162198235203,10.772061859522413,10.766126249345659,10.94144972465014,10.909007767946465,10.87120843749427,10.863484868097792
tid_594,75,2,10.8317285941697,11.028227196416728,10.949615768408188,10.989524773570261,10.961956247680334,10.924308458015341,11.068840398952617,11.04621848837621,10.958040834408719,11.003957613072165
tid_595,75,2,11.294158572098572,11.451541429872508,10.90131853358724,10.890428012824612,10.917721344360706,10.758378007413992,11.066636249568024,10.99342624594032,10.888819063955173,10.997624739689227
tid_598,75,2,10.817138804044776,11.073423106324537,10.813364741482696,10.796625084274813,10.783116635002145,10.878857234955161,10.94918985063735,10.949068326424147,10.955635790834833,10.85908741361233
tid_599,75,2,11.130384577500376,11.28233676720636,10.820379535738645,10.813782435225129,10.793607212661787,10.911932427813653,10.942610351236896,11.003006312339304,10.932004208288584,10.973647696386994
tid_600,75,2,11.285485195971242,11.48525000811986,10.955562822824827,11.003448873355834,10.953828630615224,11.019293961983106,11.08272404399507,11.056674963631796,11.013052664223046,11.025853905578034
tid_601,75,2,10.912864174132686,11.076777413010037,10.822723367741753,10.901499972192266,10.878834326781643,10.971055127927052,11.011683253745163,11.015263519375804,10.921060403777416,10.997179716439366
tid_602,75,2,10.760741401469122,11.02427709781559,10.592828900159697,10.61542667208642,10.688930805252244,10.648108602428252,10.970916742161231,10.83235391834595,10.845200844602694,10.635637308518097
tid_603,75,2,10.985806150383434,11.219234709820164,10.861485758416084,10.912568265554384,10.895658457274862,10.933233984357747,11.062042183752284,11.079386913190508,10.975494998080853,11.024553367211412
tid_604,75,2,10.844868866580743,11.05858571412442,10.821517530237447,10.807551427953706,10.83996238736645,10.854527906985217,10.96092075212264,10.949343684962313,10.898079041226021,10.97790542226166
tid_605,75,2,10.630521534662972,10.81002285456268,10.882361626578499,10.895726236163748,10.945131229681893,10.939944357386162,10.961887199492073,10.943986544878992,10.91877091198485,10.968386870994424
tid_606,75,2,10.755943515580956,11.038827063576266,10.77925224300124,10.714393523772014,10.808290740950753,10.715341499040855,10.924551258170073,10.89668983144971,10.857616114073931,10.845002251231136
tid_607,75,2,10.73294289193447,10.93648518568616,10.837717498272756,10.723257484519715,10.807391260798223,10.736047105524332,10.990585251530801,10.904216434410225,10.811354269255363,10.876139534605848
tid_775,25,2,11.491453585247095,11.657748491468997,11.565356163782553,11.558652459962062,11.543228755749807,11.585866384622037,11.684014858707993,11.623963689082188,11.589999074876854,11.582345251363598
tid_776,25,2,11.2751427825392,11.462948146411792,11.246274757190625,11.096590248000135,11.152836715116711,11.07553228461627,11.222984849485112,11.186654040257094,11.147360421012102,11.144143564355959
tid_777,25,2,11.223461806436015,11.402695334181107,11.276468801988791,11.30647886668046,11.330606314937825,11.324938456895671,11.344712909689555,11.369342673231412,11.401390974362322,11.253043206819788
tid_778,25,2,11.559708855009946,11.714079407286173,11.448458735696748,11.34118863336913,11.39332633892584,11.292763018675991,11.372332971450508,11.374476629822684,11.340717457961023,11.310314998728382
tid_779,25,2,11.03086059045836,11.209374139353768,11.16309574755786,11.088500967581798,11.194638625264963,10.991536664138255,11.260279512358847,11.16668207897427,11.095599376954874,11.129203422451411
tid_780,25,2,11.159688888778629,11.309291605894051,10.956271076924354,10.948694675453693,11.016869173775358,10.988714210270098,11.159524713606913,11.070519919466399,11.054260015458453,11.084653971914618
tid_781,25,2,11.123418840189611,11.347184880923674,10.873488003876652,10.945416445798152,10.89863446481366,10.940210560728243,11.114982847985123,11.088478382032758,11.040754288783528,11.07432783939246
tid_782,25,2,11.399194458743017,11.56716361899909,11.336424135840309,11.342938599008185,11.335512821969772,11.38821733624897,11.471653687737692,11.435704378030154,11.474716289486816,11.274874971391457
tid_783,25,2,11.16168430269251,11.383178900837562,10.967944570758709,10.996310304258282,11.02926036394733,10.972822981190617,11.104580873785682,11.168054250578745,11.035981151521312,11.152795486838508
tid_784,25,2,10.95767239651954,11.130770062457678,11.03200168867807,11.00483799530195,11.073146113639195,10.962221365939062,11.126963636991064,11.074101547725876,11.023723541724975,11.090023917254163
tid_785,25,2,11.124105061990138,11.295777653232207,11.27273600541836,11.354866516371338,11.295160192159086,11.34567379334324,11.45554570609144,11.397506497393113,11.430259081027184,11.284090092144236
tid_787,25,2,11.091077894129448,11.244406599742904,10.786974080696766,10.837925327376427,10.81438039794417,10.91241779770782,11.026675238949577,11.004984271549475,11.053810119872034,10.968664189883926
tid_788,25,2,10.83426090316968,11.04073544731834,10.718911846802568,10.87268696424914,10.845340593808615,10.904302795336838,11.021944622295717,10.976888118580446,10.972307376489171,10.908466616309795
tid_789,25,2,11.002922835784608,11.196502295864546,10.919968015658876,10.978279896500688,11.00164854089065,11.014774052045595,11.140881489228102,11.083721429913941,11.038982077197518,11.122247713250513
tid_790,25,2,10.872182861094869,11.082037928020588,11.084981917227116,11.094303794322986,11.038808896450004,10.987477580765363,11.184051537264647,11.098092911429548,11.039357054939444,11.093501863810056
tid_791,25,2,11.123373075322114,11.33696125734094,10.977576383209934,11.04017685647329,11.00978097410588,10.994577283149104,11.175956291506287,11.062284137708383,11.088902027401875,11.051863049224238
tid_792,25,2,11.333772482937054,11.461276317800902,11.037318081264598,11.119004775379095,11.07761050745052,11.05115960369103,11.155379128298826,11.152571143454383,11.13492027671479,11.134077294052018
tid_793,25,2,11.10178980965573,11.250928033211393,10.815854040478822,10.83646383855493,10.798918910611903,10.881442863435934,11.020306547293472,11.068456133223668,11.006204940760721,10.99998257338616
tid_794,25,2,11.194634345629682,11.371168333528438,11.13552658734925,11.114390934559292,11.121164735101788,11.140892459932655,11.198675578742378,11.143816574634249,11.155691821624597,11.132557491440123
tid_795,25,2,11.047748568286565,11.127336510866854,10.767372765926813,10.82740945203238,10.739007761157158,10.827438107020686,10.966857333381435,11.046118838390601,11.001313987089834,11.05311736165396
tid_796,25,2,11.033378845896705,11.30702858118982,11.074399199688099,11.115626560689263,11.122956278440562,10.940124616339457,11.196961721075883,11.106293051441817,11.08371081738213,11.103064726733516
tid_797,25,2,10.922237395060392,11.146149678852067,10.949498596136914,11.033618561024038,10.950139311902994,10.999306861317338,11.104499873193989,11.117206050894985,11.061648209860628,11.085393797873262
tid_798,25,2,10.94495260377242,11.1714473196693,10.885089517142923,11.015476517751697,10.871243139923367,11.121685097943116,11.058402540865023,11.158694070226666,11.234106266770233,11.141148854233906
tid_799,25,2,11.222232196748946,11.504521248266352,11.025423126728846,11.274052825454257,11.05800959619825,11.067063071177964,11.195280715642125,11.252336552960745,11.158208288767323,11.34733767374328
tid_800,25,2,11.024976171205209,11.215158039216826,10.871767729674648,10.940732905140406,10.927590283780852,10.964103217851845,11.12799717943771,11.107153726756009,11.026147483498105,11.06047893162442
tid_801,25,2,11.140781490127564,11.263176097057467,11.127573518274582,11.13771914297738,11.199652255815044,11.147607057714081,11.25701417156151,11.167184143643523,11.20835218806473,11.151184334020623
tid_802,25,2,10.96814311559271,11.20351162562848,11.012988919780744,10.964793377314578,10.941150656401467,10.863365833537122,11.148045652410449,11.112037889988457,10.974546066012227,11.048506025760487
tid_803,25,2,11.144164926410069,11.306175550667453,10.940137106438124,10.997144951336915,10.992866510072448,11.022779940199698,11.062683709797042,11.07831118688246,11.032723211278572,11.132135261177076
tid_804,25,2,10.914042462800364,11.128139070870422,10.847013515953842,10.86862044044128,10.803046072548717,10.93523623503903,11.046612837158715,11.065876092399684,11.052087591417326,11.044899579257779
tid_805,25,2,11.005616982139674,11.22896977425926,10.938580126343396,10.99976670221728,10.949990767599141,11.037300073888591,11.111551647796189,11.105202042651364,11.087303770700338,11.105287495879553
tid_806,25,2,10.879338810866244,11.075488149700275,10.917402688869187,10.947207144026995,10.933956052055736,10.91077867288181,11.079098959516823,11.114831029619403,11.009240537260792,11.1123553201851
tid_807,25,2,11.475580751029518,11.655418457240016,10.911120864398626,10.982098554611815,10.938869310232292,11.05361924899112,11.089315088373203,11.17675397626269,11.202901633219248,11.225000213601977
tid_808,25,2,10.880818819722707,11.113410121854734,10.869949988851427,10.953210405925406,10.901160920677942,10.947795124802004,11.061018856242734,11.02892967993287,11.013668398215012,11.011338345367175
tid_842,27,2,11.410623600200337,11.57210433631056,11.550691022642642,11.605074776196993,11.599447213056347,11.562847806968104,11.713267795048342,11.661244997398809,11.640049419418233,11.65855391276937
tid_843,27,2,11.29593047246785,11.492447209488718,11.256260251930943,11.419238681075178,11.347602533503023,11.386998459023616,11.471719198779837,11.46182344406843,11.46467811285049,11.33017618239157
tid_844,27,2,11.28536718305748,11.442160667406224,11.018234574451252,11.35672989081948,11.228101072552786,11.30316269548667,11.25411417156349,11.32303349226023,11.299338985281619,11.383342731518473
tid_846,27,2,10.991263000850948,11.176872140593028,11.09354656217708,11.187997336959846,11.201493796545689,11.29642766193419,11.252724731360198,11.258106099978512,11.28011828229742,11.28695414399305
tid_847,27,2,11.514938437580732,11.657856632545624,11.558919197003029,11.556732297367159,11.546758251988003,11.47825103038597,11.577878072484927,11.610653368997456,11.588753102055133,11.555905830448062
tid_848,27,2,11.58081586228914,11.784332565626142,11.416133432590382,11.620628771228763,11.408393364150768,11.627594154109996,11.43300990674349,11.526429253654264,11.53577013195505,11.51226866042784
tid_849,27,2,10.824033219322173,11.008765906870094,10.927848441926196,11.09531326991285,11.022262750911603,10.953149367424158,11.154937998439664,11.122497600286007,11.071828117239354,11.219944430437186
tid_851,27,2,10.847613271639004,11.04946677083348,10.869079280912098,10.954094562827704,10.88660489620914,10.948261818819727,11.07395960236224,11.12900130890884,11.024848152907579,11.112269132395596
tid_852,27,2,11.13857232125462,11.4933154391252,10.83835006848436,10.994368748380058,10.911391014031144,11.024673007179102,11.104091010485526,11.126401257876344,11.135695794607404,11.145077505086219
tid_853,27,2,11.44904272875871,11.620980447290188,11.414514893834209,11.654841235950485,11.450784526344858,11.505475975542144,11.46976321858445,11.536119320925987,11.495748314260572,11.549123999184404
tid_854,27,2,11.58753002808796,11.760896644150082,11.572891100452091,11.726371670721912,11.491351407110153,11.702215737007382,11.729732423142229,11.770171733680847,11.712300112986846,11.6917974537246
tid_855,27,2,11.79236768286983,11.975393271091557,11.270471802003367,11.255945763297884,11.290826546170846,11.407048516677138,11.39273583456687,11.260663890519547,11.339957569052276,11.250471894851001
tid_856,27,2,11.391135160928073,11.458435487684554,11.384220191124367,11.53362315810175,11.455299946407091,11.279588561371105,11.342050507542558,11.443939312634347,11.349940355989185,11.448421523915059
tid_857,27,2,11.268825095537798,11.440982532042153,10.952755863613891,11.170159518072243,11.053071719782814,11.116277646593595,11.135239867329343,11.169166679628555,11.122911690601898,11.243679912193645
tid_859,27,2,11.163070072087155,11.331512695104312,10.977576383209934,11.067433827725312,10.989181369532943,11.096716284167021,11.193135751937177,11.12286451024567,11.141805979540319,11.181256476114942
tid_860,27,2,11.124018019066856,11.31519499835134,11.30028981221022,11.31179383360469,11.30624327572036,11.423047123760263,11.418405415380821,11.389464608320434,11.433965502496033,11.32067537271813
tid_870,28,2,10.994541347626358,11.363938098933184,10.936602951290329,11.020978155010813,10.973447888127552,11.058866558553081,11.15426386608734,11.119971747018882,11.13209728672771,11.15550413654025
tid_871,28,2,10.862552292511776,11.100831434021403,11.159751665216767,11.143597344806002,11.191739386474566,11.11914705668105,11.190911195822496,11.12912226824304,11.181545086358652,11.161218544383587
tid_872,28,2,11.084487489661528,11.2541754611867,11.51026048315556,11.258539612508452,11.297627469368427,11.387649581354855,11.397272524985134,11.30419616087506,11.388994396914635,11.310546867541502
tid_873,28,2,11.163255925783949,11.464832307834948,10.991234451601455,11.076817672472147,11.018753029854192,10.982222026655116,11.156427537769979,11.160908032588576,11.092701376362307,11.23208118860769
tid_874,28,2,11.013768167405118,11.183363894594072,10.833083345298267,10.981867372507253,10.92723374344085,10.929809730088959,11.023861739702209,11.080674611347916,11.016290194302929,11.133900701843187
tid_875,28,2,11.55514839771811,11.750628116366858,11.418629960736158,11.66841294651472,11.31138010700314,11.445268967964726,11.378554285191525,11.483204089157308,11.347233417845318,11.53943583110587
tid_876,28,2,10.916456618773276,11.060000757099075,10.895873820093929,10.96398778365446,10.964882385509888,10.989611225547774,11.10083367050132,11.047690238258037,11.056037725865558,11.094268496275928
tid_877,28,2,10.961038234645978,11.13221833316984,10.844931070950693,11.118604480044773,10.96593807242761,11.059735211955784,11.097032987891314,11.111898611656093,11.119189390176667,11.146936775146697
tid_878,28,2,11.56621217119155,11.68876271065219,11.07918875077614,11.19379985365547,11.058449638876244,11.037012845411217,11.144009010830024,11.17868694932358,11.067112131945315,11.31692166018312
tid_879,28,2,10.882629132228049,11.09520000496355,10.948537957126321,11.070051999591966,11.041115688309485,10.979299915823661,11.127542903335634,11.096887335589033,11.055061500271714,11.104724560440234
tid_880,28,2,11.02182239993554,11.166090520480132,10.770526834359558,10.887493841226314,10.852393654460371,10.936908814662672,11.074461102603639,11.023413993568537,11.021540902387962,11.053618852411223
tid_881,28,2,11.065046470954789,11.22427225444982,11.022956266834685,11.099360392338797,11.097478295247987,11.041031963209397,11.123455027839821,11.102552952560721,11.099161458589533,11.128188463780749
tid_882,28,2,10.868105484285426,11.018035524375728,10.760604262176454,10.808770182677943,10.843112050825933,10.869166998179905,11.042132023244191,11.02748311967588,11.025374052177947,10.979139125963863
tid_883,28,2,12.13417860543466,12.33495870277196,11.155490384515353,11.29340465674569,11.065204351705653,11.204406843822023,11.195906145814204,11.199816992817002,11.201693849132385,11.301808320701381
tid_884,28,2,11.587447422848603,11.76803656564938,11.224707084697277,11.448869891023286,11.27392505423141,11.515498721003864,11.367563730394442,11.378946222722059,11.356447823069166,11.425376844254993
tid_885,28,2,10.904067960931142,11.066902389983444,10.91293386227175,10.928730070896554,10.919714370922467,11.007923801718979,11.05772024803371,11.0732568790853,11.019443593171962,11.09608112437743
tid_886,28,2,11.452775168143909,11.584377842723788,10.901844290642185,11.044644192513458,10.984890677967353,11.018442160405003,11.113651172717528,11.151925105111292,11.087445062896029,11.21200923684664
tid_888,28,2,11.720426507682417,11.864956743765664,11.427960390222598,11.619958972628217,11.426351664613286,11.6151288789534,11.387438027066976,11.489407762288645,11.48389900528017,11.531024772894474
tid_889,28,2,11.637971836400824,11.72610433332828,11.125195506557166,11.212302333169257,11.200021136219545,11.299297463240427,11.306968679310453,11.260325414654767,11.262069293480556,11.215730787825791
tid_1430,49,3,11.814107994755828,11.952912443427769,11.653065249263179,11.642159405506408,11.718108426494542,11.634855652308781,11.643565597269339,11.65162013607117,11.67118632208856,11.656427637271602
tid_2344,87,3,12.056994163663663,12.205352886565825,11.81977892293938,11.81768636785611,11.78159074032322,11.727662352776017,11.718270564259551,11.802341112518533,11.757625844482218,11.833137162845473
tid_2345,87,3,11.900780420551923,12.047968076039693,11.73320382323579,11.770304124555105,11.73852507306343,11.745162115831512,11.682315710106444,11.671817677307038,11.684070007330922,11.726430417027416
tid_2348,87,3,11.878902410830458,12.028699226485866,11.75037205952734,11.78506229333305,11.80262834981411,11.740575431163009,11.683400119944634,11.7402901917977,11.671282001003455,11.769161259283996
tid_2349,87,3,12.029036496328514,12.203050583697852,11.766927248602622,11.78839398402384,11.803044947349823,11.74266223598215,11.7054576143868,11.74652084561269,11.69820493724785,11.786909235199172
tid_608,41,3,11.790719309640403,11.91039872314884,11.611303990815191,11.700594798334102,11.649258604847796,11.627931842377489,11.634469493311109,11.63430670998,11.681941769087029,11.626394018013336
tid_612,41,3,11.561674675920136,11.681872142165153,11.675579996936074,11.677179557950728,11.712273818109631,11.640191951813293,11.695481590610296,11.60771416658622,11.665433920858375,11.643047786057124
tid_613,41,3,11.386109757282997,11.529734399951629,11.66745225848674,11.718193819342604,11.709624712999585,11.66521330163739,11.639107561844044,11.69367719879042,11.659711890691133,11.779851635145855
tid_614,41,3,12.25861433534778,11.98139103701216,11.789904786571261,11.696073851301708,11.753453436509783,11.72916052745963,11.756560214116876,11.67942957759059,11.726943360438147,11.765927598141266
tid_615,41,3,11.869401289085925,11.984285049492954,11.769344674418718,11.68001048088405,11.73794297597593,11.719018110000329,11.76527582437789,11.649206467851963,11.690804963270626,11.747735542820035
tid_616,41,3,11.519351771956682,11.59087675638741,11.719703858138452,11.682496841972887,11.697857386433672,11.679345829362605,11.747998326560722,11.700868629327083,11.668846213055712,11.75585695968963
tid_618,41,3,12.286724552219686,12.171554179464003,11.770826379743347,11.673134966084072,11.753453436509783,11.621357837735676,11.70142945111926,11.647812210549422,11.597309504206883,11.701234021766195
tid_619,41,3,11.684464094398711,11.755605725874698,11.770826379743347,11.741223041707547,11.753453436509783,11.782548643968504,11.678790788193256,11.690070559101173,11.70598368940143,11.743276155013818
tid_621,41,3,11.541371026429909,11.658523388310716,11.777426157881258,11.716045295451144,11.753453436509783,11.853197081655424,11.755769480114227,11.686847680596072,11.751837721943422,11.757641240800359
tid_1,1,4,10.787098055581652,10.958504908419595,10.876464251940671,10.834635844399582,10.855676940265885,10.816308343615717,10.813499621150228,10.838745693824318,10.822150970225366,10.83400909619541
tid_1007,34,4,10.9908484476693,11.141715396053671,11.080796674043642,11.088934809630073,11.018984895104886,11.033829120117506,10.958797715376146,11.027769946796544,10.980028413755035,11.001617070129807
tid_1008,34,4,10.962929260127655,11.126904096236265,10.951399419648785,10.947749113372527,10.924278214887364,11.007366634360725,10.888869730701867,10.880754042487666,10.910530568019071,10.906157079950512
tid_1009,34,4,10.657271119549186,10.827934928360555,10.888492510792203,10.87119273289358,10.882131155063849,10.910568405314205,10.829569241079787,10.784248516284638,10.855118915528305,10.796713101677572
tid_1010,34,4,10.699694353723965,10.85143972891836,10.78538306832119,10.781878080184024,10.757542182452667,10.807691916667563,10.8029975959329,10.734904164933567,10.798562138044957,10.758877556762478
tid_1011,34,4,10.615976469884814,10.773656855995617,10.749873713015548,10.752504184920111,10.71831576720118,10.746843111386205,10.719962406251115,10.693828404164597,10.711309662289164,10.6950249046872
tid_1012,34,4,10.689895086167608,10.868682727763886,10.770359500643183,10.757485823758888,10.757353885272673,10.740914664326917,10.759225989344122,10.728634497336353,10.70629040587458,10.723378670280027
tid_1013,34,4,10.767349608879323,10.938867133787374,10.617472083764111,10.65438162302534,10.614245322986077,10.619200101575819,10.621186563662455,10.577233336280887,10.587093819185403,10.581815599624175
tid_1014,34,4,10.600302996782498,10.763028022559096,10.664589212153126,10.648524802064447,10.67978576627629,10.6342739650975,10.598384352551573,10.598937954421269,10.616281822680913,10.591307815486088
tid_1015,34,4,10.889138288495817,11.073142166680476,10.733352065533333,10.73289929340879,10.741150917242575,10.826441056491229,10.727397662903277,10.719764627328816,10.779646747034318,10.673500143935023
tid_1016,34,4,10.565069243804146,10.75385854316057,10.709366140362137,10.683153493939088,10.683849292171358,10.630577702682585,10.646025864157705,10.628437687562748,10.59045466689488,10.614541449496693
tid_1017,34,4,10.945838084071015,10.99954157162136,10.693164526631367,10.685197569632523,10.687807152725116,10.688575018778591,10.65937202539767,10.670351643122896,10.691273908962044,10.647507523914433
tid_1018,34,4,10.698697065722932,10.88440055204102,10.766631529767587,10.703607607890403,10.748459194131135,10.724620137867065,10.661112645060582,10.628430958007918,10.707815416108255,10.645947144010623
tid_1019,34,4,10.77248959246706,10.852934491719184,10.798214338903225,10.745264061924527,10.762597013150556,10.706749676269798,10.68785861208527,10.656648330440717,10.65695224997601,10.689730647143124
tid_1020,34,4,10.75402943111616,10.924458969035353,10.751803417986592,10.766598970715615,10.752879306576382,10.697037743055882,10.725593152501377,10.715647359829823,10.701216693766098,10.709441870952498
tid_1021,34,4,10.66619810848139,10.820430071950629,10.880273473174194,10.813662348858443,10.849930134220012,10.772183431459313,10.743694368127825,10.728155511493805,10.743591922742917,10.746657775127144
tid_1023,34,4,10.548617645026294,10.70374995835016,10.617472083764111,10.630654901379048,10.626976615087889,10.645074808278075,10.610943871392065,10.585690881886386,10.630895140198975,10.581210214968179
tid_1024,34,4,10.722467504739912,10.795778581702402,10.65131483569222,10.648938257688503,10.6339339270214,10.61622020710636,10.645548641995628,10.613616375480799,10.607438668805086,10.60421016548746
tid_1025,34,4,11.152738647329809,11.425510733917012,10.805465192290914,10.750498554432687,10.775170962607035,10.76223854562984,10.748034616305958,10.707235657790156,10.70549699382224,10.707282766829207
tid_1026,34,4,10.767351716531891,10.95674153148004,10.799931032406644,10.755763771637707,10.740995217287999,10.727744710257971,10.696304797179055,10.682226746772134,10.708894155503913,10.683960757603705
tid_1027,34,4,10.565064083446018,10.741390706253885,10.636391982353631,10.58312008302253,10.64205819475589,10.585448749689974,10.639020777849954,10.585380107966584,10.600164299492668,10.549571571127036
tid_1028,34,4,10.48969241148704,10.648849977357202,10.64473850568994,10.617366939500203,10.642732547131992,10.581697121695184,10.620913606796812,10.625654510763606,10.571608575977063,10.594636108209475
tid_1029,34,4,10.59587194224509,10.745033186257968,10.639803219995295,10.638174973323439,10.62879562215893,10.609490596817444,10.605550448623225,10.57373037410452,10.598293920262904,10.574914741966282
tid_1030,34,4,10.608548481717111,10.79114833065539,10.694827909787756,10.671378553903047,10.683018667137736,10.629065229822778,10.625115925946167,10.606479014152853,10.61375438398498,10.611208358198468
tid_1031,34,4,10.654745609865827,10.791208013410692,10.792470744095619,10.739185947896903,10.822809732976477,10.683526837558354,10.72192508544318,10.687063803736622,10.667159740143969,10.685363991166842
tid_1032,34,4,10.68709909998175,10.791685347263344,10.728232887043458,10.727494776705804,10.739721959578176,10.726823190244236,10.706355872414866,10.664593729339915,10.70492323581374,10.667293678667761
tid_1033,34,4,10.71180992684229,10.855050829178628,10.684794945886106,10.681811558366128,10.653932753529459,10.71725803558552,10.666333197752788,10.68729397910309,10.673903124712618,10.66909618496965
tid_1034,34,4,10.891354482899503,10.961600711224284,10.63861084832914,10.627857077283476,10.632118053407975,10.66257796527526,10.6306508209852,10.62566915458078,10.605953900306337,10.633419507230593
tid_1035,34,4,10.56888319676523,10.736194481118288,10.682641110480674,10.667797038974339,10.618225940007422,10.655119220707403,10.61401162645214,10.618862040419977,10.645307392401696,10.616256470000776
tid_1036,34,4,10.556455760959272,10.719560079933371,10.64078192797733,10.630567715795122,10.639614130565253,10.608768482682882,10.571203963363775,10.550643604816537,10.58550462181304,10.578621434028046
tid_1037,34,4,10.82907691780627,11.01641686179903,10.785471217324035,10.715181871722287,10.741864955780022,10.705627794735445,10.693173481296155,10.684346786561331,10.676464205483297,10.67984284665161
tid_1038,34,4,10.573399370700685,10.760923844896256,10.71887762363724,10.694089995981535,10.701116620268811,10.673518552105955,10.713757629714701,10.683221951111348,10.67127795819219,10.654385827122704
tid_1039,34,4,10.924170731641038,11.059890647634427,10.823292993386723,10.810839214577973,10.79819809606916,10.77329600736656,10.775302649512822,10.75333995380705,10.77019426108473,10.77295112397962
tid_1040,34,4,10.58116316321568,10.727673960354643,10.628302012502049,10.623152200956348,10.610485251663835,10.612536276743866,10.554481130943305,10.540415820192816,10.578305528796777,10.590110876855928
tid_1041,34,4,10.50874023900057,10.622424304782369,10.778917516670871,10.718482063847022,10.720679547073566,10.701449676493635,10.706523348051132,10.704396706951435,10.683853277305147,10.66216008969127
tid_1044,34,4,10.613835940415848,10.76243514762775,10.709366140362137,10.638699639492765,10.663336195050551,10.629384875913807,10.666126236175543,10.66842397725091,10.620321384809548,10.618579125967825
tid_167,7,4,10.737593784736882,10.90033101584574,10.790970066694346,10.898293162327004,10.825502996116136,10.840857634125124,10.772591634997221,10.871137129079068,10.817949348581324,10.815378006121627
tid_168,7,4,10.517710566289065,10.6299582844284,10.66599643261863,10.731355909350446,10.663411262691245,10.72052204199163,10.614678111127796,10.705276468825408,10.641503959741328,10.691242439371406
tid_169,7,4,10.627961389238385,10.702837643839509,10.695965029417025,10.73985116551575,10.73257445021064,10.745376356450876,10.733787063438287,10.713575826494438,10.685575736614041,10.7420077321669
tid_173,7,4,10.54732368328927,10.682759675652097,10.697233488869685,10.621500451048538,10.619380919244778,10.631394059377813,10.614678111127796,10.575625968223909,10.578661764570333,10.594557619818668
tid_181,8,4,10.351846108223487,10.514019135043585,10.598592819636517,10.578161903893827,10.561317346346303,10.607630168886686,10.570111290347473,10.539406993312456,10.596120009567555,10.562216835367595
tid_184,8,4,10.401568304353754,10.57689365390577,10.666099998542492,10.629325039131484,10.65801747317848,10.645042277966695,10.632636798919647,10.617366674868181,10.672712907967178,10.58390542125814
tid_185,8,4,10.354034369684715,10.529024833434017,10.509245657479328,10.613707464192725,10.567931391160315,10.65119869644528,10.469153877379647,10.628822175909992,10.592236804976096,10.621088785070782
tid_188,8,4,10.465124154393862,10.67356105140715,10.599373169132193,10.656452066223533,10.623486963669295,10.621359326797549,10.558354352686582,10.59298168382211,10.635801392385318,10.580856966205486
tid_191,8,4,10.513568291877762,10.65416752129364,10.601849208814349,10.546044304952249,10.583541523497953,10.696025302373119,10.538336515217773,10.549894200922942,10.64241731206579,10.60057195882888
tid_194,9,4,10.79438457610974,10.945836320945205,10.796677735806258,10.826805058513369,10.773609170840166,10.78898757298308,10.756061876775068,10.797271472281748,10.770469702017378,10.776704810697646
tid_195,9,4,10.490901925924138,10.669764369692736,10.6881569783943,10.71856795722902,10.649768329362114,10.720944162952687,10.660676497506229,10.664479666253238,10.659883707726307,10.680874063283953
tid_196,9,4,10.440314200840817,10.60372205856669,10.727040218160344,10.862139855296196,10.73800350666385,10.734111677070592,10.695986525700674,10.830105144349128,10.700310411273405,10.804493990559246
tid_198,9,4,10.577316838298112,10.809677442230852,10.68330741131467,10.691500195749942,10.667959630732469,10.687741443272364,10.669132774709878,10.62926314517123,10.666520289647712,10.62659513839665
tid_2,1,4,10.567365538914066,10.7665293948819,10.665482759914553,10.754457694186662,10.66541886275212,10.736856678520104,10.678486536082822,10.71759561204677,10.71766865107539,10.779589147723462
tid_201,9,4,10.27990482783563,10.48367318038765,10.700956406346991,10.769543841094647,10.720967568503943,10.678142643214837,10.69019432035017,10.702146009485388,10.588801358190636,10.730227962939402
tid_203,9,4,10.766455563708448,10.942544439235146,10.668720943894629,10.707204983066152,10.657725958539837,10.731418124727087,10.713149233138136,10.66884903357263,10.702801551986264,10.710874845737436
tid_204,9,4,10.66825747676904,10.880003767758026,10.678416377645846,10.668343380545064,10.637558686100334,10.685347953829707,10.567166697959527,10.613505835946613,10.620396082887142,10.586774882637203
tid_205,9,4,10.403377600254265,10.566474450001182,10.662801692173577,10.642602970972446,10.628422698451843,10.621535438230037,10.582061184502146,10.593568224623802,10.54416882149791,10.572530356653653
tid_2876,26,4,10.888511122091376,11.061256719745638,11.055425206973997,11.128746957729009,11.071529979415203,11.100627636567259,10.967908229609932,11.048751119734819,11.022551795342816,11.030561681584459
tid_2881,26,4,10.734418633478908,10.91495027284844,10.766820486061508,10.801266579599545,10.80201402295842,10.826117699466325,10.763761717425046,10.774362770284487,10.727409168821099,10.723387057684608
tid_3,1,4,10.742145337596082,10.906830827219256,10.697431487202408,10.647927111567205,10.695568312392385,10.710310983629606,10.689969473712893,10.638948915363999,10.725279891061009,10.654590949902186
tid_345,15,4,10.72875012366271,,10.955074869271337,11.070414574185017,10.977775189321042,10.991478243720413,10.894123815455254,10.98345967840273,10.914655766097333,10.956477954417418
tid_346,15,4,10.42247477962275,,10.779112090491145,10.828546836400914,10.778305319038624,10.893060810600332,10.787799776461016,10.890668747370901,10.817811074457378,10.837309930631234
tid_347,15,4,10.381338436383016,,10.776977626913627,10.823327746491415,10.799331409601049,10.835138011885762,10.78777591179879,10.811117693204439,10.681574405242415,10.79641482624178
tid_348,15,4,10.372837843402817,,10.731001930484132,10.801000485150643,10.792938711476287,10.859030140044206,10.753361590387751,10.803830161601574,10.756735497163433,10.770621999534804
tid_349,15,4,10.493934564463824,,10.61110749109172,10.637286341412743,10.622921632120462,10.711774036150262,10.609087250906262,10.607141707878622,10.631251015333314,10.624166368449506
tid_351,15,4,10.753570103499612,,10.823739854371167,10.808426462113639,10.8226682120821,10.80125695331334,10.789398086361226,10.729368162301395,10.765567681304864,10.759434921987822
tid_352,15,4,10.527389151109084,,10.835283557371282,10.828550800862459,10.811054283265664,10.792016775990751,10.785401663690328,10.847297232172611,10.72246784099258,10.800379757150285
tid_4,1,4,10.66801774591814,10.844706966694988,10.768964695433812,10.763948942305168,10.716414873098891,10.73124701819497,10.746802969766106,10.683727490781592,10.669284479281162,10.695640659990396
tid_5,1,4,10.63334749627796,10.796491233555049,10.697431487202408,10.65485725822453,10.671909084418294,10.679251007726561,10.689969473712893,10.623311391371582,10.68525833055161,10.654763187069959
tid_6,1,4,10.63388234712274,10.77824353594127,10.867866535455445,10.806156384699806,10.866495669775203,10.738758484487194,10.792280882659282,10.772288224469094,10.712733525625177,10.846698446973901
tid_7,1,4,10.996019728054115,11.23464307674408,11.216796439077047,11.174490500560728,11.131573827970659,11.190584349795786,11.117298110759396,11.130932722729797,11.08146219032835,11.160623974914236
tid_8,1,4,10.915055736406332,11.214088069286818,10.989172398059917,10.930648165328746,10.933890702183295,11.014138132648448,10.8778623238828,10.827664070987137,10.846486393233231,10.869803924884685
tid_809,26,4,11.005736553675147,11.209441870115889,11.132136086951672,11.118479571110068,11.104406586241014,11.166694945227302,11.012410574726596,11.04947010625896,11.086444830362106,11.020121211212608
tid_810,26,4,10.69418104725102,,10.744871979777109,10.687855822152537,10.719856662533617,10.720547598487755,10.723202233682807,10.664117221255609,10.659714390282073,10.664789714522684
tid_812,26,4,10.8781962380302,11.067099193642752,11.055425206973997,11.09093263572294,11.06205398698265,11.101016694002888,10.967908229609932,11.010082414909196,11.029008174916116,10.973230961508278
tid_813,26,4,10.82172239340515,10.993255848133671,10.891476356216852,10.885030229938154,10.893601674099612,10.895738110152061,10.821850780777215,10.820450933402793,10.849844481922515,10.871839823323906
tid_814,26,4,10.949851705135512,,10.78538306832119,10.77739265913859,10.786169553940246,10.804907938357783,10.76146014266234,10.747916365515401,10.781922633777365,10.75685670693003
tid_815,26,4,10.636602763092394,,10.7687334505009,10.721908395956378,10.74036299672685,10.710540270172997,10.749178648903245,10.69203373160585,10.703188018672355,10.679291838903064
tid_817,26,4,10.76650197251094,,10.649769733147666,10.714234580395555,10.680182571992178,10.653096402340546,10.663663476409392,10.65635948807138,10.675787283280602,10.683435476192258
tid_818,26,4,10.882970900223487,11.058475448731258,10.941314812765508,10.835082771316213,10.84524648852391,10.830236203438194,10.819648971944064,10.792532575715,10.765770587872035,10.831063894914228
tid_819,26,4,10.880788714146211,,10.88418502401712,10.886351256508133,10.913142534192776,10.897800368841391,10.817188784415386,10.86211348255783,10.86108093136484,10.80331567574355
tid_820,26,4,10.973528884216202,11.215219992329114,10.951559643886672,10.911150136194557,10.908955530505418,10.929312090602687,10.876208632996311,10.855565622142658,10.880920682984046,10.859998773534729
tid_821,26,4,10.738184207318596,,10.695965029417025,10.704360137855991,10.71287700492655,10.73947199512211,10.733787063438287,10.672525948484518,10.710359525961612,10.67099784367311
tid_822,26,4,10.724544101718104,,10.80316471297806,10.740532891563978,10.770527294417574,10.758436719819022,10.769803256718257,10.696485830823082,10.698818887186993,10.70747200361305
tid_823,26,4,10.61581461750854,,10.714507278408162,10.723543544253204,10.712523643185795,10.71863388339766,10.742887096121951,10.677568868987496,10.71618372963376,10.684343999731926
tid_824,26,4,10.927972381681151,11.07069574502106,11.040686058517698,11.151033701083543,11.069580381333468,11.086573814982662,10.966153317426627,11.071875244834812,10.961450649846551,11.0269427363089
tid_825,26,4,10.660857579413593,,10.763414228768246,10.713974628938859,10.712546021429477,10.673384204793836,10.755694959560172,10.703859149220893,10.67012847122528,10.694147844983238
tid_826,26,4,10.554217717205276,10.69776431094608,10.641103325436362,10.638025910679653,10.67044330424673,10.682678234239203,10.665064255611325,10.615619727187,10.65636054591793,10.633080127012608
tid_827,26,4,10.57036262375721,10.761314077216683,10.729138613576273,10.666220562875118,10.73950096365831,10.7006536481673,10.725940447303682,10.65741361011762,10.673335477779537,10.653704575597251
tid_828,26,4,10.558140755806305,10.657993203227011,10.668726819502854,10.622971800288608,10.642570857973869,10.634788968973647,10.675848425113474,10.596250571287687,10.60922770129083,10.613639493162516
tid_829,26,4,10.549173560426096,10.688602971192438,10.667475517885807,10.589608929500674,10.602279027192205,10.664809319420247,10.648083246740255,10.567666054853849,10.64615627960836,10.590831925012438
tid_830,26,4,10.721955951790743,10.91088874865083,10.799993917151907,10.793966654608179,10.759044732326934,10.808137507101351,10.786175680076443,10.732613153322584,10.803317457527331,10.723918444751815
tid_831,26,4,10.646274536220083,10.823533225785775,10.656972923779657,10.643444153540328,10.604059821015813,10.711537398197066,10.664381051092368,10.646851836416458,10.687978593791863,10.627146046552316
tid_832,26,4,10.746848387284365,10.89516957561489,10.642051889529075,10.670593150791447,10.711343375611788,10.830128403097595,10.71773433290456,10.672261329481705,10.775390419030956,10.662106071973751
tid_833,26,4,10.816091496552287,10.981354469664318,10.681031275523328,10.696326887344698,10.668432933519968,10.750924498487727,10.728082009670517,10.709412336074214,10.757713571064906,10.694044159631687
tid_834,26,4,10.577607355216394,10.75203677250339,10.671097263704697,10.658362976107748,10.623310381008478,10.672842752630656,10.643605996246809,10.587418462190364,10.606980075357837,10.588250692082081
tid_835,26,4,10.58072636332657,10.752255046768008,10.638351042465509,10.655390723615943,10.605627635543398,10.688458795937072,10.635965013604551,10.625445894331927,10.663842395109493,10.620085254940221
tid_836,26,4,10.617755119217568,10.729757292159544,10.655239358902284,10.591436207900207,10.626282915524978,10.66981189051838,10.639180210027739,10.574999750853234,10.663991778908196,10.586989069067142
tid_838,26,4,10.534799222199275,10.73182755727851,10.646508945065367,10.598227209324866,10.596655243952654,10.643371947185527,10.623425337220326,10.578522681552508,10.610655820811965,10.596394802766145
tid_839,26,4,10.73015550066415,10.869722068618447,10.755952999951171,10.678862903369106,10.701621921922952,10.733654603165924,10.72418544587531,10.670080498322175,10.70719486824114,10.659521654475398
tid_840,26,4,10.538573853332698,10.681793561844025,10.66750455936384,10.613188779573534,10.59922607427109,10.65278533736937,10.642191806453788,10.565456108992008,10.64200244696125,10.55986540466852
tid_841,26,4,10.823762337520584,10.988164865520991,10.907141107757553,10.880181979802947,10.910642499558643,10.932047521198601,10.877603933689798,10.849225506509345,10.867030242749802,10.889753767092053
tid_9,1,4,10.497681425151924,10.663746503087143,10.583883105385844,10.63019765418957,10.654693011639374,10.56453467438755,10.614561340034111,10.599767642517007,10.538557446674986,10.60562489483839
tid_918,30,4,10.95032748471634,11.10034812479378,10.953070664839098,10.956586910432614,10.94969747958953,10.953510042302154,10.909525610217175,10.887307726760206,10.888549203925441,10.91587048171627
tid_920,30,4,10.749169107405034,10.91258533399649,10.869363934058038,10.821569609735688,10.843467872669144,10.813429496836859,10.724125034190712,10.78787142194355,10.781277078416327,10.81336801883918
tid_922,30,4,11.118572388916643,11.153990826987764,10.672351046263724,10.606935665915104,10.626729811667413,10.629938321274654,10.624915414070951,10.616701191793995,10.636943485626988,10.58912949174762
tid_923,30,4,10.448027410434964,10.607638963847142,10.71695664944749,10.62150938962847,10.677450854409848,10.640856929691926,10.613443966766434,10.62574242203878,10.62980923022519,10.602430790477026
tid_924,30,4,10.437454342118649,10.59063175119991,10.630786691867218,10.610212149913126,10.619082822375832,10.612485891956434,10.572084164801746,10.555508549221349,10.604712813244197,10.526702875045268
tid_925,30,4,11.519999385691644,11.605041457877784,10.648930320738037,10.61250665121685,10.596381910784725,10.626780053221717,10.558821421841504,10.577704092067322,10.599048496257659,10.570216527137923
tid_926,30,4,10.680638048735457,10.81582046255594,10.68962383506923,10.632399647856285,10.66582702930381,10.61527122744942,10.645144162482824,10.626348106305056,10.619699760784671,10.604764012981475
tid_927,30,4,11.122178018784007,11.265754298655729,10.888755369640256,10.840610531657536,10.963071580772281,10.86039863018005,10.814815410739149,10.768736771928088,10.774646579341399,10.77002110481435
tid_928,30,4,10.702099993268002,10.83114345548898,10.894572834409281,10.857618969182012,10.911881964263161,10.836658788514553,10.839546635283801,10.82072997064225,10.778150170392712,10.791120849707706
tid_929,30,4,10.61863103096797,10.856443812780682,10.709043486576098,10.640219028242134,10.650843810677895,10.666179960868313,10.59125753782711,10.62297837076104,10.61417133825621,10.587967123730786
tid_930,30,4,10.79683918351926,10.84014545820245,10.63615508906516,10.619310536882288,10.623670969223337,10.649612840809743,10.597874279655636,10.618820961539914,10.642029046622826,10.588641434334033
tid_1001,33,5,11.13403558646034,11.27226946190472,11.12960165395447,11.026467306285857,11.08181637889524,11.016312279976457,11.042169595456318,11.024707629828644,10.942002226499143,11.044986214091985
tid_1002,33,5,10.680518515924708,10.872642044970023,10.72112545203189,10.728221004867398,10.733650514104298,10.824905802247851,10.73836327370275,10.730261493140706,10.720396043848632,10.723386655782859
tid_1003,33,5,10.999685261785515,11.13535515405558,10.907697736074061,10.985499496317939,10.909833729386161,10.925590816422304,10.869344101108727,10.923891691923693,10.9459598996704,10.900097576328045
tid_1004,33,5,10.73152613798452,10.893612219019149,10.79848373795714,10.893505373914069,10.890966193435174,10.89391975435493,10.774943247898168,10.811013891090838,10.838792753748491,10.808949950628492
tid_1005,33,5,10.84035904025845,11.0611907384466,11.026933413715437,10.965681213234515,11.004162720335295,11.004770298690358,10.871193284663965,10.92271597649217,10.909812141622547,10.935575209704618
tid_1006,33,5,10.80130469355379,10.980574831458645,10.872708370467501,10.894057586715592,10.94075851878783,10.867525780166808,10.799082539562162,10.811124717149474,10.817966371096855,10.87401689843074
tid_1047,35,5,11.011213188220772,11.197241644105851,10.966727557123594,10.872843794322028,10.952057335910146,10.885115204715685,10.866627716160487,10.871235887077976,10.917816937605537,10.920818583930913
tid_1048,35,5,10.744563238137625,10.900735035757055,10.619199101550242,10.660805885331301,10.641196887701804,10.678880493509356,10.680956208719154,10.670246663211376,10.692820730773356,10.728960011668317
tid_1049,35,5,10.80591462647111,10.978641841166043,10.91859406158059,11.039921126141909,10.884245031945778,10.905815980257909,10.820711544477833,11.028552567455812,10.876739364806793,11.032787536203411
tid_1051,35,5,10.774621910022471,10.92515579992361,10.887902316028047,10.886491029992849,10.868569439857358,10.8710118757853,11.011194670911859,10.99995999129446,10.933778693673597,11.019291435915967
tid_1052,35,5,10.7453736528729,10.827212581416088,10.814899187448855,10.795090456443273,10.846049870969397,10.76198888760055,10.872655036269462,10.887866788360864,10.766908471485863,10.896692007205298
tid_1053,35,5,10.843391290044488,11.025774049217802,10.834521623754803,10.833379440469791,10.85193590977013,10.90094881732318,10.853066911701337,10.847112590878355,10.936223907882372,10.920654569628061
tid_1054,35,5,10.866177019963771,11.047352008003807,11.016702410367472,11.046856507770283,11.009194933958524,11.054760275949107,10.931652752990537,10.914891064317244,10.991671489964197,10.928579053141071
tid_1055,35,5,10.96314415959366,11.170368956649224,11.173695777334498,10.96669159761529,11.092248697726262,11.045567440518234,10.974421191252185,10.916491199505794,10.970596907649758,10.885241907929176
tid_1056,35,5,11.01520690051484,11.166893681129975,10.768495742074759,10.845021948321472,10.885391600186052,10.870641520896012,10.742173043936122,10.789857750908014,10.805180942373037,10.82464664421402
tid_1057,35,5,11.069948502777068,11.196992055172045,10.96291658172236,10.957856891669541,10.966722513207639,10.964806387210897,10.785671444924025,10.839739214839808,10.854371426371001,10.884948374801503
tid_1058,35,5,10.765621948058266,10.918955522950103,10.823847511790884,10.877371686187063,10.822168018198562,10.907031034275455,10.77738656276078,10.78698811744215,10.912967788541938,10.855889213771261
tid_1059,35,5,10.630185556607156,10.768861761140842,10.687537821707748,10.706598645949034,10.693200308315111,10.726774689539068,10.70641002303235,10.712889592979254,10.722708003307414,10.752386834058635
tid_1060,35,5,10.678772168371962,10.84276212080066,10.866685788790297,10.894215055845631,10.78702131122194,10.958525108134236,10.726511705691323,10.793054889245836,10.895570511499404,10.775039823124025
tid_1061,35,5,10.622217193556809,10.785422836635902,10.825089522252625,10.869172152675878,10.817726452974439,10.733958654573074,10.835067891058351,10.784032192196529,10.76326512435247,10.891719651442376
tid_1062,35,5,11.08407145656938,11.180128864912836,10.91315134310211,10.765418964500203,10.804630060198539,10.807458972904188,10.894171111754716,10.800895625169879,10.830597848267042,10.864148533513738
tid_1063,35,5,10.844135230915,11.007515151905508,10.830141380890948,10.97226170212788,10.836173369404277,10.995732908489849,10.836104650925883,10.92736129519923,10.926111435373514,10.94555883838102
tid_1064,35,5,10.85461826229299,10.981254070022608,10.894105320489224,10.831301419407588,10.823800966293092,11.06009758769082,10.730772865005136,10.723784485307014,10.986065469493166,10.842515516305173
tid_1065,35,5,10.741784309982195,10.891265110073252,10.784663223801518,10.784625485769189,10.748734733542902,10.772179583914236,10.837107184050934,10.782530835059044,10.802852885642478,10.89030559316623
tid_1066,35,5,10.895633158413515,11.04835027505068,10.89641671967681,10.913466489421566,10.862394959956148,10.815008925107033,10.87074801084107,10.959532914077153,10.89198466226975,11.006652659505358
tid_1067,35,5,10.758592004893687,10.877862269776722,10.797186308578214,10.763665934709138,10.769168237672236,10.68198883962882,10.693109667887558,10.694312781033593,10.706333289299758,10.731764706351568
tid_1068,35,5,10.705841094001595,10.839735801671177,10.78280146176467,10.825645288033554,10.78837305847856,10.734182479232787,10.688646095099632,10.746109941831829,10.731567174111863,10.764498833131322
tid_1069,35,5,10.762822673533837,10.942167583814893,10.845758715880267,10.960604365651205,10.91677177629692,10.827033737932231,10.753247459991565,10.826470417363097,10.760948110014683,10.849169934671826
tid_1070,35,5,10.898949843513297,11.094176009346835,11.048948689497774,10.896958433490166,10.936331432673185,10.926345648516751,10.84231704526169,10.926030363488811,10.855387898692063,10.897685947532828
tid_1071,35,5,11.076229717879958,11.259836749286238,11.070339200972903,11.009921605635434,11.022274239192312,10.939867435412122,10.896124501598292,10.912150118546485,10.890002496513063,10.903670668469779
tid_1072,35,5,10.885614712901583,11.073461903939885,11.045405905608783,10.989309131643786,11.008838943938043,10.940356451433825,10.87097433817843,10.931671498256318,10.907882959446464,10.897144622975183
tid_1107,37,5,10.845508407381065,11.010390379521972,11.048583965776201,11.046359889087894,11.05616313912561,11.041980586572608,10.964472662910055,10.982267708431673,11.010335507412522,10.955270156135686
tid_1108,37,5,10.38947525315468,10.571039963684584,10.722065255516958,10.73771076103711,10.749584792422825,10.688991365976362,10.586393680171179,10.670209965533257,10.685117291754832,10.673930121833797
tid_1109,37,5,10.550297557887708,10.723525060079217,10.806031716013925,10.825512963984947,10.822215430503235,10.824692706403079,10.741076884073053,10.761821209258839,10.781209648213276,10.777973177238483
tid_1110,37,5,10.615809712482116,10.785360737563025,10.921397528197934,11.158206475944553,10.9721650755169,11.081946282074654,10.835649913774386,10.921149649790046,10.929996324329938,10.90246906823096
tid_1111,37,5,10.52337832133878,10.672604542383452,10.781133777768906,10.881321904195124,10.806434072171013,10.80945758699734,10.689376289427422,10.761120894506398,10.783880986383119,10.76881313750166
tid_1112,37,5,10.700005520556994,10.879642146334044,10.831980559287949,10.859975503764593,10.829986927557341,10.86154135253983,10.7439693033057,10.799118217523384,10.833522746099788,10.809043871386592
tid_1113,37,5,10.358805751770154,10.584724082070238,10.630916646941218,10.66474856323493,10.634560374208165,10.643873042330718,10.56046328414714,10.636317234164924,10.562466552594076,10.589018749146351
tid_1115,37,5,10.585394295412843,10.777674218387473,10.614845827804206,10.666038814185052,10.614284918678932,10.636419368110264,10.551029740278484,10.611671524358016,10.615449285405319,10.617284975710763
tid_1116,37,5,10.450591102162711,10.629152744788216,10.715138015174531,10.685490916548938,10.72390474569393,10.638291985292664,10.623435861274878,10.668543325543716,10.618881158407696,10.638693760610247
tid_1117,37,5,10.859637255372167,11.048455297845496,11.287191297185018,11.268669657576766,11.219528567461433,11.21767661867447,11.01249277627115,11.10213695344609,11.061912956063164,11.071045983410926
tid_1118,37,5,10.480449170799414,10.656656820483915,10.544031525252553,10.639337704174501,10.566282200591687,10.637546676287807,10.47699888769435,10.583313441694878,10.579850507846041,10.520055853124475
tid_1119,37,5,10.573752418427194,10.67662590097992,10.707810848531148,10.77761530317498,10.719512284465122,10.724940715478354,10.641892026543692,10.686630987350153,10.653899595976304,10.649268826752978
tid_1120,37,5,10.750741126228403,10.918442832027182,10.74072438393674,10.810141176063096,10.777906173219275,10.92537015041805,10.658624932054664,10.735066318146234,10.893912655257683,10.715667472571496
tid_1121,37,5,10.760622583201524,10.983401104396696,10.645068889359196,10.731333138329411,10.61918507184682,10.701278976858102,10.55834974296786,10.665273927335274,10.675409058993791,10.653205232665162
tid_1122,37,5,10.483740353464706,10.617258101923133,10.517307991576162,10.62711556006461,10.512928389197336,10.604315674367802,10.462271063008828,10.55561316546374,10.53803341550739,10.493397625640645
tid_1123,37,5,10.568986005499951,10.794624565526744,10.585615852998359,10.654262255170693,10.609835219938665,10.607471616710857,10.479952398927018,10.57226402732401,10.530191649510117,10.571832120402034
tid_1124,37,5,10.514806265234837,10.667542769483408,10.57313127536985,10.711321824514302,10.613197650565668,10.63927738512413,10.518942341050131,10.637928545379678,10.61948863373923,10.60143930032904
tid_1125,37,5,10.664263007276816,10.801003129083949,10.750575873423797,10.796788553697294,10.777906173219275,10.732720060639478,10.647062838556176,10.714623220230326,10.692544182589888,10.695733726496826
tid_1126,37,5,10.483348446890217,10.665551935053491,10.607741261557567,10.607006244605765,10.599693876887226,10.620751502863873,10.551612564575633,10.591841263441173,10.629709431870678,10.537779555984514
tid_1127,37,5,10.48348563166292,10.713439512638155,10.785816242574072,10.786014842409873,10.806402791275266,10.794524991981344,10.639986514596831,10.704763510222737,10.730670892240994,10.72501262927618
tid_1128,37,5,10.56792914176656,10.709139418293928,10.54240147884732,10.697144365060119,10.53571689716987,10.701074668625056,10.487380211545288,10.591906829191895,10.64563936025,10.512788092075317
tid_1129,37,5,10.451857485074456,10.638191657489198,10.609052666911795,10.649433989316138,10.57824364338456,10.793024308095632,10.522494296512518,10.6217185434612,10.719104279208924,10.606932251623164
tid_1130,37,5,10.706206369525365,10.924293242685202,10.72268588326324,10.838798553440814,10.748289890896782,10.838983948980939,10.651964280346233,10.714487279454188,10.803508188571753,10.711259566978729
tid_1131,37,5,10.449065266167624,10.662300743378808,10.899714510709693,10.898573493048547,10.828568880521026,10.885006766546365,10.748384262109143,10.785924767098209,10.846332252472967,10.799232515816737
tid_1132,37,5,10.596627233067949,10.73851399757932,10.728581410668838,10.838534921239821,10.764662492383534,10.720910368554117,10.648655976466152,10.740870860093079,10.730435724979587,10.798607686954332
tid_1133,37,5,10.474916150825427,10.584435625639076,10.650320105456396,10.711819542818628,10.637588188320333,10.638686653789344,10.561584316868716,10.63844921807409,10.613591061270533,10.585737601062004
tid_1176,39,5,11.124335172886903,11.29347010391303,11.246412922221133,11.260582691314232,11.25296629679836,11.297080184704445,11.139091936147524,11.152255059232992,11.230695975630827,11.073868918091794
tid_1178,39,5,10.745834606451838,10.935210113701576,10.724065066438667,10.742689274720055,10.721490894979024,10.943690127963121,10.54389477404152,10.644250954929694,10.766381488473971,10.59525391942538
tid_1179,39,5,10.982176006562744,11.183480677881963,11.133268523724869,11.188019470238219,11.090337853549073,11.169093455288026,10.94620359424737,10.995625365391952,10.99408720516701,10.926770408534642
tid_1180,39,5,11.367705454403712,11.56771474128548,10.810032255433935,10.896691703167372,10.889787483567455,10.842054830748339,10.75860608045665,10.817745200825616,10.838947157324581,10.84499019691888
tid_1181,39,5,10.777615808512849,11.021554368705027,10.85158061940182,10.88094855876782,10.904535037315545,10.843404102594867,10.78810623374045,10.793094582270847,10.82303700363171,10.840791335857425
tid_1185,39,5,10.814818002527696,10.936908662687722,10.704017498402363,10.799257587489311,10.814568975562358,10.832821812633595,10.624571270911643,10.728678661395794,10.815999290693787,10.726889708338247
tid_1186,39,5,11.075463369661833,11.254953639602322,11.195560109761008,11.220276678585803,11.220308335852772,11.157449794262654,11.102896708667583,11.13127631095021,11.182260407564815,11.032115303342408
tid_1187,39,5,10.677474815089884,10.889658761858488,10.796660796190238,10.859642037565951,10.868035003998422,10.90127760589077,10.75860608045665,10.792462308862481,10.865368849067607,10.829282604821834
tid_1188,39,5,11.100635117818795,11.21592813996036,11.429987963276893,11.358085818891498,11.331749092560125,11.457224058611754,11.14624127486816,11.156547838667446,11.313540892047165,11.07480030865101
tid_1189,39,5,10.928736719785448,11.04098716545628,10.686192368822809,10.721174737877588,10.716838272889099,10.675913653205992,10.602177950342952,10.694798742373818,10.658087716481328,10.642646479535967
tid_1190,39,5,10.912541587311662,11.100542986929437,11.250998825475998,11.274734534555224,11.213247857950469,11.30489609350887,11.092976061322064,11.09966306503411,11.175153105761003,11.057889674639119
tid_1191,39,5,10.850674056586758,11.016104647821468,10.781890225132448,10.784625133469216,10.88315217434579,10.832959839052272,10.670908171614448,10.756744998028585,10.759809832583496,10.801870338665605
tid_1192,39,5,10.839172985378577,11.02911658018762,10.703149242031403,10.751769644994276,10.692160394853895,10.70906876645814,10.594157492434801,10.696685496845944,10.659459201660278,10.664550005415313
tid_1193,39,5,10.81869369645735,10.950803038038602,10.681014497162888,10.76638614757253,10.716763161481945,10.760109669654623,10.61130364269268,10.754195344740566,10.75003477514423,10.651815307861627
tid_1194,39,5,10.7435903043854,11.007783657672537,10.703389428877786,10.642134012662025,10.609158695495193,10.675650619794064,10.632910273328612,10.624921044867866,10.676189724622992,10.59127167868157
tid_1195,39,5,10.980309138996104,11.188089661684616,10.658525986957377,10.661802840062958,10.621533521716229,10.591335526042643,10.582067718644648,10.632246618571866,10.610085803384347,10.589534276523695
tid_1196,39,5,10.64860080112068,10.753674806032334,10.686989219402367,10.722595918648565,10.729329030118542,10.708918948208012,10.614311374631097,10.643039215899087,10.69254733537214,10.647574689759875
tid_1197,39,5,10.808957955218286,11.044087556008508,10.80829374043865,10.85729196051386,10.91164312015558,10.823511393536618,10.776781456761885,10.772716852827571,10.857492551637673,10.853213486746004
tid_1198,40,5,11.09238529698808,11.282535723317046,11.21264823288322,11.147459617787188,11.177161445018218,11.222095136694168,11.171464294610606,11.163737733477003,11.156542967192927,11.051441128587005
tid_1200,40,5,10.951073177934118,11.131848044918897,10.837915028438243,10.831938552148374,10.814984582115773,10.86694512362299,10.760656211312158,10.826179932946811,10.828964178461547,10.876732421100831
tid_1201,40,5,10.853004141188908,10.99555010510239,11.029847855897048,10.972137293209979,11.002581423529039,10.989521971241622,10.730141453701687,10.810896641307135,10.887332835047502,10.80784884037989
tid_1203,40,5,10.947289844144311,11.140247437745812,10.87109901523862,10.884901317368252,10.897005666789632,10.90900113443338,10.83164584804364,10.904538051944945,10.874532335656903,10.845031518666747
tid_1204,40,5,10.501450045417284,10.652265731030033,10.800471850006605,10.74834855757243,10.746245794258094,10.774912279013947,10.636675307691531,10.727551590852418,10.71397220271029,10.681678735911152
tid_1205,40,5,10.53971776069503,10.694312562350502,10.769401367631254,10.800167055216916,10.796910361964745,10.854769302626332,10.74241029877921,10.76946535693095,10.748431368617185,10.762888385946797
tid_1206,40,5,11.120270949698764,11.333009013590118,10.944371926810325,10.927417276223286,10.900625894989236,10.910892095290292,10.9175371871383,10.916109338349697,10.947573503829327,10.889861912747492
tid_1207,40,5,10.762640576238324,10.943746596190673,10.900576997777224,10.903125529234375,10.916251290754111,10.837918113995071,10.839510516470783,10.874788810518195,10.763072493321543,10.902782429560249
tid_1208,40,5,10.666582814891033,11.132976045266732,10.856840115494256,10.873897642798,10.855345405315726,10.904703658357,10.65559827358566,10.709009905534854,10.822209169001411,10.663706542365356
tid_1209,40,5,10.763036489654905,10.94592094747779,10.887103387793653,10.931939257113989,10.827090522438391,10.852298037177729,10.83179692403334,10.910973469505599,10.838972336092821,10.946082249756145
tid_1210,40,5,10.699207115520265,10.940070170268426,11.032934578060258,10.830653371086228,10.944386341545513,10.93666545830836,10.776963916863107,10.675809115858893,10.885087199136132,10.725124541052637
tid_1211,40,5,10.810378242120589,11.026047460909156,10.945130974580332,10.884521925917964,10.948244903490563,10.898883026331685,10.837670560844511,10.877481454046062,10.91055262172902,10.876671294352784
tid_1212,40,5,11.06350533453173,11.253224251432858,11.036032701991626,10.897387128436687,10.963535277628587,10.896764296569392,10.961127961918153,10.950915875706734,10.876105939844116,10.900284703142
tid_1213,40,5,10.680458744160871,10.817208986589604,10.894538636171585,10.821646291384416,10.865102679428478,10.828908326460242,10.736353679768847,10.780976615212836,10.799002818413554,10.787223063540733
tid_1214,40,5,10.616939685186418,10.790627498918582,10.898170481439154,10.905260539711332,10.854797122123083,11.002364673887593,10.740303337233021,10.83319169834529,10.890082875129366,10.839520438689366
tid_1215,40,5,10.636667616349913,10.8137903927158,10.802179095371278,10.852686923471884,10.857009724286607,10.820478008961508,10.654683888849997,10.751891033534395,10.77356509328407,10.750962883057312
tid_1217,40,5,10.636086188857,10.79785982030926,10.967985721555577,10.868363301157675,10.872440047335145,10.757436965341054,10.677780981166084,10.746296556474327,10.708566296745989,10.748676860396959
tid_1218,40,5,10.707592305965036,10.828940185722669,10.840632202311273,10.897848470396495,10.87402607817727,10.871037836316852,10.720883830315113,10.815559568355365,10.838594648382896,10.87325277075396
tid_1219,40,5,10.829774158780785,11.088042035710815,11.12516782862268,10.945612347003777,11.070435391831005,11.0323886592155,10.950369543253677,10.949466339711142,10.949258598414318,10.961535261771793
tid_1220,40,5,10.77393537282203,10.934058302770753,10.846840337188086,10.826287739386448,10.864750277381052,10.843813716474527,10.620640979012752,10.723413639940649,10.789651463520782,10.640658234390182
tid_1221,40,5,10.96899796969912,11.184812987983491,11.079777499337043,11.006823982572465,10.992308121588065,10.928913444002918,10.884796990787258,10.971990721254068,10.897259191420478,11.020733103736731
tid_1222,40,5,10.581020970244342,10.799289821982947,10.553877698426371,10.549251755732726,10.540974171467273,10.583769908834702,10.498717991080117,10.517903144573143,10.571949584266845,10.51585730680966
tid_1223,40,5,10.628888928625406,10.798669043866676,10.886585618203604,10.741213868037827,10.846882935312923,10.806605989130404,10.726734340780983,10.741249944282561,10.767051090048046,10.761881407828149
tid_1303,44,5,10.92140122402464,11.120984492081922,10.991313561883134,10.975016810206899,10.99486147792018,10.99672633939311,10.920817729389077,10.9242034829831,10.92387556737637,10.880487919865347
tid_1304,44,5,10.852973186467924,11.051640517319903,10.812869809503265,10.887747172791126,10.83667532404974,10.827603488612004,10.755553682929543,10.843658197345155,10.8183727184792,10.865331143100873
tid_1305,44,5,10.98295949455181,11.197273181131353,10.844198400740554,10.873104078897713,10.91376279034426,10.856729580024219,10.754880180818834,10.808990916880836,10.803422992230374,10.865658188996793
tid_1306,44,5,10.743268661369672,10.895306818516495,10.860463413510917,10.87779314588394,10.88968668848118,10.783703406079278,10.770062997803915,10.815344027563118,10.806465464438237,10.883002388834514
tid_1308,44,5,10.72687759944042,10.921135597936066,10.842086886072988,10.930130287097963,10.882181004337482,10.8376341423869,10.797213857397784,10.816125699256565,10.833977255848197,10.82170696224718
tid_1309,44,5,10.524566602127909,10.679363829194918,10.613875684348812,10.737669546778116,10.659662626570345,10.558592250203152,10.56827508641078,10.665304439056186,10.551027930205906,10.676160896455027
tid_1310,44,5,10.4671038989841,10.59707463632446,10.850005537865055,10.906602482195153,10.832040530784123,10.743249660948157,10.677819471164142,10.687868954242548,10.682889778012791,10.713570907539685
tid_1311,44,5,10.485756243606188,10.65102348161829,10.523092650583118,10.532521672226414,10.508698456670114,10.53422041496409,10.520352437644613,10.526035742575418,10.517828915493475,10.543960703737659
tid_1312,44,5,10.834924991673532,11.037261043631132,10.79740595875598,10.793920428042242,10.808438481048722,10.760850333943996,10.667332592998156,10.653951809243145,10.716166918498615,10.654837799080575
tid_1313,44,5,10.4644395901493,10.609010338413906,10.57313127536985,10.634677070778617,10.592891081699698,10.64585188992532,10.542102334176908,10.565226881956555,10.575225363641353,10.577015608668997
tid_1314,44,5,10.408879440261105,10.56671404038007,10.57108982656387,10.647995810207426,10.602416750474154,10.552521728233577,10.551275026264157,10.618930800488096,10.549156773843887,10.619030670117324
tid_1315,44,5,10.652627467796004,10.849467175277312,10.952756510714934,10.961114156056484,11.006067098364404,10.949748720453158,10.852181522264194,10.865395209473467,10.91632733155848,10.824017541427809
tid_1316,44,5,11.070876244819264,11.2546351905243,10.833512451964202,10.783271375196842,10.780305325064036,10.87430139000752,10.692077316467968,10.724700333628409,10.818848882550231,10.73344803457072
tid_1317,44,5,10.44145352245429,10.600753738334678,10.60980452028975,10.596094044677095,10.5763421039658,10.61905057656568,10.555151416541511,10.577485450188629,10.603897761954494,10.549693874121447
tid_1319,44,5,10.504933283983362,10.68637488359446,10.57108982656387,10.593042050767913,10.60984803018417,10.573152732298281,10.549508745405484,10.574504581392999,10.554949073854083,10.598779751421073
tid_1320,44,5,10.63057711727143,10.773979342072876,10.666238131575186,10.739288730333302,10.620156977511046,10.68295063029124,10.623208709951685,10.660441786492054,10.689632856874905,10.645646030325542
tid_1321,44,5,10.703361315260029,10.951592203020292,10.763219793396516,10.816402834611596,10.812215858579563,10.814584266542115,10.651964280346233,10.741705630452572,10.768511545591513,10.722702129585382
tid_1322,44,5,10.465785454671082,10.670823416278289,10.579854302287611,10.603491773895795,10.62442266801385,10.60363047893127,10.5676910905725,10.602224218079877,10.560981025584132,10.624830332289523
tid_1323,44,5,10.526957699051856,10.67419513161871,10.57043630083673,10.561087381001384,10.584897035265879,10.554595742738211,10.516093678860464,10.509894492580038,10.534471618878712,10.510142897676445
tid_1324,44,5,10.435999322779493,10.604910395147156,10.580508086316385,10.596857990744548,10.594144752178055,10.51914235521612,10.563900242537606,10.54038721502943,10.538209758133258,10.588875245427243
tid_1325,44,5,10.484856445301483,10.641165840345122,10.623132538750918,10.726190527930298,10.639756631417875,10.59884743985052,10.567528507708358,10.604682241177438,10.572099616062877,10.627991121939433
tid_1326,44,5,10.528449571038305,10.631987398064068,10.59558631093792,10.648919274870922,10.676022692637535,10.60103473734828,10.553454600953962,10.587511810756288,10.591492227508141,10.622099230148711
tid_1327,44,5,10.482849943789454,10.675693110321465,10.578466637510406,10.601990566611155,10.60984803018417,10.554611111874324,10.550019743004587,10.602252235360407,10.56069483346917,10.618263540535981
tid_1328,44,5,10.634765910613217,10.789706630682891,10.561792618692204,10.620625763520675,10.609835219938665,10.60653898779691,10.531803390899299,10.550602184442406,10.616178254243462,10.621976080064385
tid_1329,44,5,10.73543316796866,10.876479927279586,10.69385246688113,10.741434022105942,10.713708240751622,10.781650640143061,10.632346572666556,10.677245195605524,10.747649209323228,10.699539657719022
tid_1330,44,5,10.595736830101805,10.75176707379374,10.613875684348812,10.650602991156655,10.652181966468506,10.654954946404434,10.56497334915823,10.615111380658835,10.627865405599144,10.649931646373027
tid_1331,44,5,10.415733167637049,10.575924243817887,10.561792618692204,10.648387530617399,10.609835219938665,10.532201042000095,10.531803390899299,10.55572910754432,10.525695870768626,10.56610711722809
tid_1392,47,5,11.058977845362696,11.230516133820505,11.233973513567117,11.270616577841613,11.152737645854899,11.163813098111698,11.026334847246595,11.102913500021387,11.00275769696774,11.057804770122285
tid_1393,47,5,10.958299457349309,11.138460353094176,11.233973513567117,11.102553505555592,11.188029586319937,11.033326665479965,11.026334847246595,11.05341457667056,10.99860939546566,11.058913523663247
tid_1394,47,5,11.070770438544232,11.251642515670714,11.097717693823848,11.1252264558071,11.088340010143332,11.05067247615897,10.999079053617205,11.051208753971425,11.029167354881515,11.105683393680007
tid_1395,47,5,11.313064996740884,11.503509271440318,11.621705186502208,11.564990368194069,11.515730430387803,11.442502323441431,11.510142783718395,11.510131560965357,11.441306261669842,11.44945322627113
tid_1396,47,5,11.260754670112114,11.425017322370122,11.265107024724156,11.300170345398591,11.375802133700951,11.23980544145519,11.209617220942285,11.23417794169691,11.210155162356621,11.202297697525164
tid_1397,47,5,11.15446750382922,11.321600297042538,11.273045853558427,11.201166850340119,11.294573846535913,11.204985137235372,11.234282512774358,11.22266894721167,11.21742997409064,11.158665578606104
tid_1398,47,5,11.50806366555332,11.720412693176293,11.3050032441993,11.373221720607022,11.322862754542761,11.261336708794042,11.220063937649398,11.249991294908215,11.206162047434365,11.199850210530174
tid_1399,47,5,11.207763505571112,11.35643772300613,11.218247433256945,11.308915128076812,11.159074905878077,11.28189946561122,11.025768403070476,11.122974913384986,11.17304052971293,11.126215973178526
tid_1400,47,5,11.218971766924213,11.37204484711091,11.274732808530569,11.18525762958507,11.292059696161623,11.162314726336703,11.229937408146677,11.192559870092046,11.200143552666274,11.072547886655485
tid_1401,47,5,10.81484614136472,10.9860991772771,11.283574200747271,11.154060393541647,11.175446842315266,11.129019658380496,11.038496660019792,11.080711986514826,11.10074703711307,11.089156768869668
tid_1402,47,5,11.49291865683056,11.654142001084692,11.484331588133498,11.311002142100673,11.326376444465728,11.259838755593327,11.271948829556695,11.267841991230922,11.228152400496851,11.242158415472838
tid_1403,47,5,10.990448898463375,11.157678073022682,11.18439916205465,11.104812751177537,11.172041100651132,11.013357738421977,11.00816311240917,11.036910394299161,11.000955610407514,11.057869736926236
tid_1404,47,5,10.846141695561007,11.024777416840513,11.113408213578039,10.991400830437865,11.031425647110261,10.936135972027785,10.948157109928069,10.947109524935891,10.935933667933924,10.939739840871654
tid_1405,47,5,10.991348923300094,11.165450924366093,11.138273550903184,11.118669361505198,11.08045461573101,11.083370044713957,11.009884178574989,11.01090348637943,11.023353111820109,11.09500696490931
tid_1406,47,5,11.01893401471018,11.263372484428976,11.301441046588605,11.241190027452102,11.31910625763031,11.182892127402619,11.012544507411924,11.085009757559341,11.128941014761157,11.106879801357284
tid_1407,47,5,11.06036246000026,11.317480977947728,11.12104958002979,11.129616816794641,11.195522937424116,11.117598019251334,10.988913402045664,11.01704181751122,11.002529124085349,11.050418104012879
tid_1408,47,5,11.127592341678806,11.305457162483073,11.274793190985045,11.222227680964476,11.281618887925747,11.23117049520092,11.229937408146677,11.203776246526159,11.203524873080644,11.087675185034165
tid_1409,47,5,11.54814587989664,11.700156616622204,11.666967173042206,11.452134803747413,11.554056155531779,11.43355012050805,11.420077126186326,11.413916693085234,11.404973940311399,11.468548912089961
tid_1410,48,5,11.071888618096658,11.293034119496928,11.085123680711174,11.026361686444982,11.005086471858098,11.060682926218423,10.996265135115312,10.9831643931046,10.966726242405858,10.991790424707318
tid_1411,48,5,10.839276943944316,11.005774747124976,10.90704909022353,10.87781410547511,10.889520088428371,10.892192607226717,10.869155283161268,10.845749981986778,10.879319604325822,10.844186874476225
tid_1412,48,5,10.656381322496015,,10.713107227283329,10.591702341033695,10.662463203417508,10.608132582267677,10.620048915375548,10.57887606027041,10.615695066797716,10.552000178739533
tid_1413,48,5,11.042765023430087,11.259862508905204,10.872058360782226,10.894941905423769,10.910537369253557,10.861329922073995,10.78943716673045,10.848544526995624,10.843206184499035,10.845895394284419
tid_1414,48,5,10.788345407186714,10.987953586428132,10.886181980451072,10.862809942895339,10.839684524340354,10.834973218959616,10.827190237051408,10.86393339233221,10.809901783963808,10.828541199114285
tid_1415,48,5,10.893355830198525,11.083996214393188,10.722064675471627,10.76094959988813,10.76990587625218,10.77603969033722,10.669438101679791,10.718734248590309,10.730251894254694,10.715582646355111
tid_1416,48,5,10.67325312294136,,10.679030176665249,10.648178065839767,10.69526925766257,10.66845272863357,10.621033865479475,10.632591114796448,10.661972267084412,10.64661848333031
tid_1417,48,5,10.75637831487678,10.933228390916865,10.63634878908272,10.605787326896463,10.63064380304222,10.640711638822154,10.601309542472745,10.615386959772824,10.611970575412514,10.553678186712528
tid_1419,48,5,10.864730617327048,11.182892451977915,10.727612553711486,10.72063581627899,10.73569734013902,10.737335384939152,10.65572568720243,10.708869935729055,10.708750957084566,10.661263505476908
tid_1420,48,5,10.70796812555816,,10.723348402548643,10.663787128292734,10.723684739970194,10.677665542284338,10.635201975846034,10.674459126379839,10.65527601821604,10.601655339664216
tid_1422,48,5,10.907714067338391,11.08948170511067,10.884432756039825,10.842859986001175,10.854314321796913,10.835138956105382,10.789040462730608,10.83907387848192,10.821191247830738,10.806447496419734
tid_1423,48,5,10.812012206339228,11.036573729064314,11.042352498121526,10.92724417995786,10.995404856881851,10.910875585500774,10.823160923596388,10.88542240873212,10.892975019969567,10.88577003019467
tid_1425,48,5,10.817922563625064,,10.627159098571124,10.722193274927355,10.64102810091384,10.756855726249864,10.608428764042594,10.722969017176048,10.720861014774252,10.71041518644284
tid_1426,48,5,10.838739381248423,11.041830039932314,10.825314873055765,10.706381544329783,10.80202065547541,10.718364946086375,10.699503229125716,10.651611970827547,10.692665423468668,10.70411745082926
tid_1427,48,5,11.101568031157226,10.894896888560549,10.758840913008159,10.767714847089382,10.736576121364491,10.780350743130807,10.65572568720243,10.76393019736016,10.760806079526569,10.74499495505421
tid_1428,48,5,10.771341957633018,10.989254356768834,10.722882557638348,10.600888610989863,10.722394468289709,10.574331805901885,10.66707669927229,10.591498761092568,10.57743728461058,10.571320276719376
tid_1429,48,5,10.811770305968746,10.989217215373223,10.858712467409806,10.814167719690316,10.832163499138284,10.836775796505668,10.732196036054308,10.798761098296124,10.854281773478144,10.814784739390204
tid_1439,50,5,11.369313721611748,11.534555832695474,11.628508118008458,11.435960125531965,11.517853688517759,11.396173994509429,11.567282968375492,11.468580451281376,11.404051698209404,11.456595277801636
tid_1440,50,5,11.152892030467568,11.281540546691854,11.415412342310029,11.30744931726769,11.37068780051641,11.252075620601516,11.345781489306443,11.283212436806517,11.191321718436676,11.219040093438744
tid_1443,50,5,11.42168260240541,11.597130574739374,11.64592041045864,11.441043650934345,11.567905598617822,11.427151904807362,11.48891807616574,11.434736828003782,11.448060316657227,11.463696896201528
tid_1444,50,5,11.671028609223194,11.85304105650624,11.703854514490606,11.482501207284217,11.585485679871148,11.388812006583294,11.584400116672995,11.502588516072024,11.401913458124598,11.469092472530978
tid_1445,50,5,11.494605677723127,11.66828940849534,11.595687756372971,11.345406922910879,11.441516804345941,11.302886934967761,11.499595690113392,11.409632051640456,11.357205236508468,11.431669066575987
tid_1446,50,5,11.496694451859812,11.692393788496048,11.669352356813159,11.437723770909832,11.548847540180137,11.460078388325732,11.411028802553107,11.421166171816553,11.427918818526651,11.424264050747905
tid_1447,50,5,11.163302738444653,11.32199374689456,11.161745164328522,11.169351940748847,11.200985827980439,11.097820450851257,11.107799932151588,11.130653960629068,11.124962656422968,11.13174901156512
tid_1448,50,5,11.516685387593812,11.66784841794637,11.670086393881395,11.45948381895447,11.587521836745962,11.409268191135496,11.571705354021043,11.486228157682348,11.425730909125294,11.463943621525924
tid_1449,50,5,10.914455536685503,11.083334146335757,11.002925786395485,10.95157610729157,10.970603074291077,10.940678693916798,10.927622863368756,10.921545060285515,10.94067985238636,10.922530036435099
tid_1453,50,5,11.44469908536759,11.623328446003883,11.605859039628612,11.309651833080997,11.539709056609459,11.34878773882677,11.476949561148917,11.395090261801519,11.35855242489123,11.4096243171595
tid_1454,50,5,11.160100244186244,11.354414961575792,11.289332826360043,11.10736136083875,11.207932960106788,11.180400121426505,11.156397020472859,11.146240560084113,11.175716922569643,11.060476229617882
tid_1456,50,5,11.518060259320627,11.673650486376616,11.670272063372353,11.473886553839401,11.596291074858721,11.40111061034042,11.591995622888277,11.502338195114271,11.442743912138178,11.46259114480504
tid_1457,50,5,11.547582897562604,11.684969387353048,11.66209162905408,11.595656324891332,11.605387450188587,11.445534140322907,11.573123184480108,11.504087482008043,11.451584736505753,11.468821915220943
tid_1459,50,5,11.6618686090895,11.829937429970585,11.71805609338642,11.526507575815145,11.606734936217782,11.394856899066292,11.622475902524291,11.534078363304497,11.415696009819069,11.540760261221608
tid_1461,50,5,11.731951751972318,11.991768040383167,11.658911246648971,11.426802918122139,11.565079384206468,11.369172626424994,11.448787356103077,11.418870916680248,11.40892085670318,11.449685429740368
tid_1463,50,5,11.26278834339174,11.432357285927456,11.35194591416687,11.096200995994439,11.261401253894407,11.183397305021588,11.188171470972732,11.141532066330981,11.16325938438585,11.03230121340359
tid_1464,50,5,11.441036260299684,11.619291574848663,11.666967173042206,11.450028197525834,11.562969986143237,11.409677550761684,11.490728180206077,11.444780972480928,11.40871686126866,11.474493772184214
tid_1465,50,5,11.47087354773836,11.626896800875947,11.626360688562382,11.453154604891147,11.519763518936333,11.419722108296234,11.57783973367535,11.470902898934263,11.446844524394233,11.445730150040195
tid_1467,50,5,11.44974495465175,11.613803750425747,11.581920994801992,11.512816056838915,11.511245852533156,11.422894528901672,11.555918024993167,11.515370077324022,11.40987158779499,11.46686035988542
tid_1468,50,5,11.221893788854524,11.4042293925229,11.511694617411068,11.310128281421836,11.46244750232854,11.256020156679648,11.458089300786428,11.348074474783303,11.265051528860925,11.411124809524441
tid_1472,50,5,11.90117523585879,12.057660220383172,11.610040591677558,11.400126906408877,11.541338592431524,11.352085973577319,11.499595690113392,11.422059052610221,11.36828341926011,11.430077977762974
tid_1473,50,5,11.212322948576336,11.419458385612288,11.150319469781316,11.005245916875797,11.058560385974658,11.006501261226173,11.05162999958957,11.031493729979486,11.019877168453764,10.945440488930014
tid_1474,50,5,11.2343894396261,11.371858321190174,11.17469897604775,11.181723847736238,11.132851648882374,11.210855697520214,11.069095512579775,11.0933440336282,11.128776149434284,11.04041160633172
tid_1475,50,5,11.382984191577156,11.581522924959025,11.724182886784414,11.554181995840453,11.58802104673096,11.45845047105933,11.600911865983162,11.517496890066868,11.456792794838242,11.47831931700371
tid_1477,50,5,11.263532903006306,11.429454721624042,11.15797726278164,11.00893189115371,11.10889293454031,11.011907514732165,11.104831942756123,11.047454623147964,11.04498106002864,11.060276268135933
tid_1478,50,5,11.012228374000278,11.16628288529494,11.142987104817571,11.031165125072976,11.118239113055933,11.064582539060309,11.061882825758298,11.024029476441996,11.048834926072963,11.041204476242847
tid_1480,50,5,11.285422424878568,11.535514402973382,11.292438392082358,11.155115660262064,11.271633838173328,11.170800829825527,11.265220787299793,11.215366973065244,11.192764620826122,11.063790773722666
tid_1481,50,5,11.600146653281255,11.727677909209836,11.666682875629073,11.477128130193062,11.57561189006148,11.445992997630992,11.475677557456883,11.47681837566802,11.441367918332963,11.510319348995619
tid_1483,50,5,11.702834001044677,11.867650108308526,11.42402293194354,11.399753299728223,11.39682085250747,11.347090862232523,11.335705845234038,11.344755659818038,11.317556838309951,11.132809116816277
tid_1484,50,5,11.227405054442904,11.430409785353968,11.452632056051481,11.263284599994885,11.376280183061997,11.155265233536399,11.293517399335574,11.25852893549365,11.163766648072716,11.188570547069947
tid_1486,50,5,11.038687282646494,11.183412555954808,11.267053585649258,11.089068380126289,11.149099073411193,11.074339305424491,11.069710798536565,11.029541908909838,11.053445413377828,11.037416089219628
tid_1488,50,5,11.681379645964016,12.069792335234002,11.43621125310685,11.28825327946459,11.40417789631959,11.25705616770185,11.310478211973184,11.280077762858543,11.244615090351239,11.21345355023778
tid_1489,50,5,11.098964872206764,11.25269123037758,11.18678378220777,11.019552971517049,11.178864406933505,11.006755890932164,11.050474341068545,11.026504069484766,11.024221770079125,11.049045554006907
tid_1490,50,5,11.218732911924162,11.397216027921468,11.23667677385365,11.144190373492021,11.273718122176954,11.139156178181787,11.191059262628201,11.173341846306649,11.139644108616467,11.098639009115841
tid_1491,50,5,11.242736164609436,11.403893774343963,11.329415354185446,11.193724063121318,11.339717148884985,11.232685932094904,11.254266463339619,11.217675525707914,11.19056079952849,11.078939614247261
tid_1492,50,5,11.153996554184214,11.325134578624011,11.294577578755064,11.230216472865887,11.294888401364625,11.227380226006526,11.219903771598444,11.199763285065748,11.190041816224051,11.049999537714198
tid_1493,50,5,11.50780940020043,11.686541740514988,11.670272063372353,11.469408791587284,11.58802104673096,11.394606964869595,11.60704624563747,11.486505637165155,11.421534543710754,11.453516921131106
tid_1494,50,5,10.851825250738536,11.024941962202863,10.968688636269949,10.888558420903848,10.875721280347744,10.891918501886147,10.9058185780729,10.868793132497371,10.872921424905439,10.863268513877674
tid_1495,50,5,11.034973531477997,11.18358910729591,11.25278457119029,11.119731510885368,11.236728469345717,11.17170047652878,11.193422877961948,11.160525516454456,11.153271635432105,11.065239921985134
tid_1496,50,5,11.38644799199614,11.575958478399574,11.258389233440623,11.216535567154832,11.278889158787386,11.214084045724423,11.291388935140459,11.254962972069611,11.203005774674612,11.120599508089041
tid_1500,50,5,11.322860001378304,11.49105810758515,11.42196346421308,11.256812377281598,11.437149864667214,11.261037225354523,11.372271020932097,11.296385276944559,11.280927800539791,11.212812527220974
tid_1501,50,5,11.227536760738056,11.409369985919868,11.258389233440623,11.171947474956731,11.295868865920664,11.188405166311048,11.253213528796268,11.228497626995326,11.186853646393613,11.074662808219218
tid_1504,50,5,11.180502618490856,11.367225477248349,11.06773730195051,11.078333035699929,11.046758627495235,11.061553136663177,10.953061635430089,11.003204053459463,11.005517434538595,11.052153427568156
tid_1575,53,5,11.046033788572498,11.231149914622517,11.126304153281218,11.128289347435357,11.16882474289372,11.124195265121344,11.02033257308373,11.03365558594343,11.045184502580133,11.009276927495307
tid_1577,53,5,10.81432343372732,10.99414327148778,11.018433362164721,10.943346426823132,10.982515547521775,10.906494231068217,10.91563985728526,10.916313537673995,10.885801850689543,10.8720794066386
tid_1578,53,5,10.83752782517376,10.992423172902058,11.025817852234182,11.045958588535253,11.053852244593584,10.97291355477749,10.877521549951343,10.925656392325187,10.898136930865903,10.853434274326755
tid_1579,53,5,10.622770206700698,10.772565076191963,10.866685788790297,10.939708921487563,10.822974142655672,10.70990440272792,10.685870455128399,10.765743728931557,10.69069128377145,10.729540137683182
tid_1580,53,5,10.649087230348297,10.760690481083136,10.66460753461233,10.696222680193836,10.684739898953877,10.693904508966904,10.575954498377167,10.605488308240345,10.641160504333241,10.588347719202906
tid_1581,53,5,10.96418853706734,11.159523729663109,11.083947149155966,10.956990477997712,11.021726599671668,10.83196347628013,10.816097329237934,10.828766675518816,10.79134025230768,10.922326943122751
tid_1582,53,5,10.784302390659937,10.936755662278236,11.121716138545588,11.011574777409365,11.098237765093359,10.883328201128391,10.850366346110365,10.87154895957271,10.819923098410248,10.827132007398864
tid_1583,53,5,10.856370546209872,10.989068635994418,11.01089397291683,10.930539987864593,10.991810654599693,10.947081569708029,10.820826671063843,10.85493244562497,10.891999358907295,10.907412074817469
tid_1584,53,5,10.555414221678507,10.676888956860044,10.806323937460496,10.805590817079215,10.777640642512862,10.936717320062732,10.630794399001713,10.710304018421999,10.780125282973785,10.697527955102803
tid_1585,53,5,10.520166670426091,10.657581655909135,11.074836230801468,11.024899561314742,11.027439839678475,10.870561032421097,10.84262879450501,10.864811994107658,10.843526265665359,10.87561721722588
tid_1586,53,5,10.896417051399457,11.10656045206918,11.122476140016477,11.1051310007948,11.160978506391068,11.087852763217882,10.983837623202858,10.988061008076546,11.024133865128933,11.015668976928945
tid_1587,53,5,10.88472109881032,11.060958198210592,11.157923661284837,10.960040311118604,11.060259740289567,10.895944677016548,10.90463469773048,10.909761476040348,10.879585510103523,10.83503348012529
tid_1588,53,5,10.621897914588365,10.75641453961935,10.772393317151522,10.77283243490431,10.730761680487834,10.807359610481635,10.641601675633378,10.672968229589383,10.767855417350745,10.647784577711391
tid_1589,53,5,10.699380834148414,10.871275258053808,11.035657574703661,10.976114945919463,11.13096128678382,10.878643463795173,10.894282619054925,10.911987880420266,10.85348174636368,10.883695055125274
tid_1590,53,5,10.55146998914168,10.690436958326362,10.894998789638123,10.916009967403257,10.877275504240112,10.856631879209987,10.65988359156464,10.759425594472269,10.782265628727218,10.74285954545182
tid_1591,53,5,10.561243278963287,10.7258191914769,10.76777884067273,10.785591044013566,10.794848966991907,10.722496884655513,10.67849698809972,10.726021315606863,10.690215003311957,10.749346449356253
tid_1592,53,5,10.78551183858262,10.887668681729194,10.887103387793653,10.92433501708205,10.893464941332764,10.835953699012697,10.797600107370817,10.822320265798831,10.763474159186758,10.832166550271209
tid_1593,53,5,10.7995919034901,10.970418237412964,10.955797399963425,10.886279466391418,10.94641780939281,10.884413617869031,10.847057704177605,10.849302044831376,10.857200076895532,10.89398919850714
tid_1594,53,5,10.661270124541565,10.904521925362465,11.074836230801468,10.956821495014864,11.030916027873193,10.87872308614507,10.807698187627516,10.83612661647168,10.832609620954948,10.824228858647817
tid_1595,53,5,10.945744634119126,11.147688254941972,11.047456171022073,11.061468269978421,11.060259740289567,11.117751130030111,10.90463469773048,10.95641949187562,11.028319358271645,11.045539517985963
tid_1596,53,5,10.833249143598128,10.933080183644256,10.702106858495126,10.743281127437552,10.69088885703223,10.67655446823366,10.611418284071469,10.613965262967211,10.643059186344408,10.598759690372319
tid_1707,57,5,10.872253080549672,11.02315984760253,10.993454358329176,10.963624793730773,10.933934797987542,10.998023916524007,10.938802492117688,10.924577833159567,10.964462288089882,10.878273659930171
tid_1708,57,5,10.683213724954056,10.858227546225333,10.831038005624592,10.796823466378605,10.8146545042784,10.804701148659007,10.761420196010144,10.80664177008666,10.81957193383418,10.822945701233007
tid_1709,57,5,10.655184262219652,10.88236991157911,10.882451741572199,10.904564157781232,10.857854495952749,10.88709035103189,10.846770555686895,10.8807291171512,10.878315216913668,10.880520998960154
tid_1710,57,5,10.568592704970866,10.71810651251965,10.723348402548643,10.72365700302484,10.735993857812415,10.784756484419098,10.644717541343555,10.740072320150272,10.748368098462757,10.704065573685243
tid_1711,57,5,10.676037235882186,10.870357323778435,10.727502384137084,10.689887940369001,10.737896613803928,10.75609859088288,10.628046383683616,10.69273495565278,10.723578297052025,10.61162988246387
tid_1712,57,5,10.646048512301032,10.809768351780964,10.649854743027804,10.634218819843824,10.629714525526047,10.655792097191615,10.586952327311991,10.641468880005883,10.644072235517527,10.627677624246726
tid_1714,57,5,10.70843993706592,10.837476738702035,10.57043630083673,10.512095746224446,10.528761473435305,10.554936217334737,10.495518531596655,10.47855535100728,10.542962676352811,10.45978931085696
tid_1715,57,5,10.617772253339806,10.795608535103078,10.63896561957573,10.594862039425134,10.624337561580653,10.59185094931594,10.572878420557595,10.60865502721579,10.621326710886386,10.526317534892604
tid_1717,57,5,10.828805416969788,11.141913956131429,10.614845827804206,10.673049074948878,10.614809880769887,10.650576246227804,10.565021997124202,10.660555453869831,10.623965200219047,10.586020954988388
tid_1718,57,5,10.716040895214158,10.826161865929222,10.613875684348812,10.734716674054924,10.652181966468506,10.608749360523447,10.535271213867684,10.628616864930422,10.591174673309206,10.609604572658935
tid_1719,57,5,10.713470653713909,10.904439234643164,11.123244627517675,10.993926133992272,11.123210912808648,10.98760407035031,10.871022523620782,10.89092613302774,10.927293119427539,10.839921921023405
tid_1722,57,5,10.593507347920992,10.75314263249701,10.681264324468644,10.655457380043627,10.682818308233063,10.69852605306103,10.560378035530329,10.626198447378648,10.643967155456476,10.56738522378654
tid_1724,57,5,10.698936325013428,10.85838919628794,10.684163725814146,10.683287395075137,10.72992943230504,10.670339896057204,10.561472450353895,10.641536341889651,10.62388857281173,10.58737543503926
tid_1725,57,5,10.629597927986032,10.83674748958988,10.594763890241694,10.568830873414145,10.632695978406671,10.563601011664774,10.533618514431227,10.560789966056317,10.581410179310117,10.520651065959921
tid_1726,57,5,10.939286054079716,11.09423376993832,11.004947552831307,11.007145449315514,11.00276513038927,11.043918150302105,10.942503035713152,10.953444507239247,10.979295443582021,10.965907284454007
tid_1727,57,5,10.77079390138159,10.88228161094357,10.634451447310239,10.636811970359346,10.646769616935636,10.67038101504534,10.586952327311991,10.64509450826757,10.679029109136462,10.567896468004331
tid_1728,57,5,10.6706284130044,10.804768194538454,10.609081812384643,10.601227498634316,10.606617127863384,10.685614039461184,10.566116411947768,10.629014658267025,10.614978445852755,10.588063838937847
tid_1730,57,5,10.821167319254558,10.908115115930162,10.561792618692204,10.570785989961935,10.578954142862708,10.674382099558644,10.494210867803018,10.557194168218592,10.685016397766493,10.494122639918242
tid_1731,57,5,10.49776974243181,10.689526080792342,10.644279488476823,10.716116191353237,10.65354145445292,10.758754685898845,10.622908820345843,10.72579428297277,10.710923350997778,10.626301070050424
tid_1732,57,5,10.726996106514774,10.891509004566824,10.545147280744951,10.528323804424677,10.568909281139296,10.550064339876533,10.499538917758663,10.512911392394521,10.52717246617092,10.466249550647738
tid_1733,57,5,10.813293302294475,11.00973230636282,10.613875684348812,10.655689599100288,10.637839711417428,10.656110643234278,10.533618514431227,10.583252705102735,10.655494825389146,10.552402719227274
tid_1764,60,5,10.899143839791025,11.065914663034626,11.042199144641748,11.074091246714223,11.09529442845282,11.058593153644566,10.990161477809933,10.98609437916024,10.998160478599926,10.99464753853399
tid_1765,60,5,10.783089403463215,11.049597106447871,10.90047014841149,10.888733633318058,10.868920424526367,10.868673177943567,10.868093327761207,10.85492293240068,10.825930017748705,10.837271585768914
tid_1766,60,5,10.624111271843548,10.774473339801322,10.766379708985127,10.835112778686046,10.758299224173415,10.770159777883173,10.637888165135813,10.71249928999668,10.727039141353572,10.712176978512089
tid_1768,60,5,10.532597419666264,10.68013913449582,10.70014990343551,10.786229290780089,10.726353015144312,10.80117037682548,10.574812714493092,10.65449230974786,10.718845086493669,10.607539332349626
tid_1769,60,5,10.70484543311676,10.837309707021634,10.919861500551274,10.90937879930892,10.88687101130733,10.757767031037492,10.695678062295562,10.75079189056296,10.668604410956926,10.733902319494545
tid_1770,60,5,10.870155759563389,11.039869181111914,10.906402037437633,10.989822372393698,10.981999207121477,10.924538447042067,10.797156029972697,10.847676323770365,10.831945832736627,10.795346391658196
tid_1771,60,5,10.399168065915596,10.567429893202466,10.79740595875598,10.825042334171982,10.808438481048722,10.63015235241125,10.608181876620884,10.67859254106475,10.590858784495436,10.62399439896198
tid_1773,60,5,10.457504840935089,10.626931127327424,10.719425650379902,10.697228693713352,10.764899754821407,10.682000369412284,10.567684973738501,10.608591574371138,10.658062963797446,10.595975505473868
tid_1774,60,5,10.516736181698189,10.796349972255188,10.724368343808372,10.752295245893727,10.728192202874236,10.69276442650162,10.707992880657539,10.73143291999397,10.696515735063155,10.697489591890276
tid_1775,60,5,10.412315181639446,10.566899490289808,10.719425650379902,10.741547203284828,10.764899754821407,10.639849785988417,10.560321771217234,10.651518111709816,10.627973845366204,10.591488833958916
tid_1776,60,5,10.695318760524978,10.873341799894728,10.740111293077332,10.836037448498459,10.733432426504697,10.780953462828974,10.632147908761413,10.742469103242135,10.723448324267816,10.62737110778646
tid_1777,60,5,10.530460207766476,10.66636599856974,10.84861444134489,10.876766141912787,10.829329799948761,10.771747360584387,10.694434648869008,10.707260394073332,10.69600204641015,10.726698067274596
tid_1778,60,5,10.577729652883974,10.736516233541272,10.864882780670284,10.912248366037836,10.854750215842456,10.867490050146262,10.772485712257465,10.802455799042157,10.810742448846314,10.785113850898838
tid_1780,60,5,10.698064784589684,10.880931707563114,10.826382205813218,10.821160909357962,10.863671591390117,10.883110315301547,10.697797135601311,10.729543851620654,10.84730963505722,10.753866538633293
tid_1781,60,5,10.672546612943812,10.920886170443165,11.004418860007693,11.067664311202591,10.902030022984794,10.939509791893094,10.746150960702131,10.833577702009649,10.836295569593515,10.808428972643076
tid_1782,60,5,10.575801725140018,10.721457376910356,10.846407388872855,10.887320188612957,10.83109636210413,10.809456223252434,10.702771449024322,10.763479366069854,10.738457686442157,10.765033167219025
tid_1783,60,5,10.696251535166803,10.881178135070938,11.467566285930168,11.313428959344701,11.317666082073982,11.448931010718894,11.147776762431137,11.159709175023591,11.262558853441908,11.042918147002025
tid_1784,60,5,10.54242139003942,10.674861176976044,10.840363073066037,10.748472985421381,10.831765272703752,10.698151022253162,10.585515044692958,10.625287269668007,10.672471283007624,10.568981132261316
tid_1785,60,5,10.615517820097574,10.78608912397109,11.03911830793917,10.910359602449036,10.95676091038787,10.817596732507464,10.740975460260742,10.763206599724933,10.805857207412911,10.799301678530073
tid_1786,60,5,10.735478863105945,10.82988305878198,10.740524529279,10.765205654317691,10.72411965403989,10.77569132131671,10.612987295109908,10.710964899391236,10.686691224060787,10.709391428121453
tid_1787,60,5,10.693824962680576,10.852913208969142,11.005101991320323,10.875815964870027,10.935834993281627,10.82575316254465,10.839756336692274,10.754993455337367,10.798275402257426,10.803693445122224
tid_1788,60,5,10.532847929348176,10.662377996989576,10.745416031515518,10.871687083174567,10.760273554302604,10.825428501555129,10.66954184066051,10.727618520763851,10.784724249711974,10.708624640026448
tid_1845,62,5,11.060239810198311,,11.117411347520292,11.095752464303338,11.05499535991229,11.128819520222558,11.058777675048104,11.079407106974614,11.098996239493284,11.050579331871747
tid_1846,62,5,10.711950282566306,,10.81797107526806,10.819818937785596,10.810147091304026,10.759625054182777,10.819528381139833,10.820654544693026,10.819334643926156,10.81311185399061
tid_1848,62,5,10.621744331906337,,10.688195402133118,10.69646277701959,10.76069416418109,10.69919751517494,10.683929282526321,10.713183217398939,10.708292865150431,10.653451846717228
tid_1849,62,5,10.668341252640708,,10.571905954704627,10.53681206643899,10.592903803313202,10.481081604137156,10.537666843430799,10.535824391095193,10.511493118676563,10.515234909905812
tid_1850,62,5,10.652473804764544,,10.559693113841005,10.620721892926914,10.583098805777245,10.598185621385424,10.52436079006135,10.612096237870224,10.55566380216122,10.601656569805607
tid_1851,62,5,10.423756447929414,,10.561792618692204,10.589651582581569,10.599727479289216,10.595386300641387,10.50610094768698,10.528230966353185,10.554733610458307,10.533984461489199
tid_1852,62,5,10.85255907493442,,10.756926979626591,10.716936492977805,10.784706288905241,10.743187381590008,10.705881990470708,10.737534592221303,10.763077962733455,10.704449372266348
tid_1853,62,5,10.679651475479416,,10.724368343808372,10.714544765287826,10.770166389824208,10.720731958196042,10.712381083549673,10.723921820997553,10.720116007656037,10.71686969837337
tid_1854,62,5,10.68364923508082,,10.663434012427079,10.713067195838873,10.69485634552305,10.586502195350075,10.628760977029177,10.654777189193565,10.585936995840399,10.700339730312562
tid_1855,62,5,10.57034722433469,,10.741110139448034,10.709198989850437,10.74028103253624,10.788496732544617,10.664791022694246,10.696918936465181,10.703834744796296,10.683327700794388
tid_1856,62,5,10.833227437734289,,10.706151432073215,10.70559252168294,10.734853544347281,10.775951317019414,10.6861810491148,10.732008033638909,10.75266392297937,10.68207884556621
tid_1857,62,5,10.687023732823754,,10.765916047706694,10.742170684541462,10.744955911378845,10.79134068508994,10.664791022694246,10.738958574957536,10.752991341446863,10.697380967152917
tid_1858,62,5,10.728509128658905,,10.792470101923449,10.659600213792746,10.811000282178686,10.668561582552154,10.646489601504028,10.61219235640834,10.689454752938511,10.612097860356494
tid_1859,62,5,10.745470600007703,,10.791286225034627,10.727150153097549,10.812215858579563,10.771733917256292,10.682390879079824,10.747840899927194,10.782707895227883,10.734711784877964
tid_1860,62,5,10.97673245934161,,10.56378536929871,10.580896795635049,10.624320762847658,10.659445200315933,10.505321191145596,10.548417757785877,10.585349636648099,10.56745989467047
tid_1861,62,5,11.10223774272362,,10.905432053621336,10.899602526654112,10.93582223364055,10.973503592365995,10.843911423666288,10.890932624616982,10.900460523662378,10.938842774995589
tid_1862,62,5,10.617994970217405,,10.864882780670284,10.810729779838814,10.888220926296839,10.825227572492633,10.806658833870822,10.820277122854128,10.862540879911768,10.78868531006456
tid_1863,62,5,10.96113894814914,,11.094889824076615,10.945245686526393,11.020723668166658,10.98932521672,10.983739950997823,10.963901912693949,10.95870462107885,10.90170090001664
tid_1864,62,5,10.679154370644502,,10.705609658767646,10.678791664930639,10.767918042989855,10.879444582252038,10.597963026597053,10.631078882465056,10.806785761289028,10.604181355518657
tid_1865,62,5,10.697902133374525,,10.62542000998704,10.620214169675439,10.632897874215919,10.61566438604321,10.590289232203354,10.613434135701583,10.622058357012623,10.582456575664914
tid_1868,62,5,10.621473676442992,,10.763771948246266,10.714677477245022,10.790764225461237,10.79430010079866,10.729654977284802,10.72565279181792,10.78698206779452,10.74790471385087
tid_1869,62,5,10.772086916343246,,10.705855749233615,10.820843037931024,10.71961514381728,10.80691142106527,10.671223378903287,10.752769954075239,10.729793494744657,10.73953579987206
tid_1870,62,5,10.521636364657205,,10.587310239210439,10.533404814466364,10.564970339974566,10.55659812962479,10.501869268665448,10.48567934401807,10.46915700856053,10.506728074181895
tid_1871,62,5,10.602870251778464,,10.594763890241694,10.546903328034169,10.643843372416127,10.590535639724479,10.538174231125756,10.525958964853453,10.573008436534693,10.581757168716052
tid_1872,62,5,10.646526671042189,,10.728581410668838,10.663868145477554,10.67385570422327,10.644189785885597,10.681993530639934,10.629029137854754,10.630693007399998,10.659537637846674
tid_1873,62,5,10.673915167665132,,10.725469440223016,10.780684846528638,10.8027129518691,10.75581511561942,10.719979054577324,10.762071078402675,10.727830314419647,10.754378459169715
tid_2044,67,5,10.949705941372654,11.13376678849691,11.052391355496052,11.056075827352847,10.995662756902197,11.112019717606387,11.042694869208304,11.061575413189393,11.101535717854054,11.029038350448849
tid_2045,67,5,11.211958200525382,11.377804237799664,11.167674002497462,11.201115385908984,11.150896518320337,11.164164018681188,11.041295839372282,11.084142286521711,11.081415000012814,11.011327659595954
tid_2046,67,5,10.474020671804402,10.683016536946118,10.698119115544307,10.706613819985634,10.744244022736753,10.689833878554236,10.644398076679398,10.67150075724978,10.69767085108285,10.660789252443935
tid_2047,67,5,10.813470431671847,11.006510101692786,11.035396167003224,10.936853991600085,10.975809020811045,10.88786760286163,10.96145148157364,10.964580677061699,10.873090805363828,10.911613398102084
tid_2048,67,5,11.01665342221175,11.260781692878796,11.076605495827604,10.953072691938118,11.000123328107419,10.961260228818064,10.997400694057111,10.981149680947611,10.890896112863798,10.969804677201056
tid_2049,67,5,10.595866938417162,10.762833259565989,10.613875684348812,10.69232936449504,10.672829728556081,10.645658598687318,10.546623177561907,10.665363502589406,10.615798816800003,10.646644234806422
tid_2050,67,5,10.422912099365483,10.595436515520026,10.607741261557567,10.650997053850345,10.610885143943834,10.625039159675033,10.650080454602831,10.63879458838172,10.666878489644457,10.574810436811713
tid_2051,67,5,10.887898508584634,11.175886467770576,11.119484795141789,11.076924067091166,11.068276072631136,11.031228450084477,10.961697816573595,11.010739485806564,10.933319118837787,10.97863822597524
tid_2052,67,5,10.645598691686189,10.825219454359669,10.696776614386165,10.733467833859448,10.71956068378498,10.828148932856708,10.706126106703302,10.741109839722935,10.757627189129558,10.657743930242654
tid_2053,67,5,10.54337371453482,10.699716905299418,10.796938273102812,10.73988736315737,10.75524658120492,10.748973707908394,10.65706251558794,10.713499108903662,10.701524952769208,10.632770840021397
tid_2054,67,5,10.425404440201993,10.605775330262794,10.579854302287611,10.622833409070566,10.578471295030194,10.649234657862825,10.53290698861729,10.613542610670052,10.618182424850586,10.61740434176909
tid_2055,67,5,10.595098553776582,10.89025725111054,10.699159525121301,10.825029024590577,10.71536919016012,10.94701190741355,10.66195672005863,10.789963187844352,10.899781227246507,10.73531905541428
tid_2056,67,5,10.543969445324306,10.676990468694331,10.622537295625424,10.626484955046172,10.602756451172178,10.620640631860928,10.582168592686234,10.618547448904517,10.585511256649097,10.561118724564599
tid_2057,67,5,10.487386112991391,10.677781446515556,10.524039245310753,10.573284797980891,10.514729046651066,10.623780146635243,10.497814748868747,10.579685657792929,10.556746126324517,10.513227504825775
tid_2058,67,5,10.437331216847324,10.6098988741409,10.84598824926513,10.791701775603322,10.84015699382261,10.733891107869187,10.676531565180296,10.665492581126838,10.696192356410014,10.634516784904957
tid_2059,67,5,10.624872274507313,10.8312324344554,10.776649366968861,10.793042505427364,10.802081190206207,10.797355611646044,10.711887583859061,10.781709863138053,10.735490895945572,10.726346214595607
tid_2060,67,5,10.701832235467956,10.895505231031596,10.882698900888386,10.92258147553471,10.923732162797636,10.936586399682662,10.831607348297094,10.889539484728376,10.824651141702569,10.859316970645235
tid_2061,67,5,10.505779614751988,10.753649165609351,10.729841846035722,10.749385719634818,10.709825879104184,10.774826157194989,10.682542250020827,10.69809022558785,10.682382727004091,10.741815938809907
tid_2062,67,5,10.71007948309588,10.91462653936193,10.96384393793141,10.934852357262281,10.942043569163934,10.909569516864702,10.902263398684168,10.917494779258273,10.879258921496586,10.892472021374083
tid_2063,67,5,10.70243964999304,11.091830849973832,11.12615958604266,11.064507859159121,11.140637867986682,11.08441098538081,11.044235575896247,11.013037240327133,11.03563627551302,11.070361840052804
tid_2064,67,5,10.693205481685975,10.869246314015117,10.926273672810561,10.860181604414965,10.896121471888206,10.812991153107205,10.860818428611417,10.85098176135996,10.826502005453564,10.82620666095124
tid_2065,67,5,10.489892708037878,10.65201503926134,11.029847855897048,10.885807522255229,11.00707762473306,11.011345923152689,10.747935229572448,10.799632460678886,10.953138568462505,10.802587782681048
tid_2066,67,5,10.53225886539638,10.720349032865853,10.87781885813107,10.841781552615807,10.876792226847682,10.675840091340316,10.653898816561567,10.746901495288109,10.685645191523331,10.658305585468108
tid_2067,67,5,10.49084912710015,10.651182102234804,10.594763890241694,10.568068608235768,10.629096737296495,10.595302947241768,10.532166474444445,10.53983870890168,10.59121234645712,10.494883666581455
tid_2068,67,5,10.912417627977456,11.037372064191771,10.734886026434681,10.748105096891585,10.77053141772529,10.692923800271917,10.661641061568712,10.679429315307393,10.68845641532942,10.643153009800248
tid_2069,67,5,10.40155007331176,10.59599452820865,10.572388063247956,10.637177667200394,10.560321122027178,10.624540955463406,10.498342125400145,10.612153060699102,10.610723023806424,10.544893987225013
tid_2070,67,5,10.733034507976068,10.927482252038336,10.937883973626818,10.9543155800837,10.860464357192651,10.933372203230425,10.879753351238273,10.906913759921572,10.85479749886079,10.952333461537808
tid_2072,68,5,10.673690677136186,10.797293383031132,10.706700978048477,10.665314816909449,10.66699662021289,10.685188612454192,10.674981779105414,10.621297724565425,10.672875895759335,10.61049045525177
tid_2073,68,5,10.7258191914769,10.990462387960116,10.699267460435898,10.738629912539741,10.769634265643585,10.75928376276566,10.673441333576843,10.727344310448604,10.745149557871994,10.724944779047801
tid_2074,68,5,10.803803362095614,11.01759910465116,10.801089175871528,10.760205393946997,10.786598527811055,10.779597252232133,10.769471308539341,10.746039420789861,10.728179351386922,10.744057308416627
tid_2075,68,5,10.512744842830038,10.671220269769131,10.72490710633714,10.623984506309904,10.722303495925699,10.639364250268645,10.683740061917398,10.642272441430366,10.662446255429316,10.661148282755015
tid_2076,68,5,10.672069146565988,10.782360904274164,10.703647790752408,10.68198985202818,10.726298726780348,10.687796547335365,10.67325211296792,10.659534178737522,10.667858581978932,10.640386414244317
tid_2077,68,5,10.597414429054163,10.739572063369163,10.715690114843236,10.635924869074962,10.658662756231218,10.646862632597404,10.680358503696816,10.663858172014079,10.668835897273603,10.660280875908613
tid_2078,68,5,10.552256945061783,10.757892242337736,10.494494540872454,10.478976458334733,10.474012646356776,10.47512183976865,10.450270150198248,10.457931173543685,10.447552512451429,10.454047943806621
tid_2079,68,5,10.676185011854082,10.922336677787898,10.553482584469931,10.505461191902741,10.554542932615096,10.504828664343853,10.519758729072489,10.456336103467375,10.466976958426319,10.480067872382309
tid_2080,68,5,10.930118580355,11.075127229737715,10.758298446018916,10.717053759683344,10.686016164759373,10.74155441317022,10.692615780967174,10.71357372093848,10.703358517585556,10.757505070125012
tid_2081,68,5,10.603868506157951,10.891894273883212,10.632607644714616,10.628499997555751,10.618511982233452,10.641481981663755,10.599032176194555,10.632607874908182,10.67300615030904,10.615497863011212
tid_2082,68,5,10.64551060787796,10.844104000434047,10.64917292720107,10.575655151984671,10.588561439487718,10.606402913403047,10.641754761020104,10.584273710936744,10.615429242134669,10.592760418710103
tid_2085,68,5,10.665236861586257,10.791107168059012,10.617953999872178,10.577556193994134,10.613995833729717,10.550050686856322,10.578037045910923,10.58343301033441,10.585833679714842,10.538124002638332
tid_2087,68,5,10.576011018800203,10.707482665306587,10.600364450611032,10.568093505309065,10.59413749088435,10.561585511330218,10.591985510994258,10.579613738047588,10.560508387965823,10.571745290020383
tid_2088,68,5,10.640378854043275,10.862627023695124,10.606472608810316,10.616867517030604,10.586120739808477,10.557340441682083,10.597525877698535,10.633072731031943,10.57890070425792,10.608136395285062
tid_2089,68,5,10.760828384464002,10.947127858909266,10.690433868985053,10.738630520104351,10.625244443081819,10.704798851045641,10.645107652678343,10.658884122960893,10.654218165996332,10.73276889776326
tid_2090,68,5,10.71216857454383,10.841948694530242,10.553398319832702,10.552917861717503,10.540911332654714,10.58815061600488,10.547666638914123,10.559142015451595,10.554579034021996,10.533776173605347
tid_2091,68,5,10.573133223360973,10.764430465747292,10.565233788471252,10.562383723306537,10.56093061573432,10.557823319678091,10.56060125836758,10.548432649371367,10.572790259347665,10.545743835369283
tid_2093,68,5,10.597249544061071,10.758940639906127,10.616359720109703,10.603002557627855,10.600268897051418,10.612063632225032,10.58689136443412,10.57281393576554,10.605493568815712,10.580329767930447
tid_2094,68,5,10.627978349376004,10.78058205095737,10.619057008836602,10.600036014570549,10.624337561580653,10.606920373630576,10.588185350587661,10.593615893781696,10.604893722670395,10.558752118439244
tid_2095,68,5,10.458624755134627,10.599146575776238,10.668119747880697,10.593734072893445,10.660032854886879,10.596300110121236,10.621339361554812,10.58566166017898,10.595218093725887,10.564400076310257
tid_2096,68,5,10.69832226158757,10.85540794205036,10.619409543713306,10.58299468222511,10.574410374966275,10.571738628464573,10.580772776343647,10.555231833502377,10.546633705790043,10.533438641330566
tid_2098,68,5,10.839814217821807,11.031546986726966,10.62338882261278,10.56455523500563,10.616394659275254,10.589461919519053,10.592113861602577,10.587043903459403,10.602409531968881,10.558109254325194
tid_2100,68,5,10.603540831010172,10.787403841971582,10.55151395074398,10.619798989794804,10.515343369933417,10.588826971147785,10.517490603332881,10.587036144832936,10.56958733925252,10.581903085791579
tid_2101,69,5,11.083951680642356,,11.250390100803333,11.189440191856031,11.188929201348694,11.140043876761498,11.14117267714763,11.15152008462818,11.092613986014875,11.012625698192792
tid_2105,69,5,10.860150257686168,,11.002710275818247,11.10961204984949,10.992581280174036,11.054068410163895,10.890302785035352,10.93596953262717,10.938727485872757,10.955567161979333
tid_2108,69,5,10.868242681237582,,10.949427568985177,10.879723715302177,10.902002688394221,10.857080232496713,10.870708960082661,10.864629495917882,10.850608088350821,10.919945963474351
tid_2109,69,5,11.338470882229158,,11.190997026245846,11.19843587114241,11.10277212825055,11.227144461807121,10.99818235773422,11.041117502350227,11.096916305305653,11.025157455967229
tid_2110,69,5,10.617130747394894,,10.825849174276224,10.766462503626341,10.82317954701196,10.784339493862156,10.711938470435564,10.73886864992169,10.762220352444748,10.765916522976866
tid_2111,69,5,10.753978167795696,,10.825844469102446,10.868352163722172,10.90329515366742,10.82164694148894,10.766700186697719,10.811298302603465,10.760447934047875,10.826417778243522
tid_2112,69,5,10.53750820732319,,10.798925025199425,10.847405739922262,10.777533222702804,10.873463467364788,10.68017797899836,10.741815039199771,10.777772733731315,10.709813341942832
tid_2113,69,5,10.798957018477884,,10.902012019088483,10.95538048528334,10.929780171865051,10.86567807535391,10.801009473350629,10.863360965351577,10.855638353810132,10.895694500201653
tid_2114,69,5,10.544472640359878,,10.618382580051161,10.758267814958604,10.63791949016209,10.755457120399425,10.587615245008484,10.671009321093244,10.682522262009797,10.605809417995257
tid_2116,69,5,10.434886095082916,,10.798925025199425,10.895693299409377,10.777533222702804,10.916537616636283,10.668418342253931,10.732594133656663,10.848431876031334,10.674579378911943
tid_2117,69,5,10.549338702153458,,10.828941218020377,10.80058680999146,10.800108631722223,10.74796091287035,10.688770993428928,10.746617109907913,10.644984365963358,10.742834922325414
tid_2118,69,5,10.70656255272378,,10.76515552640333,10.878701467722129,10.782825136092823,10.782371238950311,10.698048003835888,10.787191474993774,10.75550543401806,10.776965598824873
tid_2119,69,5,11.01286667031513,,11.137325283481958,11.005963864356142,11.104068577110485,11.055810093582293,10.984393121103539,10.982720063151909,10.991373883062998,11.003279959782502
tid_2120,69,5,10.664356463692318,,11.099393297754245,11.01331553123785,11.060259740289567,10.934735890738919,10.880713755163743,10.912405134727958,10.936670068964764,10.858089919794308
tid_2121,69,5,10.698703837999489,,10.838062001784758,10.836907173944232,10.882113779346348,10.843859081010322,10.740570171411159,10.787090954283904,10.824308754853961,10.806681184223494
tid_2122,69,5,11.151341347878148,,10.96600529264892,10.824883453495918,10.84579314497572,10.782471062619727,10.629212952135665,10.668234063239389,10.705077691386883,10.692219119401864
tid_2124,69,5,10.991227618873008,,11.092306795044259,10.928913180205882,11.016103604420627,10.840321107687691,10.92935814510172,10.915862796183106,10.864790737978653,10.863617001485283
tid_2125,69,5,10.569427962657857,,10.594872707400464,10.563405114934252,10.589002209868319,10.580539280730639,10.52000374606511,10.52341629782084,10.530265771196579,10.519430555156406
tid_2126,69,5,10.865493248805642,,11.069425936527265,10.96947610612027,11.048599611226987,10.9522590267148,10.84222247880427,10.871994681859452,10.890879455995584,10.854158442014207
tid_2127,69,5,10.50763957152451,,10.705142572754585,10.72008886395259,10.693787908856896,10.717781235685509,10.583492958379606,10.627989837566517,10.66148091252002,10.66395805428585
tid_2128,69,5,10.67040086111346,,10.789021515596708,10.878742870741059,10.813540281843267,10.865026953954803,10.690975899123243,10.727786099581843,10.812821937374872,10.757282044417106
tid_2129,69,5,10.541153735136556,,10.687537821707748,10.695047865031919,10.685109701906764,10.686055391668582,10.61741622635486,10.667264725873938,10.65117165254294,10.673126371096862
tid_2130,69,5,10.511311022105794,,10.806323937460496,10.904083447735031,10.777640642512862,10.911777294757108,10.649497531983995,10.666716626720984,10.774745406626376,10.67964942907569
tid_2131,69,5,10.556286584626378,,10.83433162746459,10.948637101085385,10.882113779346348,10.854630734253158,10.786934128790598,10.849713129691121,10.765041331263017,10.834076327505228
tid_2132,69,5,10.380721231865584,,10.85658830852731,10.807118219617884,10.800108631722223,10.822060903207431,10.696765902669354,10.795238096538455,10.780883680555835,10.764646417068173
tid_2133,69,5,10.48547409587344,,11.08729525782954,10.988885522452888,10.98360936019071,10.836738107535954,10.781680063116298,10.795074726388691,10.84088851435407,10.805960507271863
tid_2134,69,5,10.662548870140084,,10.67430762037691,10.787969967007154,10.692943514666563,10.968772310147392,10.624571818517278,10.704597245233789,10.854750011750378,10.707528017388823
tid_2136,69,5,10.532024209366378,,10.866685788790297,10.929035897989975,10.813521460189413,10.737191298544207,10.673921915011954,10.711878048527133,10.656454384376545,10.693496623682478
tid_2137,69,5,10.586917675032693,,10.708804206602327,10.747026174910465,10.730101470929794,10.715636696620274,10.629490688655048,10.69738091973238,10.67257425414708,10.711542953668514
tid_2138,69,5,10.499639133769875,,10.849505857283244,10.848161235565172,10.812915766730306,10.78988081231495,10.665591041661749,10.761414267959843,10.733040744680071,10.673525732266185
tid_2139,69,5,10.475977257693216,,10.705315710979127,10.691069182061794,10.720897819133958,10.709429717697118,10.549714270836137,10.62881637926613,10.698932484863612,10.666526555497867
tid_2140,69,5,10.670361382555535,,10.772050595886654,10.788473692660052,10.804572419273219,10.814417109159807,10.670378378260073,10.73460910122623,10.785756747302004,10.774541813722891
tid_2142,69,5,10.604131561522696,,10.98889135090776,10.88646985716531,10.965013470421356,10.799620156940518,10.798789838917955,10.78636324549722,10.771767286662204,10.815139544102644
tid_2143,69,5,10.514659743100236,,10.91852161097864,10.822120333170808,10.917002664000842,10.954643856902047,10.62522138101742,10.622418792303119,10.850598732880107,10.674801616564553
tid_2164,71,5,11.165898118653985,11.376826206770572,11.246412922221133,11.186236874598295,11.172793192191367,11.243059689089728,11.17302872473999,11.172009218635443,11.185953658640818,11.052840257904716
tid_2165,71,5,10.865275413438637,11.092420320404283,10.962355361743048,10.895384713272412,10.949887523636034,10.989021398003311,10.93937706285891,10.951226245101589,10.931232739933353,10.908066929585896
tid_2167,71,5,10.778270638217966,10.928650626381224,10.878649952726539,10.812504691935409,10.87252448085394,10.840225847149743,10.853826253793542,10.854911755125302,10.855665928709342,10.825584874410252
tid_2168,71,5,10.891246489729037,11.09151540914266,10.889046032377859,10.860684826011058,10.900084860473633,10.883484273365347,10.882870846573958,10.867210657232793,10.863906196976693,10.858081428306456
tid_2169,71,5,11.090948279762506,11.29942402869874,11.026761280347362,10.971019192781677,10.994338498762456,11.010421140488537,11.00474181942005,10.974915196822241,11.007044402826715,10.972852225725829
tid_2171,71,5,10.56984147820076,10.78365979438312,10.898519090073838,10.831176694072196,10.91884878518113,10.852316113377686,10.784389149040761,10.793053089847888,10.796181900705312,10.819862983997774
tid_2172,71,5,10.680387473157449,10.95539250643891,10.94496452039029,10.812047609006845,10.93571555534419,10.788210758083512,10.837700434899023,10.823068411944915,10.765247631843014,10.798241346885632
tid_2173,71,5,10.919373814425684,11.079830647723355,10.978169487960713,10.856007508077536,10.961045839962155,10.912131207198676,10.888842609758077,10.892431250460266,10.829967102342703,10.855727857367873
tid_2174,71,5,10.81743955170572,11.028133018251054,10.917545103788578,10.922980917218736,10.957906541185448,10.90438711453357,10.911444087372658,10.917859147880542,10.916040513502963,10.958139063610115
tid_2175,71,5,10.941254049098124,11.170602747613,10.94236073296404,10.878158291426612,10.956640088206214,10.884946133253335,10.81688898848063,10.842071633903467,10.892002588175101,10.877756205850503
tid_2176,71,5,10.717606014225511,10.909801787057871,10.82091750129159,10.779836596566048,10.88027810168112,10.941872833314822,10.792961641536582,10.798168186718119,10.887937817453803,10.833641065538039
tid_2177,71,5,10.8178844923175,11.01842584380301,11.236747624093491,11.097707015046616,11.106175879635128,11.12755793290358,11.066721349314339,11.08329755469375,11.095534858741903,11.065605392065642
tid_2178,71,5,10.789119056922909,11.00421759717524,10.922731324905383,10.8357295719451,10.917002664000842,11.09789321769644,10.645995792856494,10.729637857652113,10.930527154438014,10.7321455538466
tid_2179,71,5,10.81186304136047,11.038277467322828,10.846213388684404,10.774672217255135,10.777500319340877,10.80291190952099,10.736926066725081,10.786974640283418,10.808246347433142,10.799357267398465
tid_2180,71,5,10.747469922755013,10.926984695354658,10.879990454739882,10.917620479769715,10.956479524638743,10.95212284957908,10.829220114400448,10.885729136917918,10.897111542595296,10.950659621007743
tid_2181,71,5,10.749576825733117,10.953523904086552,10.816210612615624,10.775587937512634,10.846225260791888,10.828428612042314,10.715415562537647,10.743204642634572,10.786834885367876,10.750019902558597
tid_2182,71,5,10.72381569183102,10.922040605616338,10.906007461217825,10.793374493615714,10.84741021007214,10.865944658278243,10.806906035541218,10.820327180374118,10.843575453877815,10.78742156071382
tid_2183,71,5,10.828890640498273,10.939640933947734,11.013446722611075,10.983939058009486,10.999064275688745,10.90309541996115,10.888842609758077,10.942350364721767,10.884013633039636,10.946413108735149
tid_2184,71,5,10.780783785668593,10.995603787460537,10.834467743784831,10.824258464553553,10.848831390088867,10.846127757311463,10.80697960800049,10.834412227269585,10.816082021665338,10.805660778073372
tid_2185,71,5,10.629873648610232,10.821975867953771,10.90113134284133,10.716945818039008,10.856630377470943,10.754603563675069,10.714666459550404,10.707844335722593,10.732543734576709,10.72659231126939
tid_2186,71,5,10.99072876824146,11.21662233778618,11.02533656528278,10.970494913408125,10.981283199104773,11.002368419260048,10.936145237907056,10.962228162131348,10.9576481107018,10.904264969117373
tid_2187,71,5,10.740016204023894,10.928395889987168,11.116629638303307,10.959238734352034,11.015298399485202,10.876633003141034,10.8919422191086,10.910431915231321,10.853329472651094,10.911528779779797
tid_2188,71,5,11.00195483069072,11.217036474371117,11.10236652274398,10.9210628658083,11.034111448109012,10.975683710557712,11.00505223382147,10.991617330855982,10.962642429944637,10.937470348569502
tid_2189,71,5,11.119918431784091,11.35364247065283,10.999369487930759,10.99554703723745,10.94877392850002,10.981451323559481,10.92265989001959,10.954443563139638,10.986761837130583,10.976183574668779
tid_2318,76,5,11.08036250399904,11.247838196490088,11.257339119034429,11.19157602266485,11.285653937309888,11.217887612039318,11.14117267714763,11.166732030384644,11.210707612955302,11.04608157777387
tid_2320,76,5,11.022748515730264,11.190972117331038,10.945607813939915,10.937564433149914,10.984860660875032,10.901215178588854,10.877105877325487,10.880325852297947,10.885592687272457,10.854603219612383
tid_2321,76,5,10.669762045989218,10.833241250611245,10.681264324468644,10.787507165672267,10.682818308233063,10.801477013659502,10.575166030991323,10.662974825062618,10.683976908535644,10.668954728163827
tid_2322,76,5,10.708254369524951,10.86853797192483,10.895519500079638,10.910648550592192,10.871598835608339,10.873095234877901,10.684983929739207,10.74629617406012,10.82486669474494,10.771951579808368
tid_2323,76,5,10.58377236637913,10.728235200183205,10.824015590415307,10.848900477407618,10.824811472185454,10.698697517059426,10.65324438550951,10.670311958038733,10.648959364596475,10.680164668596055
tid_2324,76,5,10.8437408745015,11.036074445767047,10.854843195699889,10.835858814209,10.86977046274901,10.962926547510213,10.707804367646766,10.762730536656136,10.883429394663521,10.764663029026302
tid_2325,76,5,10.728677831259624,10.898458217774737,10.742284063175658,10.771571306413117,10.73706197815311,10.73432648178167,10.646205246467773,10.703126545456193,10.701861712469675,10.696368476151708
tid_2326,76,5,10.62478720711566,10.799551086996964,10.65711699138899,10.708930881534508,10.660761684105983,10.666687561029086,10.614417871927458,10.648224270070626,10.637968652090256,10.6261402442542
tid_2327,76,5,10.911418100298706,11.04756703008422,10.819650579314255,10.878621212762473,10.862021712957102,10.889089740979825,10.74691626935883,10.769484265958706,10.78214869173403,10.792216421100678
tid_2328,76,5,10.820865692967237,10.97973663843097,10.815668430812757,10.78572249242563,10.758344268880817,10.763230652534098,10.632336136098806,10.707866360095716,10.735586776773339,10.710827167840495
tid_2329,76,5,10.756804405248472,10.926202833783403,10.825314873055765,10.898635551229379,10.857277904052632,10.87986247168803,10.691915743146584,10.730758971411982,10.778443938132515,10.801526826074895
tid_2330,76,5,10.647220902529693,10.8226302137909,10.72261191714528,10.73884677032649,10.761334666016463,10.696225729072436,10.610281903187241,10.655645973101219,10.64466972213954,10.663468946621007
tid_2332,76,5,10.535402739366656,10.715319584216848,10.649854743027804,10.629126091257621,10.642173502366045,10.659052175856553,10.564103738774872,10.594127538077414,10.596577985963307,10.588606470472095
tid_2333,76,5,10.799330649141178,10.992130310166749,10.942729493873752,10.973413312288713,10.948565055018985,10.812887018349043,10.844308205676441,10.885350361726053,10.830103863320142,10.831376568670352
tid_2334,76,5,10.93649586378076,11.135818924547088,10.864882780670284,10.92563534822126,10.866075721244334,11.011391530093064,10.76756980348409,10.823329362062598,10.961315002749258,10.804276939915757
tid_2335,76,5,10.747796665349249,10.96085935635134,10.997053999089255,10.991330022931288,11.010581017252688,11.035461531757795,10.852181522264194,10.886798446581839,10.899911706244747,10.90177009770221
tid_2336,76,5,10.783172389637766,10.96380936191591,11.033410597208372,11.00290854172656,11.039950071818916,10.924936644497492,10.877331685684057,10.920744788048868,10.894620138083972,10.885542233568358
tid_2337,76,5,11.062617790664712,11.25674722752312,11.2827304571151,11.222110377332358,11.343023095974894,11.212159198520572,11.107118444925312,11.1471191981846,11.148825281286259,11.046474073689645
tid_2618,44,5,10.699270289422245,10.82923344318104,10.770320824114378,10.857011416491138,10.803101863047816,10.770514396904119,10.683269131973361,10.738457734301855,10.719490923525383,10.76836952187176
tid_2619,76,5,10.901129673847704,11.096280595568912,11.079350094928454,10.942018442081967,11.03844408307794,11.024875205656096,10.966412577842739,10.929837610444503,10.977200221119391,10.899408861246112
tid_2644,50,5,11.213023701948613,11.464291788555949,11.260621687861992,11.207580509525771,11.266792183196618,11.21430347680701,11.269613446510867,11.243985726032959,11.222747867765428,11.106307198265384
tid_2646,40,5,11.368930375457026,11.443274162479437,11.298972388887087,11.222485634320183,11.292852049803333,11.230622939328676,11.272787600297876,11.27226665878418,11.231893392793953,11.128852470425354
tid_2647,40,5,11.3027660043393,11.49319203527984,11.103613465024157,10.94653357864351,11.026466416011951,10.970658830163389,11.054389317952586,10.9897334396169,10.983680998059878,10.959897569610431
tid_2648,50,5,11.117732418132668,11.271873765700086,11.322825939709258,11.225850407482206,11.298634411878885,11.270386887171163,11.279957522616684,11.251498867364761,11.227873700181853,11.171460370601103
tid_2649,50,5,11.358506582513192,11.508212375793702,11.42196346421308,11.341230556690949,11.43931984872373,11.265704818258431,11.357220398182903,11.312829078783345,11.294233326256032,11.263077916591572
tid_2651,50,5,11.537012040298574,11.753574890414104,11.581920994801992,11.441373655270386,11.51448734756968,11.34942615913197,11.57096864774236,11.486351480684556,11.402796808996467,11.456006066238563
tid_2652,50,5,11.16830330778414,11.349383659572046,11.267638192940545,11.206525644497688,11.292298545437706,11.21062503324404,11.25716326289252,11.22101287018369,11.20754540194136,11.053791785535653
tid_2710,69,5,10.666041852104003,,10.847012334799695,10.81477360508276,10.86037638687198,10.82800322365501,10.80422669873602,10.804776028607183,10.826615037667038,10.77674084247438
tid_2808,50,5,11.195894221636047,11.387758988677334,11.258389233440623,11.224753063685961,11.299353705984961,11.321825164511388,11.27711879951041,11.263298923865745,11.257434621310148,11.128105491320177
tid_2813,50,5,11.049463591703832,11.192746371269337,11.163664526216719,11.091819083804712,11.1443413209275,11.067634070123464,11.107799932151588,11.10702372081531,11.088810933584725,11.140483676375139
tid_2814,50,5,11.209890132092564,11.388009424817144,11.595687756372971,11.374652163031648,11.535683886069771,11.327522999380793,11.484545067364198,11.423857272558731,11.343299740053448,11.433589060050593
tid_2883,69,5,10.78436248338925,,10.966138536754421,10.88363638867768,10.9177894268248,10.901617688925057,10.876094681906677,10.880776984182434,10.88944484031977,10.856381397971518
tid_2884,69,5,10.84587673761179,,10.81083856309304,10.786947749962872,10.832830543518485,10.768432616006308,10.808326663882742,10.798887073560591,10.759778957883302,10.78394028116763
tid_3009,68,5,10.82227516460887,11.011246218610385,10.957726750617226,10.891953438214895,10.931353781042182,10.907398024142678,10.911120290930395,10.904008287617426,10.878737258364511,10.880059669208142
tid_3013,50,5,11.330211031010146,11.538604907556842,11.466501276649115,11.321389865754332,11.399585733543647,11.280830732066935,11.322734690613816,11.283682016489262,11.238022920156551,11.218272994079966
tid_986,33,5,11.023344239107011,11.2104478090307,11.126304153281218,11.073426788803012,11.134526519785206,11.135942878663323,11.063366880153295,11.043527310677415,11.07031772050822,11.010886108605796
tid_987,33,5,10.84146345233987,11.0423328623137,10.894757079049292,10.896995041402404,10.860595164828913,10.919056879967348,10.910728496231124,10.88510317303739,10.86011047538451,10.875168283277626
tid_988,33,5,11.00887682548326,11.197651547880172,11.054661096651168,11.101689053636617,11.045758163932495,11.10975074207212,10.952199882235655,11.041933317212369,11.000051216891583,10.978857324731512
tid_989,33,5,10.89304919203751,11.110758412293398,10.958733736277116,10.952015030665619,10.902344828780313,10.932212888137585,10.963875888063725,10.92276357637842,10.911697856470994,10.889691544260238
tid_991,33,5,10.874272151496394,11.056660624863085,11.09795220793242,11.015465013194708,11.047702105144454,10.994201836881222,10.978488066521987,10.977569289414832,10.97148563496903,10.954815845705905
tid_992,33,5,10.603317354559936,10.812449494314428,10.874431689390349,10.922170936735926,10.888153522705283,10.88862366979417,10.834638437604546,10.843038879023311,10.812388748558735,10.832057888134905
tid_993,33,5,10.83041748684782,11.044006047754154,11.055500306430243,10.914110024878138,11.007678602872202,10.86997709741023,10.841593307386939,10.835176088767609,10.83097006101119,10.848594554206427
tid_994,33,5,10.782020340887668,10.942788523293247,10.759891680338873,10.837272233159123,10.751745120879564,10.81357525618535,10.742922106010221,10.777621888713728,10.781886426910798,10.776773727315728
tid_995,33,5,10.885599732245357,11.089041771338046,10.913184552806905,10.904270625482937,10.92504340470494,10.940439552142944,10.789902238045718,10.811534211561106,10.87229316011496,10.822111184916633
tid_996,33,5,11.059733327364643,11.261376009072496,11.250255850802127,11.064351383687638,11.14769380081756,11.064250858767352,11.056048388081512,11.046471027695642,10.980602231039846,11.038000982473006
tid_998,33,5,10.892216148423762,11.083372561332974,11.05930771476016,11.09951027512477,11.051623644630501,11.092959606345206,10.935130819795214,10.98783898389117,10.939517507955562,10.985926882562223
tid_999,33,5,10.618117321016872,10.8229552325621,10.732242017339129,10.721361029468477,10.790552083201145,10.765896450225974,10.736746296669464,10.727325127989257,10.762905941414749,10.735567640739069
tid_1333,45,6,11.013787935199428,11.235730872810397,10.928087166350963,10.96516963433474,11.003434516814703,10.964160059533905,11.016567920635435,11.013195290016633,11.002209473225772,11.06435761465151
tid_1334,45,6,10.87151078233384,11.075895383604486,10.768682274224759,10.991684432605393,10.81324219281365,10.836049673536296,10.860031894398936,10.956337802729617,10.884878041028246,10.921344710248876
tid_1335,45,6,10.470203786818956,10.715064226420331,10.521272657118823,10.470256984496643,10.53987154155601,10.498772107525308,10.555023014005883,10.53544075243706,10.538155531406755,10.552833672786655
tid_1336,45,6,10.534190018415078,10.751197470872937,10.610848336325112,10.518153327202093,10.556069025447123,10.521533619146656,10.628993828440258,10.554496468237438,10.51873611175992,10.535048416883999
tid_1337,45,6,10.727581851859544,10.930979708701113,10.60724382017157,10.604071992498376,10.62537643072309,10.649759973556021,10.639857715279197,10.639720553267722,10.654391122463222,10.627372870036044
tid_1338,45,6,10.779816336610464,10.97129349443586,10.69734444296795,10.699743976700129,10.717333244119551,10.670149576223356,10.731543528407675,10.750860492129235,10.729641037634844,10.725668143128317
tid_1339,45,6,10.428434992419602,10.672215192037388,10.529734468328508,10.495616268953535,10.545018159792962,10.516402676774202,10.589177986103243,10.541930920370394,10.504458580597714,10.565860253157817
tid_1340,45,6,10.628714626559486,10.84213451123922,10.685575716975363,10.661435795452775,10.676572157291117,10.671166415245871,10.671095783144759,10.681255950487502,10.699930544210197,10.71278821655684
tid_1341,45,6,10.630717268393232,10.843227197097184,10.669556403798028,10.657597673264409,10.655504563574755,10.670686109952175,10.694047539097882,10.705855565763283,10.723007143953668,10.71074088628622
tid_1343,45,6,10.55874593255326,10.79432918575647,10.662697465699548,10.665624006664146,10.653950762953567,10.633059786897585,10.682569565968395,10.669851495426467,10.664320190740163,10.713855131469028
tid_1344,45,6,10.547252768847514,10.76663274936784,10.569311985354906,10.526128394573451,10.5243927738397,10.545918635761803,10.607255844219553,10.58336958517502,10.575337555043742,10.590975317044828
tid_1345,45,6,10.68382338603806,10.89744833340019,10.631246763719542,10.612559394193097,10.60571939196781,10.609775588728363,10.641005443688215,10.640376893858726,10.641534687004262,10.642442034537812
tid_1346,45,6,10.581048902602332,10.810674974733375,10.637560185901753,10.611448748611256,10.622090676044408,10.568485405542035,10.633830203271884,10.615567758442378,10.587065102637496,10.622462371574878
tid_1347,45,6,10.482824731975196,10.723982986955416,10.554446911089942,10.534206863895804,10.55102914338656,10.507137609760528,10.570687563820535,10.594833093315263,10.55960065966711,10.627360233237516
tid_1348,45,6,10.577783153410712,10.77903545342318,10.600331190201372,10.563200201777807,10.558385600297795,10.559666061866917,10.621220102755851,10.598406957604906,10.605031667258448,10.635165149400262
tid_1349,45,6,10.488403434013229,10.718989524555226,10.521272657118823,10.496892009981783,10.509986483249847,10.523463769047822,10.556246954521052,10.557868202872783,10.54677259689995,10.539911824394311
tid_1350,45,6,10.578857652993392,10.81349659585208,10.503220262244858,10.496868514535983,10.493403467451854,10.50759301620471,10.573186496804778,10.565134990950197,10.52361492627303,10.554510716622172
tid_1351,45,6,10.428118443568591,10.706157076322665,10.55516206804724,10.550010019692726,10.572754691238533,10.5937645891706,10.585715693478436,10.615038798435462,10.62441795321474,10.565794857451928
tid_1352,45,6,10.46033952464882,10.691924458145747,10.575172057135147,10.505312594406336,10.589781505086952,10.53765820828144,10.605779025439466,10.584037382830509,10.540977045896865,10.574500148929777
tid_1353,45,6,10.49486221730576,10.71522855109072,10.485718940565103,10.5468897027248,10.49086793856069,10.613125580319606,10.559446605236323,10.608855537461439,10.628027661572006,10.620390810430244
tid_1355,45,6,10.47533113251714,10.686260605977434,10.600331190201372,10.57461379496919,10.583342808473507,10.57212986884931,10.637299778121733,10.616366822809416,10.594016899863233,10.643916600493611
tid_1356,45,6,10.693675233214217,10.88146022941644,10.713732463855393,10.74038611644741,10.744729340088867,10.712296638606665,10.712687629566695,10.748223797408613,10.720259699089048,10.718908473161363
tid_1357,45,6,10.672382075034252,10.92267957866042,10.678543657407069,10.723568342078725,10.744195681942918,10.740270723792605,10.679968016936728,10.705836523806864,10.729821628524597,10.685201572554401
tid_1358,45,6,10.815782311132937,11.010276322488371,10.648120914122313,10.630140272101393,10.665616825681216,10.629755396388383,10.640188889872718,10.651243368443392,10.643868247099906,10.670818387432943
tid_1632,55,6,11.093435466253151,11.257093419032486,11.069574045645322,11.137627040991587,11.141221578546276,11.165410561472989,11.127973080609259,11.155530294230324,11.207754634001063,11.14994648619904
tid_1633,55,6,10.664239641808177,10.826501631970787,10.68627370294184,10.740405316039391,10.712439877999413,10.853017418646264,10.738576848145927,10.76252154127189,10.868335723340893,10.782257787514778
tid_1634,55,6,10.553429693043652,10.717267039057184,10.646501506965174,10.721875825884771,10.631612280385012,10.761915379785547,10.667753501529015,10.74296634846114,10.792291675934884,10.71999133325137
tid_1635,55,6,10.543537180434088,10.698001534482929,10.571991385802487,10.564862301601156,10.6021483319975,10.595528709463112,10.599145349430136,10.596174798977664,10.619948974281028,10.626276534878155
tid_1636,55,6,10.549506437258188,10.687975682280245,10.587389914708828,10.559832522800457,10.568760462680416,10.541409800946253,10.621296276397015,10.584291701036346,10.5570406287373,10.565325800385336
tid_1637,55,6,10.500368846749703,10.653917305894646,10.61889451164159,10.677086032194492,10.651431244393297,10.667446200569879,10.6890442332528,10.712958374821982,10.68904136504525,10.703917590570585
tid_1638,55,6,10.574279199906895,10.736759653065157,10.726978711458214,10.735978918172012,10.738053828567455,10.764206831497704,10.78638865653118,10.78644913919738,10.75432494746714,10.750214297093388
tid_1639,55,6,10.699103321159363,10.86037689398198,10.723120800817565,10.742465445775224,10.722097913967195,10.804100872242666,10.77238628377993,10.750105719666552,10.81452308040716,10.739111942373372
tid_1640,55,6,10.53638566575023,10.670064082180096,10.57096683295133,10.583236428100824,10.574023983554547,10.564119835032388,10.59378493622604,10.626348834008626,10.601548267991815,10.648099616208391
tid_1641,55,6,10.688016753228029,10.888742622156816,10.684786155692477,10.677100449170325,10.677384305612033,10.73852011133772,10.712538268342144,10.704422164009603,10.76381558005589,10.697880989959755
tid_1642,55,6,10.57366544722484,10.737467840699296,10.649449150174188,10.648118227305408,10.642218938884971,10.65726116149668,10.680039210756616,10.675117773272683,10.677812512043483,10.669536935628306
tid_1643,55,6,10.64776026341202,10.831475603242424,10.69752565267217,10.718902947753854,10.666743782581154,10.804570896919751,10.735426056636229,10.780778832462293,10.802774756332054,10.782113879464234
tid_1644,55,6,10.65855498580843,10.829956312110834,10.721856503572013,10.711193168892919,10.75295775608761,10.783639865479694,10.748039374543081,10.756930680587022,10.811647856976519,10.727646243805063
tid_1645,55,6,10.602527337550873,10.786806645059668,10.688361059772278,10.701862418300646,10.688898223424575,10.700289391855902,10.712538268342144,10.716203056701016,10.719181815134036,10.687687347277802
tid_1646,55,6,10.524225317577931,10.664489623995326,10.645182615861891,10.627183522206845,10.640535620381444,10.597454013650891,10.67128892771729,10.691176134084785,10.631037194236281,10.694647794102382
tid_1647,55,6,10.591702590050511,10.746717148747376,10.644916136620907,10.622429349680413,10.629852977599802,10.6530953978018,10.642408004446494,10.64733251292996,10.639806365417186,10.673811859598498
tid_1648,55,6,10.514619038696964,10.68970832268707,10.580922182388782,10.567655109312591,10.566066128980832,10.546636364620715,10.610996477353678,10.60246525024514,10.565145700942349,10.573884113823569
tid_1649,55,6,10.671078720219011,10.826583079188566,10.636703104558507,10.62993522510022,10.669944929117168,10.615724512959712,10.643909125858796,10.620235676954133,10.653730634674357,10.625829381137635
tid_1650,55,6,10.60666674378167,10.763019555391596,10.646925710540934,10.67487431481318,10.656237964819677,10.714147515734561,10.653144202248173,10.669045403804526,10.712080545118976,10.67223866049777
tid_1651,55,6,10.56706430578696,10.718544796401805,10.6661433220094,10.641207576542028,10.655606558615828,10.622835662582856,10.705899671230307,10.663664863182893,10.63201010585803,10.644649174140284
tid_1652,55,6,10.74718823654943,10.926395210453922,10.812630725325558,10.888765911750623,10.829510930008206,10.938102401255907,10.891946572927226,10.911885909867575,10.93622628362549,10.943515565487607
tid_1653,55,6,10.611656341671562,10.779778868146416,10.656688602325202,10.726819506913522,10.703367014709336,10.658909154565398,10.653144202248173,10.684851981737475,10.685356769914614,10.672411055094603
tid_1654,55,6,10.601256536091144,10.77346624714639,10.671643760628466,10.686405345195498,10.68642684435687,10.671824016111893,10.71214273550204,10.693135882249676,10.673880515916336,10.705819972860507
tid_1655,55,6,10.544996642431013,10.712482564117948,10.637000920915725,10.609940583308209,10.63774280512042,10.662007198281417,10.636670608947425,10.623482048767123,10.681494963573968,10.635186280180916
tid_1656,55,6,10.561214787864811,10.709304719365631,10.637000920915725,10.667285645667949,10.657823509253351,10.652176736638891,10.65774530757318,10.685865479046093,10.63451623001893,10.70148118315425
tid_1657,55,6,10.545928108689294,10.68435252718105,10.557633871354156,10.54863724263988,10.556296550494032,10.575109551976876,10.594357039656028,10.618961720450073,10.613736678294634,10.63110075754258
tid_1658,55,6,10.608234692662316,10.77559648539601,10.712648089346345,10.695181761707804,10.679195924308843,10.77366987093251,10.7465897591376,10.727704371591768,10.734244427989884,10.72847228530244
tid_1659,55,6,10.651487435269122,10.803652967512788,10.811584961411029,10.829998745099891,10.839424449572856,10.821344957591227,10.828792738234283,10.806898621942265,10.849730293238455,10.872108112662572
tid_1660,55,6,10.556507809458076,10.724781655443756,10.642247073961526,10.648714963144464,10.67796036806692,10.632730451314286,10.704179122829153,10.714970939015423,10.68198697682435,10.727351079856186
tid_1661,55,6,10.587672189220674,10.74477668231901,10.629320585179732,10.666907468290745,10.626332772367231,10.673433745181956,10.656302155258006,10.673116554015765,10.712517411196966,10.674971688771574
tid_1662,55,6,10.535575485593576,10.702880356930065,10.598984397487365,10.642210833226857,10.63123362376372,10.743809833826953,10.632062657855405,10.64727086432316,10.70587329135352,10.660130033797572
tid_1663,55,6,10.545465115270789,10.70431804896354,10.721856503572013,10.752116814423776,10.736095140786343,10.746330941739139,10.732751474142448,10.7346304272413,10.75200181620171,10.715446204830045
tid_1664,55,6,10.579272375917355,10.73024518509532,10.671643760628466,10.672694535670374,10.662519906044276,10.703081822572214,10.71214273550204,10.653328640232926,10.699232062210317,10.67604415660856
tid_1971,66,6,11.345010828320213,11.528690540548611,11.29066057512744,11.28256538603879,11.313155153448697,11.414621851344183,11.340384620175477,11.300734072666177,11.369242290237313,11.325474866314035
tid_1972,66,6,10.751146062167289,10.948437075167952,10.83598776331803,10.938291786627344,10.946399441619562,10.90933680148619,10.95243022454417,10.964357966510937,10.903507414488319,10.975258466587281
tid_1973,66,6,10.80243475106264,10.993423981201303,10.833730074493149,10.994454566271592,10.864897928111946,10.962917723416725,10.897329086399138,11.000345049379845,10.953853441253331,11.022524894739817
tid_1974,66,6,10.855562329749054,11.037943062175016,11.061110679381178,11.087455372626652,11.184859084914567,11.056684003711142,11.171335638191847,11.141837388379203,11.089352278653347,11.178720106588909
tid_1975,66,6,10.945446593863853,11.136244587355687,11.258700269306226,11.241000951932614,11.118228388009031,11.22338355469827,11.344074863691846,11.35825533790556,11.308923337475681,11.354943456595512
tid_1976,66,6,11.154209868887918,11.417729778611278,11.169470588581921,11.18507434315753,11.084373929234685,11.233436565311948,11.235394950193424,11.296880041138296,11.332755476437093,11.325367539197892
tid_1977,66,6,11.055607432226504,11.223795678419249,11.14015909466616,11.092972990636937,11.151134331400149,11.147194904653961,11.246287651566359,11.139182929910286,11.179384381249225,11.150954892472502
tid_1978,66,6,10.86769187402428,11.07689959782942,10.961553643772564,11.001018082506043,11.020283695452918,10.987074724844838,11.056502230967572,10.999234280271981,10.983644900814033,11.064746489658324
tid_1979,66,6,11.501583386084906,11.7085917501427,11.179970282492194,11.176419899056299,11.129502294789608,11.148812371550418,11.26725848183944,11.183450688596242,11.153310884201204,11.196230405769743
tid_1980,66,6,11.161974110001092,11.357174171510817,11.144650961182105,11.07874499613575,11.080894975389906,11.069440159576828,11.23401510482048,11.14412759777762,11.131365542594057,11.265526661825374
tid_1981,66,6,11.15194985785123,11.296069604631208,11.099560781411165,11.090498023096693,11.218260751643584,11.049306878579946,11.212669718335231,11.1879566586195,11.117052011190953,11.253887349609297
tid_1982,66,6,11.280115342539249,11.432969503534128,11.152875098440957,11.098915658433636,11.095833459301668,11.143503789556163,11.22898154727259,11.240886124631253,11.174361144865536,11.279934818225215
tid_1983,66,6,11.049864082469291,11.249463698467643,11.173127178330352,10.970508912089507,10.975149966335092,10.949301070587907,11.180831587373302,11.057029825213474,11.058421779746451,11.091665910122845
tid_1984,66,6,11.402005077384883,11.53572262378595,10.782781880239822,10.744136451397804,10.763162671197897,11.05925519801806,11.000307183424262,10.986081603846474,11.076488989911953,11.013740551064094
tid_1985,66,6,10.785114373246923,10.966175555525584,10.91857602511102,10.950877727709663,10.987771076893114,10.938672282219857,11.06415794903593,10.981828315599845,10.969027929925636,11.037085108712025
tid_1986,66,6,11.081662433640895,11.272628125086957,11.036103419289834,10.999603172797402,11.064250049742554,11.024554379270167,11.138964273448725,11.085592655385545,11.076464131801043,11.1335842968353
tid_1987,66,6,10.830557974220511,11.011533536974316,10.927176105068888,10.933228748892041,10.985760935972536,10.928878109627803,11.0036656846987,10.981348426535064,10.947557018328226,10.978163517908833
tid_1988,66,6,10.90590827309133,11.07181711691375,11.045955221752186,11.00692104102049,11.023118954115255,11.113016644291278,11.132484872250071,11.176262846923938,11.208641209795118,11.164307186401912
tid_1989,66,6,10.738138635638132,10.98815979534554,11.11870080735857,10.971098864943144,10.997386029724634,10.980339793911561,11.154780430978253,11.060165151208286,11.049199430982648,10.993284795126657
tid_1990,66,6,11.107145807396568,11.34048334542744,11.106289699767965,11.119806437187183,11.120501195309055,11.072957332267404,11.205889315573547,11.226327851963358,11.140100087828463,11.21770924355124
tid_1991,66,6,10.942975967701498,11.133788704079548,10.872755819859727,11.086101934197481,10.949421646864153,11.114463386483623,11.037979014271725,11.12706290891027,11.1223322979286,11.093875859805452
tid_1992,66,6,10.742376586199086,11.05993311986428,11.077864853558339,11.079914369845834,11.075562983088618,10.980974986482071,11.1224864568987,11.24046018204363,11.142113950398496,11.093855817523481
tid_1993,66,6,11.06614136385852,11.234973237020082,11.117349199676259,11.131220391950105,11.162933233430758,11.117852418003611,11.219136841796198,11.203024128831967,11.171986447493715,11.188334182543468
tid_1994,66,6,11.074043687611898,11.257611190817745,10.919273845071428,10.951098700567401,10.832596179853216,10.887319524363425,10.938599313909563,11.072757885543009,10.989512392484832,11.075416917538545
tid_1995,66,6,10.921932264623791,11.21195955168958,10.862919952655897,10.912055158230597,10.922598755150533,10.911273736308269,10.952066030214374,10.94580932164037,10.905463396150651,10.945348779139605
tid_1996,66,6,10.868863643100765,11.177290477757891,10.805039917321988,10.991740261311692,10.83094928675979,10.92362584975878,10.925383063822451,10.982832697110263,10.939201971882392,11.056945675783311
tid_1997,66,6,11.092359409326823,11.25819191242581,11.084214765809838,11.099351690611723,10.963295917766217,10.951154777991482,11.106959878827066,11.19229318051219,11.125141342992753,11.06542702694085
tid_1999,66,6,10.96517475774233,11.22819902034408,11.024923891991959,10.974219633632641,11.026208233793744,11.00100577128218,11.059651203143376,11.01294568035316,11.04750331736433,11.072384600739493
tid_2000,66,6,11.043798251559911,11.284898760446332,11.004128817515015,11.04409797663364,11.035127791812435,11.035652848705217,11.179010960660293,11.104094039536678,11.0951520207466,11.139396034305385
tid_2001,66,6,10.865806542788755,11.050199290694724,10.980693405308525,11.057809626051581,11.069148378660401,11.060581337117657,11.134344831554253,11.177942712442922,11.205489347212612,11.116203136536038
tid_2002,66,6,10.961782927442552,11.126909980683378,10.956509422646528,10.863308692252675,10.998542487843952,10.899157148207792,11.145739701865985,11.038622324615986,10.998322785745883,11.037309276777643
tid_2004,66,6,11.062222376211867,11.282579790518277,11.01974714310324,11.076491216844776,11.04382812654222,11.058063873486647,11.148935152418066,11.120798924623912,11.076785036668355,11.140954009342705
tid_2005,66,6,11.053557872021996,11.23625586536967,11.06040485591177,11.058093238817447,11.088966058749367,11.114216049225659,11.153668221630891,11.17105618641186,11.160413284810959,11.196048581512708
tid_2006,66,6,11.140819211304237,11.331837546930984,11.06040485591177,11.071075947914684,11.08704766678162,11.04691457371187,11.148439829258148,11.097471823098417,11.08054680600149,11.15956869986905
tid_2007,66,6,10.72835135501992,10.9118705650534,10.995175199810959,10.983210522027218,11.016393417572335,11.019009640485288,11.0806633441689,11.129660581584833,11.186944359622908,11.018596565684442
tid_2008,66,6,10.859594973780608,11.138223288218008,10.83598776331803,10.907856907957436,10.94470390778605,10.873369677061888,10.940429710830475,10.944516053381387,10.89827761267314,10.964309777782994
tid_2009,66,6,11.037688968123469,11.22058589653639,11.032894841514697,10.98856077891496,10.951416945347503,11.048684008119366,11.061994824817658,11.118682781531197,11.085101184080738,11.163502100566317
tid_2010,66,6,10.9999107802911,11.214950603033015,10.946771914521912,10.934811856166778,11.009064415068636,11.053807484383393,11.046859000662248,11.010858420182597,11.047166564322229,11.060167379785643
tid_2011,66,6,11.002409793164166,11.215618555353128,10.960960860164946,10.969444527460137,11.038357413436879,10.953931853082821,11.05363926230779,11.019300523891262,10.985265793797675,11.069230120087719
tid_2012,66,6,10.647453790050829,10.870632982628594,10.900793930937647,10.911567139258793,10.979807056920583,11.010945765301521,10.956361848404686,10.951208367219277,10.985582408456244,10.97334592023972
tid_2015,66,6,10.77361077806526,11.01592877914068,10.903776560793894,10.966514778709481,10.918748317659638,10.991047699406286,10.90622429985733,10.974724433965836,10.98829866797804,10.98662102193403
tid_2017,66,6,10.641106060692902,10.848542596370708,10.704339581900772,10.707683834129313,10.743700083655018,10.742137941980516,10.7725274896962,10.751586376842107,10.723608336314712,10.777812042514485
tid_2018,66,6,10.743683108304811,11.080659911852951,10.708941911280903,10.780571918768603,10.8212830382749,10.907508809462847,10.776671464007197,10.80525456782686,10.828442152855724,10.786375343003558
tid_2019,66,6,10.892558375319812,11.124231924546528,10.919665356077344,10.923698107837446,10.921675224689595,10.998684656718975,10.994204103608553,10.960867968954124,10.968838976476462,10.957489603441314
tid_2021,66,6,10.778787525650143,10.983903622941884,10.893260811865357,10.893980716444332,10.87932648538956,10.888646727080038,10.962261975505815,10.920816764341113,10.909277926347862,10.933614682275108
tid_2022,66,6,11.160228313400712,11.245793452835262,10.601625018549472,10.765749884206652,10.791654520345492,10.804090823700129,10.797820883017831,10.764515184578217,10.797970596707687,10.746961664499905
tid_2023,66,6,10.80408986215396,10.99345087986898,10.756768130337298,10.832856467183843,10.870476476683752,10.849074060311729,10.839983801799791,10.835556933789409,10.845964634091898,10.874963356322949
tid_2024,66,6,10.705412901918402,10.936276940048108,10.912393764208522,10.989270148799974,10.946404922154626,11.05517602317645,11.048605030887506,11.018213437586601,11.030549354377689,10.986586758424176
tid_2025,66,6,10.602328492837994,10.857696226248486,10.69893301296244,10.77482765699609,10.794724864061365,10.794321229046082,10.76954815861609,10.794547943592953,10.80180330387433,10.774079735878917
tid_2027,66,6,10.582675251326656,10.79913058013712,10.650808355932966,10.739968970914068,10.720487705730552,10.825310772040089,10.786781948761211,10.831979768950289,10.80033048579249,10.806292524360979
tid_2028,66,6,10.609916143401987,10.867966362600418,10.88448732249319,10.811194508877962,10.779289598215149,10.876839521226703,10.962120603980408,10.91998440139923,10.880210590377446,10.918031013893046
tid_2030,66,6,10.680251814309353,10.880643818381524,10.840363912444287,10.88062254727403,10.842528301107627,10.893948372739462,10.894616904235576,10.913475449360432,10.875651771838687,10.94655963478105
tid_2031,66,6,10.92153672036148,11.137417138151868,11.003642427622914,10.885541814693706,10.995121660944733,10.949236967733968,11.158912765963045,11.034790098153149,11.009064971588757,10.994873607241017
tid_2032,66,6,10.973360802864432,11.175261518544875,11.059236433366436,11.046693946063646,11.036420119923353,11.034030935123484,11.168812668161914,11.091037796923272,11.128664228738748,11.123504855464475
tid_2033,66,6,11.072120184661037,11.283055592593591,11.14369287252812,11.039296599952396,11.044459695231089,11.021672263024664,11.240128974859433,11.123336814688859,11.069351921622035,11.237046737443904
tid_2034,66,6,10.77432265449683,10.93485009245287,10.839059731559999,10.848367580170558,10.797499362988722,10.910316971083477,10.879806662604494,10.861777753851356,10.885995625561346,10.917134690251697
tid_2035,66,6,10.626625480870665,10.83391981988192,10.778967441571707,10.867473171681876,10.806098784237571,10.882238540027739,10.824772786549676,10.865044729397255,10.833388055559713,10.89301786011103
tid_2036,66,6,10.661000583076838,10.877898124820446,10.82543623467165,10.853633540918983,10.836617434953828,10.870176941539267,10.8784737928142,10.863590400011725,10.879244293965543,10.927061705555541
tid_2037,66,6,10.627348208252018,10.818303197003594,10.683544208486541,10.784647756503992,10.755308631596382,10.743863606561877,10.78092080282875,10.768274588227959,10.744059752256094,10.763391543746838
tid_2039,66,6,10.710791200696756,10.892658789248424,10.795231348539494,10.888497714583805,10.864296010917732,10.901436776339237,10.930704825832116,10.934712247112811,10.901211200470435,10.929188641345101
tid_2040,66,6,10.618242103412442,10.86624384401702,11.126037765774555,11.023662903612012,11.122467609560898,11.015710318265919,11.182124610081459,11.10698295807521,11.080022708878673,11.136693218555484
tid_2041,66,6,10.665334895081113,10.887235043346898,10.840430784261546,10.95075823394363,10.838075101556713,10.863135567871588,10.89198314779633,10.920447665318836,10.850612785025412,10.942780907214944
tid_2042,66,6,10.862874171675754,11.0192240481316,10.84153853067964,10.852693616017419,10.89485275235822,10.874969178889746,10.909022482005188,10.900301859070906,10.888309309763185,10.975765223248379
tid_2043,66,6,10.61681719020856,10.826245327933194,10.622824767334285,10.74381287270204,10.668604743941668,10.769858198744275,10.720349042892826,10.710029411504138,10.691334342720575,10.728285837608892
tid_2190,72,6,11.41449421970422,11.573926486527627,11.367300621622123,11.456130811424645,11.375009234972625,11.47279753558605,11.428988104444915,11.421776222228843,11.459055660771984,11.415664831732304
tid_2191,72,6,10.876105686388836,11.018373372744067,10.911419725783665,10.913278587391149,10.885492449927746,10.901737089056455,10.942767284830003,10.931505781641606,10.889916368896882,10.996493976681295
tid_2192,72,6,10.913299592409825,11.07919667558918,10.951839350774215,10.985024877493998,10.969361297509433,10.961741642635587,10.99874549618016,11.039640458304568,10.994555867258269,11.067253755997617
tid_2193,72,6,11.27229108708814,11.485921107355196,11.133436189218859,11.156227144163552,11.125748363186924,11.097183487986625,11.252189316876631,11.137365232137421,11.106840066420077,11.177532944480323
tid_2194,72,6,10.882888285699057,11.068140358780198,10.896401381008774,10.986463317368498,10.995322077756343,11.018984501759952,11.006480553526103,10.98024385243291,10.965162745751297,11.01486518686277
tid_2201,72,6,10.820294151328062,11.03792698218672,10.757182936363963,10.817567193340585,10.780934239618926,10.832474149150476,10.826171146046086,10.83559141873813,10.80331367828275,10.864234421655304
tid_2216,86,6,11.688469103484724,11.798866522735098,11.504522710935976,11.543269989308733,11.543432688279234,11.565094934101609,11.595311370955592,11.551360299802226,11.525156371855541,11.561768651126343
tid_2217,86,6,11.664954467058797,11.86554449479832,11.5291082012498,11.566968516764936,11.47934435015401,11.503565621371862,11.65563828036681,11.589976594837932,11.446098653764182,11.599931702527247
tid_2218,86,6,11.480729698993857,11.646085663710824,11.113856788338982,11.333195764164891,11.281918086829865,11.200112215921934,11.250076979497488,11.392441708025599,11.266457269621194,11.293043319416341
tid_2219,86,6,11.597715042256496,11.733928326642465,11.38946525882427,11.537512832668154,11.48595658505938,11.36449232874374,11.488710823861679,11.61762351240464,11.36100003868506,11.530275846256501
tid_2220,86,6,11.654453672666977,11.808939480183438,11.45735707089131,11.551773652161803,11.502967152174675,11.564695597463203,11.578016085377888,11.567864673586184,11.50300077055799,11.597857789917294
tid_2221,86,6,11.52798943154668,11.690113869652436,11.433242417261672,11.60368652090729,11.445650309181966,11.521877649579686,11.569626186402813,11.615137370270896,11.473160949761358,11.611784697660985
tid_2222,86,6,11.483395722306453,11.67770997609869,11.5291082012498,11.651645093546076,11.618633959118405,11.606042382160917,11.63129490135749,11.6530536821264,11.624234567785026,11.609799748513815
tid_2223,86,6,11.49463012115136,11.655203370089865,11.344826840498104,11.34279755739905,11.297530636973237,11.384496345378642,11.481951168116106,11.51169996115824,11.364539942884635,11.557847045868465
tid_2224,86,6,11.52509610139693,11.680815046662374,11.29474681527897,11.273037665846644,11.240757930260857,11.11216200089718,11.395616700266077,11.263266161914432,11.170982350656484,11.278559783050612
tid_2225,86,6,11.480498343029986,11.675847563184574,11.053006838119364,11.209832024127438,11.203913058426425,11.123663149640468,11.191752194077015,11.30681492058254,11.234472443854532,11.26673281833716
tid_2226,86,6,11.745176219528169,11.85566161369593,11.476210880316415,11.6136149151933,11.500360707130772,11.607478969194815,11.594379228278132,11.614090277888938,11.555361142827733,11.602481585686872
tid_2227,86,6,11.48951557933376,11.64759009024401,11.495908804211167,11.490936609044883,11.42962738553029,11.414683778272412,11.60911120177906,11.467691637143924,11.438275107543118,11.508883660212343
tid_2228,86,6,11.789263182869147,11.863972401343318,11.392457054779191,11.243541216779606,11.320100059985446,11.239335743820972,11.45662442745892,11.241690292418209,11.240985590932793,11.2386618095464
tid_2229,86,6,11.796007473331898,11.894580687436592,11.311355418530102,11.574195660728211,11.426322782454367,11.259727141983749,11.450678432129575,11.51261977392794,11.34780728036584,11.45680205960055
tid_2230,86,6,11.59483535145688,11.720699508178926,11.264666238784262,11.204347139918344,11.31542047028086,11.40324922191104,11.414812927589974,11.302317786822726,11.49041660166235,11.364754343717268
tid_2231,86,6,11.518483987719058,11.666266960353186,11.149973627530496,11.025932608385773,11.065523697260826,11.0556438432503,11.275863617590014,11.150230664945278,11.083185531298549,11.17747900781464
tid_2232,86,6,11.674213186842858,11.839268719066729,11.14902656018334,11.219654957016639,11.241394389222394,11.171630636981526,11.353436042794877,11.335998902084613,11.266696916762768,11.362436069376924
tid_2233,86,6,11.585598622555372,11.75845731745074,11.045950255969302,11.099531768056726,11.067601256826135,11.10501301471556,11.112110221983995,11.190884975395662,11.15757151727924,11.199440492348609
tid_2234,86,6,11.638619349408993,11.771094789119966,11.184368945294636,11.150804518890304,11.095810376175532,11.368388167763614,11.278641059009601,11.258310586016973,11.337334720137333,11.23786249342335
tid_2235,86,6,11.429037205966576,11.565725673392295,11.110471119933123,11.103241306066797,11.102761408149156,11.138955822485405,11.247260432765952,11.151108983010047,11.129214045341964,11.17428097428294
tid_2236,86,6,11.722982155660508,11.861592329663406,11.102356585295237,11.383386166871546,11.329758313896399,11.20376174797692,11.301218297028232,11.411278038964289,11.310940798069696,11.382281103822661
tid_2237,86,6,11.693124771383085,11.865301280886971,11.074924729293198,11.069187730172873,11.095823236979388,11.177477338120758,11.212872741251642,11.15543764459468,11.19360973204654,11.137037639569698
tid_2238,89,6,11.927164634840487,12.037919639091776,11.689875182905425,11.63310912551257,11.631594119200837,11.63828436275272,11.716645134739332,11.578955501909373,11.634269094472778,11.701593705563267
tid_2241,89,6,11.631578344425002,11.775885705654762,11.53146521253008,11.48100778390918,11.49928715051353,11.520372958519673,11.644456203226678,11.58063685476478,11.532943184770964,11.576921171305782
tid_2242,89,6,11.972239033580172,12.070244331285444,11.500599729768448,11.563840432955434,11.507329859782171,11.66362276460443,11.641578238037047,11.552646958059068,11.595265884034722,11.598940426986353
tid_2243,89,6,11.84186367768736,11.95901478804156,11.469968262068516,11.570098630355135,11.556394417326404,11.482030471013607,11.579651036249334,11.56584318052636,11.469458141716803,11.58244863585737
tid_2244,89,6,11.958352037448762,12.089525346037256,11.83732456375039,11.851262135669483,11.818383529820933,11.819530180234663,11.860100845629793,11.85956939335851,11.81698235822387,11.791928195836995
tid_2245,89,6,12.09140506430192,12.16837181676722,11.505383405193307,11.673947041257927,11.490220131392437,11.634578460274025,11.641441945147184,11.671779539926487,11.665556493431724,11.645823380648642
tid_2248,89,6,11.942312807703033,12.107337356731176,11.513883765898317,11.591216401612053,11.553235285418129,11.65493045676672,11.61174264457375,11.602346363221601,11.642329163457525,11.64963726414121
tid_2249,89,6,11.541434201522613,11.682555152994505,11.533090305556435,11.529658352253046,11.563213854180121,11.69707922283374,11.628707049206477,11.54207399011943,11.685573184686257,11.483459260557755
tid_2250,89,6,11.839820558238012,12.004966966587537,11.616856643748951,11.752344917041855,11.628668732631306,11.760218811451532,11.672170233947988,11.690834671772494,11.73896941575875,11.763473391657413
tid_2275,74,6,11.137286113759306,11.348233588096084,11.128611047165498,11.134648768869512,11.132981109837194,11.10984421911993,11.162970317900475,11.182694729420229,11.164966487335269,11.192781282990088
tid_2276,74,6,10.760128062711823,10.98605853127666,10.798855648977751,10.863629773368912,10.817809083816602,10.805012930289323,10.81696852125923,10.856472685395248,10.827579655203937,10.909402558791307
tid_2278,74,6,10.881715926191545,11.10627515478748,10.821812568604498,10.838980559988567,10.814010536532319,10.87206044398466,10.842354980307038,10.926601665107935,10.907139645104305,10.93712394823183
tid_2279,74,6,10.947902333669298,11.179651707755845,11.038198786298075,11.058986742090337,11.178083900430224,11.075154418099354,11.114734299675755,11.09053255728682,11.102525157976006,11.155899244238306
tid_2280,74,6,10.899936062386056,11.09315096408818,10.884589041206231,10.957908615632965,10.944283901428046,10.946161626372158,11.00082928106627,11.00117043981738,10.979473647957848,11.057386566046398
tid_2281,74,6,11.116906600288472,11.330249445361751,10.94257339792948,10.9589674610578,11.00747633794998,10.966363355678812,10.980479985732853,10.97056907191689,10.971547059565825,11.029341946119908
tid_2282,74,6,11.059336770480288,11.277092998802503,11.036103419289834,10.992937235007286,11.05084131338594,10.991600927208044,11.130695351714532,11.082780184701202,11.049077209569031,11.108255941819008
tid_2286,74,6,10.799485777142502,10.96329317565475,10.790850804803354,10.855822885004471,10.834229961741086,10.84562823006575,10.846001080559665,10.855919874225188,10.890714532091133,10.87755429275335
tid_2287,74,6,10.718597908670086,10.95161849779701,10.820865845835005,10.810361407025123,10.800620328902962,10.80667154172268,10.85397238401963,10.8767099718795,10.841540440050455,10.88412357784136
tid_2288,74,6,10.722317593914529,10.960544939284068,10.907421699516037,10.959345186506418,10.984278173796776,10.926510515180349,11.049444511401934,11.017328520034525,11.004300816081203,11.088373647480212
tid_2289,74,6,10.920542653951898,11.156701847739702,10.82170287259124,10.911769769435242,10.945673561482419,10.87245208097818,10.935679546880136,10.945802793070873,10.890655160933294,10.957240597579046
tid_2292,74,6,10.777016910508976,10.998026556632928,10.709337992474712,10.689311930335041,10.734276701117105,10.758167551783309,10.697380014356462,10.70346894559284,10.748966296671817,10.723109230308529
tid_2293,74,6,11.003723522320335,11.161651623070028,10.872895780325582,10.810309427185548,10.845431474819646,10.858087005995635,10.919595280593448,10.986320502107468,10.95488372174008,11.010589779533099
tid_2294,74,6,10.588068144429949,10.789337633454432,10.655807084974985,10.6389964596179,10.654883694649895,10.653728048341858,10.691412798029068,10.646180505782839,10.650958757543505,10.670490203601947
tid_2295,74,6,10.97500609820612,11.20381135845978,10.726841002550099,10.74024500470512,10.824113696088158,10.736343652761729,10.765290645716217,10.745363027675701,10.736393668015317,10.752134961525323
tid_2296,74,6,10.978165690908607,11.161353194507347,10.697994182395165,10.738065733221326,10.731742224115958,10.8015066380701,10.717708362006691,10.743715105798014,10.820681656104812,10.735774278754944
tid_2297,74,6,10.672653200519507,10.906759327606515,10.84772785329992,10.954305639319466,10.858664159112825,10.923972009781528,10.850561346916335,10.939403307710657,10.915078920740319,10.98950003786525
tid_2298,74,6,10.82030814400989,11.029809037538756,10.778878924870623,10.776369451342203,10.776028269313006,10.84175747546155,10.790097732256678,10.780394279623017,10.843331270714824,10.767095063370046
tid_2299,74,6,10.887455624298198,11.060560554831731,10.718407187677363,10.737092734023179,10.709758253551163,10.773181451385687,10.765826967125696,10.740195512400117,10.72625224452368,10.737626942635945
tid_2300,74,6,10.774159386456397,10.946234708362844,10.857123732276158,10.858473657209867,10.840882644653854,10.873479791820731,10.858696922459627,10.846774420858587,10.857665593901773,10.90356643500348
tid_2301,74,6,10.676309680846526,10.88795829227977,10.752781752861187,10.763925962430065,10.743480201976498,10.705551336407662,10.761687215864384,10.775956282934589,10.70861871975482,10.800573146440591
tid_2302,74,6,10.58607163954218,10.7616744826555,10.629320585179732,10.677452924468858,10.638778725727526,10.68322595738822,10.662912656077417,10.657240504678255,10.689465586737333,10.631246441797044
tid_2303,74,6,10.780170136213735,11.005143537790028,10.80658169674975,10.961734023053733,10.801938527695436,10.899218002183687,10.881491897960826,10.96111683501555,10.885858963923821,11.029458842879912
tid_2304,74,6,10.808919541075408,11.019833335857086,10.778490567202404,10.817267815259171,10.837760827714387,10.791433697909401,10.76594269550253,10.799716185671752,10.804443922468513,10.798189051171692
tid_2305,74,6,10.657231119219768,10.864631183906246,10.690703655543285,10.661142461333073,10.689919385229878,10.672033019453893,10.694252093061802,10.701533670363725,10.695447420635551,10.726845463862837
tid_2307,74,6,10.74884496003321,11.003254174704892,10.570915799165897,10.588385256661647,10.536366016378347,10.6153775854169,10.587698314581568,10.596019405838364,10.61709060152971,10.59536180196783
tid_2308,74,6,10.549833963767837,10.7414339669885,10.650644202052618,10.631947239550797,10.693834409949634,10.619691489737441,10.690871422201381,10.651734401136482,10.625075161605771,10.67482123835286
tid_2309,74,6,10.662080654921091,10.873527560404474,10.60919164097262,10.573131950183052,10.586670827736388,10.626305901599101,10.64452851028028,10.651231607830926,10.643444740233946,10.635805519342185
tid_2310,74,6,11.468318190308016,11.541006476788064,10.903983819275876,10.916534897466148,10.868167655875778,10.90919110640429,10.900255305006917,10.919598052866421,10.908489776429299,10.99957624512719
tid_2311,74,6,10.809360204179429,11.009050628416002,10.955945683658342,10.947679818879804,10.98655524254744,10.83682942723536,10.97214783307347,10.96807400974919,10.890398891112705,11.01131632095794
tid_2312,74,6,11.060489811182322,11.274864957010577,11.08159988705677,10.969393965747432,11.064287686858346,11.021432490644301,11.135828616251352,11.096827768397016,11.087234528142677,11.142420156832687
tid_2314,74,6,10.983569204584803,11.150506915204422,10.697994182395165,10.784730517380325,10.756770291765603,10.774905303079972,10.763998288142961,10.813656831342813,10.759401544479461,10.788587911182443
tid_2315,74,6,10.593577564715371,10.773275601958504,10.66579344118547,10.61549307308598,10.621460238002664,10.642316459132568,10.665976221504978,10.663153004877602,10.718797799089073,10.698441911711317
tid_2316,74,6,10.77038213666989,11.006740722303824,10.738592095691033,10.757152954909138,10.733505589366036,10.795593384972356,10.756423499814806,10.799289459643902,10.798771571437166,10.781844645601858
tid_2317,74,6,10.707357346975488,10.893931684103586,10.654217822441744,10.657881843134842,10.667789094483064,10.655458457453928,10.646908267950241,10.642588042918746,10.665043367610949,10.655623091702441
tid_2872,89,6,11.647337469742034,11.773643760188628,11.499155798164578,11.608144105860397,11.572520033980775,11.734225647784728,11.644794278580283,11.600840672250202,11.660704837122093,11.577667974028458
tid_2879,89,6,11.81345293095991,11.965445263930832,11.629397681136144,11.674887082793603,11.611016443547584,11.641851739803943,11.677240061677804,11.671627899819548,11.655374233204064,11.688039700634889
tid_2880,89,6,11.598788432790403,11.73333889288677,11.68813677837155,11.636383457444708,11.757077188387708,11.67837913909313,11.715082249245471,11.635453748739115,11.63330975542214,11.59914359974927
tid_2882,89,6,11.959103121609656,12.08259002304364,11.452175715308378,11.59760068331794,11.499453276385918,11.599920873528163,11.658532958625445,11.638133588068875,11.6414853126789,11.637263230352742
tid_3011,74,6,10.775930884630007,10.97497527380758,10.829018262186462,10.895727663158887,10.913126853175754,10.863803453738974,10.946529109056458,10.937373496559632,10.900788636601712,10.997415210590132
tid_3012,74,6,10.58788153539299,10.77035271841586,10.68627370294184,10.644653386427116,10.680476066251877,10.63972584610944,10.682489116151665,10.691013306603944,10.695774646979006,10.687921722800823
tid_1506,51,7,11.601734558432192,11.7379504452864,11.565928960422303,11.628430847954371,11.630801108470095,11.594755525458888,11.623289194346636,11.620866340584936,11.659285889075313,11.706799941498891
tid_1507,51,7,11.377369166464002,11.521910974096924,11.693690250227839,11.868557208098112,11.769305586906446,11.786990901392732,11.638476887957996,11.750626853111529,11.74818085984588,11.840269474537896
tid_1508,51,7,11.757298076721357,11.954189412653458,11.772595979219759,11.841537237751242,11.821326861225376,11.827951854521674,11.750452687717113,11.798427172410694,11.825816598899825,11.87904207564049
tid_1509,51,7,11.500346682763368,11.614687513905766,11.752380464349102,11.824407993467698,11.861717838986669,11.677261865129404,11.66436716621118,11.740455613555149,11.709056323445596,11.827207107410441
tid_1510,51,7,11.32085049793297,11.51309345085981,11.65607308293706,11.759686093823206,11.794579765879304,11.632500463294003,11.570251451298985,11.717660111597002,11.653945431865147,11.746916937315541
tid_1511,51,7,11.79758171423274,11.86650412035107,11.76653600795837,11.76837304825539,11.733537946249724,11.71105027225922,11.684687010962199,11.799975352038574,11.734515094893897,11.743583002335681
tid_1512,51,7,11.48348223604983,11.685763023827583,11.75731276780557,11.853113475912522,11.832741750828479,11.710608516173268,11.649712677647836,11.759995732977606,11.73717845084223,11.833521593493131
tid_1518,51,7,11.292682702297546,11.450225253106296,11.633129382416044,11.673917268398888,11.608838890582506,11.58914431511362,11.583249408070047,11.684733069301009,11.64773088122743,11.663918892844544
tid_1519,51,7,11.702935721148252,11.835061861290988,11.405536967046471,11.414959194918122,11.500730340145614,11.375072133099229,11.294622981966015,11.289482767528744,11.35921272467338,11.31999686620263
tid_1520,51,7,11.191754169616676,11.366429248183966,11.617429998941057,11.646964086189415,11.573092711364184,11.535593203108135,11.520126165046902,11.642740469446315,11.580181831057136,11.615316221426424
tid_1521,51,7,11.464797681378338,11.575363970116944,11.689596116623546,11.744399128923142,11.669224230317958,11.6546508396409,11.650345227377839,11.758192440586978,11.724506722870604,11.84658770347426
tid_1522,51,7,11.26742254568215,11.361802530226642,11.532318686671303,11.554647803868063,11.374851868198139,11.466889232453417,11.202631006163692,11.299578774574861,11.367258340158939,11.362335864325695
tid_206,10,7,11.174291092617247,11.30063035593784,11.351625995464367,11.47163424682753,11.47843161521894,11.416467654222823,11.427032346330291,11.45901713748017,11.437279315929631,11.3913996121021
tid_207,10,7,11.473184136320214,11.63426217882591,11.736986083578364,11.691968376844073,11.604388904036991,11.657720360954988,11.64370674920552,11.675419288024893,11.683261881462457,11.684680455207317
tid_208,10,7,11.250908540173327,11.363012626129963,11.508395118557726,11.399462605375613,11.47273975389039,11.309242857110222,11.219963420229266,11.22102555396422,11.208569949160854,11.220190593212596
tid_209,10,7,11.017395595763356,11.156580466593471,11.626360549889187,11.453845140096455,11.370523741202293,11.278444318622933,11.277983841305058,11.260695899354069,11.241894292546874,11.381673752714994
tid_210,10,7,11.358795951585629,11.50319023098207,11.466108421770079,11.42667115428915,11.331330290358837,11.414279267444835,11.22283736460285,11.22174058862813,11.318657693031694,11.19849585182482
tid_211,10,7,11.027739972236873,11.197669365972526,11.226053793481775,11.167643561307635,11.230126543446218,11.19529508606556,11.01695340341443,11.056260759098373,11.080624953873194,11.095037642907993
tid_212,10,7,10.979683801919906,11.15156240611641,11.49197173801411,11.41128878515309,11.334622095544955,11.437698508518002,11.188701517202098,11.173783539986392,11.289512009284504,11.149448241573044
tid_213,10,7,11.36050828176912,11.500171477542413,11.541467019127905,11.4253769505661,11.384680810165609,11.341395783364316,11.272619542182522,11.286128631168996,11.287615389060488,11.262024690717574
tid_214,10,7,11.089631360674089,11.227091017940232,11.162837874475153,11.016419967333114,11.069129116901586,10.995781402634707,11.022951383990353,11.023015080396982,11.032549745104403,11.015267159264354
tid_215,10,7,10.848321036667237,10.982254212983532,11.54706011110767,11.379409652765792,11.391912797007397,11.24063955993069,11.196230151336264,11.205078378124044,11.204569102079851,11.191217940897173
tid_216,10,7,10.88683488252927,11.012485720756656,10.913019122615498,10.94649977561711,10.951794464331998,10.809567339849524,10.878519523164007,10.936341345482802,10.872014437320038,10.85772948753092
tid_217,10,7,11.018868458779474,11.175677727726123,11.380973208536066,11.33505356849324,11.277518731068676,11.389219579492707,11.165282379517055,11.167955585898323,11.282518790417573,11.115991977254987
tid_218,10,7,11.18459499404064,11.33558906162476,11.399757024057811,11.398488748461299,11.193666310872601,11.346549950309685,11.243188911686902,11.21359413353595,11.23914471748034,11.258274210118168
tid_219,10,7,11.019838247959116,11.15680179762206,11.136287045713592,10.99304351822833,10.958454266516002,11.039049920293339,10.870395148710706,10.886664098026298,10.993466120701415,10.87695943579632
tid_220,10,7,10.98717400301762,11.111040938920423,11.306382691954155,11.038146832763822,11.177762899130544,10.923871443208952,10.97327324070168,10.974617329219026,10.936208328626732,10.94367357280955
tid_221,10,7,11.097003877937569,11.279393136699404,11.207725793992894,11.388907074583557,11.305452362594329,11.322302510420299,11.108508018831152,11.21110909314286,11.243809642952879,11.180395026958216
tid_222,10,7,11.006154941493548,11.156151944744442,11.395121160479276,11.40467504886275,11.236587403591761,11.31276806502739,11.239700230288367,11.257097287352325,11.266998268692367,11.247301127328319
tid_223,10,7,11.071627458578009,11.221104171082164,11.246766244344235,11.176930479551151,11.131994372328153,11.10237468357379,11.05554496521747,11.071257758489134,11.06347804255515,11.04017541694329
tid_224,11,7,11.188320730155937,11.310724821957184,11.137728720070097,11.17464856515175,11.213616564943266,11.176315348631102,11.287194827733071,11.238723238818976,11.242945685614032,11.24043272508416
tid_225,11,7,11.526557130201176,11.705222929848007,11.69101536851063,11.830575786487103,11.82823826100036,11.74894787188964,11.718096085047785,11.859442862917273,11.777046102853024,11.917950337010732
tid_226,11,7,11.531302566883811,11.621695561395716,11.374574874052293,11.502020541619212,11.41608833843375,11.539026487148462,11.280270455334245,11.386364668217727,11.51126616657265,11.366141244555624
tid_227,11,7,11.352714458403575,11.477960244350978,11.436947130724239,11.629849878800831,11.548571923693231,11.526301082396248,11.593383319307554,11.658358977668229,11.631681143253243,11.515817535567248
tid_228,11,7,11.720624765452293,11.83585425895091,11.456877294377557,11.558217910682224,11.636773348004148,11.590200451097601,11.625230196647099,11.652262637345594,11.680563194993706,11.606480030921126
tid_229,11,7,11.461610065075195,,11.18827055271938,11.308524442048167,11.22987521801485,11.331629966238934,11.296797051193431,11.311490936328402,11.343666758875528,11.28927152307763
tid_230,11,7,11.05143430166201,11.177144989027417,11.123064623152535,10.99504702784107,11.046299574727106,10.980692225862974,11.057379717157433,10.966394965100505,10.928052442937128,10.932071379601634
tid_231,11,7,11.176211399110684,11.33826012441114,11.355467942073977,11.18349150744669,11.183802610978072,11.1802940843488,11.106838981280562,11.119756388781191,11.131000578432959,11.134283654059981
tid_232,11,7,11.000309906893843,11.101355258617058,10.832858361929551,10.855305902011468,10.888883983220918,10.789052421597486,10.985543812681009,10.877872579572582,10.840081242251145,10.899662129985261
tid_233,11,7,10.874694408418543,10.99789936487612,10.688718839058746,10.776052363148889,10.791931265498865,10.739593896433362,10.75477790896219,10.765510085001353,10.792047837957918,10.745175832467622
tid_234,11,7,11.426038807475528,11.583719380270308,11.32193926365373,11.394358698903897,11.503847607016167,11.45525495620665,11.43622644382028,11.469155777280227,11.526261087980957,11.493039493111791
tid_235,11,7,10.952331698970116,11.0978992952338,10.803887337417944,10.818981737121025,10.831042939468485,10.716512407000565,10.791968954322348,10.771243518067651,10.765582981210795,10.807074548463934
tid_236,11,7,11.273080721932608,11.40516540604309,11.216684164048344,11.415570118720487,11.26752293708361,11.308519611926712,11.101035918899457,11.21043871047883,11.227505216559832,11.17150532451844
tid_237,11,7,10.961317776442336,11.14987883632179,11.238799928781393,11.215300401402494,11.205720539008022,11.09492729592501,11.130968935361832,11.143117277944484,11.097607344872674,11.111587430299732
tid_238,11,7,10.888535394774433,11.02898354752953,10.81684331152016,10.842035283022447,10.933999144770151,10.824538647360232,10.873021049117021,10.821142623753579,10.8149523170312,10.821553226122711
tid_239,11,7,10.89406166974964,11.026172749622516,11.287977417937075,11.067612970492203,11.096966996512643,11.134467926829593,11.109812836659914,11.100754537027353,11.067297418640532,11.065838772221001
tid_240,11,7,10.931450240956908,11.063373664008807,11.132014202647325,11.004503213722352,11.087620777610265,11.115510198713759,11.043581186481376,10.994414431333675,11.045696136307894,10.951935959402725
tid_241,11,7,11.07679133355312,11.19558523867503,10.977634483635303,11.01458681450853,10.975776893554182,11.061704494937334,10.979958153416487,11.028251616720642,11.028909923534448,10.922705942390712
tid_242,11,7,10.894948834685009,11.027793578518242,10.738769461528479,10.773424309346666,10.779652769306978,10.707236071572279,10.785581605492915,10.77145587407197,10.70347538940265,10.775277654343341
tid_243,11,7,11.007035971775183,11.130781785907365,11.075647460940361,11.009514062169458,11.035781650490396,11.165801259394883,11.042752080191262,10.934238479763893,10.980280507168883,10.893149532533515
tid_897,29,7,11.035431452717098,11.182257948316582,11.009847587696228,10.97782337407429,10.998698160874596,10.971184464294689,11.058490011377115,11.03577234449886,11.047261045183491,11.03121795110678
tid_898,29,7,10.94047617884628,11.086539024048143,10.738009919619472,10.848915039331393,10.833016080702599,10.828989764331602,10.762011297578795,10.79336114740017,10.782895038044089,10.812968955775585
tid_899,29,7,10.959966222992694,11.0621595976319,10.835047946741813,10.731271188395693,10.725457111996977,10.711591160163252,10.890546423991527,10.81967055691419,10.804504579632752,10.807907228143106
tid_900,29,7,10.931382268989951,11.080431855707008,10.840193944220248,10.790748418203911,10.815586609861425,10.863858395369586,10.88946990824044,10.85152399429927,10.845343186879022,10.825043666699164
tid_901,29,7,10.879747632758416,10.99807341267611,10.897039210762461,10.817518205470027,10.908264539419458,10.760082150553313,10.886891864543777,10.859385590326658,10.84650103451319,10.89509954347821
tid_902,29,7,11.04366396028193,11.208462036582077,10.9625460611986,10.961107467592662,10.994497178700716,10.94105942130925,10.955722045874994,10.983497119716693,10.953568923271636,10.912206040541001
tid_903,29,7,11.340470275108531,11.45312450385217,10.84520047115751,10.94354097622526,10.85771087235674,10.821225154947447,10.87684447713907,10.897342888095084,10.854247639422427,10.922630619381264
tid_904,29,7,10.962429960523655,11.102673417729022,10.746141734562949,10.822375789952304,10.79619103875129,10.763055619375582,10.798059395165094,10.781162990043086,10.8042499064194,10.779850776041371
tid_905,29,7,11.286539161614174,11.38048148090266,11.354001078581422,11.190392901385534,11.081242242285704,11.159428546244836,11.14444845009666,11.112681292219083,11.061361451199797,11.083461447397834
tid_907,29,7,11.494449836821094,11.575679582506222,10.813391437551575,10.914460735240075,10.998524877954457,11.045795388379943,10.855728444990365,10.810297559470646,10.870488398744321,10.815061253811724
tid_908,29,7,11.132992129454294,11.29994880521664,11.051390547379746,11.15932179369538,11.019473500560233,11.093513567267676,11.000989958974554,11.09005344663029,11.045062720272854,11.174757257423924
tid_909,29,7,11.041099376053248,11.200480644135286,11.15565157705681,11.139038068717394,11.118831247883282,11.16539545969519,11.078067606737807,11.089065672889541,11.12841522098263,11.131874985139
tid_911,29,7,11.019746551409131,11.15940411465242,10.988430915468536,10.95665410566111,10.94469430259724,10.94100288583032,11.010018288483026,11.023605443303842,10.964012560732252,11.035046654359999
tid_912,29,7,11.245113991360718,11.369981916650303,11.420416938407916,11.358729122189194,11.396485720895516,11.392853500702179,11.316272101104085,11.258339606948876,11.313825658564882,11.256792766281134
tid_913,29,7,11.226521242387092,11.22838113132993,10.901023330393977,10.840239107641242,10.891614315029026,10.938714787569001,10.944706560613628,10.954895479130325,10.978092890475398,10.90123418890193
tid_914,29,7,11.013710509106302,11.17060978866161,10.72248665909014,10.730586048006325,10.792109063453283,10.735924469220098,10.748110019017496,10.755560643166483,10.773998740215562,10.728143713385926
tid_915,29,7,10.893591784639977,11.0120006658815,10.86595351174988,10.804530893475864,10.768060018168992,10.882950781574285,10.896676173425822,10.851801877668676,10.85279783365764,10.836119726030237
tid_916,83,7,11.540455998071655,11.641335390241046,11.711468506237502,11.832624692279278,11.70759353960302,11.896147636721457,11.719724832992094,11.81841159678152,11.844572151480016,11.824978116259409
tid_917,83,7,11.82009099614226,11.976460719312168,11.748768615806156,11.791803622447881,11.79581777651195,11.752239565255497,11.682653588387666,11.783920209423146,11.746731198495455,11.835150983664505
tid_2351,78,8,11.472232628775345,11.590836980188648,11.62400338538767,11.491537717142755,11.557104533091763,11.491788358317944,11.633510183653858,11.580778103080712,11.544298757773978,11.573344112182449
tid_2354,78,8,11.597333706741406,11.70728675245888,11.62457954092951,11.576462518954036,11.561359841500115,11.613571509192935,11.653749463924827,11.677196413256215,11.599884566303253,11.669867767070322
tid_2355,78,8,11.407570504852526,11.52836368009936,11.696088260365983,11.565486532337571,11.648898961016899,11.498883172300776,11.691279462371321,11.607358676931197,11.542140734247496,11.63170473442269
tid_2356,78,8,11.581893536149655,11.744014963464476,11.517796644633524,11.257663120222572,11.32510730104445,11.32583052445254,11.476444638654344,11.338241949084432,11.356722056130065,11.37336821053601
tid_2357,78,8,11.67164995467796,11.806780197298302,11.68847387101555,11.551332802621415,11.65368350773612,11.488403773414113,11.671378540816741,11.601223926433208,11.533220390251394,11.594123939954219
tid_2358,78,8,11.646765559941278,11.808569010620191,11.665907785259126,11.552082875852271,11.646015954971967,11.535636668468014,11.671378540816741,11.607198228543004,11.547007499212254,11.594123939954219
tid_2359,78,8,11.958491667812828,12.127618009536365,11.662365734055786,11.537254607109517,11.618600211962683,11.544532985199776,11.664462941821558,11.601352342898632,11.559791813042606,11.586479609432358
tid_2360,78,8,11.612332694936187,11.762812207926606,11.69421701277115,11.535577382151299,11.648753756597612,11.522887540481229,11.691279462371321,11.60564576147739,11.56312339975049,11.63170473442269
tid_2361,78,8,11.766285466305938,11.929587651171609,11.658370516834006,11.571036414907265,11.622041847453461,11.537078597567078,11.684244339299603,11.605851450224803,11.559064736633863,11.6333761244581
tid_2364,78,8,11.700641611431488,11.809544731462978,11.673893224618961,11.565837103022995,11.636431797384969,11.53969904957687,11.691009776733683,11.60512716753256,11.561914127210832,11.59579532998963
tid_2365,78,8,11.535970867996978,11.648827794700743,11.69456615478456,11.56541898403548,11.639614975434908,11.50175826861797,11.667982805781088,11.60080197058097,11.546810918135716,11.596633177297365
tid_2366,78,8,11.484031011999829,11.605053313799155,11.602108178421778,11.527380778457589,11.54826712377235,11.528544425395271,11.645022296864411,11.585864185008393,11.52784566524615,11.578335069191294
tid_2367,78,8,11.46230983565267,11.56643779547499,11.635263547782115,11.501885251909155,11.545032426012368,11.493217388430425,11.64557279612014,11.582408631709427,11.537192582523776,11.573026939819577
tid_2368,78,8,11.569720646182526,11.817928411243429,11.503758576636226,11.434947320172556,11.418996910202567,11.403908477945896,11.553355645739552,11.482241456131089,11.461753592516487,11.49889737845363
tid_2369,78,8,11.28378521937156,11.407812696398336,11.609655302245974,11.525478085953315,11.54758623722259,11.49191419871325,11.623890371736806,11.594474456034392,11.539788273491656,11.59041973153457
tid_2371,78,8,12.95382140456615,12.913091665687825,11.729632650929366,11.547327665430101,11.667922654131473,11.498244037869439,11.694342519766852,11.646887163263115,11.53699793022515,11.690379960006194
tid_2372,78,8,11.55807472336472,11.75863957403018,11.587704939739199,11.52771666618741,11.563205526985703,11.519590447086536,11.63241820790748,11.598460656833355,11.551038187796827,11.621706086495886
tid_2373,78,8,11.83569640895442,11.906054124375595,11.678671832827261,11.5700504441249,11.622041847453461,11.533281435302994,11.667982805781088,11.608978073151631,11.564397078735295,11.59579532998963
tid_2374,78,8,11.540162155720829,11.717760839740246,11.698299103381341,11.558735910436443,11.644544726573416,11.510061030373086,11.664343417745023,11.602629792731314,11.550315438541535,11.603074562781194
tid_2375,78,8,11.457009925500667,11.617406193729032,11.69456615478456,11.5700504441249,11.639614975434908,11.490162769886458,11.667982805781088,11.605851450224803,11.53370356608486,11.603074562781194
tid_2376,78,8,11.647955359280074,11.78657123785638,11.643793102325544,11.51851453675459,11.602614246499897,11.506973583682255,11.643211492617418,11.58945061785119,11.544647907540062,11.58126645929308
tid_2377,78,8,11.550171152119947,11.680815892109198,11.654758998476488,11.53342744434562,11.597684495361388,11.495427559768086,11.663112414171998,11.595594270956752,11.52168726205752,11.618847253761551
tid_2378,78,8,11.669406000004358,11.823975126214478,11.62033136947361,11.524267339753928,11.512985768650637,11.50762529913051,11.62647506058214,11.579525877253024,11.546868843284383,11.569354296436675
tid_2379,78,8,11.559227775090813,11.698674474664442,11.63933196036978,11.525478085953315,11.582016724562102,11.521159094021195,11.645022296864411,11.596744140004093,11.548846776763702,11.59041973153457
tid_2381,78,8,11.348333800605634,11.55041390938122,11.687301466778564,11.501885251909155,11.545032426012368,11.518833657066246,11.64557279612014,11.581756320067054,11.552072576690113,11.580306172611142
tid_2382,78,8,11.42356733651213,11.574742787001608,11.701565440174251,11.532273660285139,11.632279204296948,11.538607599615448,11.664343417745023,11.595988582220784,11.547185743224274,11.590900009489587
tid_2383,78,8,11.188465985393854,11.394689076565015,11.606908944002265,11.409428097260266,11.461627088767738,11.411511574781423,11.606808501952235,11.48583307514142,11.46846321066108,11.518391604950418
tid_2384,78,8,11.132326612912122,11.33726407991188,11.638203666841312,11.504449444083106,11.512985768650637,11.538742441765526,11.636735533862598,11.57489411366197,11.552309867273781,11.573073998006913
tid_2385,78,8,11.574341303104228,11.78923739160844,11.476509033715683,11.396859929113816,11.37989082122315,11.378670569516695,11.549028201805097,11.443728709632556,11.441492652764245,11.49889737845363
tid_2386,78,8,11.21543949094399,11.307276732951866,11.500275947249387,11.37901997704604,11.383768155259073,11.39380923038884,11.549028201805097,11.442388550618789,11.460103003549092,11.508978984292044
tid_2387,78,8,11.183555745651512,11.282099983036542,11.531084737423834,11.434947320172556,11.418996910202567,11.372655252233319,11.553355645739552,11.484556309663317,11.46305391010025,11.504558584234815
tid_2388,78,8,11.627953598254278,11.794654100834476,11.57738683713256,11.396441481739044,11.408623796027037,11.380461122541531,11.596870338731383,11.459179423682883,11.46226670528571,11.521250437684753
tid_2390,78,8,11.233334570474808,11.387264731571962,11.607098118289795,11.426573706126774,11.494924686649703,11.427014711256133,11.623367239989927,11.496074797854089,11.469321193865014,11.521250437684753
tid_2391,78,8,11.60682009790611,11.771445426488064,11.500118709624282,11.351583732970827,11.386356005392708,11.369931717758432,11.435583669484519,11.320896942400786,11.362886710107333,11.351101799444441
tid_2392,78,8,11.391778778578184,11.556861964381016,11.178957628437939,11.175250039989198,11.164519680111663,11.23951966441286,11.261213921323758,11.224195163237448,11.22714717037501,11.222847138475661
tid_2398,78,8,11.452858000412858,11.600668907267984,11.638203666841312,11.499238030079145,11.512985768650637,11.472924023707769,11.636735533862598,11.565042784238592,11.50984604975231,11.568597138262199
tid_2399,78,8,11.66873619472327,11.58565534513409,11.602108178421778,11.498025531578966,11.545426764519615,11.521347639113932,11.645022296864411,11.586673897876395,11.550487936209555,11.574680554415206
tid_2400,78,8,11.7328430183441,11.911980069637062,11.61587455736641,11.524179833177842,11.541985129028836,11.448607623648053,11.645879810492918,11.58016490013153,11.487353075366217,11.569019348634022
tid_2401,78,8,11.375303431356262,11.50746257049687,11.422783973639074,11.354012836907412,11.358325546128293,11.352098607278819,11.527896276677492,11.434699679269954,11.408411027405743,11.496543061048687
tid_2402,78,8,11.504899341641767,11.633149075554856,11.501176844336426,11.412473733325555,11.418996910202567,11.405532728835787,11.553355645739552,11.479283924789994,11.40249433116321,11.50169975150048
tid_2403,78,8,11.375155387514356,11.507205135035322,11.450569585564843,11.251458188146986,11.31700996282853,11.29314703086711,11.426309855109578,11.29448470994272,11.27294573239237,11.384952730524988
tid_2404,78,8,11.171676638586092,11.326791048456348,11.577774093195998,11.50147975812754,11.512985768650637,11.53276673585097,11.62647506058214,11.579478651163898,11.54207293758909,11.565699781660587
tid_2405,78,8,11.261788735185725,11.471875319425507,11.640060153728763,11.517200769875519,11.597684495361388,11.525959684796998,11.646850880653483,11.595594270956752,11.555484138460736,11.58126645929308
tid_2406,78,8,11.4993618942208,11.449166373331884,11.668140808028355,11.497654578856505,11.545032426012368,11.482659390700135,11.64557279612014,11.579868295144967,11.520148774696596,11.575829312866427
tid_2407,78,8,11.37402769908698,11.475965793734057,11.599068766617997,11.405809732739923,11.461627088767738,11.353707637254004,11.604373832933677,11.500268942066725,11.413823057485951,11.524703437471803
tid_2408,78,8,11.162729487129203,11.28903663600561,11.618421311690742,11.360318234174535,11.45887935079239,11.312032154823324,11.603047948174595,11.458200457388319,11.4024495876351,11.52948893525933
tid_2409,78,8,11.3292405792656,11.48442824904648,11.584544635810442,11.380017233004105,11.479820878286095,11.391847614086997,11.60737539210905,11.504784975262695,11.434523106841995,11.529701543092687
tid_2410,78,8,11.189402029590388,11.301428824305418,11.535295278406686,11.255840173235285,11.30167052604474,11.276191661353371,11.459915637993157,11.31294195304702,11.276574993093547,11.385770025406284
tid_2411,78,8,11.219822056932362,11.331805186352636,11.709537035124848,11.436859787976307,11.629097387058902,11.501893754267412,11.668802100986317,11.59044580940224,11.567431606126325,11.68819148948793
tid_2412,78,8,11.440075163155973,11.604242227140404,11.669809184753618,11.512893092544065,11.623529963101191,11.43281470120313,11.66520093137353,11.59992080808034,11.461014780587206,11.59548114109446
tid_2422,78,8,11.280635209808151,11.429705799439375,11.555157356420416,11.27606842830963,11.32664856058414,11.246685271054618,11.491294941802252,11.309686507993543,11.261743277653018,11.376471266075104
tid_2423,78,8,11.785186745846088,11.996789468894749,11.6658736356425,11.558854670576842,11.618600211962683,11.523929137283027,11.668840319409595,11.603071654550671,11.553308688121705,11.5893539445058
tid_2424,78,8,11.481820688325842,11.616320149647867,11.65961113908991,11.519884544648217,11.571943589314664,11.511265575113038,11.645022296864411,11.601560286312306,11.53983959676769,11.592774048939514
tid_2425,78,8,11.613392326209484,11.784013108350074,11.629812012192447,11.518275448248561,11.530558896632083,11.484355061327589,11.62647506058214,11.575963620080977,11.541218244975903,11.567317808670968
tid_2426,78,8,11.781458356583183,11.89734533405995,11.669809184753618,11.53661640286255,11.623529963101191,11.491821888738945,11.66520093137353,11.601560286312306,11.513268153630602,11.59579532998963
tid_2427,78,8,11.72674407383517,11.84956268798044,11.695971415078217,11.545161845206762,11.639614975434908,11.492920677697832,11.667982805781088,11.602002148131664,11.549426798441917,11.596633177297365
tid_2428,78,8,11.613175243028689,11.617298092827545,11.584544635810442,11.401595849711546,11.479820878286095,11.3901975506193,11.60737539210905,11.519220842188,11.435444342317654,11.532347767993665
tid_2429,78,8,11.300047788779263,11.455751756895676,11.578039598696343,11.42512175482241,11.475586154060101,11.445549207104179,11.60737539210905,11.518020664637307,11.482026226929209,11.528894768206614
tid_2430,78,8,11.358409718514256,11.576547941667176,11.581652109766372,11.400754780255559,11.461975531921984,11.395360950406511,11.579135807266704,11.479283924789994,11.459478129341386,11.521844604737469
tid_2431,78,8,11.526382511390144,11.718973313958816,11.668140808028355,11.493089564313722,11.545032426012368,11.47652707698652,11.64557279612014,11.579868295144967,11.540608217528998,11.587034552351648
tid_2432,78,8,11.48740763698327,11.616511306825636,11.500275947249387,11.362301149392902,11.389075760964051,11.344855539487057,11.549028201805097,11.434425246117499,11.449964050638076,11.506018443926841
tid_2433,78,8,11.208083669671511,11.36132552922753,11.511924078673625,11.400286251677056,11.418996910202567,11.392009360485341,11.553355645739552,11.479283924789994,11.449282233307166,11.50169975150048
tid_2435,78,8,11.309069702563304,11.422202846197903,11.501176844336426,11.440068487061131,11.418996910202567,11.375957617775839,11.553355645739552,11.487682932590145,11.439049014473925,11.504558584234815
tid_2436,78,8,11.572152404601471,11.789053799298166,11.698299103381341,11.53483785245909,11.644544726573416,11.488751792890453,11.664343417745023,11.5975731674858,11.521973903811631,11.590900009489587
tid_2437,78,8,11.237879223098018,11.372744584852908,11.765676865568096,11.534869787942423,11.698365863803227,11.459457141677202,11.706670458149201,11.621576543365299,11.485201146338616,11.712901264877056
tid_2439,78,8,11.7787176934037,11.969292157424247,11.765221656487299,11.618725309978206,11.716936730055362,11.562096019182453,11.71730302868353,11.6726628099682,11.579257270624469,11.717675922869851
tid_2440,78,8,11.85720074989909,11.966504318051744,11.73966543477141,11.637005433799569,11.702775808199377,11.58474923850946,11.710309846185266,11.659903852112238,11.587190162896055,11.712014717088667
tid_2441,78,8,11.704519730343954,11.764329889201376,11.781578927329459,11.63031963738393,11.710267387928557,11.597261901127672,11.726571379703781,11.663292169171806,11.628884241385837,11.742759584812106
tid_2442,78,8,11.756001831184276,11.941944977179563,11.657162889644859,11.550861194551956,11.62821785629336,11.546818937797195,11.69799886987231,11.613115311943668,11.560797561448275,11.631916463847706
tid_2444,78,8,11.944361717591883,12.153824158249003,11.68890357629781,11.540490011590347,11.628552649741776,11.503598615661723,11.691279462371321,11.617435350733963,11.539818633989116,11.6317202367618
tid_2445,78,8,11.354766429073354,11.503698022770086,11.535790677110553,11.403436377878464,11.424304515907545,11.370500858732754,11.553355645739552,11.471320620288704,11.418898914094942,11.518696513448072
tid_2447,78,8,11.34190224095755,11.482306450902696,11.67346976044935,11.508920451470095,11.637044733839408,11.51291076425139,11.664343417745023,11.594035155353119,11.51454677675591,11.594679904772434
tid_2450,78,8,11.465130255669004,11.617339532887655,11.469917517024333,11.405991786540001,11.37989082122315,11.346066959981078,11.549028201805097,11.447660935492111,11.439663215854827,11.504558584234815
tid_2451,78,8,11.352824785617772,11.465992125833706,11.480664751361532,11.37895376264183,11.383768155259073,11.381091924599911,11.549028201805097,11.446855332559384,11.446115836714144,11.49889737845363
tid_2452,78,8,11.37798050229759,11.476758245157496,11.560453636476176,11.37895376264183,11.422869442942567,11.36564309970123,11.574808363332249,11.444276575540876,11.453079365534661,11.515589231903569
tid_2453,78,8,11.35125441121832,11.463603909637518,11.535292364336481,11.41303046316296,11.436570038184014,11.409467324275804,11.553355645739552,11.481171949712081,11.421381392728117,11.506176611245195
tid_2455,78,8,11.544478394123276,11.604369088361244,11.493187261793938,11.384945654147197,11.383768155259073,11.379082277726209,11.549028201805097,11.446981893755796,11.420529777998679,11.508213099010902
tid_2457,78,8,11.677088142773243,11.744880481053965,11.672255811954862,11.735737974456818,11.719554293728619,11.552910416977005,11.705398626834445,11.704073438046121,11.561199122614775,11.78715061817303
tid_2459,78,8,11.715748751036848,11.883746676967732,11.708916442737845,11.565870136470993,11.622041847453461,11.515419427140365,11.684244339299603,11.603071654550671,11.564820253379894,11.626934738974272
tid_2460,78,8,11.523297489076516,11.64397565696074,11.643986481015968,11.586086287580157,11.634575842971076,11.552348246514006,11.700994339802195,11.634344258785651,11.574243133740996,11.600498521714567
tid_2587,77,8,11.594501765319912,11.741160035028589,11.699237751871127,11.491025860080033,11.622041847453461,11.491128225806763,11.667982805781088,11.594456001744753,11.52206944925924,11.59215502006232
tid_2588,77,8,11.756341337178876,11.862488076126914,11.514236484961176,11.446103381108891,11.418996910202567,11.371207503095608,11.553355645739552,11.495935462868287,11.419508663897487,11.532169091425548
