entity_id,held_out_region,observed2023,observed2024,linear_controls,linear_continuous5,linear_kmeans4,linear_huber75,quadratic_controls,quadratic_continuous5,quadratic_kmeans4,quadratic_huber75,histogram_controls,histogram_continuous5,histogram_kmeans4,histogram_huber75
tid_1,1,10.787098055581652,10.958504908419595,10.87043739321495,10.860237712237385,10.865000910154917,10.855908530119594,10.885260281372702,10.826586914265466,10.85463114527532,10.839408163022764,10.891977003806081,10.802726511895443,10.849408285813855,10.745218166535986
tid_2,1,10.567365538914066,10.7665293948819,10.611519477538318,10.662251586242583,10.60462033638035,10.597522819768859,10.624504719234915,10.65063658596621,10.599458168481185,10.589332899672664,10.654789457452594,10.610800602593624,10.521482804539827,10.528269449716522
tid_3,1,10.742145337596082,10.906830827219256,10.658854894710993,10.679629881740174,10.648380210640937,10.655777875339366,10.686811106001812,10.710042253233249,10.670817468385637,10.67904364912664,10.678725159529314,10.703085720509732,10.68150279920933,10.674023124303034
tid_4,1,10.66801774591814,10.844706966694988,10.689612016169498,10.664097695492393,10.718740917602199,10.721618491126195,10.707882565450644,10.623974104066525,10.724142154529146,10.728369894159968,10.742954652986588,10.614237310162391,10.758144099942795,10.799122397248288
tid_5,1,10.63334749627796,10.796491233555049,10.652055762158115,10.588978883936333,10.68475457942759,10.649562650227237,10.68187132368187,10.640797461602522,10.698872054944173,10.67432345720739,10.678398174907379,10.6839802580037,10.705279078273392,10.674023124303034
tid_6,1,10.63388234712274,10.77824353594127,10.812233625508531,10.775478794880117,10.837840747924384,10.839965374477337,10.82117239830296,10.80462031877414,10.83344814370372,10.83653706176406,10.821097731754113,10.80331860499621,10.811388175495681,10.821477357609838
tid_7,1,10.996019728054115,11.23464307674408,11.262787350499941,11.226158539110601,11.218022513301712,11.259627442762326,11.235914516697292,11.188615184394962,11.198285036603506,11.24520113004138,11.212741226899556,11.140326599352486,11.134908644410004,11.234338845929662
tid_8,1,10.915055736406332,11.214088069286818,11.029131353865079,10.990782957093348,11.028112600477348,11.029833648709968,10.997616706507191,10.929058125304133,10.99706749999479,10.999073631059446,10.995430280786767,10.873313833804504,10.967281202732707,11.003138611242841
tid_9,1,10.497681425151924,10.663746503087143,10.547422185295643,10.538077923388517,10.582119201983433,10.585802326266423,10.580155579189661,10.544160979428392,10.606082282764996,10.609244154131664,10.569543722095371,10.634756944307327,10.589996788800704,10.574951642193207
tid_21,2,11.213848044797777,11.377254642539828,11.070599721176071,11.12352446594465,11.067498922199487,11.05084163460305,11.04469272303838,11.112315022425362,11.043793797742227,10.99619062863942,11.048343691233677,11.0798587218721,11.060063921019468,11.024593199279723
tid_22,2,10.847017894549271,11.063549220853623,10.653373749908498,10.7664268119884,10.680645979662549,10.65055074022337,10.654294870578726,10.769743053982602,10.676886220716042,10.653610089103108,10.678559860879677,10.724477822198937,10.694346682958132,10.686551339179141
tid_23,2,10.7855594410236,11.009520572676688,10.843664284704472,10.911682357848239,10.872579558345588,10.877470393196653,10.850233287475387,10.894469928069325,10.86739464213213,10.874986958495956,10.803741102858977,10.848373691088113,10.824991580441251,10.830775191843287
tid_25,2,10.903422498865488,11.066242971685224,10.954333981833603,11.034018922339909,10.936764472266418,10.987221976461855,10.953814812840145,10.987107591023822,10.918863791728514,10.978256890710968,10.946832137942708,11.125170363172195,10.960827669837148,10.964245898336978
tid_26,2,10.94434183588053,11.13340876597566,10.987092324831076,11.03776859975891,10.964533197122336,11.015172503216325,10.981464355636724,10.998647396408641,10.94409077310839,11.004790536907915,10.939461294558832,11.010165438885817,10.956381395985538,10.963363213691911
tid_27,2,11.042374485955936,11.208406443248654,10.954962151392158,11.020531054937603,10.937596912463892,10.988018463812974,10.95447856372299,11.000879263693866,10.919775939175276,10.978966693728783,10.946832137942708,11.037831932874951,10.960827669837148,10.964245898336978
tid_28,2,10.781272355737698,10.93352473958216,10.902212113815404,11.007332865324138,10.878328225637176,10.930370569497445,10.899739622401214,10.975121573951995,10.856606165646443,10.922315849663246,10.859866550673562,11.016456938380609,10.78845756216436,10.86515948800198
tid_29,2,10.899391361344213,11.08894398198845,10.933353883840113,11.006719182917836,10.924880483091432,10.97444572397091,10.939363437027763,10.975299550624465,10.911200639469055,10.964250811454242,10.938364709186834,11.147845368065099,10.96251111705512,10.956307577399308
tid_30,2,10.69753155126262,10.871865863270388,10.468437163511435,10.640749456148757,10.658354593854817,10.665661952186449,10.57024535068694,10.715440021650878,10.715557304770524,10.726812918951087,10.641716331057301,10.692327005096265,10.688762765265214,10.71387421833253
tid_31,2,10.819228133104804,11.01220527553979,10.62513617773358,10.689018205990385,10.65991804910102,10.665895283857584,10.666471251005616,10.705698102011095,10.683708799979867,10.69274380311837,10.695154805058754,10.737945762784593,10.698218479596177,10.75795920823559
tid_32,2,10.590211649186926,10.755167227308707,10.636491498022503,10.681756918877205,10.661825781911137,10.630923799254893,10.647513895075134,10.695275160393045,10.667629609321681,10.643330980959403,10.63355878042917,10.666814995241294,10.660839540565972,10.646405995318869
tid_33,2,10.57159893662485,10.777791027902571,10.553221363042447,10.600758091527254,10.585731561663257,10.593048632719672,10.587694421644581,10.638530735973184,10.611813069937295,10.619991777960252,10.632040175531596,10.65276676104377,10.66645676376335,10.69288899636729
tid_34,2,10.580078430780356,10.764339567514142,10.490061887110008,10.59541673446443,10.533601913545217,10.540383117268513,10.567598571848254,10.645277017130448,10.589595571896616,10.599541832910255,10.67330258871671,10.657587879306352,10.716512382207107,10.73545021218489
tid_35,2,10.6417706094338,10.766280456560358,10.627864847918726,10.78363791596623,10.619723827096246,10.67236210988344,10.682040569968638,10.792794213701296,10.639259055629894,10.706216673536543,10.659780016780333,10.784192688820859,10.551404109208297,10.746653651617425
tid_36,2,10.505516753727289,10.678555675781382,10.572565339535428,10.593612846355018,10.607387241165434,10.576163268367212,10.61542798494619,10.623497930331343,10.63631881033984,10.613446550385355,10.667165331714811,10.718924721031255,10.701777571982168,10.649592042137238
tid_37,2,10.56721107172259,10.719246093609096,10.527776508945392,10.592039359523268,10.562535309515797,10.56992510041779,10.570558728250266,10.637812395688032,10.595728531716578,10.604106258208489,10.58694575775427,10.66078540832959,10.620020206706771,10.629128733091408
tid_38,2,10.795958840497164,10.973319635777512,10.952840570244192,10.999699380186549,10.972737138758061,10.97592723435239,10.946198123505052,10.979957250973504,10.959898017238372,10.962630920806706,10.901323318916587,10.954769581281797,10.89468681895308,10.91681153945615
tid_39,2,10.705648318163435,10.831428160317245,10.686447798849493,10.725630098637252,10.708318352647105,10.715105594782022,10.688208200789592,10.68597929196488,10.70540179196936,10.712959255920085,10.646594178442779,10.661373481178392,10.660128034730072,10.700176047003119
tid_40,2,10.770522912048298,10.955811544752128,10.87570376584843,10.905991578496772,10.90192514305631,10.905400367461082,10.882362155835278,10.890512460482082,10.89662650046033,10.90014291966709,10.85127260167127,10.962899479933082,10.872529443143474,10.906591825971033
tid_41,2,10.670479813553944,10.83531102438475,10.612924764662417,10.668487396342933,10.642788222112461,10.649588945231718,10.638619296612744,10.696803752617452,10.658757050816853,10.667214649664054,10.64100131868197,10.677549935024144,10.65298080504771,10.706471734964206
tid_42,2,10.693874867521128,10.831447928476274,10.888469639039778,10.948957237738098,10.908527832849199,10.912628606018679,10.885700437889861,10.924971945916939,10.897147984340103,10.9028077931881,10.849844785738597,10.961868372770024,10.867378282170115,10.895326213778787
tid_43,2,10.777277798678137,10.9532281737135,10.616866032767115,10.681697010425747,10.647791351580159,10.616438358735136,10.64609785144038,10.703693103919003,10.665448611668262,10.642237954399326,10.702323732155826,10.703204401825774,10.709125743050848,10.68060297086015
tid_44,2,11.055386231389464,11.234731570390757,10.950005140003428,11.004648465623978,10.962618641881537,10.966807401699617,10.935628542870628,10.989600350422926,10.943916987280291,10.949825193334451,10.911806880717487,10.955901167516162,10.897904829477845,10.96501228907932
tid_45,2,10.702972521067714,10.864921807659517,10.648909024246676,10.685600779859259,10.67802001644842,10.684398716087168,10.672245329173547,10.701295125104851,10.690018796629777,10.698643434773446,10.644719698852713,10.745031371098756,10.666352904100995,10.726553949842607
tid_46,2,10.833464203514849,11.174979743302924,10.60310937167594,10.643182948730274,10.633671256749944,10.640522249240165,10.63110262817082,10.68129990621273,10.651719872671361,10.66021219311575,10.613560570637429,10.679927136437229,10.632801397049638,10.681439216535232
tid_47,2,10.430163887406897,10.543017688258958,10.53645535625846,10.58063100141956,10.569984865441905,10.577410641935794,10.5745756982872,10.624889924959353,10.599729202739244,10.607880932468131,10.578408354549834,10.626709516066338,10.627840915969376,10.617373246220888
tid_48,2,10.615019689304631,10.780496769408607,10.63451691107703,10.674432590097501,10.666500199689697,10.67270959684188,10.666922459096988,10.698461328365465,10.684631411819325,10.693526090337102,10.677392584089544,10.700827756821818,10.697227297960284,10.750468998636281
tid_49,2,10.625557410723154,10.80491436161174,10.761370108023792,10.832325069321607,10.785439222619736,10.790852700640617,10.769921287282173,10.835649879076733,10.783036697908189,10.791026466892099,10.745656089044667,10.816007289536216,10.756074568827302,10.798493676232393
tid_50,2,10.660897434949003,10.841391037146348,10.760664076241342,10.822400231917133,10.782984826586214,10.788638409919091,10.765046955355153,10.784520910753997,10.778091501826282,10.78613854827607,10.735126998591587,10.824226577379315,10.76072709478671,10.798493676232393
tid_51,2,10.764846800884063,10.949865753532242,10.835885456313296,10.913608195107386,10.859691122754466,10.864060445785485,10.841517813957786,10.890945482858772,10.85382385848392,10.860126804634637,10.820975749794421,10.915288761571473,10.829733189710577,10.823296142926996
tid_52,2,10.773200171849702,10.950487197584534,10.532145022675635,10.614264222771022,10.564177456886547,10.533905441673676,10.564340916151385,10.682868016594087,10.591077023118267,10.566618699981374,10.524616519339835,10.638998349300872,10.569361102115101,10.5435732318396
tid_53,2,10.537672634771274,10.68604572869668,10.656421160057592,10.722421486105342,10.684107351241336,10.690564634107174,10.675363885793713,10.705782898668676,10.69308983175505,10.701548889229665,10.701732769101598,10.702777529461097,10.707556413076082,10.74224689586959
tid_54,2,10.572213958554393,10.735470159431252,10.612713955439936,10.639287767053029,10.638285959890826,10.645653996883691,10.62364643841667,10.631519003644827,10.645857629758458,10.652988746852039,10.578261419529397,10.669863113466405,10.619712465617916,10.607113416414851
tid_55,2,10.9741152326028,11.057528240913824,10.90360086048155,10.92980254070134,10.923897162683662,10.927747566201237,10.9004488822735,10.945621261546371,10.912403027241723,10.917369849193966,10.892120762936047,10.936681959772688,10.886157880866811,10.911905768608735
tid_56,2,10.792259080772675,11.049864082469291,10.534585318758381,10.604395586684593,10.574710022860959,10.581295703290376,10.59739577183604,10.637521444068787,10.618093709465468,10.627723273819694,10.650973217112364,10.664861372909618,10.678684079340103,10.706581942181373
tid_57,2,10.85419323760618,11.04178038451686,11.032763154517491,11.099232979178511,10.997573168660923,11.047906078579718,11.015594252130134,11.079966001135155,10.968651667367585,11.029673573851701,11.01644721094997,11.060438063328506,11.013038519560718,11.025002363227443
tid_58,2,10.933594350927766,11.10799471406782,10.60380817436425,10.687878760750444,10.63449042430512,10.60335843626845,10.632215684182702,10.708245982514677,10.652715399065066,10.629324596978453,10.630168524557115,10.680632165468392,10.644990385829425,10.63753525517104
tid_59,2,10.550870860084707,10.704264172797894,10.642839706433625,10.682784482318539,10.671455719917375,10.67798737028342,10.66462936754094,10.681458420553085,10.682989876765522,10.691503339374952,10.690895618469607,10.72936768554277,10.707668353328073,10.74534953033647
tid_60,2,10.7656135028256,10.93019380199021,10.626412981067057,10.687370090951358,10.665206515889896,10.670637792004705,10.67971318234563,10.713619786375022,10.695458843292794,10.704149751361605,10.674192709098422,10.745412221778581,10.694055007234248,10.763003288749875
tid_61,2,10.54544669632664,10.691021759652802,10.642091737750901,10.704184788237754,10.666734964685567,10.673799805768418,10.651014356283547,10.715470725143447,10.670918778131009,10.678437384837498,10.637799964028412,10.6555445022326,10.64509008855809,10.647432249634374
tid_62,2,10.860641878065282,11.080618310893968,10.626025552609894,10.743843559277963,10.656924939232919,10.663399786760499,10.655124438937337,10.765643260168815,10.673814638890596,10.682577811405833,10.638917569868767,10.710372727035631,10.661095491909212,10.724105273797042
tid_63,2,10.609654605508345,10.76437973286857,10.627214573027222,10.633461613187592,10.658517385483194,10.664921974527704,10.657593953353986,10.660531192466703,10.676040121763934,10.684861540677726,10.649287842570757,10.598932273482177,10.665271976599493,10.724105273797042
tid_65,2,10.653981045948564,10.825666912358283,10.646304777723403,10.732917962215563,10.67604114446561,10.644418282187893,10.671588089390756,10.74704273118741,10.68932535727317,10.666098466956406,10.655089971554704,10.720590287876574,10.670529388791277,10.66267662956486
tid_66,2,10.732772725585546,10.90835493571864,10.958086748575703,11.015773622240198,10.92834407233792,10.979041868701854,10.94885253544097,10.97659904473332,10.90264779882357,10.964706698837656,10.920088166473402,10.965868743227071,10.868877772814749,10.92022167435945
tid_67,2,10.544878173523038,10.726813950955618,10.70485779922811,10.763366932289077,10.72787386866304,10.734243962207135,10.710534977223706,10.743274500591184,10.726241447848746,10.73429463068371,10.699935417688758,10.738792186904178,10.706797339393548,10.74786974211413
tid_68,2,10.537969596483958,10.720368914394037,10.51430127711298,10.579014411268375,10.551859608140948,10.559076390059529,10.567966352085739,10.642781074933689,10.592402880238486,10.601375690306279,10.58734066611883,10.615977154148531,10.622694516791585,10.64318646458982
tid_69,2,10.591041620764033,10.77054812345646,10.537261588103066,10.626965152330497,10.526941513166191,10.581178015883214,10.588343624244303,10.61739765301639,10.55263005360029,10.620121737199932,10.624622247922858,10.61781266802076,10.51130119273483,10.671625861415063
tid_70,2,10.559067851608974,10.724055619545693,10.67194067144171,10.73198441967509,10.696531534162965,10.665214085564212,10.681578074565618,10.737263111401536,10.699129938887141,10.675228129055338,10.654112446088034,10.677396010822896,10.657631673351661,10.652495430404413
tid_71,2,10.69463220797731,10.853052506022268,10.6451823020155,10.732487178605409,10.673666115959165,10.680181233706342,10.66656323957935,10.74476057325432,10.684804211922327,10.693313172944917,10.704482362378723,10.77907118923288,10.713280384793949,10.747919757431411
tid_72,2,10.54138890087003,10.66282033455183,10.452247075172421,10.53781096466702,10.492059403259793,10.499878206757554,10.515386405959026,10.58749109504181,10.54487198640527,10.553271398399387,10.593089358448026,10.599332321851461,10.603274050563229,10.56584648027918
tid_73,2,10.867430658685072,10.95801384506604,11.047916133944257,11.105177007875938,11.005177362016765,11.056283447445551,11.025652377021698,11.038533458470509,10.971914855492324,11.035479326582928,10.990555526382234,11.073286645428663,10.952446022131602,11.000809997849837
tid_74,2,10.92582156692976,11.19160939125486,10.53347573939726,10.56664814900471,10.569471784504298,10.576616385757482,10.581006345702278,10.60933908446511,10.604686788576894,10.613540298544075,10.580600213638538,10.591649150247267,10.609561926824659,10.635827106907108
tid_75,2,10.86159754149888,11.022838304978633,10.90969338934368,10.982708687569026,10.936554859605986,10.939453837244827,10.913784080086051,10.95938433854572,10.930040565984267,10.931104562046361,10.905494090277886,11.039957191276054,10.902281771620759,10.932471049105983
tid_76,2,11.227106988277992,11.411787134441918,11.061684622975806,11.086511765594478,11.027708225093216,11.077462856355618,11.043371977632331,11.034207103262492,10.99983214341035,11.058378884333852,10.98919399062369,11.012557534709824,10.997625010572493,11.018970254119244
tid_77,2,11.108275024929902,11.31097328208704,10.945078380377725,11.007005579825229,10.914653006805267,10.965628896051912,10.935768746519049,10.96066641496047,10.888520230107648,10.951493352928866,10.895483058046588,11.012757680430187,10.842815853702719,10.929725461848273
tid_78,2,10.5565208211595,10.716828194673663,10.583669055371622,10.626276462972521,10.612440732733726,10.581851520114197,10.604994711462462,10.652000234442063,10.628369260289904,10.604031744080334,10.614394648913882,10.63338007456087,10.638519109819317,10.61219963158573
tid_79,2,11.10787776973319,11.278837238606474,10.75687551603244,10.793338672314448,10.779150374205852,10.78486484047847,10.761144913963916,10.790868427535113,10.774326612438962,10.782394316797316,10.758238545966229,10.815849731434993,10.770745021311237,10.808927635696083
tid_80,2,10.747026930095856,10.8999840557113,10.59001540249846,10.67560166402961,10.624715832261703,10.631212235700533,10.632147836697198,10.696698514180683,10.651727451694807,10.660849005558045,10.649577322523307,10.675213330119911,10.676121301030758,10.720614239269695
tid_81,2,10.854052166762294,11.030076486346193,10.855632723971992,10.908484047372566,10.876081963054807,10.880606715408135,10.85467896134916,10.892609784293041,10.86587817196046,10.872500174084584,10.889378286721708,10.963008422170049,10.876182183474793,10.8970355734661
tid_82,2,10.760881419162496,10.898075469545358,10.50006389153763,10.622337354806533,10.537521385258902,10.54495754724349,10.553407369209374,10.691463887552416,10.579434233666321,10.58811682665146,10.607778751063433,10.673870748831233,10.658831635576401,10.656126743301316
tid_83,2,10.812094842222397,11.03966212864745,10.702297833907597,10.791829137173217,10.732935726012604,10.738340725713407,10.728779639076203,10.785854948758725,10.743557263528944,10.751852716736156,10.711644953380528,10.767363262345887,10.740975518338137,10.780404109980692
tid_10,4,11.022083824603424,11.205031161346051,11.030111113883915,11.019908567877904,11.000885169197526,11.047441974906748,11.017658939797037,10.97035569291862,10.975916352653032,11.033667336630941,10.946807323625258,10.918803112700115,10.950273950712582,10.953308781413753
tid_11,4,10.940571894846348,11.166656193745377,10.887293432624856,10.831955445633753,10.8526305172996,10.899211541128496,10.859760143527176,10.739999432409878,10.812258768738387,10.869541983128329,10.82886937968741,10.835806835125851,10.773941198870716,10.9092333611373
tid_12,4,11.06632737649072,11.205742479701875,11.15971701544017,11.109160099714016,11.152708401055758,11.153582781911645,11.133191017604112,11.064195684666364,11.1290626101985,11.1300419866781,11.226430934848803,11.066000377059312,11.183030396081623,11.172640637193568
tid_13,4,10.556310010748849,10.752402675876883,10.763405713489517,10.730210136563356,10.780431300760771,10.783153032723327,10.743199701436625,10.745867078089487,10.758959386057985,10.759836333833483,10.753425786677674,10.761073299735772,10.791634654229497,10.794594980872748
tid_14,4,10.745729079760489,10.962956991686172,10.895391996950462,10.852311992576976,10.899739707069624,10.863836598344315,10.855476511403724,10.846156584323722,10.861353110161597,10.832632132334892,10.824283736625787,10.82465099109636,10.904905211577317,10.798677677187317
tid_15,4,10.865462678283263,11.055877546884709,11.050833152007037,10.914146567521927,11.043616461842506,11.045731865821912,11.011476629665172,10.872548674637272,11.004359460605492,11.005221716558186,11.221538749154307,10.990080795402863,11.32858217713533,11.36979287448189
tid_16,4,10.518629947448105,10.72115060779364,10.720018982368892,10.730175050570628,10.740622430850914,10.74344446055334,10.70734162447907,10.742734413498917,10.725778935505465,10.726708066057025,10.68253919457768,10.69316651400701,10.72936656534579,10.724896968307316
tid_17,4,10.568368994487296,10.772678291097035,10.880743181245355,10.834952655473652,10.889544179278277,10.89183834759311,10.850078246830286,10.836959678410345,10.858104714666984,10.859415037692749,10.811029723476544,10.83486245949137,10.820469560470722,10.836890586501365
tid_18,4,10.8475860399008,11.087018335196865,11.053806068787582,10.955986301030944,11.045190183013139,11.008910105509628,11.012845557003086,10.918240520951146,11.004263916131446,10.975957833060495,11.189696807459532,11.014264007829595,11.327351190510784,11.090579139356748
tid_19,4,10.723511847537871,10.928621926932612,10.733977687136655,10.710302746415543,10.703453174217618,10.712427806906271,10.697224684301723,10.703310319041844,10.68292956553143,10.685435195087175,10.633688136242373,10.639078789447353,10.619161249300932,10.628841689422723
tid_20,4,10.59786397726579,10.837038466744326,10.728391057792283,10.711470304014592,10.746705480346739,10.749680304377042,10.708453056045405,10.72949797839985,10.726983320353325,10.72708185213162,10.691646654633502,10.831135528279066,10.737691543007053,10.748127697428687
tid_167,7,10.737593784736882,10.90033101584574,10.763496832110935,10.759267909239446,10.772100543418924,10.757029967238674,10.813852473449343,10.578759002230823,10.78197984475506,10.758396007620886,10.80681677511465,10.651672599307966,10.746472329665067,10.725411508818116
tid_168,7,10.517710566289065,10.6299582844284,10.466248156729693,10.476873453533715,10.484016891359053,10.470920845186399,10.57768522017272,10.306650325939225,10.546836976588066,10.532737198836823,10.649576146555834,10.5019500162194,10.627849115495227,10.594347271824018
tid_169,7,10.627961389238385,10.702837643839509,10.652264040885198,10.6341719548802,10.655127222390892,10.641777975504821,10.700310290157237,10.62021278725873,10.669976180914166,10.654635202009132,10.7206458205005,10.589504774711179,10.651188018963287,10.634513956193272
tid_173,7,10.54732368328927,10.682759675652097,10.535294804934212,10.486396896319338,10.537875602494795,10.543214757659005,10.608333338669196,10.572399676471186,10.59525727488085,10.601342239634103,10.68641561352218,10.567828057438229,10.69794997087818,10.668521548955788
tid_181,8,10.351846108223487,10.514019135043585,10.544650832611053,10.485170706111843,10.535248280278243,10.543434458152012,10.570885311219714,10.49641045389501,10.56573865374192,10.572281084224123,10.5935020919447,10.587971308012213,10.580376009657217,10.58941394799234
tid_184,8,10.401568304353754,10.57689365390577,10.638423516402186,10.618457268225377,10.624441144785457,10.632739039525775,10.651873594950187,10.664549936019272,10.640014827678968,10.647528538098994,10.664699654312246,10.648464061081336,10.657706336447133,10.66223475610092
tid_185,8,10.354034369684715,10.529024833434017,10.539028548332688,10.491747759696079,10.527111335099164,10.504848150021608,10.549649772893613,10.303249126108623,10.529365958349524,10.497965802117921,10.519641223306676,10.462657732077293,10.435518855475411,10.422428820399979
tid_188,8,10.465124154393862,10.67356105140715,10.611236626059947,10.555993206476694,10.636912795891794,10.602655266354903,10.611657922024955,10.52368770524987,10.636719436859494,10.609334297710898,10.600312494971412,10.657031300293138,10.632248825308588,10.594897096712133
tid_191,8,10.513568291877762,10.65416752129364,10.697907659231737,10.63741802849657,10.71477249901149,10.708920752281282,10.672597751289102,10.54492160809957,10.692889848589697,10.683701100983294,10.592589411881917,10.548788734678975,10.624220179939318,10.665941841868875
tid_194,9,10.79438457610974,10.945836320945205,10.765633343004291,10.807968652466284,10.771545177554193,10.760939776144577,10.798725304274667,10.730139706634445,10.77596311998927,10.759959204262966,10.778972585665954,10.746676901395968,10.759204497951083,10.708409745451446
tid_195,9,10.490901925924138,10.669764369692736,10.552039824692798,10.56891217534644,10.567087987824591,10.555594933104945,10.617013157832732,10.53853310814009,10.600167544482598,10.586083296569049,10.68351869182538,10.613802500914902,10.607573636413573,10.574343547604759
tid_196,9,10.440314200840817,10.60372205856669,10.735356315509344,10.779036130855934,10.723506936270036,10.710384768590357,10.7274846034262,10.694752076138863,10.705426648179747,10.686550250287086,10.725665051929397,10.687610493845453,10.615854311193157,10.611190417811628
tid_198,9,10.577316838298112,10.809677442230852,10.652495468030938,10.599797849126704,10.656081296466922,10.643438877177227,10.700087544969756,10.563579800679557,10.674578611909459,10.658225459028323,10.677636272077184,10.586804883512304,10.566343354894974,10.56520075427766
tid_201,9,10.27990482783563,10.48367318038765,10.742180788897231,10.765271048658988,10.729121899556747,10.715964498652774,10.730459994179217,10.704287014269994,10.708256123692001,10.689058456460405,10.707667935323311,10.671992674620094,10.597223807237281,10.605507813659058
tid_203,9,10.766455563708448,10.942544439235146,10.673670670262517,10.652662994623798,10.659571942145476,10.667380752315719,10.688955605929928,10.659686237868565,10.674433637049987,10.68181027490381,10.690882971309758,10.690742008834077,10.672667509158575,10.680918245022205
tid_204,9,10.66825747676904,10.880003767758026,10.44292964784423,10.524394075543011,10.462903964989227,10.449905184267887,10.564926689976648,10.550740008306743,10.539616103046265,10.524793898491891,10.675001806422976,10.5900828136444,10.559711972623022,10.554132523328985
tid_205,9,10.403377600254265,10.566474450001182,10.481416221930397,10.533872402248651,10.494351869511343,10.481139307279628,10.565396303366088,10.499428109729084,10.547064902082488,10.530957069999674,10.696917590972067,10.565752824688099,10.594360999396105,10.582618374759488
tid_206,10,11.174291092617247,11.30063035593784,11.334042765271748,11.321301482748028,11.293775558678288,11.340605354468877,11.314726222762092,11.326674330192525,11.293341192225903,11.342212420827254,11.35105397109913,11.385936279381763,11.342421764014123,11.410138735886273
tid_207,10,11.473184136320214,11.63426217882591,11.468490486348442,11.413790964011245,11.440609998434219,11.440005178665958,11.512122423634343,11.480426552043802,11.484340680031321,11.485619696707428,11.658338254834298,11.594136526913363,11.703188239930595,11.685644584554925
tid_208,10,11.250908540173327,11.363012626129963,11.259469629047711,11.206036602489208,11.19236422805432,11.198324101252165,11.241250760964897,11.223307541355167,11.180850521062462,11.185360936418645,11.434985421830445,11.330891559018754,11.36552346000364,11.385234474597862
tid_209,10,11.017395595763356,11.156580466593471,11.338191044300448,11.207084856188464,11.299567800938323,11.26235164778272,11.33704145430708,11.20623517746988,11.285759078689482,11.253513395590813,11.589085670038697,11.334722341705854,11.683443644024237,11.549497831169257
tid_210,10,11.358795951585629,11.50319023098207,11.204881623397442,11.169771195271151,11.142268181283669,11.148384002118556,11.178771741489715,11.168989478852282,11.123929684250843,11.128437903352518,11.42165983876847,11.314920465702613,11.343541371024463,11.366038367697717
tid_211,10,11.027739972236873,11.197669365972526,11.122170472244552,11.148963393843339,11.117095073005808,11.082502813811757,11.093914679506453,11.153929728466974,11.09122532733157,11.06546390256058,11.238953619000583,11.182480225686065,11.184907445577007,11.176189735761243
tid_212,10,10.979683801919906,11.15156240611641,11.194454921633648,11.098787837684224,11.13100394435006,11.13693381797024,11.166269140404376,11.096519393625625,11.109763004679088,11.113459615989512,11.461079586335538,11.337584638237336,11.411596347412015,11.418284547448957
tid_213,10,11.36050828176912,11.500171477542413,11.311098751574606,11.216804195313678,11.237938245399786,11.243520754026648,11.302569706571083,11.20953329993279,11.233000155669508,11.236705902057677,11.536977772626768,11.374854944570812,11.520447875299102,11.505851703645837
tid_214,10,11.089631360674089,11.227091017940232,11.120162888666435,11.085517673089836,11.07047209000778,11.07758715865262,11.090204215144896,11.101985399751685,11.051259731876513,11.057871057279852,11.172109752840509,11.032792158035692,11.064655461964158,11.063117873748887
tid_215,10,10.848321036667237,10.982254212983532,11.166246491923427,11.09579163410883,11.102093002760165,11.107718731228523,11.132406237882051,11.065967171668929,11.074363096998738,11.076316421262208,11.488268238983228,11.290414933903971,11.436850128172575,11.38428765023622
tid_216,10,10.88683488252927,11.012485720756656,11.036196143288612,11.01944779252976,10.990794796603668,10.99781637692123,11.002230930409786,11.005593140182645,10.966370555284916,10.97242013358298,10.93639718830147,10.97838249218432,10.908201095308815,10.904348734726359
tid_217,10,11.018868458779474,11.175677727726123,11.191919888715214,11.148344330220423,11.13177679160917,11.13810824993142,11.164803088865769,11.14752843430305,11.113467175649847,11.11856885910004,11.292031158748065,11.314497491991592,11.212628359417248,11.26884902749635
tid_218,10,11.18459499404064,11.33558906162476,11.326213983638446,11.29197365105053,11.301286871388186,11.29909075474467,11.317400279087089,11.318040858967196,11.294589018643126,11.292843142105129,11.448231268568609,11.426177009213198,11.491016911489332,11.416794494885357
tid_219,10,11.019838247959116,11.15680179762206,10.988343438946266,10.977865887438771,10.942676749333023,10.949300250510737,10.948153606323713,10.940276486441885,10.912469288750831,10.916807889797502,11.103364444536824,10.954057407016625,10.954323395471112,10.967419424592686
tid_220,10,10.98717400301762,11.111040938920423,11.063497658568613,11.038347505746891,11.013358987850927,11.019985660366034,11.0268269471224,11.029220297217964,10.986242737437577,10.991258478498898,11.248780186274779,11.036012739691051,11.09919335439163,11.079035968044492
tid_221,10,11.097003877937569,11.279393136699404,11.210122775692566,11.1994754479279,11.155951492204645,11.163181370406265,11.186100429240838,11.237745038270868,11.145364679056716,11.152274916773361,11.252578312989623,11.300690514738742,11.21298334896621,11.241374232065933
tid_222,10,11.006154941493548,11.156151944744442,11.327238308443366,11.27338939046874,11.303007436042984,11.26753913817208,11.318103596647875,11.315250464595392,11.296848575919292,11.27045980374276,11.475862340009044,11.356644427945838,11.513385873163335,11.47511550935529
tid_223,10,11.071627458578009,11.221104171082164,11.07626237672821,11.045448849197445,11.018674958412793,11.026061316925766,11.044819619450008,11.00073051439745,10.99455602216943,11.000202261029113,11.196388835279459,11.147951484921089,11.162172002844233,11.12568865899915
tid_224,11,11.188320730155937,11.310724821957184,11.22667987890466,11.233610444494545,11.237750351832426,11.24258935846533,11.20499238870254,11.25017681050896,11.235288231299855,11.233067302411271,11.138997872844186,11.14645798653801,11.206920412820441,11.14744100331191
tid_225,11,11.526557130201176,11.705222929848007,11.436034330908178,11.509797961912131,11.375449868602528,11.380246426756068,11.455554940614233,11.671498084936488,11.42057342069003,11.42580990574251,11.584537845913665,11.810923212269607,11.607283944265882,11.66792525791221
tid_226,11,11.531302566883811,11.621695561395716,11.143151939394452,11.206778296841575,11.088118937041216,11.095024437093883,11.12677948312855,11.231278169732146,11.075119437109162,11.08036699064606,11.225940174850956,11.34031443614139,11.195786775014916,11.150531925864492
tid_227,11,11.352714458403575,11.477960244350978,11.329636310357252,11.373238667458162,11.266295590725093,11.272189794172164,11.344456091269741,11.416781537524558,11.288290815093651,11.295287617899174,11.418279380790695,11.567784059579608,11.415242148904147,11.429312361153812
tid_228,11,11.720624765452293,11.83585425895091,11.365430540273344,11.385411034672408,11.34671529402561,11.309852837226899,11.381283358073153,11.456310885554348,11.367648025956747,11.341765008163648,11.455845131625182,11.60655856818992,11.501036695844414,11.451757379821542
tid_229,11,11.461610065075195,,11.263542935190005,11.299193167629527,11.262657528045413,11.268012970410522,11.253112609903303,11.319753159749759,11.265782504932535,11.270380295681102,11.167875750429644,11.315835257209871,11.228517815025329,11.171255996467336
tid_230,11,11.05143430166201,11.177144989027417,11.013834698603516,11.014523036770882,10.96759495137174,10.97330039480552,10.977117242154865,11.03119450966244,10.941080368804677,10.9462672901324,11.029098912968564,10.995664239742476,10.983772201218548,10.978762837015324
tid_231,11,11.176211399110684,11.33826012441114,11.091604333178356,11.087146501672262,11.038328620585482,11.04386037639007,11.056114528993424,11.043845743965159,11.013090535771266,11.017967612017937,11.305722772816402,11.222120913430889,11.22785421998101,11.183238674835865
tid_232,11,11.000309906893843,11.101355258617058,10.911280719368914,10.904077249532959,10.865907567332732,10.872426288105816,10.861337413117848,10.866359733207819,10.828903478476986,10.8309438276916,10.87369279838026,10.893667813247506,10.821222796663482,10.799611760977411
tid_233,11,10.874694408418543,10.99789936487612,10.751104776667704,10.786450385795272,10.727701928996119,10.734058929335074,10.740449724231235,10.799778498690468,10.72237206545094,10.72820898054793,10.699685268517113,10.772748008018842,10.706337534126085,10.703948174229945
tid_234,11,11.426038807475528,11.583719380270308,11.313710927271126,11.361244106218528,11.294659591759618,11.256570252786075,11.298870749838105,11.392831992747816,11.289242194853918,11.261318505086335,11.326202205986018,11.444170847903056,11.394908160487066,11.349318113612908
tid_235,11,10.952331698970116,11.0978992952338,10.819314292690951,10.837291142736142,10.78969861770694,10.795906183736186,10.796529548745903,10.818276313105265,10.774414782035798,10.78004020223386,10.81794512403183,10.828544500878483,10.814858078638306,10.817185230286238
tid_236,11,11.273080721932608,11.40516540604309,11.125483187992986,11.200825115907058,11.077388507444143,11.082271859957807,11.09688807114252,11.20438673151388,11.061550427676337,11.067175251474389,11.225991370453592,11.34764852114301,11.186840226176226,11.166801670465418
tid_237,11,10.961317776442336,11.14987883632179,11.129038917169291,11.131954479818488,11.118332735188886,11.123825147609459,11.098130264823464,11.124986968683007,11.089306400539195,11.095372635027662,11.138986161084809,11.10296271449582,11.058187997406115,11.041290028097155
tid_238,11,10.888535394774433,11.02898354752953,10.87342811920103,10.874648208704174,10.83549482728406,10.84181920365777,10.835434546525143,10.82667387516704,10.808412395205094,10.812732081502688,10.811296236081942,10.841276917471339,10.790157395704776,10.795078083816266
tid_239,11,10.89406166974964,11.026172749622516,11.0643415999055,11.02997618757068,11.008821669415173,11.014741499604884,11.022316878069276,10.980693253146018,10.976575153911957,10.97972249531899,11.12556762952466,10.999826640498005,11.047714032082109,10.990622924364628
tid_240,11,10.931450240956908,11.063373664008807,11.041594355972638,11.041207763909489,10.9904873533624,10.996294422256495,11.00176216210753,11.00446473317352,10.960911029101075,10.965223197178048,11.152356630726333,11.037026859628575,11.06923069532565,11.04428493277577
tid_241,11,11.07679133355312,11.19558523867503,11.022331515374184,11.046685533008333,10.97915239502191,10.984572891894773,10.990545941317206,11.032812425078312,10.957370073769424,10.963180735414179,11.011438463175251,11.076760399013803,10.945833268552901,10.943901052298543
tid_242,11,10.894948834685009,11.027793578518242,10.771631961893332,10.78224564979334,10.748304223797144,10.754481174298835,10.762636702034483,10.801881165352022,10.743343675521393,10.749429859832025,10.73482818790501,10.771854104036004,10.733715566160912,10.732652398800543
tid_243,11,11.007035971775183,11.130781785907365,11.010742579260562,10.982905934435495,10.960406746311238,10.96642302220336,10.967446441433243,10.961378926178082,10.927706107251286,10.931323396836572,11.032572236216861,11.002089592357402,10.964262346118227,10.941519354580903
tid_269,12,10.959606311558318,11.18776026222667,10.87056847461445,10.931826721483473,10.869433014526258,10.918383618296147,10.89043390074613,10.919019499416649,10.859750560666551,10.911634444817787,10.82955056233738,10.881986096602398,10.804209130121833,10.835648992769885
tid_270,12,10.97956107408917,11.196192128124444,10.75817063259216,10.831195234400882,10.7931516098665,10.759392669903924,10.775884878992871,10.854675165566505,10.794220233127826,10.77099129848487,10.775146866818105,10.81107806439705,10.764350181801236,10.770166446922428
tid_271,12,10.822426774063208,11.037748476950496,10.718671617356554,10.719015365882541,10.705328307526376,10.713609104224565,10.71825799820705,10.709079066042683,10.706200348713237,10.714525503917354,10.685716659393764,10.698922033347428,10.671037931395745,10.690402142510619
tid_272,12,10.660339312851171,10.828914422512332,10.616840051401772,10.652466944426367,10.647939248150163,10.613493834188972,10.640668157006079,10.695675201688516,10.661529193111502,10.636112112874963,10.64405879001151,10.732050525545004,10.690477564963745,10.652616465798095
tid_273,12,10.346225966008804,10.46041687801767,10.428604555467585,10.486535091643406,10.47452418828152,10.48007204522328,10.511810905917454,10.568546708736958,10.540142328728697,10.546143738659005,10.606406871915185,10.625884398637725,10.653558987175709,10.641980198481885
tid_274,12,10.873095329632012,11.032325087988944,10.726556824531405,10.742620169646864,10.755315580080886,10.720091251246547,10.74388505652659,10.743540524672987,10.75816621365516,10.733042201891733,10.726174248317559,10.777800920922676,10.735911192694338,10.746416516714888
tid_275,12,10.54430932731739,10.711785418267072,10.610813382670157,10.633747632525091,10.594817845590498,10.602059490322397,10.612172022100841,10.64063762519587,10.605743962129637,10.609541943762594,10.594827372895685,10.654067417439007,10.587445898664628,10.600073724616001
tid_276,12,10.46245169962834,10.62903899773009,10.457720610174297,10.609960122567974,10.643835620309796,10.654692080613355,10.503922752855082,10.616365285071865,10.673689548375936,10.682512073822743,10.576241489805453,10.642612647847852,10.58508470227992,10.619048042925243
tid_277,12,10.43823964181822,10.593770635481423,10.420536087236535,10.513006526775595,10.424438230824414,10.432093164646451,10.500140002656323,10.570277602575095,10.49896945399587,10.50532330545152,10.610572920007415,10.659677089409728,10.592590219976703,10.585857341982038
tid_278,12,10.766284676370256,10.96403619172786,10.95469252365925,10.988065851629708,10.970759255459207,10.973675052300413,10.942119114779395,10.948778796781967,10.952943559449709,10.956126444572224,10.899354085166701,10.921835929340908,10.895665640734608,10.908645816439206
tid_279,12,10.557854922730872,10.716755035215945,10.435633264464869,10.52938458659665,10.442507603110844,10.449860359422017,10.529414760714825,10.618314591161056,10.521972837105483,10.529635154483861,10.643629815753883,10.711324995599076,10.623241225725467,10.63924844939155
tid_280,12,10.480609214601216,10.65438699834914,10.4825257650971,10.545872350394005,10.478877099801112,10.486460633533351,10.528190327801907,10.570362394300707,10.527544637836314,10.532580967992986,10.608756785615869,10.593157567264797,10.600843719101846,10.598328053095871
tid_281,12,10.601622274607111,10.767572995334602,10.51892694290735,10.598064757415903,10.511371860671154,10.518882241536494,10.548890084657769,10.628915657291323,10.54732072495301,10.55179609010342,10.596617101234738,10.653045107129339,10.590034005976829,10.604762294899757
tid_282,12,10.451938386548065,10.629213243271538,10.405142492235857,10.489065654820926,10.407421376726479,10.4153011184719,10.476192734360573,10.545140238676632,10.479793361202697,10.484835734116299,10.583988774861757,10.558142937562117,10.558603304011497,10.546231948700905
tid_283,12,10.669729513572983,10.85082529910248,10.550062666414552,10.646356311000522,10.587012180665397,10.552778859727281,10.594919024771166,10.697855984170442,10.618078335432893,10.593034661567648,10.626371004210801,10.730193578746709,10.64630560966482,10.600134889325249
tid_284,12,10.563271829426952,10.768072273287949,10.575669921257175,10.687984038467357,10.612624902258426,10.578177129364773,10.62077958966185,10.75209010855236,10.641283810263634,10.616615192878834,10.623153141720291,10.731442942218841,10.660119564886148,10.631117284926628
tid_285,12,10.579979298190436,10.725140078780733,10.558506775127803,10.527618420438708,10.540529739508584,10.548326064933352,10.54574115866041,10.507732332153926,10.547966484448125,10.547699920825695,10.523499517722492,10.4913129636881,10.510025783132964,10.51732440338287
tid_287,13,10.64265200874203,10.825867706190412,10.396521242076615,10.388585719856364,10.404037321483912,10.411324356422025,10.50062228044599,10.430882933852178,10.4939146397499,10.502246766851899,10.600450241403243,10.523330207882047,10.571110242923085,10.595624841873725
tid_288,13,10.34486663049196,10.521002908160549,10.47234974741028,10.37851988268694,10.464298551490536,10.47104740322829,10.500869297809006,10.393708837220556,10.504430167251163,10.50831317940817,10.507954891309108,10.501745897335145,10.497860930069377,10.511188840321624
tid_289,13,10.684079974286352,10.87942925591246,10.546042164679315,10.529671632485826,10.538679918664771,10.54599040400135,10.582658845785465,10.540972281127726,10.575310869339583,10.582154844283243,10.570552200873088,10.61761723821003,10.557012921187493,10.555675447773522
tid_290,13,10.446166431650422,10.66981781338343,10.437769981628165,10.420091499627985,10.434979551668933,10.44184777133762,10.490283767891476,10.486734429289966,10.492481457331365,10.498008116171292,10.562306637591783,10.540935929678042,10.566432661343455,10.564859899350424
tid_292,13,10.550522729451062,10.84453333407581,10.392221236256871,10.346855174118254,10.392601559066613,10.399369263495267,10.458639415657997,10.435493709224081,10.46368983344767,10.4692139902993,10.56063087477076,10.560586431200155,10.568896681957186,10.56070609235262
tid_293,13,10.518832638373512,10.72899982085141,10.581554993369428,10.552886317073098,10.565117470466681,10.572053530981023,10.581576136022402,10.569571715868959,10.577766822629805,10.581385860532727,10.54404464081611,10.525115798938934,10.546839933869661,10.55798104886026
tid_294,13,10.465999143583575,10.610298457789929,10.64236480254653,10.552154376895984,10.637007028575072,10.645127320278727,10.687035801680219,10.554885983513717,10.669815373286896,10.677727730215446,10.67038536009739,10.68880177462128,10.706327796052449,10.68473600362276
tid_295,13,10.606263229988029,10.865923047828687,10.61620763378226,10.565462819457213,10.599342801064026,10.6064914436688,10.617767467746324,10.572715120260542,10.610013265276532,10.614882975356453,10.611367387528018,10.585362098328133,10.622480372657202,10.624118594433472
tid_296,13,10.623758534292438,10.850260931620278,10.562564346186676,10.511927256943192,10.553719941107296,10.561044120125787,10.593587875255293,10.550590181313105,10.585707152608618,10.592433141413277,10.620243236037352,10.5659102353836,10.602633245066679,10.620413058864173
tid_297,13,10.566953573369156,10.766158074326729,10.625525833222355,10.590347529829199,10.602380339906167,10.60916334625489,10.602364876565542,10.59539690860527,10.59747897574962,10.598663462617578,10.563363731499434,10.5658060114142,10.56471631934068,10.561627861086635
tid_298,13,10.533407352038564,10.807570066447404,10.685132816876555,10.68378824145522,10.674085090588338,10.6821137399871,10.7104289211661,10.660092889039095,10.693707326625429,10.70159877393544,10.747544806485926,10.721225662447065,10.76462497826612,10.742310249904353
tid_300,13,10.57288236583649,10.74369821510449,10.519878714596747,10.49869414135151,10.51674129326246,10.524158857521764,10.57407214601276,10.518169965267642,10.56549244592389,10.573084897201015,10.615311898852351,10.549062564650777,10.585163855655857,10.588956159005038
tid_301,13,10.891179453618896,11.1068516716508,10.781354580602772,10.773578019041015,10.803506518858434,10.805760265840869,10.78309271778916,10.758079047049767,10.795417116236585,10.79783447799345,10.81683766657717,10.790575012754989,10.812218831034482,10.822073206767376
tid_302,13,10.698963407364086,10.902198471331262,10.540204623915942,10.524170350569026,10.53415770129334,10.541517633985771,10.582269791290543,10.547543597570723,10.57432653227149,10.581475834308504,10.59254917634925,10.538900922965656,10.575105590912452,10.575532221201769
tid_303,13,10.931060233724306,11.13820874253073,10.828689843630531,10.843818388525413,10.852710821579974,10.819819714660577,10.834389657863747,10.85469390038151,10.846002340016273,10.821971587693723,10.831024884139492,10.828962882156945,10.823213930422298,10.822536867061828
tid_304,13,10.507606778725808,10.718679784557352,10.407995395589658,10.416402967425968,10.407350897187554,10.414158434645566,10.469868928217377,10.44819422299374,10.473820737099935,10.479383449875776,10.570171032882808,10.505465335662622,10.583683918810518,10.56070609235262
tid_305,13,10.462343051525142,10.681844070720969,10.597798413692663,10.536044477090215,10.583342655755414,10.590527993465882,10.607640872814384,10.524303035540997,10.600305109996714,10.605716726716084,10.643713322489686,10.586184139920032,10.619059383364009,10.629538369848051
tid_306,13,10.473475081811632,10.684176177908263,10.534379453490986,10.429080109587673,10.521546914989012,10.528400881122305,10.545754270680714,10.427363853950743,10.54522064272109,10.54892614115785,10.506206296617412,10.525393072642718,10.50073393120071,10.516802572418563
tid_307,13,10.761473095628173,10.891086340454674,10.775965217855328,10.707773368190841,10.751007151776315,10.758715968681997,10.762083202786249,10.688097060218645,10.743439658994474,10.749993619597594,10.716919056691676,10.686987891478331,10.725127748247557,10.728705692442116
tid_308,13,10.886934002697592,11.13804145191818,10.742393546486102,10.751975983543327,10.724488724167898,10.732446860119891,10.747345032900439,10.737951019970172,10.729707288198783,10.737330814012912,10.771926909209991,10.7282412883008,10.756889102798946,10.77933176324304
tid_309,14,11.583797636133482,11.705602386091767,11.454917541835785,11.615383377361587,11.51586008103216,11.433128762449375,11.42895351723756,11.535610461002287,11.511500402200321,11.428989168133244,11.516754812672792,11.740784000086874,11.522265371449041,11.518448036190069
tid_312,14,11.69379680403994,11.846943263349324,11.465886218975497,11.503462960286853,11.515688557307739,11.52491286444522,11.48557536183736,11.500389230072487,11.527990305557418,11.537909118720725,11.506698626584118,11.468863215896368,11.479339105420078,11.45916903620998
tid_314,14,11.180795387516312,11.324244932679404,11.143219874877884,11.409805372878724,11.189970666116391,11.203586670868592,11.115375633560472,11.22127193023438,11.151668842550352,11.169941467879546,11.313786200021376,11.410619891435203,11.397485493963948,11.34803709638613
tid_316,14,11.747845006339892,11.8920712380923,11.700077357071233,12.023894668916105,11.695812379851036,11.725282935763806,11.877767522278408,12.160829334514261,11.869988787642198,11.878535771063344,11.758692317431706,11.895246128060066,11.707432422789294,11.724958389859799
tid_317,14,11.212133836564728,11.354341137704283,11.051162383044453,11.346180824715717,11.100175147400691,11.116457806995566,11.017841818129298,11.186641172105016,11.056608712993485,11.077338657343486,11.053427914864896,11.152477858505778,11.139026303766135,11.150135166290285
tid_318,14,11.550172115558883,11.693684134425109,11.80850424280555,11.97192044375552,11.839103571918015,11.833536302299333,12.096111226422183,11.973634364344116,12.104265768274177,12.081250686446907,11.983290552677047,11.90697025103508,11.97043165358536,11.9909274012001
tid_319,14,11.482628100058408,11.737623806970737,11.432166681726933,11.60650947400665,11.472805016467214,11.478496594102927,11.478339007758912,11.534154600079043,11.505678725607984,11.511720582782534,11.433719287690254,11.566656717439795,11.510288613758707,11.462865831931321
tid_320,14,11.312514069220336,11.462230938653711,11.148219879466614,11.410980733390065,11.197671222286186,11.212416555335956,11.120173202648902,11.270162740659714,11.159252197995777,11.178324911150526,11.118046216297438,11.255740185101647,11.168658643512366,11.220639703187674
tid_321,14,11.200111550147463,11.356849265853311,11.003687221056083,11.096165206423118,11.049278447085557,11.06486580290488,10.964646251820884,11.126214674367478,11.001744317014488,11.022213916367548,11.020913110874748,11.104619638287094,11.072418325583794,11.061399015212467
tid_323,14,11.33691356038829,11.505117058558223,11.272004459738989,11.547021068131931,11.314794404515288,11.324320448017492,11.268988955921229,11.489979356883579,11.300474605935142,11.313554325434755,11.42336930435947,11.636811508122705,11.514025701676413,11.46621929172376
tid_324,14,11.545142865926564,11.685902665604592,11.14546705867013,11.315828581584201,11.194331231914001,11.208860800058655,11.117336533482753,11.201018799516497,11.155746925803546,11.174694417916882,11.13349755834556,11.155019510268971,11.18447013066903,11.181426691143475
tid_325,14,11.775202033284833,11.92244965717221,11.448330626875766,11.52413632101715,11.455849495159377,11.495138812246653,11.468739961414016,11.583127949585888,11.481611538813127,11.510252092103876,11.559955387332918,11.605799207816933,11.5527342964331,11.57367966641147
tid_326,14,11.242177858281352,11.394959162521513,11.171861039220822,11.331116760659127,11.223018034321017,11.238110433956173,11.144903509009799,11.254930141558768,11.18626627609195,11.205338717211445,11.216066442875093,11.35568133403618,11.194578603953167,11.200320187587284
tid_327,14,11.92903571200147,12.029903324861415,11.468110046842138,11.531340427797131,11.480976605485813,11.522325632667672,11.472218737589754,11.606282854814095,11.49732397836086,11.52753670675175,11.567397929475973,11.665324527634786,11.605915080952023,11.618729879250923
tid_329,14,11.204353374226914,11.341052332781931,11.174844630057377,11.299719496030898,11.223994088096097,11.238127171828298,11.149129132275966,11.265356509440897,11.187888633588113,11.206290067710746,11.154316520921844,11.294255205141562,11.198899527752381,11.222131453723108
tid_330,14,11.831563179162838,11.99131570309295,11.526363623989608,11.6281052202062,11.57954379104057,11.57848291062853,11.545311793183112,11.692168135542978,11.596990641353086,11.597957577420473,11.604369195053444,11.667053376280592,11.579633834750167,11.625497039826117
tid_331,14,11.562308786520369,11.707270285115678,11.835347662791838,12.179516286466571,11.866520944551036,11.850004465293027,12.134915344639396,12.43593023121506,12.143258075075325,12.11095667099893,11.862146500191093,12.00472481904465,11.881782759965983,11.860048167345877
tid_332,14,11.951317160742194,12.173405848472536,11.665527419048685,11.810903081812265,11.702248756005286,11.702000486845522,11.82653965595452,11.936130217829275,11.845873606462368,11.837659369810813,11.783005787593984,11.793186899241245,11.746702097393305,11.740121916322083
tid_333,14,11.661814325675785,11.823843968343075,11.441019505184922,11.432577829218538,11.445563168734314,11.483640529889676,11.47087970212563,11.475400139712594,11.47835952789259,11.505728138794096,11.489767585232432,11.582917542675627,11.554332605033101,11.551514696269775
tid_334,14,11.883257919079544,12.001913985296216,11.627265485496808,11.886185617559995,11.660475688047704,11.659326962143414,11.792306044449195,11.939369069548743,11.807928199526337,11.798606364918532,11.790492607827357,11.907688377244579,11.8214864653049,11.815438318915788
tid_335,14,11.316986003990644,11.464616135181416,11.387255252420667,11.67426124229624,11.425547463019724,11.430983220405372,11.427377007777993,11.559738252813675,11.453090369087894,11.459333588396673,11.545979282467865,11.608480065912852,11.657970497816565,11.591423644668332
tid_336,14,11.17841170927263,11.333779660133663,11.15380896081941,11.279313747109153,11.202404447709988,11.216663620022114,11.1264498210196,11.22151476573138,11.16455801888716,11.183241018556853,11.146322908592545,11.293141420168315,11.17487027704643,11.180942347632625
tid_337,14,11.253915069989562,11.37451935304143,10.982977992611335,11.221591725769898,11.031096242837423,11.048194261222976,10.947203606069149,11.040641092915768,10.985796684683853,11.007272529264734,11.122528208618888,11.052052239131767,11.081800271407136,11.090268599892967
tid_338,14,11.589185334417008,11.77669259112081,11.353029771409485,11.548849350844298,11.395043735618659,11.402770971812322,11.371350148690398,11.54744119142802,11.401122736847311,11.411059829742854,11.485465136410108,11.40487986078736,11.581087408253262,11.5168716585083
tid_339,14,11.174780630336508,11.32301478348048,10.932008611732357,11.152890139502137,10.9824853587564,11.00155899440938,10.9019852596749,10.9890098916241,10.942386204897884,10.9648951605272,10.97512345461577,10.969642221861495,11.005023818214967,11.052617633324433
tid_340,14,11.677303664952923,11.828319975988546,11.429269506874105,11.594509924452549,11.467615360171667,11.472324170255126,11.483346458843227,11.517690276050695,11.508300991589877,11.512871345451472,11.645803058985287,11.652774479779387,11.691184277494594,11.629736159884809
tid_341,14,11.571058514809282,11.748102719962985,11.707307164913448,12.005788109085113,11.701867671526575,11.730678925903453,11.89713617444771,12.001810077712005,11.887464311751994,11.894514643042394,11.848833964089101,11.932505358280824,11.840516667614624,11.851356832975986
tid_342,14,11.250943627368262,11.383675181022948,11.17925870595779,11.263765188703376,11.230623240389932,11.24567703980635,11.152695477360691,11.272750727261323,11.194408098935574,11.213380150815441,11.186371376653696,11.293005885876228,11.18725508515682,11.188189268435819
tid_343,14,11.170343602536786,11.302996712311533,11.036603765534776,11.317884856589387,11.086086307223598,11.102841258295756,11.003394035601989,11.072519978406964,11.042614625494988,11.063687577734935,11.022660002696574,11.079011769139296,11.089572822471277,11.126371521146961
tid_345,15,10.72875012366271,,10.991458095690756,11.008842678437338,10.98813112219531,10.97963754906614,10.988782976239904,10.886657198769258,10.972010973184812,10.950964927790862,10.95683497053806,10.891506616732494,10.962028148279275,10.88010648789455
tid_346,15,10.42247477962275,,10.77274249090283,10.88772372805166,10.764329276005528,10.755233673005355,10.780187406337753,10.73418790669528,10.75389664417126,10.740940634621019,10.775645071176909,10.705338883976381,10.700274892859147,10.678010824559921
tid_347,15,10.381338436383016,,10.758339379076872,10.783912160793854,10.749371686128876,10.740385216383102,10.763038297383206,10.637217188928252,10.73771162176058,10.724706733902863,10.767003809779272,10.638473636896347,10.713140638015421,10.69439247121862
tid_348,15,10.372837843402817,,10.76038632988296,10.742944643285558,10.746806943076285,10.737958075126825,10.749156865076152,10.602234454746359,10.724986876225755,10.710853610729092,10.749615963460474,10.64730249165902,10.686173703892901,10.669850762328155
tid_349,15,10.493934564463824,,10.566785187900381,10.52128298144298,10.567555020950175,10.559461388896537,10.592244222135916,10.45553335288839,10.57850032289963,10.56485970019869,10.630211195614528,10.530167476398846,10.528494276511683,10.537665232840576
tid_351,15,10.753570103499612,,10.814079353230357,10.798589192197225,10.808791099722315,10.79933222316294,10.831115360744406,10.752686826887812,10.802535465340542,10.788341431877878,10.826601525997406,10.729722954487212,10.825173969685098,10.790008956566881
tid_352,15,10.527389151109084,,10.75195824369936,10.807118635465434,10.748363120711412,10.739241605706042,10.774052787146305,10.678509878985965,10.74694248207128,10.734046222755373,10.791549014250844,10.666315908166561,10.738808845920795,10.70427020213807
tid_354,16,11.25738397237076,11.458180958838776,11.096788991523885,11.115239526717529,11.0980280549316,11.083604823562627,11.06070344208019,11.07062891122509,11.06475965085831,11.018430036505219,11.115283752211731,11.094403538682664,11.101143304128637,11.114893326609579
tid_355,16,11.161842002380066,11.382307538364572,10.964267146383575,11.008874342746065,10.961636390376409,11.00334430718036,10.959194755568861,10.923227910495605,10.939848856266014,10.976663282760914,10.965456788097114,10.98085317048393,10.974878033995566,10.969728501035856
tid_356,16,10.91677613021396,11.100869182719268,10.595013536407345,10.690258729436515,10.620909070338483,10.622994289398278,10.635666608508405,10.702759475029248,10.645304632117485,10.648846072102346,10.679351920089456,10.689112911511529,10.67716342914851,10.67826796893132
tid_357,16,11.049070891471352,11.213374569201587,10.73171775873367,10.786966989716067,10.755585915375702,10.75468499617601,10.752835041444682,10.75839618800923,10.760749516347863,10.76110072894062,10.713444090635523,10.752615792797267,10.731422822756443,10.720925197830265
tid_358,16,10.715776844790089,10.950534580012508,10.416787716159826,10.440114582739842,10.451225757015482,10.435264170844029,10.501792391181455,10.525668007326841,10.517143943166834,10.507567190363478,10.55570166268643,10.551496810823036,10.546818388586304,10.546802866936783
tid_359,16,10.802033777730134,11.049856137783372,10.455620844861198,10.533256956822832,10.487993133565595,10.492175239637618,10.52943520655691,10.556247236234043,10.543438150132864,10.548512324296528,10.632331113422833,10.616439039549963,10.656143495873945,10.674286901274675
tid_360,16,11.06023352005936,11.27154793039422,10.70278624151433,10.700216561512688,10.69512928013495,10.697412579015248,10.709672560602492,10.729838162328619,10.70114392611871,10.703734753842367,10.7116533112327,10.736755526952603,10.71983643540066,10.725524911753311
tid_361,16,10.729032671103536,10.953996191329932,10.549114988140296,10.552439156992675,10.568562110929717,10.573182578555576,10.580392484238219,10.563771150471648,10.592738622687502,10.597353174181007,10.630606451340181,10.641059204451757,10.63910600351624,10.638963885393444
tid_362,16,11.30601076063909,11.484412815320187,11.02515951389449,11.042739318110428,10.99632343037294,11.039960802056761,11.010431033139206,10.954056342247755,10.970962014648498,11.018100399202874,10.954750411396825,10.953955004047797,10.923525253289904,10.96552908252771
tid_363,16,10.722407984014009,10.912096720682266,10.373582698098158,10.42152288915208,10.405903435932403,10.412150211843873,10.459074089135177,10.476651999040476,10.478578787511031,10.484340043589855,10.522806026766698,10.53735603295646,10.531076723891385,10.52679601738508
tid_364,16,10.680228819460195,10.8793896872113,10.476780590691469,10.511173685940342,10.516598218597938,10.518650015757478,10.564803242250333,10.525161850398622,10.575187128713374,10.578586552768765,10.66134636294492,10.572144905945201,10.659551057780533,10.658937691820643
tid_365,16,10.69085795874334,10.88945172425804,10.334027142957712,10.413346953802977,10.36285253051176,10.350169251465008,10.414026876225291,10.493013093619066,10.439248380857778,10.429614014739181,10.51623674668851,10.507135514206135,10.504822549671246,10.506669318540036
tid_366,16,11.018855347077608,11.187666128163082,10.680294178301063,10.711843771998293,10.699270048874165,10.700708137903359,10.69908749696677,10.707212158409018,10.706344668687574,10.70930506093258,10.719693832083948,10.736261155027382,10.713917306297805,10.724134422178304
tid_367,16,10.66029474345603,10.952857074625786,10.47912486292759,10.522822689235399,10.51240286735952,10.515801903209361,10.551664708019496,10.546525308341254,10.56416341483728,10.568777714704543,10.63915423293559,10.638382658304634,10.648401141538558,10.660948510519235
tid_368,16,11.028942985271732,11.188210045335,10.948326917494969,10.986095372966613,10.965191234180113,10.960373852952337,10.940627502375046,10.96046340849645,10.951455576379274,10.945813602482769,10.887279129232992,10.902922806159536,10.89574389407652,10.904601753717959
tid_369,16,10.73915157290637,10.91501937091863,10.53471326539772,10.561678747088298,10.566839799856073,10.569094889936304,10.596320000724043,10.568742446934603,10.60697593980831,10.610673429171399,10.65418420140531,10.676002044144807,10.657000193448535,10.677444742976212
tid_370,16,11.8955149088372,12.113188420716035,10.944629230453263,10.973402061077993,10.935472691799168,10.936341964224578,10.91617074319381,10.979229980909123,10.90671940574184,10.90840804100316,11.012841280042677,10.948940440327416,10.974745856541418,10.975190604335289
tid_371,16,10.983421481682136,11.21171766420932,10.806136230275298,10.811134106513286,10.824910687917654,10.823241986741989,10.813095915754241,10.784714298926833,10.82007470071799,10.819598078243732,10.818320496789436,10.859238158519005,10.826523506148462,10.828488454824456
tid_372,16,10.6385872882917,10.81670958075182,10.325962025219926,10.329443602089038,10.362915239856562,10.348686486998632,10.432570072733174,10.381923048323118,10.452941477281042,10.444052399626267,10.522806026766698,10.504157860859875,10.526403848806106,10.515910800751733
tid_373,16,11.362531552978975,11.744706009840082,10.971568613287086,10.987796655944122,10.932782130631885,10.979900181402403,10.96014079384456,10.899933046096692,10.907941832353078,10.964228290485323,10.89150573842949,10.913732473034646,10.875529972304559,10.918940737612264
tid_374,16,10.932001001216667,11.147921646336076,10.794915406143625,10.81700662272641,10.812998660119556,10.811759438145854,10.802105372500737,10.779554529477137,10.808629673804766,10.808763683718803,10.794229458462723,10.805431057590763,10.797117356083241,10.792255218425508
tid_375,16,10.88244881193364,11.085599643158218,10.986719640112097,11.00871263846393,11.008819833405605,11.001915766896696,10.976613617788098,10.96034473159934,10.994280460584525,10.98337511561306,10.948755171439844,10.955079701202921,10.96338555510498,10.968945656453448
tid_376,16,10.98280828328985,10.990460701782975,10.403113703294359,10.470712260613478,10.406520654192438,10.413926811484608,10.461080136027864,10.511544896738164,10.468265126196442,10.472581857842181,10.51623674668851,10.519395802591852,10.507171045463437,10.506669318540036
tid_377,16,10.775092585387542,10.943820799695589,10.643580090124452,10.626267150161988,10.631859276581109,10.636498296955335,10.645426647674753,10.62348686393183,10.638783526891878,10.64188445263603,10.635306787760229,10.63845966161784,10.638960888993468,10.637497740174043
tid_378,16,10.761632088756825,10.925749613483609,10.531666358745323,10.562621839803567,10.567934529745672,10.569375500697568,10.602421698986861,10.551738447754111,10.612307797101609,10.615123309702328,10.644314203687902,10.622164235495367,10.644950070563759,10.629464025935334
tid_379,16,11.377578711288754,11.548097609101331,11.103574434488205,11.062582303466199,11.051758149623758,11.098373028966412,11.082767526317722,10.964897947670313,11.024970270440779,11.081368845432706,11.005898006463067,10.95874904496613,10.992832348398913,10.998097655933627
tid_380,16,11.067892263379225,11.217502844961396,10.911778959162499,10.947471261213122,10.927559330652503,10.923889853533904,10.906650353795715,10.90720677722724,10.914952623195646,10.911527292505347,10.884762804235923,10.899392603507644,10.873681571876963,10.889183000835187
tid_381,16,10.855984844179192,11.083622990943974,10.540064094301806,10.584111190657131,10.571975448795293,10.553471195462029,10.600422405367354,10.583854144788775,10.610952808752781,10.59958789266981,10.615762141001838,10.648451980183113,10.633295991152178,10.627384067111533
tid_382,16,11.079992546971493,11.362483897871764,10.73914435862112,10.799493828341676,10.752913394744194,10.753997731257257,10.744699567900723,10.798574180214414,10.749809240856438,10.752427912033987,10.743286035599931,10.743104082074938,10.739289284273097,10.752672992015597
tid_383,16,10.74312399622066,10.95150980824232,10.673310303967387,10.724557720032221,10.689739191362017,10.691899664538624,10.688118484280697,10.720986227207,10.695197135482179,10.698632349272044,10.70245789577597,10.739180589791333,10.703442895087607,10.702278497673554
tid_384,16,10.76896908335696,10.974029530609146,10.445379521336324,10.48025907067139,10.472654110347309,10.457516845692874,10.507246137134878,10.509767301826848,10.523929446493028,10.514254637417569,10.527834056295745,10.53953581557972,10.531076723891385,10.516620257314317
tid_385,16,11.32593904459911,11.497482839039373,10.939404923453031,10.995325048337696,10.92057788952709,10.964210083565025,10.937509437711913,10.89691249538401,10.898909291276766,10.944240375774733,10.87794521233578,10.906119753160805,10.857787319562025,10.897276840834598
tid_386,16,11.24222898379647,11.446773910259877,10.58623747988908,10.571995593255213,10.597729644433915,10.58245939316567,10.59602032110237,10.589634405608093,10.607048964741047,10.596092754202921,10.593217577662625,10.623999149946568,10.596617438936457,10.592759370506023
tid_387,16,10.982306913861011,11.152136355159753,10.685362815430487,10.712335694963887,10.711002213173739,10.71088086538439,10.714596752583487,10.678528230125552,10.722793578172752,10.724082514331178,10.733622597675643,10.732486836328253,10.722684178971567,10.716237933122413
tid_388,16,10.896077995804983,11.0933913508991,10.959770663555572,10.939646012758933,10.969305507145778,10.965777391456438,10.947346156856309,10.85757505014802,10.95290260716021,10.950139842374186,10.869270122382677,10.832772537334677,10.869072248095751,10.872272684738208
tid_390,16,10.811699740670113,11.031737928328544,10.514221893909946,10.545092806011457,10.54384735878879,10.54715308331607,10.573181527640697,10.539713674909374,10.585178663686714,10.589664359584582,10.63312708251991,10.650504985348618,10.63979363759961,10.64905107880289
tid_391,16,10.958210647634512,11.095383727036603,10.476247962353172,10.533595685025643,10.510244208223384,10.492889186443808,10.550938992014977,10.557110054951856,10.563325248288297,10.552906525778218,10.63915423293559,10.630801406389951,10.648401141538558,10.648358696528291
tid_392,16,10.737997567272911,10.927853910816768,10.624124018864109,10.622749794668236,10.617415340035048,10.621463853124494,10.637772829183618,10.617547274094958,10.632302847647821,10.635678964897712,10.632971486793823,10.667322371685612,10.631799233227335,10.636428502883415
tid_393,16,10.683392536271914,10.855330739261756,10.541250827535473,10.569440681912766,10.562701735255649,10.546416614321144,10.578003491048728,10.585358217577232,10.590441383491521,10.58013459705787,10.638522872427107,10.60659681654591,10.640085785928282,10.634750430766548
tid_395,16,10.719272631478638,10.926610915973583,10.403126758027154,10.400302989677513,10.428448018518896,10.435460026956964,10.464305126483113,10.440656724892762,10.485196788289295,10.490382539615164,10.5164420012507,10.496943563390806,10.50159911152246,10.519348701064578
tid_396,16,10.89377010696176,11.097016004000116,10.474953283317351,10.49343472804698,10.499426042148924,10.504822496853125,10.52599107840119,10.500447767577146,10.541702247126798,10.546799334176582,10.560072571158829,10.599727993573678,10.58843054660107,10.594492858745046
tid_397,16,10.874910201848282,11.069920470327949,10.805387036646799,10.8082692430709,10.82778105059612,10.825352953110718,10.816338068041096,10.797774159150205,10.824896576334085,10.823070018760031,10.807709026600008,10.828056156001777,10.795532872075123,10.810330849359396
tid_398,16,10.79996529706044,11.000179665512968,10.630949944385122,10.696653215685979,10.645786261067967,10.628677820428011,10.645662940374963,10.705083917760957,10.654153361991552,10.643214029344817,10.657221855296829,10.697701435876896,10.66846847037549,10.65261226493102
tid_401,17,10.590020406587556,10.74984926058372,10.60315562280968,10.572136284835837,10.626313142490336,10.631356572761359,10.602384485032616,10.74700477134975,10.625684869401404,10.627901950930536,10.593196250953605,10.660900832450611,10.632058657145134,10.624312404322923
tid_402,17,10.637407126386208,10.789601511264046,10.61668110774897,10.628393437357216,10.640002348340992,10.644883725672221,10.617747030699089,10.707374143747517,10.639474098352212,10.642192322357353,10.596337580303272,10.609620975082816,10.612635702057256,10.612174988864975
tid_403,17,10.662991132141894,10.84994466902656,10.598240377313019,10.59051712462617,10.627851500622574,10.631878304878118,10.623391157369989,10.736747409891928,10.643078131560989,10.647176106887242,10.626281225402812,10.680710332719782,10.67200760558959,10.667454552457722
tid_404,17,10.8430181349356,11.000515253074,10.678061951873111,10.660354801670053,10.696827933616047,10.664764940987265,10.666826915473353,10.664546684067995,10.684654781174098,10.6601179703358,10.636607473176763,10.658867911971189,10.647664115124597,10.637536960683498
tid_405,17,10.87584476897906,11.02814763268573,10.942908971486315,10.954629086878294,10.952307732107506,10.95623159364206,10.92254778185108,10.944333427272813,10.92842655616259,10.932772411496243,10.92571862943743,11.015606719468995,10.92156688144342,10.918718301873806
tid_408,17,10.703439954663576,11.04909156374975,10.693521410798091,10.699284469303562,10.669985018026194,10.677871730433463,10.674199960498239,10.7139200348843,10.662077466403767,10.666449874576388,10.629733039451045,10.704009109263927,10.646648379865152,10.636808584282505
tid_410,17,10.78915823924962,10.928539411429515,10.810363610597314,10.81497309382796,10.821250025521667,10.826251356237295,10.785610514686116,10.977726351313118,10.794814284557521,10.798728382697549,10.829285039021237,10.828039799060736,10.846534132126864,10.837349570663388
tid_413,17,11.340912194757626,11.479381090878348,11.028097560453164,10.997260401140089,11.013797939108203,11.020784755310295,10.977854043683033,11.142138474160085,10.96388881317227,10.966608757769055,11.06855499217292,10.960574497639785,11.044745875283668,11.13519725114792
tid_414,17,10.734625542723808,10.860403779625814,10.717281185717964,10.754178845777911,10.693611468171643,10.742462987590317,10.716058320490054,10.731283988589029,10.676249889555914,10.734501853936392,10.692167845932637,10.703045567098057,10.52186569259624,10.733209002150646
tid_416,17,10.709032181365002,10.858067794898142,10.648484642780895,10.670004447126592,10.664905970825828,10.670609262737665,10.625013706734041,10.719220237999341,10.646825703209101,10.6476895190144,10.55049807072279,10.63393627112938,10.56405240655808,10.618683086322383
tid_418,18,11.048383692590914,11.282900792954988,11.016319783746157,11.060724606295649,11.014067488106233,10.995139425563648,11.007680572916675,11.012856404749646,10.993098125824032,10.960632526952548,11.074408453058206,11.108468922108377,11.08371230440517,11.07523528423815
tid_419,18,11.025829388570116,11.240005888685484,10.973329212552098,11.030239917541302,10.99462691101909,11.006313011496337,10.967672582232062,10.995640270168515,10.984112684300806,10.994599648989196,10.950665221985924,10.973803052641973,10.943659452731536,10.95187780316989
tid_420,18,10.8646732530986,11.081199026977869,10.847735931559585,10.932749021636724,10.877775644729633,10.890494534672778,10.858521036419042,10.906604884468196,10.875256345341947,10.887056530345369,10.809726478712115,10.881576959849456,10.811547273157451,10.82013467261068
tid_421,18,10.683896703684503,10.89738911438791,10.69904137226905,10.760321069829027,10.73394207410345,10.747995835519403,10.725299140502486,10.745529215636001,10.743116256654245,10.75765089197853,10.708822551687314,10.763679422239044,10.704299557162448,10.738192361359241
tid_422,18,10.987289034016907,11.19843935243305,10.936728929183767,10.986111272649145,10.96020215871016,10.972196833133648,10.93469138753728,10.952712448177316,10.950968001682131,10.961959978863804,10.873123778202665,10.895633691135187,10.86507292001468,10.874165568415986
tid_423,18,10.531656115130096,10.744494236334926,10.468018656927299,10.51823888229471,10.50195103758521,10.516105412565699,10.531881279352874,10.55663498478697,10.549384667049486,10.56432659124152,10.621316513870227,10.64383917398253,10.632277090459237,10.666318182613177
tid_424,18,10.600494773544971,10.800585271261635,10.521821535488593,10.622717442946511,10.554531100869436,10.522681522447176,10.581239437887126,10.643040833427788,10.594566026079674,10.571713331966528,10.6516678341942,10.711309108765924,10.664498539549346,10.650824211468807
tid_425,18,10.753523090633037,10.96675241717251,10.634488194937829,10.693665488065637,10.651725914652145,10.619105681450778,10.638029371257481,10.73730216894543,10.650437097195228,10.626019601267746,10.642279247596607,10.654658911701967,10.653672429610301,10.638634713038282
tid_428,18,10.552006023052776,10.777768084253218,10.573269206440036,10.581689191464037,10.553808963910765,10.55866755316754,10.571397810333213,10.59444943117931,10.562399327708265,10.56454446155776,10.562656983643956,10.519117003172427,10.556050543695967,10.55507335166494
tid_429,18,10.667181729638155,10.858446922121034,10.60687639513562,10.658274845815688,10.586937528195461,10.591481752372667,10.606746110249508,10.694992243147722,10.594556011096733,10.596991034146491,10.623882063800732,10.626744135568924,10.609187831112639,10.60891198067592
tid_430,18,10.801838321277618,11.008378422927612,11.030779857789653,11.056250726179048,10.996183558776167,11.044074573233836,11.01627730652813,10.97768632330979,10.973053003048344,11.028314437876043,10.916752123304695,11.007329684595287,10.953491844880643,10.902804553341136
tid_431,18,10.7445330504348,10.977730301420229,10.643178035721435,10.712267251096726,10.668282263656518,10.63541754272316,10.674824515878964,10.717692592728552,10.683940196509544,10.659964140616779,10.660000809127421,10.707881352732494,10.667398018716419,10.67145220733097
tid_432,18,10.712028249457148,10.907497910532276,10.698122212406062,10.758589260424921,10.674821714147718,10.678554534918849,10.694080377700672,10.766768306496283,10.675501846308137,10.677877499094654,10.666965368492,10.786555343417094,10.669426827314455,10.67485211386755
tid_433,18,10.77786819813284,11.0093369235684,10.543993334525847,10.56904016745969,10.528406724493145,10.533468559904405,10.555771717060164,10.591470118990733,10.547822944663634,10.550673516500558,10.531934248966348,10.54725665637862,10.532299605780224,10.545325930534181
tid_434,18,10.593911027174476,10.799738829072556,10.531386122908845,10.579710187841942,10.559272534246466,10.527429218915128,10.570767293188732,10.618198063971507,10.586862756642914,10.563719935367955,10.64203351243248,10.622337813988446,10.642381550604377,10.637402627842405
tid_435,18,10.588438737496537,10.80584567480012,10.632407818137448,10.667555627819667,10.652185537785353,10.619533490021896,10.645154191753042,10.67928359398645,10.656883942594574,10.632828201378674,10.665286558955916,10.683026233235644,10.682964958393857,10.668909467202713
tid_436,18,10.566417764310438,10.789261343300256,10.4791937977198,10.548672032346124,10.503914085119096,10.472638832728961,10.500112558082176,10.673320223557493,10.524562107736994,10.500410463194449,10.52092914854156,10.550789692881365,10.540743294214215,10.520377141043305
tid_437,18,10.589171955714708,10.787445157285934,10.531753078359435,10.606636661061126,10.514172209686176,10.519392835211105,10.533157767318041,10.624570938173918,10.527863519728086,10.529942087506752,10.504855172866717,10.590441919827189,10.501027552726718,10.513389460684294
tid_438,18,10.63056503435848,10.848637813090836,10.467804895873071,10.561931218138016,10.50606924772146,10.52013720343773,10.551250676967411,10.60376656099153,10.564514516999337,10.579530485554766,10.663296331226766,10.699664177732403,10.683821712826454,10.69978574759176
tid_440,18,10.768630242630955,11.010777084797882,10.662246858538454,10.750647683256961,10.682556949110955,10.695116231588297,10.678326095837255,10.769508728032388,10.687872468901821,10.701180924140495,10.687864153606071,10.752853485342175,10.71200391375861,10.706937742088993
tid_441,18,10.5938182705865,10.79032475662719,10.605888776156265,10.610932590642452,10.585704690652854,10.590263449022428,10.604673149084558,10.620700351139684,10.592672739711473,10.595036455771634,10.636950562010153,10.600847898663126,10.632065649895416,10.6329316067776
tid_442,18,10.657687498540062,10.861689605398965,10.633241245567081,10.67867952174681,10.6475827052703,10.615033655313562,10.62568375978527,10.69839311498287,10.639072571208166,10.61401349015693,10.610582261390919,10.639154934894268,10.614087653597672,10.611595898567224
tid_443,18,10.803715973401829,11.065630041657329,10.650645751373174,10.691820254484455,10.675544038522538,10.642611497901386,10.681637550515923,10.697040301271757,10.690425851901177,10.666362638488247,10.707430899526342,10.750247146773287,10.71872567989683,10.71352370926467
tid_444,18,10.610897534047076,10.826571160497874,10.541112326731401,10.602384703338306,10.568768757865453,10.53683633075577,10.579951812775837,10.623219485656328,10.59528470255701,10.572107096979833,10.628036880353221,10.641240656705024,10.645699358745539,10.621788995627808
tid_445,18,10.46444529678812,10.659858327596414,10.477627180502182,10.581485921922665,10.463942465895158,10.46960555584802,10.490928728453389,10.647635188029064,10.489712182439849,10.492168326280371,10.49708200950378,10.591232632026449,10.499268601500237,10.506187866788155
tid_446,18,10.822560410705377,11.038177800563377,10.575269057959671,10.6095308954655,10.60044508890283,10.568233882871063,10.605505057012135,10.625926915417033,10.619347818395905,10.595883764907875,10.623373586945059,10.625035652393404,10.640409376626286,10.620032837787177
tid_447,18,10.64225798312049,10.835624074131696,10.462897112158775,10.549571890681047,10.45447926822697,10.460176853145452,10.500590751399168,10.63667595605685,10.49669775378299,10.500490091471013,10.546745892291092,10.607142566982263,10.556538206038326,10.552187847656056
tid_448,19,11.14548708827198,11.277481573693176,11.048913072286357,11.060177965021225,11.073018956970001,11.075146640083403,11.036951635922861,11.054571238744789,11.062642921640064,11.060310433384718,11.010904079660792,11.058751791199317,11.016104833702853,11.014139025399672
tid_449,19,10.93130355883469,11.010322608070425,10.87731020689457,10.819361867064334,10.846526231330433,10.855460191150932,10.848188665107203,10.798890638109354,10.824580928657946,10.832012157431379,10.834352105154274,10.80797513492779,10.820231430522709,10.84196465547092
tid_450,19,11.254614474876345,11.419594525177509,11.049551035234614,11.02529386382612,11.06119366577977,11.027700290871499,11.034853512836992,11.04281942007326,11.04605899744955,11.02237937937191,10.945584312621705,10.95136025145671,10.94516323174506,10.958201162761704
tid_451,19,10.989919291928404,11.22298484391663,10.876730797535938,10.841887587311142,10.844873522112376,10.854034331847908,10.845348162498299,10.796043305472686,10.821090154339888,10.828332777296254,10.81408154536582,10.825125276127698,10.806680090447795,10.82098770421099
tid_452,19,11.061297563130116,11.182900798027385,10.967228232760002,10.95284368623731,10.988829424156517,10.992314035746254,10.95947215062869,10.940323896954926,10.97612614141095,10.979403941675745,10.943085101897795,10.925276053208897,10.940432723729723,10.94359144233525
tid_453,19,11.161657306559349,11.250366481546232,10.877716690612662,10.859749196959216,10.888475601028064,10.893771570373033,10.85595386283947,10.86625847851962,10.863380999893648,10.868538293533767,10.862115628583506,10.894326492397132,10.866015190295576,10.865544621337978
tid_455,19,10.924260814751776,11.045963604850623,10.994882753961702,10.939681332946288,10.993082222435737,10.961576521134539,10.959800620510357,10.953906318874466,10.958042018080775,10.93550766228428,11.08803929198824,11.073976916611219,11.149534041146964,11.016684923886988
tid_456,19,10.713179224295049,10.798021308618573,10.666984853613778,10.62840537147538,10.646347006161903,10.654017543103127,10.655146047425786,10.662369457225852,10.644767202042647,10.649170492982906,10.641065580287455,10.652675256877082,10.643301463056682,10.636073041753322
tid_457,19,10.71760158391867,10.82320640169593,10.708641408451623,10.683541452507693,10.68329207349686,10.691503094556364,10.684393123805092,10.676008554301461,10.671449527685445,10.675692060448874,10.5577962107758,10.597397660904043,10.552531519471357,10.565901810333552
tid_458,19,10.98925942139772,11.02525305815078,10.823287735536624,10.806725794630474,10.833780182707667,10.801512308124526,10.797140799950377,10.820235592414953,10.806329320092871,10.782423685482513,10.780225015113707,10.79449616879114,10.81698677862773,10.779698221595762
tid_459,19,10.838256505656055,11.016014251895468,10.919929533575464,10.917572458099372,10.934316654735218,10.93843109841397,10.90589525774997,10.96104188111182,10.91486439234817,10.919219017491203,10.912169564132139,10.972868265949144,10.890797452157518,10.914633767153193
tid_460,19,10.879702425653358,11.04152245705072,10.826291387345321,10.776842703847413,10.841340452575288,10.808103900810245,10.811568998678583,10.828617934055146,10.821570584072637,10.798019090734288,10.833429334321359,10.811833225200301,10.812071291596899,10.811183707088526
tid_478,21,11.003658625668232,11.188561427348963,10.920383289376852,10.960374702378633,10.922497891669703,10.912077947928193,10.934374874685677,10.900153405951349,10.913229193823947,10.889721971642544,10.948953272185795,11.057460797485431,10.96898622614288,10.916327001553816
tid_479,21,10.620016731108684,10.80507674441738,10.535637944680152,10.518917499526058,10.545157372054094,10.551000944578696,10.591874888873356,10.546785574884765,10.588122634406986,10.59561539335529,10.67399111485702,10.616770043436146,10.6530953206836,10.67641233838874
tid_480,21,10.8151676718526,11.028300259573363,10.597094730133781,10.647047768869674,10.639285683127685,10.642297252772304,10.647986266128362,10.63747949592362,10.668252460651953,10.674164069759248,10.656324450866911,10.691704877932644,10.669632476307806,10.696896546385899
tid_481,21,10.845219884731986,11.00836517295867,10.905404051895903,10.955657298794852,10.935293109886011,10.93811648277896,10.91202661977192,10.910513072349358,10.931746993383921,10.933565810453572,10.901570177919677,10.98385151714607,10.888166369996767,10.898588141671894
tid_482,21,10.814502391329926,11.008222724703584,10.597452663550348,10.667907273925968,10.600113129278178,10.60624581037926,10.631265223511944,10.681385131005289,10.626332407661907,10.63369340526162,10.683547640236503,10.682771983708049,10.664938943156812,10.676118428199114
tid_484,21,10.53035068942004,10.717780995648027,10.293025124314191,10.394311222739569,10.334749043327118,10.339945297554614,10.396014416554312,10.46117960462536,10.426172528807383,10.431892333532483,10.560407687926544,10.605902429328825,10.58372106690676,10.55524745770268
tid_485,21,10.485879134560172,10.65450025798518,10.290396779966668,10.36077854579634,10.341712379116302,10.346204331974368,10.438022894124098,10.378515087433872,10.456029394395243,10.463908084127567,10.641574492453861,10.628724053040514,10.645643933896057,10.673055925960329
tid_486,21,10.72243443810734,10.907878901296025,10.527695089509841,10.573300391305818,10.559753105691566,10.564828607852094,10.586379312832891,10.586854537928742,10.60012088798709,10.607629127304993,10.6598568921699,10.706367984570198,10.667649983718103,10.67781691837255
tid_487,21,10.819748283960276,10.759473986284736,10.513668603934212,10.538099736542321,10.54272940977235,10.548078138781966,10.562349517439324,10.553487228207901,10.578968242424793,10.585948942356714,10.618401364448998,10.670561835544323,10.645514245209638,10.637322676982036
tid_489,21,10.653345824680116,10.797054033324727,10.50248925314707,10.546231669639873,10.495552636261479,10.503800881065844,10.54223373555634,10.54819667399906,10.534458897531776,10.541986833488034,10.561654996031159,10.604275435155902,10.554702039028058,10.56805805351848
tid_490,21,10.488453576501474,10.649691970820422,10.27905514278929,10.342497685779133,10.326490428950695,10.331311709406055,10.409483142477216,10.390862927047387,10.434058369308646,10.44119391707563,10.580053823688207,10.63384470533855,10.601153643545656,10.578625881061763
tid_491,21,10.852342275283544,10.984058062703472,10.34669129741275,10.47231459019424,10.383219820264284,10.38861056560858,10.425439645644065,10.463052413804744,10.45434264671764,10.4596702847265,10.569298304260597,10.622735150148547,10.592492350894707,10.559379021602748
tid_492,21,10.518265000219476,10.660318201280036,10.346953143039089,10.432558287537786,10.384470498982823,10.389786728780596,10.430154517185438,10.502872677713817,10.457919987272408,10.463630961201375,10.560407687926544,10.647590689606979,10.58372106690676,10.55524745770268
tid_493,21,10.526874603055829,10.717271470846407,10.385609319085745,10.485623293870596,10.39026867902549,10.398072439673731,10.471262754587926,10.46582607104097,10.466575154107485,10.474771642333266,10.5804605951274,10.610580776771746,10.560450212773555,10.574289533880338
tid_494,21,10.684077683611116,10.890322485296627,10.336526582008428,10.498412427660353,10.38414391404725,10.388745933730625,10.464433675980898,10.556247444448868,10.481896742150875,10.489680607549506,10.641574492453861,10.708782281617832,10.645643933896057,10.671311462936387
tid_495,21,10.58991722104854,10.75698330907962,10.487273694055524,10.481474607251224,10.477280972354063,10.485811082501762,10.515062054073127,10.489046803395365,10.510897320300604,10.516859042721363,10.561057567362836,10.529848223003741,10.578566660569896,10.573295980251741
tid_496,21,10.468954758911126,10.633024519878942,10.291463762823167,10.352544052135206,10.337829052112733,10.311835018743292,10.416330993828973,10.423413462255503,10.440694493523797,10.42220764086436,10.580053823688207,10.598010983982391,10.598972336295978,10.56469679840853
tid_497,21,10.652187692216325,10.842478669931058,10.509057770499524,10.610579562543922,10.543533895301385,10.51764566316933,10.576611967677547,10.636026742496606,10.59027745386698,10.572266887041236,10.672750762280305,10.66997652272582,10.676619335518039,10.653391098441617
tid_498,21,10.68908400622494,10.917781199183882,10.633411671573421,10.69083952142054,10.66605874673013,10.670712012577745,10.687908853516797,10.688913384494453,10.696126742545726,10.702807455936718,10.676047352712942,10.771192321088268,10.697125745307288,10.741106895856976
tid_499,21,10.417851907600282,10.59928372142638,10.322891674887966,10.396247635384345,10.360332099472394,10.365740179966048,10.405660109853798,10.44365324108294,10.436837050514225,10.441771228504876,10.549491550886458,10.62550740391308,10.581710528409397,10.577390025138161
tid_501,21,10.686975768947397,10.93242280716002,10.477281230635999,10.57800780798366,10.510498617405895,10.515668304498174,10.541415826092111,10.614329448619937,10.558543851271436,10.565765137906043,10.591026865514468,10.685874105993332,10.620333458867844,10.597872147438931
tid_502,21,10.468562696744364,10.634614291720249,10.219522343905936,10.302767619226206,10.268088320480144,10.273038560526171,10.35779562808494,10.450783942837838,10.389263422376654,10.395429787996708,10.551253891524127,10.60266193833832,10.581851910692787,10.551556364637268
tid_503,21,10.490543394896942,10.687453021261938,10.2726466773402,10.393145620655186,10.314574063852856,10.28897760572565,10.37677057032877,10.455244583789877,10.409659309712772,10.389249403114432,10.569298304260597,10.602867695173252,10.589437317032314,10.557345732522794
tid_504,22,10.981008984496746,11.150239634653095,11.05835029412774,11.082287143571605,11.049601943425607,11.100375306994273,11.042556479064437,11.086534566038411,11.02920445099848,11.071818283377558,11.07842656227379,11.089103242528335,11.082920378746328,11.05847015080838
tid_505,22,10.80409392539423,10.96887736924655,10.850060654462293,10.876528834463656,10.872082417247384,10.834949870838772,10.838775343307615,10.864228842188668,10.853493891400745,10.8271402240206,10.905270573752183,10.893978502322339,10.895104361908867,10.874577287835246
tid_506,22,10.921948516520976,11.06024924533255,11.147493840076823,11.094620329426276,11.141006068191654,11.148857103697733,11.132389534663595,11.077231133043982,11.120798681612998,11.129872424856512,11.2505496192442,11.220820115603598,11.343179090346913,11.277995328427506
tid_507,22,10.830939762716303,11.054469306312296,11.007086004081627,10.988643690796396,11.03697688022441,11.042055276080857,11.000977229080869,10.976783209297004,11.02781945219308,11.027880459142795,10.954255733609552,10.978754847636258,10.950264375108679,10.961454545970337
tid_508,22,10.879359538578536,11.077196491121656,10.837791039270762,10.913799813495261,10.865678894808706,10.827968097088602,10.83761384057217,10.902324707823784,10.854715052570938,10.827854053291334,10.819267661885425,10.87317486148183,10.820394030691581,10.828044194217286
tid_509,22,10.964539881569427,11.147078587148783,10.97504658670511,11.011210099774411,10.997987360052587,11.004339891606524,10.967254151431515,10.97934069659854,10.98473400026595,10.991284572167123,10.93599220943525,10.984378618997647,10.944349297879754,10.950714267314199
tid_510,22,10.700485609822245,10.869429030553754,10.893454030953743,10.9092136175707,10.928108653444811,10.934028499624247,10.901596113966908,10.907168602211353,10.923361178105344,10.927399021227155,10.84522786625152,10.871396586893196,10.839494987807717,10.842053146076347
tid_511,22,10.616530493310153,10.756090601207438,10.826990667443363,10.81605183688436,10.842907170475629,10.807617235313847,10.823954479935203,10.816199149884344,10.829878679334215,10.80510203009152,10.794000285163849,10.778554261669797,10.786776000009219,10.78602122676718
tid_512,22,10.58114539019994,10.756131099248083,10.865821998092775,10.849838073657853,10.838655228618823,10.84585664192857,10.844854115915187,10.842207567726655,10.822890001048341,10.830241278739896,10.829071061600844,10.805168760514649,10.855154730404987,10.866066504167874
tid_515,22,10.538777840082211,10.702333941391071,10.829188765923401,10.818304362807137,10.847498187049071,10.854824501623069,10.817264439829914,10.824594727928318,10.829542092678599,10.837743324920638,10.805159469526012,10.852782886212351,10.805161728148374,10.835402412953211
tid_516,22,10.584822745434714,10.709691059888293,10.61460511707393,10.531923982822054,10.594075689780066,10.602174420049275,10.60087777996933,10.539066631421303,10.596585895034787,10.5991328217484,10.564813024436823,10.528781515568697,10.545732940786294,10.56353256359297
tid_517,22,10.630717268393232,10.790536891788976,10.805249696022159,10.810681140757293,10.827323424604137,10.83448184513798,10.801805834633605,10.820894255683369,10.815225600193894,10.823341256729055,10.809739530116925,10.84148173490502,10.809431473284391,10.851879723951672
tid_518,22,10.691776716938069,10.819748283960276,10.761937114081057,10.771822124636877,10.741434094251819,10.747666289213093,10.760588947735048,10.768601564381946,10.741918812210708,10.74817975802629,10.746299198183564,10.765268457057678,10.747439375393055,10.752292105431192
tid_519,22,10.531680125406496,10.67941215955364,10.600630816539287,10.625817750683684,10.58086333069879,10.589043523796283,10.588369226093006,10.658482270624475,10.58547995060211,10.58775423120944,10.558251281568506,10.55269465208443,10.530610398577167,10.558641078599779
tid_520,22,10.538277071033583,10.675295717398606,10.465518947469265,10.45438540946416,10.455687995406402,10.464334547068544,10.483876087799716,10.498993514426898,10.492455967042488,10.493299708184232,10.485909634047431,10.520091789962965,10.470079475479428,10.472280655966724
tid_521,22,10.518835340641662,10.675353487807463,10.62429680998375,10.630567734067984,10.609191927671297,10.6164898783276,10.633682023452273,10.640017378115997,10.624223797466854,10.629298331144449,10.642205193287431,10.63487529894462,10.634602952488214,10.639192716314904
tid_522,22,10.532282861205116,10.632378253971089,10.430845792213836,10.49598111714782,10.427755886352626,10.435998120353245,10.481077989976782,10.518169151335057,10.486327064558193,10.489066475716482,10.528491930714267,10.601233747070552,10.522096982167417,10.519592673597728
tid_523,22,10.449482424111409,10.586637426139545,10.50778006964184,10.50751939826271,10.490498825953244,10.499542408780579,10.493709032390438,10.547875252641655,10.503860892206408,10.502254509559116,10.48365781658397,10.492190033895575,10.503332359284531,10.503029218692816
tid_524,22,10.618401117233525,10.738021441779823,10.624649887394618,10.652809499256609,10.653903036910851,10.617267179012263,10.635980957025309,10.67336789889874,10.660095471026317,10.631353869573749,10.638783702895234,10.663953984633967,10.638596698637718,10.635834541087613
tid_525,22,10.531581412805489,10.67354021713338,10.547154115074093,10.542465735135815,10.529495028256607,10.540325294084864,10.563064110918463,10.567159302766186,10.552934850380943,10.560003676344605,10.569349106849979,10.573722429296796,10.579571677061761,10.570404953938654
tid_527,22,11.069764720188235,11.206878451256255,10.744922388457022,10.796070848584833,10.721133746391207,10.72799190895302,10.732685252805696,10.797715000974414,10.715746156976785,10.72145008662213,10.65623809542304,10.702300417333923,10.66920551829427,10.66525905354947
tid_528,22,10.717683541418214,10.888781822507012,10.525185119435736,10.615692585073786,10.51548631142082,10.523361773463813,10.550158939607218,10.63967495493594,10.548710427920279,10.552446110242075,10.579207343959574,10.627041365575218,10.567252571660891,10.564611075986205
tid_529,22,10.574465808325012,10.73872006127542,10.728317988780578,10.710037147060975,10.758809935707454,10.720708156560303,10.746982537454034,10.715623122127134,10.76243873159924,10.734455640507958,10.753150042847318,10.776950515152516,10.766786731656605,10.741318464288634
tid_530,22,10.490365471320208,10.643857002093345,10.679679680376319,10.719710607952376,10.702440736838797,10.665920630620494,10.67089742428964,10.731351807925327,10.692940850832333,10.663805039534791,10.667797720145499,10.69888742516758,10.702544337038383,10.665812815082004
tid_531,22,10.516554733060518,10.67090697747066,10.529025977807995,10.619178225474446,10.520451776309109,10.528138058963659,10.559464746292248,10.627754109036015,10.556229533788624,10.560525509967167,10.573290663823359,10.573393848732302,10.547393487024939,10.561076664086306
tid_532,22,10.40909659356314,10.619325343015772,10.61573160465595,10.653053013469567,10.59984086117808,10.607345385406338,10.621315044819355,10.667346440810338,10.613422468829766,10.618007406911964,10.642323741784946,10.647784021889398,10.62987273650544,10.636373735913635
tid_533,22,10.7263046171839,10.931031603347831,10.615543592211619,10.626042737538837,10.600367515527617,10.607785064933084,10.62399155548265,10.6451434235524,10.615592590171396,10.620403652313291,10.632596811300456,10.656481852361468,10.62513062768204,10.6239875246203
tid_534,22,10.492612210814649,10.603245334841402,10.631459054227548,10.619194180851174,10.60968933808635,10.617729994468132,10.614717052012328,10.638105675571236,10.608987951423675,10.611688222446375,10.59185121098552,10.625488681939666,10.577847327464163,10.586238732467164
tid_535,22,10.757728397385762,10.89473175617131,10.786045554938788,10.773096157598948,10.805258140273272,10.767836532421349,10.774156807492899,10.787077613674375,10.788499163627497,10.760700337780548,10.718583355598176,10.756004916154327,10.74033369329177,10.706827031374207
tid_536,22,10.560455589676334,10.785484931852729,10.645716991663798,10.684926579165076,10.62294078577777,10.630926967414961,10.62671959451461,10.729359613208006,10.61974420738821,10.622592504854987,10.607697922862632,10.596476429219358,10.601942000623112,10.599755837838627
tid_537,22,10.57403118688622,10.763343373484853,10.588789091021303,10.600800396524376,10.572276479249545,10.580199482116777,10.589207811381664,10.63958704182431,10.585304774113778,10.588655561671924,10.539923782962914,10.598019083487065,10.525817589400877,10.54797854507291
tid_538,22,10.567141553701305,10.728248350464618,10.62464431648408,10.657343377849887,10.612290044789685,10.619239700588112,10.644716703018553,10.649128750495235,10.633290500349574,10.638989998078621,10.663427687055934,10.60693753620251,10.64671503175479,10.655545370838004
tid_539,22,10.559960375226694,10.69241752847279,10.573523553491416,10.618454464744865,10.608045164528894,10.571397176634225,10.60320342782558,10.658559538825157,10.628925176295727,10.600270706768002,10.631876625006468,10.648391484774661,10.670104002366239,10.632536858382261
tid_540,22,10.546120082854896,10.69670402488604,10.654673390860365,10.677078740903461,10.682052606160607,10.645271348162893,10.660870917625875,10.686911083912644,10.683023997386016,10.654519370166804,10.645881117762368,10.66438433623206,10.644198427180074,10.649723407864203
tid_541,22,10.59934605414098,10.747132319925404,10.646411419766748,10.64044504820691,10.622792430995318,10.63087520101958,10.624099119274986,10.65211715753401,10.617556634146881,10.620000849435906,10.58439028884567,10.572123756703427,10.578628869503088,10.576053972534037
tid_542,22,10.63418337604185,10.874304347764848,10.399066686482039,10.554714385424584,10.587785775128452,10.598734684080123,10.48255276374033,10.578555622007542,10.646441689804963,10.652078644930572,10.544137925164451,10.562231188997071,10.539311172165723,10.58848906595422
tid_543,22,10.765742284874824,10.997159323587558,10.650445470572782,10.720685397577537,10.686695576684217,10.648858687737011,10.68804760225725,10.730554988876204,10.705361108289079,10.677395170328694,10.698251222605755,10.75184984272715,10.705280838907953,10.682371976846404
tid_544,22,10.62317441928306,10.79277700890734,10.627312819288225,10.625230030602301,10.607253910276812,10.615133105219469,10.617093803885457,10.632665369728743,10.610738328742121,10.614086471290047,10.572951589244095,10.593957066283894,10.569529410064852,10.576405963327419
tid_545,22,10.625681268228892,10.783875421100936,10.662499837979388,10.698454210042234,10.700784390653217,10.662540695785655,10.706508793974818,10.7286612742781,10.721963614881316,10.693521951618559,10.686477989396742,10.735820572685013,10.710566528924918,10.683500125496298
tid_546,22,10.73096674264132,10.87339866902182,10.636939256510011,10.605171921631923,10.617264924399537,10.624974296202538,10.629345978821773,10.634376371138462,10.621503808850461,10.625405114537823,10.64059250058665,10.586655247425997,10.639348744254479,10.63097759277964
tid_547,22,10.610350243982015,10.771696669160768,10.68824536366249,10.685744419059969,10.670859770912585,10.677634146362394,10.69327071626412,10.691064549781558,10.678817985397869,10.684708665889682,10.667511958596469,10.661175570697209,10.652797179970294,10.652225575389778
tid_548,22,10.502524582968029,10.667165421536176,10.494349281320023,10.560894650119545,10.491853808604047,10.49921862582661,10.551026638710518,10.598806466504216,10.545575879196225,10.55065976080761,10.645239149577941,10.596088711830914,10.628883683894976,10.630689998560056
tid_549,22,10.529300307056484,10.719476065084804,10.571768057730495,10.545531510520961,10.56055559691055,10.568031195168956,10.593461762838887,10.628590777230567,10.587141268218351,10.591900996073441,10.604627381521611,10.583645195818848,10.605445418603308,10.609057375458299
tid_550,22,10.617201774036037,10.72492679938942,10.58579106661084,10.614120102477608,10.614287788714993,10.578237932498254,10.590821032095578,10.659755358893383,10.620309018519764,10.590080355774788,10.590867408830292,10.637398019314409,10.609006979251538,10.591936658217392
tid_552,22,10.620541671271456,10.802918961341428,10.755830376723578,10.772753495922052,10.733545407704549,10.740077622954948,10.748965923237455,10.784090107851767,10.730948155635836,10.737051568974387,10.749750714671327,10.751923549933938,10.740801297926488,10.745400246748492
tid_553,22,10.761388288955532,10.94418643654808,10.718859686611202,10.641678260840395,10.67559089502206,10.687451586973864,10.657377812643617,10.586392620483304,10.63824045994685,10.63920450419068,10.60244435035458,10.592524562352695,10.6032978062526,10.591160119486513
tid_554,22,10.712186392193548,10.875869351060048,10.68012434904648,10.699035901662363,10.65983940658606,10.66707898091803,10.674368895775249,10.710242368461877,10.662013470562426,10.667098743316824,10.650836393749922,10.693344739744099,10.643172589346918,10.647578844290107
tid_555,22,10.4529000347658,10.582822278836275,10.713036678646723,10.643477644876098,10.683859006328472,10.69179418477871,10.678827654070954,10.634872946969676,10.666572128231325,10.66925969970497,10.585213824348042,10.616186935521357,10.592364966352635,10.58478189315638
tid_556,22,10.417648607561611,10.576656490380408,10.376358442773972,10.469549663762262,10.557122449826648,10.56935313712587,10.413839399008632,10.572692677496393,10.595215442139267,10.595676728228296,10.512501011237658,10.568165867796088,10.555993575735917,10.577680307541224
tid_557,22,10.534706136473906,10.74036271337878,10.57163828891822,10.607071744590016,10.557050518027037,10.56494976171476,10.57868893315791,10.607764806265953,10.575480952260895,10.578982681825906,10.569676439781544,10.573403526640096,10.578705743249309,10.566299134522248
tid_558,22,10.464368254416202,10.658296463987748,10.718542196516946,10.67117166595667,10.688641569188553,10.696597510894248,10.682528495801408,10.683806968524452,10.669869718264668,10.672436907426233,10.603857216851697,10.645225421562897,10.624583813530462,10.608992264590848
tid_559,22,10.661373234236311,10.854934981394765,10.668712004900312,10.727110490791793,10.70441816659633,10.666418277620862,10.704205377933954,10.735169472648296,10.720677844042077,10.692614140065885,10.687410723084524,10.743308200607594,10.712618650829079,10.67053239948955
tid_560,22,10.619938576915306,10.771383941893124,10.570841699918835,10.60568692874104,10.551457723009653,10.559966695177975,10.556226335789674,10.642060482052601,10.55756549111971,10.558480001126416,10.51692263156649,10.543829503575639,10.519852956765243,10.506000454217912
tid_561,22,10.635814580029727,10.80747895682323,10.603476916904231,10.679323618452809,10.635963193674588,10.59919087204304,10.62632958695379,10.702404335767364,10.650363484677804,10.621899812491389,10.64301613146251,10.654049336068006,10.676937742287958,10.635214294091144
tid_562,22,10.517729503249274,10.669234425510416,10.665469280597234,10.645190960154931,10.64339109976441,10.65104021228017,10.651597922060162,10.638172213946218,10.641760670803507,10.645748614061528,10.643526745880317,10.645715997638947,10.64812913099217,10.645059354415174
tid_563,22,10.59538395119442,10.75398457585447,10.58530201228791,10.592825822218929,10.575271953905109,10.58242856302207,10.612724784943936,10.611042082311137,10.603722994454436,10.609127693319321,10.632296977161204,10.589495652350466,10.621316741869665,10.623783885210083
tid_564,22,10.42019285705201,10.605839736756971,10.627884224144092,10.636402397606876,10.609493364321262,10.617156782096728,10.624501169762812,10.655625546562453,10.616914056845252,10.620996718765909,10.634108680115919,10.636235925438918,10.631061374871603,10.62987577542531
tid_565,22,10.511498868959436,10.657842714137187,10.499840395105368,10.538663925008263,10.489418490483203,10.497704880982262,10.519020437670084,10.581093366492397,10.522377513196858,10.524686023340063,10.502591031611846,10.569191131844963,10.518460119408507,10.520186002584758
tid_566,22,10.602084854167853,10.745494296766744,10.581876402971139,10.571873060543467,10.567039459694643,10.574840380335852,10.588832089811358,10.60031255294252,10.584430847028509,10.588229939393393,10.605460659438451,10.567709606668828,10.594690069824448,10.600505648125951
tid_567,22,10.464918834321963,10.604659944769116,10.545559829784287,10.577364368939751,10.531940352581406,10.540048334738323,10.554308254332293,10.56224498242829,10.55397834681542,10.556810922521128,10.502030473572123,10.531951141800254,10.499053804534835,10.51101131140636
tid_568,22,10.539127434873636,10.702102243029808,10.619242428494733,10.66027724732556,10.646571725211672,10.61024478593729,10.622511162793897,10.677911932921637,10.648625563999069,10.619143347573523,10.646252452674878,10.704077667029786,10.692700677942597,10.640436701464536
tid_569,22,10.65954380239777,10.87980602224456,10.582931042266697,10.543403028070514,10.569833301188298,10.577403437404387,10.597416700462317,10.598279087582911,10.591355570221728,10.59584641076692,10.627012633483185,10.591116758605,10.623672439617998,10.62394810538837
tid_570,22,10.418497410173329,10.546714180278055,10.63103949089442,10.590622400738173,10.604881098688052,10.61571314954259,10.620383436263033,10.55176108202095,10.605759006493871,10.61250577796019,10.616320455005749,10.58639092704088,10.602923065300951,10.615689686428881
tid_571,22,10.577961467830452,10.721430896956782,10.685003364006425,10.664842902342603,10.670078410551449,10.67658614001688,10.698241122718944,10.695353385049918,10.682942026425627,10.689062350409388,10.712486956082184,10.669242208721963,10.712294545847985,10.705050205877528
tid_572,22,10.573046198287456,10.727546760677296,10.656684628332382,10.65261527452833,10.639059903039357,10.646263309218709,10.658802767277951,10.643000043594716,10.64744981163026,10.65266743432619,10.649427602450062,10.630852800018575,10.643383339225906,10.651852879204261
tid_666,24,11.337950456087258,11.494039237651297,11.253183601712518,11.248684932908883,11.235485500248073,11.229039673404607,11.194614170359369,11.296815020781931,11.202763439058431,11.17011250017159,11.307852737006753,11.281848090177439,11.322800781014468,11.356705854846096
tid_667,24,11.114912024099214,11.264102501839403,11.099577209326496,11.098578246238702,11.115076311836425,11.11395807172147,11.085336715371756,11.105932919341472,11.103932270642058,11.101580176128722,11.032638620180432,11.102436800368144,11.030989065953735,11.028803061924721
tid_668,24,11.065669142800257,11.24966670055692,10.877786663555478,10.839650498916221,10.849874904094923,10.859109899038971,10.857175731373022,10.81742822649204,10.834774494848233,10.843469471832991,10.877601593586418,10.763580401089452,10.868208377761281,10.864786535949097
tid_669,24,11.099559224965809,11.247237081736657,10.91010546896225,10.9179433775878,10.877844555373605,10.886854774444853,10.884504631881082,10.90302343867664,10.858594919712935,10.866624823740743,10.858497152699393,10.832701643045228,10.871436893146674,10.88217368562349
tid_670,24,11.1687012593268,11.300324890641948,11.001428131707371,11.040180609516497,11.01298333039377,10.978801789775062,10.985132897527455,11.04833424143189,10.993108804542498,10.969531231255488,11.009636525963243,11.092980421894895,11.022264545218345,11.010490875182176
tid_671,24,11.037322186914,11.177670886702089,11.193671728518488,11.143787910907792,11.183937022418,11.148763373459062,11.186443377027194,11.146144174931905,11.1724637087114,11.14785829869659,11.30445570166338,11.141140382678126,11.316110104970958,11.284534565564208
tid_674,24,10.914286324404657,11.054171915597236,11.02779782941713,11.027219650074002,11.047363797602868,11.046323622109787,11.017012382189133,11.042346309155015,11.034595319330483,11.033530900042209,10.971613597598692,10.96446208533997,10.958804654648132,10.960675958222295
tid_675,24,11.080530480963471,11.227201474224607,11.156788580942099,11.1351988764409,11.162266426468118,11.128121137032085,11.14439423559196,11.143439072092121,11.153713730749018,11.12873607296534,11.025004749379185,11.053743771232334,11.023613320538466,11.051380509157715
tid_676,24,10.956600257132871,11.103664662319174,11.060026955575344,11.041916719084325,11.07518482792672,11.073915152704483,11.047160490266743,11.007282480916315,11.062102048542458,11.061150887978808,11.021875426301843,11.010076851593544,11.022419315241713,11.026749750038165
tid_677,24,10.968601656441049,11.151281050785744,10.881433531582998,10.882067046207514,10.906061681066625,10.872483144671106,10.877761562339884,10.891043789529443,10.893435509320096,10.870823253590633,10.847116521108372,10.846518515464274,10.857843036899252,10.844041567065128
tid_678,24,12.004894210078776,12.116478299181846,11.693011059991097,11.712758998211369,11.66668797572577,11.664306855572509,11.74939804231247,11.890520245637227,11.769760932884843,11.75809311035779,11.628736353081672,11.769043781548808,11.662480035898321,11.704753592583048
tid_679,24,11.057359509122069,11.218036149291317,11.14595509898823,11.148960204030583,11.148477797603697,11.146529782141203,11.133797627281314,11.136046936008864,11.137567073268933,11.136905402373783,11.164145964846881,11.08979625184285,11.175556349060981,11.149089654761287
tid_680,24,10.77510513369854,10.895725849189738,11.025872029849177,11.023521052653336,11.03808347488062,11.004029066390459,11.011353639749647,11.018248792693253,11.020947539877083,10.997296707781382,11.015937590598496,10.899519089259531,11.005566047081716,11.004609553718748
tid_683,24,10.799161205538445,10.95394372598328,10.700251414178235,10.664582627241003,10.680431120536642,10.68847104063644,10.698075627375108,10.640944450265875,10.682952004240958,10.68962259034468,10.688300912745255,10.6817716331485,10.69145177659678,10.698274635746854
tid_685,24,10.918730913344202,11.0876488995269,10.870328738735928,10.820116357300295,10.880439533920496,10.844492425224843,10.84270944977937,10.798179282734019,10.850739382560347,10.823770708623401,10.82884317732682,10.822465708520477,10.860568615312875,10.801035363721722
tid_686,24,11.063977011587433,11.217535093100077,11.089131322057787,11.087324539069494,11.089773989486709,11.086263736557143,11.062629601116496,11.053495084204982,11.06497381414185,11.062006923284962,11.072253060339422,10.993754358210165,11.029219180785802,11.057816525871292
tid_687,24,10.86108336222701,11.00048186632186,10.715009198401631,10.671766863317533,10.68592175853341,10.693310711501518,10.6801870338671,10.651663798085256,10.665789035131803,10.667744780444734,10.62561852227307,10.582785946893448,10.61503988309701,10.622265549674
tid_689,24,11.231992565524768,11.368427877105564,11.236692229955802,11.176744674070752,11.226207114991306,11.189873721880062,11.215889687941798,11.217317416923084,11.211963735186659,11.18450015399338,11.266290546141596,11.18268121188758,11.29844755230408,11.284237214462918
tid_690,24,10.884175545571134,11.039137082573436,10.78271656023764,10.756277833974917,10.753510442748171,10.761105713265756,10.757208034473111,10.779409554332705,10.737396130282503,10.7424446832102,10.719218897504538,10.751272122192509,10.711546946607791,10.722451708739825
tid_691,24,11.418288358601153,11.596583475706783,10.821768713273448,10.743226885132488,10.782406726053638,10.789361338471737,10.769780396178765,10.709012143485172,10.745453085752603,10.74634251781676,10.652565829974899,10.64296151912307,10.641815553218043,10.65069517503298
tid_692,24,10.797289292064397,10.957585273630908,10.78867823205946,10.717439408166248,10.800800603120987,10.764745398218524,10.756991066096523,10.696394249193979,10.769578666429387,10.740755762807206,10.733028894648566,10.718600838077103,10.779201486029613,10.72849604900503
tid_693,24,11.250499098574451,11.445621523580416,11.228763089063985,11.19494103711425,11.22135137160046,11.217678480132282,11.206387611496185,11.15043073521843,11.207012997861447,11.202837004597992,11.099479577577876,11.051297603587633,11.120892599977312,11.069652909347194
tid_694,24,11.109748736522931,11.280666746456578,11.077807250929666,11.044404740602571,11.029587723467738,11.036689293517197,11.046070596124645,11.055589894132213,11.00873869431273,11.01466468045052,11.11677870044531,11.05558447533432,11.017106471031136,11.002983841702621
tid_695,24,10.808753736792829,10.965304451242186,10.868976023589143,10.804077429476783,10.835407870787488,10.842948883213797,10.840790747580982,10.799767431249675,10.815821006451474,10.82173296717177,10.840583983453529,10.75720360287193,10.824157385508338,10.801035363721722
tid_696,24,10.79690875898616,10.933961961250692,10.674609704447228,10.632769649951777,10.694837606883166,10.659030162733684,10.65658189214701,10.652249985256109,10.67772379831514,10.648462377995898,10.632989964565855,10.622166608070287,10.637018988888402,10.631841872927351
tid_697,24,11.0904220253773,11.274579439412822,10.827375767297687,10.863226856974615,10.799831698730758,10.807694114181421,10.810907254347333,10.850403716799141,10.789107242470612,10.796091498595072,10.786022788595478,10.826244951034592,10.782637490924895,10.780006333524403
tid_698,24,11.053545207361624,11.23207202425196,10.81055009605118,10.692245666676158,10.778484316068441,10.785952720961527,10.779671444407397,10.746112850018992,10.757811228644046,10.76249062651218,10.790809072727704,10.71178698783941,10.76815007244663,10.767057258426965
tid_699,24,10.79479888069927,10.956823496334602,10.792815650622225,10.712062492770242,10.758144952794652,10.765360806764141,10.750990860141625,10.656437061047418,10.729880845290056,10.732295956436399,10.65640019030452,10.664303424059016,10.656472805875975,10.67027930506917
tid_701,24,10.802538530147585,11.014089345654392,10.833380435954842,10.729079087461308,10.799875095936274,10.80730767334395,10.80122881475232,10.71836167194141,10.777792496914788,10.782621746564267,10.778896308569792,10.775487290283086,10.770282301383267,10.76646661707353
tid_702,24,11.291948315312435,11.479280776854004,11.357669490240884,11.318782915988852,11.284689609904767,11.290816277762579,11.36021708965548,11.374371699067668,11.29546231638068,11.301050668953083,11.457850411569941,11.505031002477855,11.384473105834747,11.414911060297586
tid_703,24,10.949187693320516,11.102494045125672,10.81340775595703,10.783390717037259,10.780404255125376,10.787811127724334,10.780072154384804,10.763277152618587,10.757863501266888,10.762178744134093,10.797298952732156,10.787059073818092,10.774681896328259,10.775393144322415
tid_704,24,10.725230214126707,10.868107389927555,10.838230351940535,10.82130045747233,10.804047716466457,10.811444707317005,10.804786250205833,10.816611714407992,10.780912329391771,10.785596626114064,10.778896308569792,10.8272777753239,10.76375491114948,10.763674033812892
tid_705,24,10.84816552685717,11.031885155006927,10.916550667131448,10.834516174658932,10.887440958344785,10.895468973779517,10.900768361776237,10.906921602112304,10.877043754748248,10.884551911380854,10.89344882892099,10.813509313692414,10.907417752547326,10.878298264244464
tid_706,24,10.777242321885693,10.945113177320303,10.650352040558097,10.59608572040524,10.631627047030303,10.639590811567684,10.647721432039724,10.59035715291151,10.636476095615697,10.64185203871331,10.63962638186585,10.630601717235171,10.629679703605891,10.632365177215085
tid_708,24,11.322214011212631,11.517597533839432,11.155843312750296,11.232575206310466,11.2857035766676,11.289261062268142,11.124379795731832,11.173454727771094,11.24013445067069,11.243390320624929,11.350268522874151,11.233287428337768,11.409813935032364,11.46133321813448
tid_710,24,10.81542281310078,10.991832310048371,10.841551275907214,10.781148847302939,10.813296667972994,10.821150641223461,10.824240249933588,10.796323124724044,10.80181594599724,10.808853651691699,10.866323033605303,10.810846819286645,10.852571086107968,10.866469042227727
tid_711,24,10.819038010475133,10.980321062606642,10.877446137208363,10.832514348089669,10.838305359390567,10.845453639867824,10.836012025339818,10.822265467893933,10.808351024722455,10.81210787196562,10.771595453958765,10.82772223035403,10.76627753836452,10.77519376843808
tid_712,24,10.92753253280254,11.088052741538382,10.725168389303317,10.652099196705295,10.6952385773762,10.702596391508282,10.688816955959554,10.676450843308062,10.67355493771021,10.675493002437175,10.613569774223242,10.623642577699535,10.612852474507086,10.622265549674
tid_713,24,10.8192761583661,10.982587371808185,10.794481254535336,10.703509243654656,10.749686936106382,10.758496441353428,10.743173840194206,10.666330457845321,10.71311606310691,10.715023379800416,10.730503939037815,10.688704682646685,10.685861986323813,10.69105582168302
tid_714,24,11.029234996811509,11.18010515195126,10.910745475735853,10.875016661722649,10.87922218059616,10.887049979206838,10.890310967651363,10.911644800471592,10.865404204133688,10.87258311575886,10.88883967379255,10.852314990657135,10.855761291156478,10.864648190632007
tid_715,24,10.80781298487052,10.94210210618654,10.766492762131717,10.728248313140167,10.734515233041952,10.741850217059893,10.729492756754796,10.700371471897869,10.71069103272259,10.713469026846706,10.640336750097013,10.573806241517742,10.624848562299539,10.624692736113323
tid_716,24,11.751008858992993,11.945686623051072,11.399824021073744,11.440307118614951,11.359996477806531,11.354426269638786,11.417719807636328,11.418359431851817,11.364347497294455,11.359570337318152,11.45905076001841,11.728604530178535,11.452287492900034,11.457303836500088
tid_717,24,10.784615247741709,10.98837103087986,10.766632288012872,10.751860496607012,10.742093445974,10.749989061999404,10.754126883395628,10.790559034002543,10.735370740535405,10.741987859118344,10.725383814564685,10.749852072555546,10.706176859597559,10.717848368156233
tid_718,24,11.813064130914132,12.000493311277417,11.66216034199061,11.759407815333436,11.76067102402005,11.763477333275299,11.745624951394282,11.849497199127592,11.83592476314958,11.84014712301295,11.641549710551963,11.637941430813186,11.637943385091758,11.665170258952239
tid_719,24,10.797076538728582,10.938863582865377,10.810568866379505,10.719278308844363,10.776072708592725,10.7833581476464,10.772204176597828,10.684177340354706,10.749870587162357,10.753250166805579,10.61412016152428,10.576500324998827,10.604787410741098,10.586831928542754
tid_720,24,11.709520502574492,11.93533421540828,11.497676474931417,11.656431531577265,11.60047504402452,11.603081336881065,11.542172945487708,11.667543286694494,11.621833476111421,11.626368838559051,11.691084893956551,11.739925132103405,11.679851411662987,11.650775547956286
tid_721,24,10.838069966882449,10.983779714460873,10.750016239490222,10.66770363114058,10.711526178364025,10.720669078125404,10.711827817405977,10.620138997251416,10.686589337302161,10.69035728202011,10.64400386880721,10.548304438276597,10.626852556085966,10.631632434043475
tid_722,24,11.00851919300642,11.140526109354898,11.009649440704715,10.954342620550246,11.012923180374504,10.976904118154748,10.981149918909376,10.96985371101778,10.983675211818717,10.957246506712195,10.989272620944186,10.931002064017393,10.970174426152742,10.92078229396645
tid_723,24,10.863351052082614,11.052327067543125,10.814932789024237,10.79285548948934,10.785943848191474,10.793657895375436,10.793522625277445,10.800777011386753,10.77197164104476,10.778160059011064,10.800867991027191,10.755330117710985,10.792459055997652,10.79279558038051
tid_725,24,10.792682486481825,10.969430288926231,11.015961613087292,10.987405441755621,11.019689515725686,10.983724722975557,10.988471818298052,10.989375303117214,10.991520015479718,10.965179166757522,11.001646752366387,10.92208051738416,10.985659080423552,10.966243154204454
tid_726,24,11.6252393498271,11.799952322815791,11.41055224889192,11.63380715225172,11.520951963294145,11.523853694052852,11.42805340256616,11.601060691559725,11.519339426042778,11.523546314892029,11.577377759318539,11.68785245976055,11.5686982912608,11.606920453231249
tid_775,25,11.491453585247095,11.657748491468997,11.472465435558881,11.504232894599028,11.431634838223863,11.420212510934304,11.444159309664473,11.418561460950672,11.447634961269042,11.412268041627142,11.565339989410226,11.529672443580505,11.557483860158436,11.48114300434703
tid_776,25,11.2751427825392,11.462948146411792,11.17243113704115,11.194707028368422,11.174436637407247,11.173182978455307,11.159027692054279,11.15123299620356,11.165772589224211,11.165519793661845,11.085234869727607,11.117764732772162,11.082794671742093,11.03282917871227
tid_777,25,11.223461806436015,11.402695334181107,11.298528484430545,11.328205179676111,11.255095057566486,11.298344716706357,11.288269962081504,11.269173283112579,11.252554941616955,11.302548712577662,11.259068680330383,11.183546056221312,11.248274507972214,11.239630804870604
tid_778,25,11.559708855009946,11.714079407286173,11.31844686422307,11.347668761257664,11.308647187481164,11.306387870427121,11.323009125593927,11.342662211378725,11.32062519899359,11.31928365563632,11.419076215807449,11.314321968704704,11.486532928089705,11.362700367834817
tid_779,25,11.03086059045836,11.209374139353768,11.11326879799754,11.089240412803898,11.117856941530643,11.083893131536444,11.096698137958484,11.079605889330235,11.103232868252329,11.079919643727608,11.145863908395462,11.087777403810072,11.141612847081399,11.159315324282018
tid_780,25,11.159688888778629,11.309291605894051,11.007398798881907,11.015611229674366,11.01565457222913,11.014915825742577,10.985984974343253,10.992297815362729,10.992605744921917,10.993483975611325,10.982284827353409,10.964277365562104,10.98247259154441,11.010151211559634
tid_781,25,11.123418840189611,11.347184880923674,10.964893569867073,10.998413686208654,10.9807053364531,10.980620454073494,10.949765206320343,11.007335810870929,10.962291574192816,10.963939335582179,10.862276567714476,10.989215924619222,10.876461730187227,10.882898059633039
tid_782,25,11.399194458743017,11.56716361899909,11.33835947598313,11.354319404775822,11.29338537934993,11.33650794473942,11.329927926846812,11.29886959191152,11.296667605547153,11.345283607810845,11.355645805643388,11.30920735408551,11.348014716649024,11.350347088041609
tid_783,25,11.16168430269251,11.383178900837562,11.002856945136802,11.026982785554821,11.015708889647604,10.982447416580865,10.985862253115412,10.991252163864623,10.99695136996372,10.974549953708015,10.977915701851982,11.060948889006607,10.993755100831464,10.987765568499963
tid_784,25,10.95767239651954,11.130770062457678,11.048505525731686,11.079403723216089,11.05689740940978,11.05617881118272,11.030004369550248,11.04301953284034,11.038109840899361,11.039052808481568,10.994450115475601,11.080920489676679,10.996598029657273,11.014205031839372
tid_785,25,11.124105061990138,11.295777653232207,11.300934415906587,11.336723665834004,11.262441955156852,11.306125221663272,11.28320386947548,11.255386120101857,11.258392624088989,11.304620825361438,11.243870430239973,11.241188183125397,11.231336703432191,11.236072634784481
tid_787,25,11.091077894129448,11.244406599742904,10.841681125301157,10.881896435090267,10.994799431017707,11.005816392959733,10.808273773549272,10.835919704351822,10.9383764797826,10.950634998891093,10.79732287048621,10.868020770302419,10.916598432789135,10.970940906448376
tid_788,25,10.83426090316968,11.04073544731834,10.785637023556287,10.943517184362715,10.79563853791659,10.792828889561783,10.744563304354724,11.030919966024056,10.759602922873592,10.752634431915572,10.689260153602799,10.81619040038594,10.767015423087583,10.797732524201884
tid_789,25,11.002922835784608,11.196502295864546,11.078854640996822,11.078863221618837,11.075764380221944,11.072924364374945,11.049050021383533,11.049131671545478,11.046786155768984,11.044640829320736,11.050630759249396,11.000426655484207,10.98332099187362,10.972865023960228
tid_790,25,10.872182861094869,11.082037928020588,11.021741856697144,11.020975701224904,11.021573649671135,11.017919715550825,10.985012690874559,11.00026621189477,10.986889846746916,10.983126786611694,11.11482946566851,11.113345937256167,11.161742188707604,11.218414351880941
tid_791,25,11.123373075322114,11.33696125734094,11.007478470368522,11.056339299530391,11.149943841055046,11.159001454804509,10.96764272962838,10.986366552947494,11.089681793336343,11.100313815023478,11.029710356723786,11.119377892591885,11.14672265548469,11.121148624254669
tid_792,25,11.333772482937054,11.461276317800902,11.039968371613748,11.066500440706998,11.034665230211582,11.18804213006554,11.003104808631573,10.994016696058313,10.997858448265,11.130070829722289,11.103890351105326,11.27061551782353,11.142613237518123,11.232007019125291
tid_793,25,11.10178980965573,11.250928033211393,10.799549214070263,10.896171907089135,10.963907344997013,10.974842521311535,10.792180480068106,10.863174822347707,10.92718081887333,10.941424379745833,10.817008549532934,10.821052197260165,10.884793619820622,10.875317431818411
tid_794,25,11.194634345629682,11.371168333528438,11.164512311591736,11.204709476553159,11.161534605914612,11.15766292864195,11.136727135118404,11.164610380746348,11.13997005246453,11.136404841121442,11.122258919132753,11.149989819227997,11.123653666688512,11.083580374641937
tid_795,25,11.047748568286565,11.127336510866854,10.813007831124123,10.88403353348176,10.973916672842698,10.98561082382903,10.797448724384203,10.841962800290506,10.930249998533856,10.945230774033975,10.76380484469859,10.85678134862175,10.823700830734793,10.826697343753366
tid_796,25,11.033378845896705,11.30702858118982,11.011365318352771,11.026887707538883,11.147355480188626,11.156904902369623,10.966523256598247,11.031167326643024,11.080262297843198,11.088814427841298,11.066280279767792,11.115247737304635,11.19269701868906,11.192232750808842
tid_797,25,10.922237395060392,11.146149678852067,11.019920183191102,11.062116075925779,11.168377795155738,11.177963177385635,10.989842231412759,11.047759396538517,11.117011147289961,11.129661754278452,10.979116910910935,11.039245785709111,11.07538569868228,11.107877676735377
tid_798,25,10.94495260377242,11.1714473196693,10.917836696241679,10.989907360005601,10.925345481359946,10.890477674700803,10.887497162051341,10.975560746840722,10.89359823683144,10.868291179206638,10.904161353498447,10.973316705604976,10.884678656238437,10.870793737221776
tid_799,25,11.222232196748946,11.504521248266352,11.094384341720893,11.144075922096151,11.091497100412049,11.245096655896235,11.06622100802394,11.092331473930974,11.064681665506463,11.198867663654951,11.018467094881835,11.208887456520523,10.981687613499806,11.18011291405609
tid_800,25,11.024976171205209,11.215158039216826,10.954489812887267,11.002544797988188,11.104168417422432,11.113847753372477,10.921731770471942,10.98949168287903,11.049403501325216,11.061664284120399,10.87387304024906,11.03891416274015,11.023143570086663,11.078833632839025
tid_801,25,11.140781490127564,11.263176097057467,11.13770953021749,11.16834974853507,11.266906220465737,11.275885379903904,11.107527611922013,11.113098706122084,11.212354082543216,11.222174146684203,11.170420736083152,11.304003357681601,11.279760946788903,11.36842360785581
tid_802,25,10.96814311559271,11.20351162562848,10.924780226995383,10.935031594019998,10.890259358292589,10.89633865880658,10.893141053579502,10.893176731278507,10.86750210743225,10.873029039725981,10.948071675663405,10.849910599585165,10.910821568063852,10.93069015160396
tid_803,25,11.144164926410069,11.306175550667453,11.092705607973194,11.11299663749868,11.090090568636695,11.243713649859815,11.064574927585223,11.076825454600858,11.063318811871119,11.197543345671212,10.981089215405841,11.087401531045948,10.962199696900692,11.165956881347485
tid_804,25,10.914042462800364,11.128139070870422,10.893054752747354,10.90851810668287,10.864132933206522,10.87069670632861,10.870044773927825,10.879814885568567,10.847734278771426,10.854527400669863,10.858104532602816,10.912450265668477,10.830490289262292,10.842611836424009
tid_805,25,11.005616982139674,11.22896977425926,11.01479122226104,11.058799947142813,11.01883805083486,11.171970888906033,10.98334658029605,11.041221047730687,10.988798129522856,11.122248874789355,10.96085904828707,11.03739673087726,10.952554704814332,11.115735912342467
tid_806,25,10.879338810866244,11.075488149700275,10.985315606492263,10.992044450214486,10.989270304493665,10.987029154225999,10.954798154912979,10.963119453579957,10.95816309726868,10.956645030215181,10.916547019517534,10.914402834002962,10.886677749878789,10.914481105288594
tid_807,25,11.475580751029518,11.655418457240016,10.967225846640595,11.056262145020751,11.116380564789425,11.126016522510456,10.934559247527414,11.026838866843065,11.061824568084647,11.074138040339648,10.8946063608648,11.09104814908897,11.03066132063232,11.09082215385201
tid_808,25,10.880818819722707,11.113410121854734,10.948958643400264,10.921226539163982,10.909701199860907,10.914311473848588,10.90727331266652,10.886827436832037,10.880433311696306,10.88277827886407,10.917455939652491,11.000049830715037,10.870909443090548,10.870952765558853
tid_2876,26,10.888511122091376,11.061256719745638,11.087706134412652,11.055225989958405,11.06736935742896,11.055089673742565,11.074574248898376,10.986553468762958,11.048369635302217,11.032511030750454,11.048558762389808,11.037608810254001,11.06768834139998,10.987285859107839
tid_2881,26,10.734418633478908,10.91495027284844,10.868108803169832,10.841574560049352,10.85195695134409,10.840478296575089,10.881991090368665,10.758544969243356,10.84124387071099,10.827767419805117,10.758968110878742,10.694152792353178,10.768377740896069,10.68296526523886
tid_809,26,11.005736553675147,11.209441870115889,11.115478311603953,11.107785508466376,11.105088722361755,11.09219971533728,11.093545526890939,11.089529078363618,11.08236261839063,11.056272528057592,11.133893988606454,11.097194274940511,11.134499538339885,11.16711337943049
tid_810,26,10.69418104725102,,10.667119923243078,10.626068334750192,10.709763069551721,10.67291135333615,10.711098191608807,10.656714976095685,10.7293144141536,10.702706682959843,10.720996967694887,10.642307343629215,10.747254347756241,10.72476329375637
tid_812,26,10.8781962380302,11.067099193642752,11.079217228162454,11.061269681282818,11.058736871823118,11.046493602470328,11.066642423501358,10.997728500995056,11.039472033417308,11.024117716505506,11.048558762389808,11.032899387761628,11.06768834139998,10.987285859107839
tid_813,26,10.82172239340515,10.993255848133671,10.976405164064587,10.945170176740067,10.956687840159967,10.944756190947118,10.965965467550818,10.90455067862108,10.933072640181626,10.9209009012739,10.89615832058659,10.88567219181156,10.882337829506525,10.815112552190659
tid_814,26,10.949851705135512,,10.785327914400256,10.74404442110875,10.823574504766283,10.786546526222745,10.814723051935509,10.72261481766982,10.831261725525248,10.802833283108942,10.766625233354684,10.699070750941237,10.774488512146306,10.772132904267822
tid_815,26,10.636602763092394,,10.673740356362933,10.671518878214174,10.715875523511002,10.679027473234159,10.716074786199858,10.698361475541166,10.734229795923653,10.707606808124043,10.72052063936545,10.648901799451039,10.752648341657068,10.736821096628951
tid_817,26,10.76650197251094,,10.603059581029884,10.62980632463245,10.609204540785868,10.61533139572836,10.670722312153952,10.757927608880742,10.655311936919393,10.661227726057854,10.635353150419117,10.718145137791305,10.657108068163668,10.671785860709164
tid_818,26,10.882970900223487,11.058475448731258,10.96577411252819,10.937227062416202,10.976630438066078,10.940402939670417,10.947409746437343,10.920439187381735,10.954561130997767,10.928539603083637,10.920287919896275,10.848194912502795,10.913195118854413,10.90924131550315
tid_819,26,10.880788714146211,,10.941008189471178,10.923451011257171,10.93254761519771,10.920154621586546,10.943569607652803,10.87224643811953,10.916907363688189,10.901592902848675,10.881791583148383,10.86556238219779,10.928509988899421,10.818692578293266
tid_820,26,10.973528884216202,11.215219992329114,10.963715200062113,10.937312081301556,10.98820823951067,10.996422266760433,10.962000672967546,10.869841841322577,10.979648300981255,10.985993514785227,10.954056528952423,10.895936261566286,10.947690825931671,10.951098865530922
tid_821,26,10.738184207318596,,10.666516410495625,10.644944634777714,10.70970461246449,10.672826765899334,10.712351224693556,10.69229030073328,10.730281149822321,10.703581028529834,10.685653850682813,10.621917948239613,10.70334347351264,10.701586745373648
tid_822,26,10.724544101718104,,10.764586370837918,10.689229902679312,10.757045394356556,10.763328523883507,10.787813629264688,10.776741380789892,10.77227574167629,10.778022092734037,10.737209505462387,10.707207504675496,10.756093717509902,10.754225081801778
tid_823,26,10.61581461750854,,10.672263929383552,10.641205422477464,10.716133592273689,10.72434068230968,10.720389899565548,10.63996193433733,10.737637313655997,10.746349698572697,10.679098699482102,10.604375853383221,10.70203094447667,10.749809494701488
tid_824,26,10.927972381681151,11.07069574502106,11.120641056610681,11.102344957051168,11.101635774526633,11.089174756473362,11.104034034059145,11.024091710407946,11.083039584316507,11.064359067096948,11.032242947917586,11.054071598598034,11.045421832538509,11.003746652913522
tid_825,26,10.660857579413593,,10.677612806679099,10.646205234797684,10.719526652205221,10.682676825321582,10.719250208013024,10.703566227101799,10.737328536807956,10.71068250392821,10.713674636684974,10.631256379816305,10.740900889310147,10.717062851873779
tid_826,26,10.554217717205276,10.69776431094608,10.630331667785036,10.602690275432725,10.662076244295315,10.626181440439828,10.681618930008858,10.6447091666104,10.688769697833816,10.663252722060133,10.653560392591364,10.58062467632988,10.687838462632282,10.654952552654613
tid_827,26,10.57036262375721,10.761314077216683,10.71245792902653,10.640461610914581,10.691556503859346,10.698976262572105,10.731818302192265,10.650209864553045,10.706553823305835,10.713826729690782,10.716023875053573,10.618673051285805,10.697978641813929,10.71266369498802
tid_828,26,10.558140755806305,10.657993203227011,10.646127086227596,10.585718123669555,10.629587452521555,10.6370081200986,10.67732871774704,10.64536953889576,10.654542915275071,10.66178238469388,10.691012939722828,10.620176679129429,10.674307736248043,10.675933047493485
tid_829,26,10.549173560426096,10.688602971192438,10.581336151136515,10.526745034232327,10.567867727195086,10.575350796282132,10.620129918022647,10.594021305044492,10.601237069019119,10.608205218138751,10.665219879891513,10.58755593329413,10.637382889963066,10.645104051617706
tid_830,26,10.721955951790743,10.91088874865083,10.872409102061866,10.811362606944375,10.855646955487948,10.90064514368094,10.884946252365147,10.779456861692806,10.844197373814229,10.896870195708399,10.823314576267153,10.753107887889326,10.829092162481565,10.82991553648914
tid_831,26,10.646274536220083,10.823533225785775,10.57061380113784,10.540484772165001,10.562410170813134,10.569657550453393,10.632834172419962,10.573482702129244,10.609658586793232,10.616953461633017,10.694043497017226,10.625717448385608,10.658451898110563,10.681962321037547
tid_832,26,10.746848387284365,10.89516957561489,10.690550861725448,10.653079579663821,10.721860914912604,10.685782947175422,10.740667013243465,10.656794994128248,10.74436902690624,10.71791879686879,10.67563296443617,10.652419886136698,10.67287636476732,10.667765539269359
tid_833,26,10.816091496552287,10.981354469664318,10.677083804173346,10.663469905090789,10.65964989160209,10.667011100991852,10.706890774587421,10.654336572036852,10.682231405147812,10.689498912848862,10.706505152441881,10.6761865859727,10.712228937979198,10.719267722200403
tid_834,26,10.577607355216394,10.75203677250339,10.53582549812372,10.471583397594529,10.540449683871314,10.529031146095289,10.622817023659715,10.523224104734949,10.584274024687387,10.573287614041405,10.64566243518824,10.515470731712332,10.543801984873785,10.489890231316604
tid_835,26,10.58072636332657,10.752255046768008,10.561874930759739,10.508828637420311,10.596756851911884,10.560933547037152,10.623528120364595,10.532733886747259,10.633972166760616,10.608579332556813,10.660633302739637,10.567846483813112,10.692752305487414,10.661737663745809
tid_836,26,10.617755119217568,10.729757292159544,10.571977322143692,10.516237721366513,10.5599129888181,10.567355394649683,10.61643360506413,10.533496542779018,10.597200588810757,10.604254859843328,10.660960913179204,10.559378669648849,10.644392343361034,10.641395375564057
tid_838,26,10.534799222199275,10.73182755727851,10.549062749009963,10.493023168909277,10.537308547274773,10.544813161880782,10.592623744741084,10.550289797738396,10.575814387303309,10.58258335484624,10.645719781357405,10.596419639171836,10.624474334514167,10.636498100180573
tid_839,26,10.73015550066415,10.869722068618447,10.66441148064963,10.636507719207072,10.647163417700295,10.654558288425704,10.694122794485484,10.662336145022074,10.6703049975879,10.677574673040452,10.728572274738516,10.633195668857867,10.71539307997582,10.723888771325717
tid_840,26,10.538573853332698,10.681793561844025,10.547057191988515,10.482594262282733,10.579245666085967,10.543612271083068,10.594566186101424,10.484670546203448,10.60975394041441,10.583964474447955,10.669996349117582,10.569957279930614,10.682806581930675,10.647597444341237
tid_841,26,10.823762337520584,10.988164865520991,11.042202960208813,11.006406694255267,11.015305288746926,11.060247887358425,11.031548575784615,10.98860419950931,10.994096227516614,11.044176830874827,10.911590057980858,10.892498431790905,10.930902971531664,10.923408207536998
tid_842,27,11.410623600200337,11.57210433631056,11.449780460774317,11.506064721519124,11.411499692488489,11.456753692239342,11.416571399393995,11.47597309894114,11.42330121394719,11.461244254995105,11.575728810176347,11.594797612285522,11.5718887329454,11.687335669548577
tid_843,27,11.29593047246785,11.492447209488718,11.320665525581001,11.375542177673378,11.328874662076617,11.328212424840578,11.302060064960601,11.387144169442314,11.337640277085615,11.330246363563848,11.255370061268932,11.450380290676906,11.352660466774445,11.262127770312636
tid_844,27,11.28536718305748,11.442160667406224,11.134883346271511,11.235905423029381,11.285733340913621,11.287394160062805,11.109348600173329,11.243068790170758,11.250280183531647,11.253433649521776,11.045641302179336,11.357428940863084,11.188692916642108,11.187249792782136
tid_846,27,10.991263000850948,11.176872140593028,11.210736750201608,11.245937244678037,11.196958333124952,11.347568920961686,11.187553407506899,11.271485702992662,11.175833707793643,11.313086626828657,11.185256796852899,11.226150708654648,11.12550457031394,11.270242856944238
tid_847,27,11.514938437580732,11.657856632545624,11.40957232969195,11.423504971016914,11.534416979684542,11.535374106029552,11.415724186086925,11.443845868074764,11.533331633329718,11.53711006261788,11.541863617732933,11.596810261656776,11.568169103944486,11.527628736288637
tid_848,27,11.58081586228914,11.784332565626142,11.388804230067068,11.599493762555475,11.51173840084679,11.513094731062463,11.393918599717558,11.348257329414432,11.505116621076226,11.509188543075856,11.466537296338165,11.563985606072595,11.487631011219472,11.478206982399406
tid_849,27,10.824033219322173,11.008765906870094,11.029178318455505,11.048053709608288,10.988690721703845,10.993472435211471,10.995393849644055,11.013533416442812,10.965193714683409,10.968400782672157,10.943815369760589,11.212070459557903,10.937524561398929,10.890440299007857
tid_851,27,10.847613271639004,11.04946677083348,10.86150073265805,10.948192096822389,11.028353436317838,11.031596326274503,10.851636762665697,10.92495535791439,10.996501654550745,11.002222909712588,10.86190712304425,11.087574584732783,11.06791215275306,11.057290314910405
tid_852,27,11.13857232125462,11.4933154391252,10.917953914682359,11.053567585394738,11.069929398012922,11.073878486206091,10.881995787650013,10.979438189476255,11.019342818162064,11.02362088354651,10.829523748555324,11.102685558450677,11.001789881366633,11.001200374242885
tid_853,27,11.44904272875871,11.620980447290188,11.375896529740608,11.455634122793837,11.499326022704837,11.500780277391668,11.378650295752571,11.37351911654257,11.48982900742345,11.493893327020979,11.41406662409753,11.577631224761884,11.453672467661947,11.45389933174607
tid_854,27,11.58753002808796,11.760896644150082,11.484115645852107,11.615133952706852,11.584532698635174,11.58684922116528,11.528479792665639,11.700969475425081,11.590746211957512,11.592391311466224,11.596928057344838,11.69464332456335,11.644220745590427,11.615079378307417
tid_855,27,11.79236768286983,11.975393271091557,11.261130414924462,11.348848544092,11.372547007559346,11.376337196074768,11.237698523011058,11.315264843932292,11.319162762767702,11.316627109332059,11.397967506349085,11.362507064172926,11.486167964333598,11.515896153057868
tid_856,27,11.391135160928073,11.458435487684554,11.323285797047795,11.35025368649019,11.455409432257243,11.456667034469401,11.31323736955049,11.358243463673164,11.438171360839732,11.44178134704071,11.369413380137075,11.516831420625612,11.445314519443441,11.423226678220333
tid_857,27,11.268825095537798,11.440982532042153,11.086390325738591,11.228341192728045,11.232747489915132,11.235343288411649,11.056668885167172,11.092159243374239,11.18969646391029,11.194081404970365,10.989921205539035,11.22489099409944,11.148882979047793,11.200651681279906
tid_859,27,11.163070072087155,11.331512695104312,10.997933699321761,11.116739224229821,11.14386715207654,11.14747480961302,10.959525634014165,10.988168225288305,11.091100550901244,11.094986592565451,10.959467669827928,11.11168365329098,11.112022333725069,11.11098832551678
tid_860,27,11.124018019066856,11.31519499835134,11.337657189785302,11.396019784178947,11.477476324042398,11.327656176098847,11.321623504102183,11.365293566078734,11.463495146959644,11.32711830071558,11.243234940655803,11.296667921777452,11.313820247287708,11.282136809137421
tid_870,28,10.994541347626358,11.363938098933184,10.959300152169467,11.047006388384512,11.103444154090296,11.102731531711797,10.920459866197218,10.976425906348709,11.045721751107365,11.043418198474283,10.956849351300049,11.079413964888708,11.15427874597385,11.169512533762806
tid_871,28,10.862552292511776,11.100831434021403,11.106488736405455,11.15356178844341,11.242522039698148,11.093050299307656,11.076930491028145,11.107133002523994,11.194255683852457,11.062437423586182,11.230243220965578,11.229403338493318,11.352650343994906,11.237809368359157
tid_872,28,11.084487489661528,11.2541754611867,11.344525116903744,11.381542677199807,11.277677860636393,11.31960394468326,11.346723161817811,11.33154979224862,11.277293771187342,11.328665844594246,11.528933811600579,11.248382371333358,11.38384507693678,11.490463085812609
tid_873,28,11.163255925783949,11.464832307834948,11.019394690177043,11.09230589223643,11.012635782327001,10.982104889707733,10.985647039999,11.054748304386154,10.978692325271851,10.95659516993725,11.005644166401087,11.195428063660628,11.001874864436958,10.996358383053806
tid_874,28,11.013768167405118,11.183363894594072,10.886851400480587,10.953265016142032,11.03571456625745,11.035132629509276,10.848429021671736,10.90158030251078,10.978559313309548,10.976059042672428,10.874324120844063,10.972420744706087,11.088493869124282,11.07055470799679
tid_875,28,11.55514839771811,11.750628116366858,11.324887436721292,11.469425347975152,11.442760099590863,11.440910654517351,11.31954113480431,11.405113201009438,11.414817710443701,11.412775938131938,11.478300629367698,11.61122782247716,11.509454397962527,11.507944427100561
tid_876,28,10.916456618773276,11.060000757099075,11.026360429210431,11.126396177685606,11.170496572002058,11.169555671224206,10.995657929194284,11.052212539006025,11.1208816476662,11.11980644876803,11.030275323050791,11.16067236495623,11.22863251001546,11.201491148649668
tid_877,28,10.961038234645978,11.13221833316984,10.924829874554943,11.036007924643304,11.072369553924732,11.0711529474471,10.879972872997916,10.944487655648087,11.010969836228137,11.007073428644432,10.869990709486226,11.115671383099798,11.079002298467895,11.066122804356999
tid_878,28,11.56621217119155,11.68876271065219,11.048898689064275,11.143314605916308,11.191460084878665,11.189943302432713,11.011400986608356,11.11187694993905,11.136799562836883,11.13426503922024,11.123672264618886,11.314104443145443,11.203006739792258,11.234248749706577
tid_879,28,10.882629132228049,11.09520000496355,10.954754853412112,11.157471323960628,11.098578748768965,11.097351639111377,10.905902421236334,11.092352305747967,11.03355061627833,11.029008225789683,10.912601200148071,11.097570891446537,11.118786186802462,11.118406047330378
tid_880,28,11.02182239993554,11.166090520480132,10.880878279790208,11.048965986315498,11.033170622100831,11.031986788065556,10.841934382027507,10.95383606180001,10.976836981407544,10.973611297084796,10.79667454815615,10.950390082947704,11.043441215889377,10.979361601248835
tid_881,28,11.065046470954789,11.22427225444982,11.088241701270855,11.126591899121326,11.079666106306748,11.078815830917899,11.053285458668462,11.124305059786833,11.046672810087117,11.044311738020792,11.105196477683213,11.087565257080051,11.076172586824672,11.08955225318909
tid_882,28,10.868105484285426,11.018035524375728,10.828273168071854,10.969447432706655,10.97681430223658,10.97643986490663,10.780291922631063,10.935835615391728,10.913028841108204,10.908339888189598,10.8130500543212,10.92170786166609,11.005357955081095,10.97584687454459
tid_883,28,12.13417860543466,12.33495870277196,11.067494517955367,11.184917813676135,11.055614753191948,11.054916482418959,11.025249605809012,11.246194997967564,11.014719896769472,11.011063459858121,11.179474073737076,11.349218712369536,11.1573308148118,11.199684564444853
tid_884,28,11.587447422848603,11.76803656564938,11.232133202018536,11.434860431328424,11.352369533583826,11.350777925831709,11.205459547201446,11.416646550749311,11.302180494783242,11.297764601753377,11.351096590421765,11.495582498642717,11.444578436224162,11.435771372560831
tid_885,28,10.904067960931142,11.066902389983444,10.994750349621484,11.016655003981349,10.992086960021307,10.96153923391324,10.964141893605873,10.991640971733778,10.960895460005263,10.939253199088698,10.952030910560296,10.945716903796658,10.902911629007551,10.899383708839453
tid_886,28,11.452775168143909,11.584377842723788,11.055418575672535,11.125580397821247,11.196965716782996,11.19598953456877,11.024821518221128,11.076222735243286,11.147772341652786,11.146634912321487,11.038715744177946,11.251601362122253,11.241987130344747,11.203564957550183
tid_888,28,11.720426507682417,11.864956743765664,11.302673914587132,11.417132797491652,11.421451290441503,11.420193111041014,11.30123232596104,11.365833908800663,11.397287841947676,11.39662211035932,11.473076140688168,11.625534922263704,11.512626967631832,11.50402826068893
tid_889,28,11.637971836400824,11.72610433332828,11.18756922216482,11.24988483241518,11.305325068220782,11.304484187270138,11.157376397321844,11.241267669076684,11.248355987695033,11.243121063206416,11.297544981332331,11.349995674463917,11.393932342949011,11.400400679164585
tid_897,29,11.035431452717098,11.182257948316582,11.068683697437846,11.038321020550192,11.028859270865556,11.036201063675177,11.041850758099462,11.0381289404964,11.013141182508035,11.020052846292684,11.002578132718597,10.971689798974795,10.997327861670373,10.97952835239894
tid_898,29,10.94047617884628,11.086539024048143,10.789254135162324,10.804642139623597,10.75209931282392,10.760128971950223,10.757870283012728,10.753927725798398,10.73030442794796,10.735766197407868,10.741674263763125,10.844577318269284,10.731035232176799,10.734970785485393
tid_899,29,10.959966222992694,11.0621595976319,10.9285182925995,10.895360176919251,10.919205480753496,10.885367355148759,10.883314662735616,10.870659575149691,10.874862840985303,10.846783546034787,10.864135902184591,10.737448188453513,10.86589816646246,10.79667226801812
tid_900,29,10.931382268989951,11.080431855707008,10.888657877729928,10.830650015689448,10.844514010982442,10.85248771529926,10.852413584351384,10.778645650734374,10.817278226338853,10.823261819649414,10.828275450603407,10.804203057036162,10.784068795239655,10.789461246628587
tid_901,29,10.879747632758416,10.99807341267611,10.962791034428761,10.91489962845973,10.914141167439583,10.922101074614584,10.927417064120293,10.853268918601357,10.88735647019082,10.893977776622766,10.901858527320568,10.785350279713464,10.84832589279725,10.839635866187013
tid_902,29,11.04366396028193,11.208462036582077,11.033145863136578,11.023132590137806,10.987387040725741,10.99441531724921,10.997258464525787,11.054833174256956,10.961540075272493,10.967606936664334,10.984647116191624,10.995032734686815,10.939211499996933,10.957210902882407
tid_903,29,11.340470275108531,11.45312450385217,10.87011044151874,10.899164099475836,10.830469921780223,10.83858059573856,10.841898434712025,10.879900242368816,10.80949203392503,10.816681740057911,10.83122011104536,10.907189927256477,10.797079454798753,10.794543681571527
tid_904,29,10.962429960523655,11.102673417729022,10.819487994117377,10.828659350546223,10.785515222538326,10.792535780216829,10.781548375216431,10.796645228062106,10.75953057073228,10.763252296559495,10.77245623978757,10.807706423453723,10.78048493546591,10.781973352841224
tid_905,29,11.286539161614174,11.38048148090266,11.087955199500474,11.072735118028607,11.03181474076686,11.038553987037739,11.04631261565858,11.057549844006484,10.999574198150375,11.003366220472012,11.212548783389758,11.053842619651412,11.08272078761294,11.068906502164046
tid_907,29,11.494449836821094,11.575679582506222,10.87400616734325,10.990910200381768,11.01102819355076,11.019749742352333,10.825037702072095,10.89223610657832,10.95036947125393,10.955472740612887,10.837823656181502,10.904021823974535,11.028000941454271,10.963638535203867
tid_908,29,11.132992129454294,11.29994880521664,11.047833704018375,11.050037126382493,10.996498098804087,11.004540393821337,11.018613234566537,11.036814567755858,10.976378358192173,10.984157973887285,11.061384710209616,11.193280942748556,10.93387160864161,10.924886941005402
tid_909,29,11.041099376053248,11.200480644135286,11.060637709854277,11.069369684903148,11.015347222850389,11.022454992815229,11.028219296455541,11.02697352702949,10.993327364817665,10.99998770783239,11.167490609057461,11.112375948896924,11.018022694829636,11.026588010826226
tid_911,29,11.019746551409131,11.15940411465242,11.065715354486066,11.034983205354012,11.016642751557363,11.024814204334177,11.039945935943642,11.014468226604516,11.000943969734326,11.009094121801303,10.983529683137954,10.965200187704658,10.968260360465168,10.945236184530536
tid_912,29,11.245113991360718,11.369981916650303,11.298112680875892,11.274470779478065,11.27688450476235,11.278771509546166,11.28430745194692,11.32683803488332,11.268118757605404,11.2698676619138,11.447406886005963,11.30067680960935,11.480854119479824,11.416381686868945
tid_913,29,11.226521242387092,11.22838113132993,10.990906022329547,10.95216602270896,10.94449859587625,10.952609542998614,10.962130631407057,10.913121193675362,10.923894346661077,10.931771619901472,10.890689228607844,10.80633341408687,10.851623573389997,10.858069203302053
tid_914,29,11.013710509106302,11.17060978866161,10.784505449092013,10.76568143334068,10.752485805846081,10.760708025817376,10.767402598610294,10.669542391610829,10.74058213435937,10.748116422709904,10.72936549909637,10.7210956670977,10.726694880989786,10.726707535104689
tid_915,29,10.893591784639977,11.0120006658815,10.91115178048669,10.869972224543082,10.863541978264687,10.871428494210468,10.870398536942151,10.826016227302297,10.832495233725757,10.837690975135517,10.885097447738731,10.829640246870836,10.83681226228149,10.831616847750613
tid_918,30,10.95032748471634,11.10034812479378,10.95091362314793,10.953169456357806,10.95056351558355,10.993168886878868,10.956027654634894,10.934324415641546,10.934543575676638,10.975258292841271,10.959342789902436,10.938852029294331,10.980089838887173,10.963207170751222
tid_920,30,10.749169107405034,10.91258533399649,10.796659140312666,10.756182058424118,10.780506160637525,10.789079519027636,10.807720845009653,10.73489990651813,10.78766757349302,10.795900336631139,10.813172458348689,10.812724126677024,10.828141090476416,10.81566626215845
tid_922,30,11.118572388916643,11.153990826987764,10.618637429107004,10.548798904745347,10.609351464863689,10.617439347231759,10.64750740682485,10.568397198308222,10.63472340704695,10.643327660264841,10.662867361556136,10.59982060772602,10.641497710855983,10.661162673571951
tid_923,30,10.448027410434964,10.607638963847142,10.514483588467222,10.51341278996691,10.51902638762121,10.52830146925815,10.600807895745763,10.555190815145052,10.583335454321693,10.595011101151433,10.680574767900316,10.601673655524099,10.647560546877626,10.642535666000597
tid_924,30,10.437454342118649,10.59063175119991,10.414246325238235,10.404852105198067,10.426560378572598,10.43614763824541,10.539581338281305,10.53510107506469,10.521868821906866,10.535166986281952,10.64688705724358,10.608542086753857,10.608213904389748,10.609556060870545
tid_925,30,11.519999385691644,11.605041457877784,10.483177849123006,10.483944693102861,10.487723173962458,10.496732177096652,10.569247008069935,10.508350795788479,10.555400871055515,10.56697923907571,10.627213211652546,10.61283158543083,10.608712793900253,10.600967801030764
tid_926,30,10.680638048735457,10.81582046255594,10.566124422853568,10.512818726442088,10.561923737208382,10.570327223367814,10.613989110875211,10.583058322936868,10.601711129074449,10.61134875362545,10.678953812658564,10.62197966919553,10.650581203946835,10.67102951530796
tid_927,30,11.122178018784007,11.265754298655729,10.874120774646265,10.86613522770255,10.891860080595237,10.891844055780025,10.867707262446537,10.812213391203093,10.877776594411067,10.877972915925424,10.887773869476431,10.803960539030955,10.880703177754873,10.878684864467326
tid_928,30,10.702099993268002,10.83114345548898,10.970727152930266,10.944332370132514,10.94652817613764,10.98348908255132,10.956294841012225,10.87946749788909,10.919192338803672,10.96487030210645,10.885209281419542,10.807267251220958,10.852208218266544,10.895417448377659
tid_929,30,10.61863103096797,10.856443812780682,10.515946626876689,10.470639674526298,10.560279409554735,10.527751082506493,10.59412195593214,10.466067324951112,10.610413864999135,10.590201193843154,10.663480338018376,10.606595595970024,10.708621752409147,10.64084040625993
tid_930,30,10.79683918351926,10.84014545820245,10.626239821687442,10.534903856409368,10.614159312310873,10.621892844577111,10.643962374103227,10.61003069872252,10.632668040012819,10.6401405019415,10.642240966941177,10.60309664277657,10.621862091918551,10.637742107373287
tid_1001,33,11.13403558646034,11.27226946190472,11.164143403231085,11.111387177271299,11.162896312662141,11.12778469790819,11.138853292990852,11.096042214523601,11.143641182745965,11.116472731435591,11.057733416270148,11.039504048640232,11.035750589558441,11.072346913441262
tid_1002,33,10.680518515924708,10.872642044970023,10.732877763097012,10.73629850078307,10.711275485296241,10.718861858630452,10.723239665051082,10.701516472947345,10.707406891871903,10.71368445103699,10.68282972483024,10.63914831007824,10.681700564629915,10.68766699803669
tid_1003,33,10.999685261785515,11.13535515405558,10.867418902725154,10.898716853949551,10.846975704344361,10.853055516256646,10.86272917240854,10.901080634621447,10.842698644707827,10.84923616902628,10.896875799511582,10.91224780322324,10.890181880051555,10.882191497593952
tid_1004,33,10.73152613798452,10.893612219019149,10.831543158481574,10.811470650548976,10.81005994529763,10.816623731663936,10.82514560069919,10.827555452197652,10.805073152398023,10.812124341529968,10.8106371562059,10.821037705302903,10.811175356611734,10.802913097211007
tid_1005,33,10.84035904025845,11.0611907384466,11.026413885692838,10.97088051355817,10.992846137813144,10.998776462333176,11.003363845821077,10.96318187480506,10.978521195550561,10.984030464390965,10.968658210324357,10.879452911510775,10.967037226071593,10.946690519229477
tid_1006,33,10.80130469355379,10.980574831458645,10.88442787961659,10.883055210222329,10.857721132470894,10.864331745893427,10.868435906078464,10.887577773179553,10.846082000174022,10.85277703929844,10.847474281024706,10.839914306659997,10.85756734885522,10.862296212028543
tid_986,33,11.023344239107011,11.2104478090307,11.15916177193842,11.12311824840725,11.184318060533405,11.180121610539796,11.134700080748283,11.114473427405123,11.175183939738545,11.159811588614568,11.085472971897197,11.059453592085596,11.108932588156101,11.096375841687022
tid_987,33,10.84146345233987,11.0423328623137,10.93590977495614,10.946701321127689,10.95787024608368,10.925316715413706,10.92825460241451,10.932686155716674,10.943470910615131,10.921203282129879,10.883093044463577,10.858263553225482,10.896367970579448,10.88668547456449
tid_988,33,11.00887682548326,11.197651547880172,11.102785123351149,11.106114799487377,11.121642176888455,11.118731161854786,11.08792665141527,11.110690129577838,11.111568633294691,11.105823440022721,11.048879183774789,11.064424605137683,11.045644295967001,11.041578487976265
tid_989,33,10.89304919203751,11.110758412293398,10.993495608391942,10.967994423769971,11.01940993588564,11.016822692030619,10.986602878006229,10.964826578182326,11.008476731299071,11.004731449199523,10.952904033850555,10.94980442346177,10.961056418153058,10.955163285738687
tid_991,33,10.874272151496394,11.056660624863085,11.139417170961815,11.099362587931571,11.146320227555234,11.14154465309186,11.114270670557486,11.09610227415698,11.128078233106798,11.120450184955542,11.059187600105188,11.050767869479897,11.038662229374294,11.07109992047379
tid_992,33,10.603317354559936,10.812449494314428,10.8877563511949,10.86907929165884,10.909877670936277,10.87496363533567,10.885652402681371,10.888244263141992,10.897873260644015,10.87226182951716,10.861021625162085,10.856488234084765,10.858425615968796,10.859220914755381
tid_993,33,10.83041748684782,11.044006047754154,10.911701285530725,10.870340733907915,10.878107352869574,10.885213950828433,10.884231865949657,10.897799827354449,10.858395569875148,10.86454254224289,10.907953719543157,10.892024369604226,10.87183118358616,10.871845889152572
tid_994,33,10.782020340887668,10.942788523293247,10.69191639446278,10.747668737505533,10.68282579898267,10.689423323890486,10.71808665827993,10.674619436261638,10.701645692336696,10.709945942236509,10.727307006858263,10.718208272502297,10.731338406092428,10.731295075645951
tid_995,33,10.885599732245357,11.089041771338046,10.880309936035589,10.898374594361027,10.853632694805729,10.860282108215861,10.864276746265693,10.884622716989647,10.841978134041447,10.848688526308221,10.893366068282795,10.851289248764054,10.877918931434865,10.872590749924608
tid_996,33,11.059733327364643,11.261376009072496,11.168424588017896,11.116698759414492,11.162110599323304,11.127525323651298,11.142924643413938,11.114075663583893,11.140801488367094,11.114952795025511,11.207019521015441,11.007867697992262,11.171794736121857,11.198255393533268
tid_998,33,10.892216148423762,11.083372561332974,11.074935213415475,11.06863690429913,11.03797009520936,11.043786396909567,11.049970529099753,11.080790406623219,11.023860990726938,11.029019743309332,11.035187728048667,11.012079893144529,11.007028303750845,10.990577976913197
tid_999,33,10.618117321016872,10.8229552325621,10.681441991266304,10.709255479297338,10.670829524274348,10.67770542704138,10.70337314234954,10.70881763402179,10.687944218886475,10.696148432166092,10.747193672576376,10.725133284672667,10.725752064676742,10.736256652171068
tid_1007,34,10.9908484476693,11.141715396053671,10.9998605702635,11.000754066508803,10.999699314378734,10.98421033628786,10.992770757133206,11.042897173333039,10.979801117110853,10.948157683304599,11.07632899445903,11.043052965543485,11.07922226190896,11.062077036170347
tid_1008,34,10.962929260127655,11.126904096236265,10.953964444660766,10.962287756201293,10.991554443184333,10.999480901521373,10.95743045306044,10.949137130583734,10.986393433483261,10.986963485213664,10.937374410552515,10.950484206563784,10.938242863828888,10.93435274836038
tid_1009,34,10.657271119549186,10.827934928360555,10.948714493150709,10.939982147159629,10.976045060509595,10.984990955046385,10.946744644765163,10.940801420286157,10.966731024473049,10.974189882381772,10.899115466650473,10.879235755083704,10.916698669272991,10.925465350682416
tid_1010,34,10.699694353723965,10.85143972891836,10.806748734277248,10.785271673189458,10.843018028177934,10.852461881862125,10.82505314005029,10.773067099774574,10.843724274102966,10.853273520246795,10.793545704840788,10.805397111029807,10.829736587437715,10.818974852428775
tid_1011,34,10.615976469884814,10.773656855995617,10.76595866731481,10.717546303092867,10.797205191190985,10.761162984251728,10.774081954698362,10.684657916253093,10.792256305370385,10.766377519567584,10.751665867078675,10.743736692373854,10.76266044319371,10.756554247095625
tid_1012,34,10.689895086167608,10.868682727763886,10.74564158137145,10.716038967358388,10.734458548739788,10.742258253155482,10.756743370497613,10.723091003554536,10.741777664385076,10.749728522102487,10.765394389498345,10.76205255591192,10.762269143375317,10.763080065762614
tid_1013,34,10.767349608879323,10.938867133787374,10.689357195017557,10.57797692157416,10.668370142074657,10.675566447194226,10.68399843758816,10.63474015260242,10.669773599010759,10.675097011378343,10.621271095181427,10.650862653783877,10.631679856649555,10.63081601470663
tid_1014,34,10.600302996782498,10.763028022559096,10.58249281977466,10.560183190361911,10.574948424583736,10.581884919576119,10.622800509858767,10.578261084153597,10.609751596968431,10.61607474288351,10.662313225393854,10.671589874997249,10.650316595511466,10.665591070310855
tid_1015,34,10.889138288495817,11.073142166680476,10.66249842126155,10.666298314485452,10.657084944349586,10.663063217929006,10.709991066976432,10.706514452627877,10.689432754425269,10.695697309496524,10.696663435828794,10.726426090518242,10.725989580098377,10.706975666929713
tid_1016,34,10.565069243804146,10.75385854316057,10.713556483625235,10.66442358404818,10.688971543591235,10.696279031954186,10.69767619804092,10.670564626823174,10.682685920776038,10.687598236424721,10.703205058399945,10.66167755004211,10.690823010197347,10.69105809833426
tid_1017,34,10.945838084071015,10.99954157162136,10.653220648089764,10.633900414804884,10.641527401181554,10.648187032763218,10.679411928161995,10.61900772135345,10.663189112530022,10.669625576792889,10.6938083748635,10.707932533952249,10.673656457900043,10.688808203188053
tid_1018,34,10.698697065722932,10.88440055204102,10.720449504921445,10.669307850120571,10.74704121758878,10.709806955100818,10.72994826158727,10.66616062065487,10.745488206186737,10.718050826249929,10.747531866487272,10.677341577984455,10.757337729943693,10.74949213618382
tid_1019,34,10.77248959246706,10.852934491719184,10.798688523196892,10.746852148998457,10.7776842057157,10.783847946550347,10.799217868437088,10.762268745968724,10.77813064491957,10.784277477015618,10.7921586172189,10.741125810872823,10.813824183145401,10.808562477054718
tid_1020,34,10.75402943111616,10.924458969035353,10.704457444984241,10.7229651757629,10.733242657699348,10.69595232750304,10.720541054359503,10.730400137571815,10.736227550172217,10.708861104715686,10.734033266114693,10.746373307607547,10.745336586540127,10.728331610110397
tid_1021,34,10.66619810848139,10.820430071950629,10.806609914100749,10.784696511553628,10.83207428830304,10.79413157189037,10.813786568766139,10.773320206735685,10.82628332468354,10.798271957625797,10.871347385218932,10.803584339754213,10.831360836298412,10.84609139772622
tid_1023,34,10.548617645026294,10.70374995835016,10.691409882096378,10.600172261113128,10.670105828889634,10.677312681589346,10.685086112591309,10.655144175080519,10.670816340752983,10.676103345999687,10.621271095181427,10.644655023392033,10.631679856649555,10.63081601470663
tid_1024,34,10.722467504739912,10.795778581702402,10.657024926413635,10.595214867819774,10.63937035803761,10.646557499334438,10.66133673548093,10.67157121028433,10.648457792808495,10.653922362796825,10.645371777346126,10.647689672983596,10.642078405246085,10.643135540627519
tid_1025,34,11.152738647329809,11.425510733917012,10.836801794621632,10.778865441460834,10.812949950068159,10.81902232983698,10.831128697442246,10.785907592313,10.808921611579073,10.814941839909421,10.800029942510095,10.74921675437932,10.832036166540044,10.831616392029522
tid_1026,34,10.767351716531891,10.95674153148004,10.78323636108455,10.78205226786691,10.761382170464355,10.767772412188611,10.781086405873683,10.77170755783103,10.76060930820447,10.766840483805924,10.770361143127026,10.736030098072684,10.758729937713355,10.771574351485473
tid_1027,34,10.565064083446018,10.741390706253885,10.583002254039078,10.500602149614943,10.572180238447208,10.579421732480167,10.609640115532526,10.540535825302044,10.599542053023175,10.60515685827128,10.622294380214594,10.56549606326935,10.612960013917665,10.620493785396228
tid_1028,34,10.48969241148704,10.648849977357202,10.574149113793208,10.537817976098589,10.56823415025963,10.575095548293865,10.620959251783386,10.57975551916328,10.607235775772857,10.613719312916439,10.664724509205037,10.618292857652323,10.639243711130112,10.66910744013813
tid_1029,34,10.59587194224509,10.745033186257968,10.690336926983678,10.561907073926909,10.667975038655175,10.675292032884576,10.680033127030512,10.631728845077578,10.666370956919566,10.671333191250639,10.636712861223335,10.626533464796914,10.641155208118313,10.641393053963434
tid_1030,34,10.608548481717111,10.79114833065539,10.63769423877087,10.591184523624683,10.627114823258724,10.633816038371354,10.667589987282533,10.605012811539714,10.651879488861024,10.658327713738002,10.693975736542713,10.688861505923851,10.673656457900043,10.688808203188053
tid_1031,34,10.654745609865827,10.791208013410692,10.779757022289694,10.698445202850255,10.80278670120033,10.765328134159514,10.78053218219355,10.718355106789847,10.79385972812855,10.766337597180904,10.72989421877876,10.69463940754956,10.762800842282312,10.760570802179597
tid_1032,34,10.68709909998175,10.791685347263344,10.776157825558736,10.72005055987767,10.750998298007925,10.757767935455673,10.764166966155969,10.737509584532301,10.74439499110858,10.750352218231631,10.71066995472541,10.693265389977874,10.723588585800837,10.73114393105978
tid_1033,34,10.71180992684229,10.855050829178628,10.703490324678029,10.635770657652658,10.684309408541898,10.691201298803076,10.705600293660405,10.627878726468861,10.689329082546685,10.695292804516951,10.692004882647371,10.689094120092062,10.69436607493623,10.688632527182746
tid_1034,34,10.891354482899503,10.961600711224284,10.684970097333753,10.640115535859001,10.665037202661646,10.672175362003701,10.683066140617072,10.614740101523637,10.668740171730418,10.674233499918982,10.631432601680139,10.641238024434697,10.641010429295577,10.641699164452445
tid_1035,34,10.56888319676523,10.736194481118288,10.642709827737852,10.61940748536525,10.634616793863193,10.641035539215302,10.681641459016754,10.648337909148108,10.663874592301088,10.670470993319269,10.694605329912799,10.679848297625416,10.686538154881841,10.700920184936894
tid_1036,34,10.556455760959272,10.719560079933371,10.682639485641825,10.612288126349132,10.661802696414298,10.669048342546125,10.677212434474358,10.616700321929878,10.663565335598568,10.66877210832098,10.639473184799545,10.613517751926729,10.631679856649555,10.63081601470663
tid_1037,34,10.82907691780627,11.01641686179903,10.700323076455545,10.689338132836111,10.686414728472753,10.692838187756296,10.719830181801825,10.683907413175131,10.701551116498266,10.707974668065043,10.7623402844967,10.711107243844593,10.734807723628572,10.741264148308826
tid_1038,34,10.573399370700685,10.760923844896256,10.722592053587663,10.638136046655088,10.702827887159478,10.709594220604364,10.723899551224527,10.670760688639925,10.706419350250142,10.712520672569056,10.703549235902376,10.688425512877457,10.702870471096634,10.714599754496483
tid_1039,34,10.924170731641038,11.059890647634427,10.852794985649856,10.847444853568767,10.876353485746577,10.884500728966387,10.854895484829138,10.820533280282795,10.866971457135417,10.87561278369729,10.845642261363066,10.815922880256208,10.863160848401927,10.852748856211042
tid_1040,34,10.58116316321568,10.727673960354643,10.605355649571077,10.576099977892046,10.635994055093496,10.599465983514488,10.623754989112266,10.582606545835944,10.646887469807492,10.61862380851072,10.62130236151173,10.611762062838968,10.64987514643078,10.618110797507187
tid_1041,34,10.50874023900057,10.622424304782369,10.697693136567938,10.647151903905634,10.683706392391066,10.690162139446917,10.716907492053313,10.666120729088847,10.698819768774102,10.705243273750561,10.759724031902028,10.703770265725316,10.734427190006247,10.746745260643824
tid_1044,34,10.613835940415848,10.76243514762775,10.702021807586625,10.589721572696709,10.678830368181917,10.686115245324771,10.68990265281458,10.595666345414724,10.675461523966195,10.680483194063495,10.703205058399945,10.66066794003767,10.687236633350732,10.69105809833426
tid_1047,35,11.011213188220772,11.197241644105851,10.931048496248108,10.93094780753318,10.888250990699168,10.898570029366788,10.901949152501393,10.915551828418497,10.866582008984146,10.876812120558286,10.910120161132696,10.909575166113447,10.86481934467012,10.848083474624339
tid_1048,35,10.744563238137625,10.900735035757055,10.753507243259358,10.744777631488642,10.757284188483412,10.728706701707436,10.722419368557116,10.736054096938782,10.727658133670133,10.705076491641728,10.601732093918272,10.721904267617507,10.658490249718716,10.58132454128865
tid_1049,35,10.80591462647111,10.978641841166043,10.89810448802554,11.049872588460001,10.894031749146114,10.898970676367972,10.863863579649163,11.336676453988526,10.858899703969806,10.863457367505163,10.859785461631008,11.121874219452133,10.89454894244815,10.897711256619722
tid_1051,35,10.774621910022471,10.92515579992361,10.936784252202857,10.949504782162828,10.943109954483013,10.947221489611433,10.922490138112654,10.978642582239699,10.923754388979463,10.929190278631776,10.823909939600908,10.891331180163771,10.829020043199328,10.831354429824845
tid_1052,35,10.7453736528729,10.827212581416088,10.816174210673761,10.79737710403168,10.77809654367793,10.788904783476909,10.786132326640375,10.774873507938892,10.756722722249453,10.765694680349517,10.747878679873645,10.794624742175984,10.725559504848349,10.717822581366793
tid_1053,35,10.843391290044488,11.025774049217802,10.85236056278573,10.836340250387723,10.812431287047678,10.82310559148469,10.82158422107436,10.78799589961371,10.789858608552837,10.799210476896192,10.796204597769187,10.880649473225647,10.7743003349784,10.78735010693008
tid_1054,35,10.866177019963771,11.047352008003807,11.078794744611413,11.060145896305702,11.074605346282494,11.078370843635975,11.056056301257868,11.035006420525955,11.05328791476773,11.058102109399059,10.911482974198025,10.95942317014538,10.934447968952751,10.916598310552317
tid_1055,35,10.96314415959366,11.170368956649224,11.064262587238614,11.006329916406763,11.019832822382092,11.02580331244398,11.032525857096541,11.024042176565098,10.997992244424374,11.004238391954429,11.16053060549773,10.945208847618519,11.045117153464007,11.0415442979208
tid_1056,35,11.01520690051484,11.166893681129975,10.832352251971276,10.846896133102618,10.802642432024188,10.812882462393448,10.823224993352287,10.811977644958931,10.795618893897542,10.806527649956916,10.778553784540465,10.891040161168759,10.75794749643132,10.760494251281282
tid_1057,35,11.069948502777068,11.196992055172045,10.897149280930009,10.908533837060212,10.855551993781173,10.866026041623394,10.867215846162665,10.909962080284355,10.833214556005798,10.843126808984765,10.896537804799566,11.025034177618313,10.849130597747244,10.849336028436651
tid_1058,35,10.765621948058266,10.918955522950103,10.834928596184037,10.840280719999281,10.803752478868338,10.810487830135163,10.805525657635428,10.847469382379574,10.783320939003529,10.788563907772028,10.796356823841784,10.816913235349645,10.781116622775139,10.76180565780878
tid_1059,35,10.630185556607156,10.768861761140842,10.74672603091218,10.726359860077205,10.755208262013364,10.726414950199711,10.729194969201814,10.75962365276765,10.735016962322144,10.714262263782771,10.651336779955798,10.709319720579082,10.69865718489928,10.647002748523304
tid_1060,35,10.678772168371962,10.84276212080066,10.793639578762892,10.774812945157658,10.747689681061981,10.759080240456171,10.737653006506108,10.617583715355742,10.708087078726344,10.711393238671146,10.59340671549568,10.755808998509162,10.595343545954618,10.612253421702418
tid_1061,35,10.622217193556809,10.785422836635902,10.799369903289946,10.75652582478352,10.81363651727665,10.78061078024034,10.782230326774078,10.794449975555773,10.79305620269365,10.768939176593715,10.798217211974224,10.84414684879562,10.781823330759508,10.797416700092375
tid_1062,35,11.08407145656938,11.180128864912836,10.860804082266913,10.813780287090875,10.81525106939546,10.826181115682784,10.817471417046214,10.802877906990531,10.783029273216762,10.79022242309671,10.805467578004878,10.731430614036984,10.741121657956468,10.747025252509054
tid_1063,35,10.844135230915,11.007515151905508,10.903801146567917,10.916825383061983,10.872013535426628,10.881901874847141,10.891754391635555,10.918593937238718,10.863134136409695,10.873599757269139,10.82241893122676,10.894398830069612,10.841124234829543,10.822388105387676
tid_1064,35,10.85461826229299,10.981254070022608,10.800162384555279,10.72996030504301,10.758763955479788,10.769860319629055,10.758951958220528,10.71305554466473,10.729768934750027,10.736507208425726,10.748612579722304,10.779817343868196,10.735566854575742,10.751901102588977
tid_1065,35,10.741784309982195,10.891265110073252,10.826106505601311,10.761907824245263,10.785371993111095,10.79626224536666,10.79028220852847,10.73478767293415,10.759579317717943,10.76775831499383,10.750417310923762,10.79246480587189,10.734614648512084,10.726983915145
tid_1066,35,10.895633158413515,11.04835027505068,10.881170298200313,10.887789088212175,10.843799953083208,10.85414467842072,10.858413523960044,10.866911520428175,10.826946889884026,10.837465595186904,10.877797884388542,10.928537703347416,10.845758509405366,10.840487793797331
tid_1067,35,10.758592004893687,10.877862269776722,10.776521510678942,10.727280541399638,10.73606971803224,10.747268123866565,10.73458787815703,10.66848187537036,10.707383199208989,10.71353079126706,10.666243836898676,10.651156646209186,10.637257616119868,10.657258073931379
tid_1068,35,10.705841094001595,10.839735801671177,10.808640975115038,10.790106531269533,10.77320083647504,10.783912466179494,10.784693112760436,10.762288778724843,10.75631039800755,10.766004471281454,10.756857236161407,10.741930113154265,10.72695136333326,10.737366937635748
tid_1069,35,10.762822673533837,10.942167583814893,10.833773415762375,10.847725203093932,10.794654057015059,10.987423285316131,10.802979065543674,10.8015614388265,10.772375010724167,10.939383911793914,10.7800823684929,10.93173286259218,10.768657569833593,10.91527938327703
tid_1070,35,10.898949843513297,11.094176009346835,11.025693220436246,11.018629299727126,10.96997744043441,10.980392578241231,10.987555915777696,11.02952406580777,10.940203343295185,10.948960969686564,11.024217912384588,11.048068478436077,10.980830843045501,11.000174804316044
tid_1071,35,11.076229717879958,11.259836749286238,11.032257785159732,11.02086533594133,11.035851339019958,11.035921566590128,11.006893585816291,11.006868528460567,11.010239665515586,11.011684171833224,10.972529365859318,11.025060220288445,10.966813451206008,11.000252175713523
tid_1072,35,10.885614712901583,11.073461903939885,10.978179513776686,10.996819465254756,10.94323669202816,10.9492448585933,10.951916807600421,11.010677777035593,10.924889047205848,10.931364430059354,10.931992963132823,10.984669019647521,10.898496949467617,10.90945705518481
tid_1107,37,10.845508407381065,11.010390379521972,11.078511273989767,11.084840735782494,11.110894104387675,11.107639418017863,11.062104288099148,11.09657574225711,11.099948095412113,11.088127556430942,11.051114608819482,11.029176992397147,11.056052785849538,11.048694912802107
tid_1108,37,10.38947525315468,10.571039963684584,10.622584620427064,10.634928543081333,10.623379527402498,10.63169143199927,10.656945587061035,10.635949470206349,10.649420370275474,10.659680660416482,10.707440975593418,10.72535000256255,10.69515616333299,10.705054957827139
tid_1109,37,10.550297557887708,10.723525060079217,10.840809680720199,10.831017994735603,10.874673187820276,10.842758288292197,10.851466181520214,10.853676917290604,10.87078906954135,10.84907472571342,10.808119587737325,10.804431342244982,10.826861746678626,10.83253336978253
tid_1110,37,10.615809712482116,10.785360737563025,10.979017707154025,11.026531253354939,10.992101974578583,10.960230306858257,10.962991343662202,11.031989246369053,10.971716066690728,10.949848517788704,10.9063040776195,10.989496264769969,10.92118985335997,10.941966144607099
tid_1111,37,10.52337832133878,10.672604542383452,10.782143095092165,10.823054962296721,10.770723874292731,10.77893840053493,10.784698842242502,10.82146987873515,10.771860886690842,10.781030708179841,10.774276845171125,10.79587153794528,10.781768553000429,10.788772649456218
tid_1112,37,10.700005520556994,10.879642146334044,10.82838581316084,10.868232430400608,10.859477288947614,10.8276165416827,10.835304717336225,10.868272902496614,10.853273241985331,10.832057620182109,10.835435408024013,10.816721416225786,10.84362733389776,10.848077820301828
tid_1113,37,10.358805751770154,10.584724082070238,10.650664245470002,10.657374435167052,10.635252956093366,10.642990167008099,10.656227727578717,10.65452562719703,10.645482068544128,10.651942806107572,10.662060352202879,10.65422673071445,10.659275399647347,10.651655808767277
tid_1115,37,10.585394295412843,10.777674218387473,10.63382247869085,10.622592781567961,10.616786657669094,10.624570593826483,10.632851253955955,10.602722955030917,10.624384738379847,10.629685604736629,10.643772262092279,10.610074453079216,10.633206983121479,10.63971209960702
tid_1116,37,10.450591102162711,10.629152744788216,10.7398340797843,10.70696497703499,10.714698530836845,10.722417575462988,10.71963076827277,10.686088068940208,10.704259309983582,10.709284000846155,10.697400221160324,10.673008255662943,10.69924067458743,10.709574635211686
tid_1117,37,10.859637255372167,11.048455297845496,11.183292458680116,11.172137820149484,11.176379015033683,11.172718202780814,11.158791296910874,11.162289558194367,11.156713487888164,11.15238880737351,11.19404596319345,11.204686878967085,11.20974705141649,11.173353408456995
tid_1118,37,10.480449170799414,10.656656820483915,10.624588969159554,10.596568504421692,10.602645328562748,10.610505130555406,10.604572394860197,10.540613075964833,10.599545204576566,10.601870592778845,10.536739150494181,10.559920280867008,10.531631434121962,10.542862062400129
tid_1119,37,10.573752418427194,10.67662590097992,10.738328384770513,10.773542127112293,10.7172274626401,10.724898400860248,10.729848586478498,10.762713818865622,10.71416316627377,10.72059546885548,10.694581403399841,10.688132466569536,10.72635049130852,10.740588382081043
tid_1120,37,10.750741126228403,10.918442832027182,10.758176039849547,10.786415367319831,10.736547501135819,10.744193921538644,10.74908726007545,10.760161792289002,10.732290429877258,10.738933871739066,10.736965255142234,10.734588011707528,10.752439015035264,10.735883092534255
tid_1121,37,10.760622583201524,10.983401104396696,10.69553291270452,10.777061464888337,10.676024646042075,10.683742758047153,10.689737174135717,10.7407418512101,10.676739283076541,10.682758247623784,10.656996994175229,10.70449634582662,10.646087629351806,10.65563388301345
tid_1122,37,10.483740353464706,10.617258101923133,10.552761360364194,10.571051490759098,10.536759854639945,10.544657942119528,10.549639374530852,10.633008885851682,10.550032023756993,10.552733392259213,10.513390699134794,10.531604992254325,10.504021961692768,10.497308519017876
tid_1123,37,10.568986005499951,10.794624565526744,10.715418135139315,10.728344732591063,10.688236879004924,10.696019792069212,10.686521767091657,10.667278089647716,10.673518979691108,10.676766469356796,10.600771118205383,10.587598823951899,10.592330721521531,10.587030170937647
tid_1124,37,10.514806265234837,10.667542769483408,10.637984474834104,10.668901143964506,10.610503970133193,10.618412028188532,10.598132000773369,10.638515599435276,10.594079061414282,10.593452112945759,10.486391756284398,10.51521478798353,10.491766928043237,10.50285246720743
tid_1125,37,10.664263007276816,10.801003129083949,10.76795562387193,10.77127688190334,10.74678504650232,10.75441040590077,10.760447220273193,10.766557663680553,10.743145630098764,10.750058261085645,10.733533067838588,10.735915226041861,10.740602853152133,10.742235583751139
tid_1126,37,10.483348446890217,10.665551935053491,10.595472426361654,10.550884576444728,10.580008017528835,10.587832423585619,10.597902079855988,10.547775864569438,10.592631647654015,10.597398998357377,10.592815515932944,10.573981449749933,10.592310101003473,10.595224297416863
tid_1127,37,10.48348563166292,10.713439512638155,10.71337294736387,10.759993130158913,10.700014284446592,10.707627504319763,10.726323039273465,10.717399692581669,10.710811868427328,10.718818911638552,10.77066965314728,10.770916193382499,10.75977264619267,10.759718702430856
tid_1128,37,10.56792914176656,10.709139418293928,10.633746436403653,10.655040613262548,10.61449780592605,10.62230954019332,10.624725101993347,10.647131059968265,10.617324404926672,10.621539558176886,10.56477579447182,10.61313537019196,10.56731714872865,10.56851292957108
tid_1129,37,10.451857485074456,10.638191657489198,10.705993441363589,10.787708295270646,10.681340469337583,10.689106533602644,10.68441826299581,10.731479197650952,10.671775045251538,10.675922848940141,10.595111585007883,10.64599312493182,10.584867281261245,10.595173557687843
tid_1130,37,10.706206369525365,10.924293242685202,10.723382405806042,10.805039286425485,10.71055634773797,10.718147212528626,10.737677708346002,10.784195855258162,10.721636259574431,10.729777537657379,10.737017647788882,10.7683772864827,10.750464276775359,10.743387469765315
tid_1131,37,10.449065266167624,10.662300743378808,10.863213190888601,10.895509282019265,10.873397820738976,10.84101059854288,10.83965447370523,10.889908200720933,10.847428198948245,10.823442588640157,10.811079018914485,10.896557793170098,10.839772754216382,10.804918877672689
tid_1132,37,10.596627233067949,10.73851399757932,10.710307216340944,10.716239733778508,10.692310238394732,10.69998628305924,10.709799026782179,10.719843732636061,10.695399365487221,10.702248391994742,10.704073558312066,10.730938279860021,10.695209035677072,10.694989745161008
tid_1133,37,10.474916150825427,10.584435625639076,10.6498753508695,10.639761236156732,10.63114744902825,10.638927382576341,10.643923920889446,10.605729596748885,10.634643697450004,10.63967707421791,10.638103538408823,10.651563343446393,10.628983563220677,10.640512566487208
tid_1134,38,11.363093944132189,11.513810073588626,11.260119243139954,11.269252876612486,11.237258339414273,11.224026693577589,11.222088919518265,11.236082126994367,11.220490449926892,11.185807396157726,11.262576204027944,11.308362482060321,11.271963285911333,11.283596757031413
tid_1135,38,11.1285107348053,11.302205668221715,11.090280107330258,11.110353268792403,11.11103599706144,11.113637817518976,11.072678517533427,11.079130386510776,11.09981754599446,11.09579048829039,11.000172239910082,11.078750123269842,11.002923009145789,10.986431669632763
tid_1136,38,11.295199710852511,11.432029893711915,11.220861489739105,11.20232776688025,11.230777937019838,11.233115360180468,11.19966281244586,11.223570463158667,11.227659337907804,11.222835965068004,11.185138182724303,11.155315009599677,11.202138152834262,11.164060372601966
tid_1138,38,10.96612199759446,11.14050579217469,11.049986226305021,11.031324986230045,11.055919748900715,11.02303353103616,11.032445502821908,11.02454310715581,11.036723946491767,11.015607232304498,10.99662642832982,10.963101236155438,11.004604947073574,11.007013626265412
tid_1139,38,11.00941799805356,11.106052866812494,10.982386100691942,10.915778140099238,10.994329351573391,10.96154215561192,10.966416379467558,10.940745146860962,10.974651447930956,10.953575233301212,10.868843791866999,10.881038669952657,10.873657378988284,10.88462774877377
tid_1140,38,10.94931947676361,11.09364080521907,11.05898055056053,11.073841461968149,11.071208245192238,11.074930834691163,11.044604254474077,11.03840634376296,11.057490270615409,11.060936988456726,10.996305999092359,10.993402503440098,10.992270556975564,11.005810238232721
tid_1141,38,11.267463449294072,11.377536347843591,11.28642713125938,11.246897797945074,11.281061714846238,11.284201464657102,11.28211142803941,11.267953557999332,11.288986685709245,11.291096144718887,11.253868331438527,11.361353585207747,11.2618258488768,11.227088306033936
tid_1142,38,11.00311266146193,11.146540675545118,10.983553795691355,10.952534778589943,10.998736036014153,11.002925587166963,10.970751428683306,10.963252442674511,10.982285511491071,10.987174511540804,10.944058197734956,10.937580584726781,10.939929892530998,10.957789671944756
tid_1143,38,10.82582993617205,11.044670705559753,10.88957544783442,10.918860503486664,10.860594928627238,10.868471596439376,10.863880297276728,10.900482026544337,10.841687682360323,10.848953352485918,10.805846444121409,10.95102287901125,10.81994561367739,10.867902184064372
tid_1144,38,10.9342402558773,11.03875958556684,10.844929431197853,10.767583849573612,10.806922619352605,10.814473923550525,10.798930646334387,10.773205319974574,10.77384916752429,10.77757210869709,10.679526368772192,10.699259076468193,10.688864448516007,10.66249626931243
tid_1146,38,11.245431566397023,11.383168653926862,10.79112810291397,10.818534376797208,10.773989508422675,10.780090959317247,10.796854913555343,10.824343973074052,10.778483920707146,10.784651911387348,10.773961126738818,10.785765916555944,10.770654503569096,10.77422505637207
tid_1147,38,11.684835509583252,11.749349242421973,10.985139079555138,10.970476400730815,10.975883756549942,10.980754241097607,10.936104787149382,10.95535014411168,10.926682131165904,10.92926004751422,10.867835872671128,10.959738931311056,10.888441215792435,10.973640796128805
tid_1148,38,10.933522954612142,11.065459542806998,10.83796928330224,10.748332620122573,10.850945456967137,10.817866001222528,10.82162357486084,10.794281702765764,10.829088308920587,10.807019679091171,10.811529152273444,10.690988202493118,10.807925864075639,10.789010844628502
tid_1149,38,10.881249606498384,11.03286341903026,10.889987648150914,10.873939314692764,10.891299391231557,10.896108921511123,10.849879234952034,10.931070711194927,10.85098044062156,10.854343301924487,10.868870355194161,10.969108988938691,10.908440646302838,10.927147049447832
tid_1150,38,10.926341276803086,11.092846594093666,11.300271230847107,11.275687954625617,11.254497212632772,11.241419290534017,11.272298427078459,11.21134456272977,11.238543683362346,11.21577028189097,11.18988622447137,11.219688961752908,11.140258644463511,11.176447859568222
tid_1151,38,11.520118532718222,11.705413500872796,11.264057120860933,11.248744296408132,11.237506814392109,11.203959720001382,11.246871458662104,11.242418814923198,11.218010601965734,11.195706579861161,11.227867903686134,11.187060397792349,11.305384872410501,11.211947081306871
tid_1152,38,11.752296633389088,11.94052251156547,11.419165130559954,11.604984616964073,11.511160916132217,11.515921434399521,11.443451094644372,11.464699475309589,11.492983812382628,11.490681574168686,11.562428576944939,11.59295874783051,11.593744916734442,11.584084578622369
tid_1153,38,10.922166988607522,11.04458605015114,10.852241310980364,10.874261862439084,10.85870297366537,10.863397280669469,10.820682177344946,10.82288039204116,10.825536695036066,10.829434788697704,10.777741734215512,10.830629129555257,10.829798432181907,10.795859697580815
tid_1154,38,11.492631937202129,11.670985920226192,11.124398000671452,11.1379895769323,11.069882848522857,11.076232498523659,11.090118043965777,11.118771882630117,11.046143885973244,11.052135315148423,11.090273013878898,11.155317783875601,11.080868414967028,11.03832930802065
tid_1155,38,10.8782094435218,11.007796915348733,10.901347203254332,10.842146220227148,10.90953726947989,10.87628436182235,10.877775505846639,10.962811631892183,10.882327060551006,10.860184376187679,10.869930075550364,10.907369731760273,10.867489912842476,10.860768007138097
tid_1157,38,11.299092188231716,11.44011495843615,11.14072219348921,11.099749266147978,11.09443136026945,11.099837579329595,11.113137203942596,11.127262402261694,11.08185014186217,11.08718585875143,11.14081901786305,11.139237581906261,11.123444204334573,11.142537440993413
tid_1158,38,11.058503803850776,11.210780642665664,10.901845490293882,10.871551785961506,10.87669288672479,10.882458347486512,10.8897671929358,10.896058156067262,10.869126544266031,10.874715414104626,10.858754994754992,10.872735226128583,10.860565274289042,10.860372520725814
tid_1159,38,10.905519188023616,11.02751251968818,10.847689033779632,10.789524624262548,10.850925658089213,10.855971586645321,10.806797564048495,10.751227012893118,10.81063741460936,10.813410593862928,10.745185191230105,10.710194090566073,10.77369159703347,10.790559020093635
tid_1160,38,11.061427936618928,11.221010446228808,10.932840650522214,10.927500347214936,10.941893243760724,10.908246153490962,10.91213859626472,10.921762249804381,10.917305459602279,10.8948831966161,10.911303646928381,10.828814132111386,10.893380185327379,10.880207482154997
tid_1161,38,11.202637800584618,11.366672350447868,10.996870972767766,10.984189952211208,11.006643506163911,10.972293227820796,10.977191665355765,11.042642090224389,10.984898730140573,10.960722480547503,10.932941466792897,10.972235350491593,10.91656953336396,10.910908383965866
tid_1163,38,11.097023582714538,11.330592708113551,10.801981080007781,10.819479321102184,10.823699345197753,10.790145853907912,10.805707257634655,10.84689662016153,10.815577402559274,10.793230034277295,10.784982355910973,10.788237099617296,10.777302816509394,10.778639189295271
tid_1164,38,11.51661166258805,11.634568596417031,10.761089863771627,10.81580399958904,10.73377121845822,10.741137918745297,10.736905844925191,10.794070960023687,10.71922316023163,10.724330586903836,10.674235215021978,10.742657691297167,10.677952429173828,10.687521656465163
tid_1165,38,11.622367141350848,11.807517111241998,11.395085021066196,11.381484221317049,11.368028378922514,11.333230451415396,11.3963558695975,11.467556563148616,11.379157191935356,11.355480205665737,11.455714815556798,11.635492761646226,11.502229160352265,11.442276469977285
tid_1166,38,10.859717969810296,10.979625848987896,10.830257618669306,10.774835613242152,10.797626424923006,10.804812305869564,10.79767804621338,10.782939268633198,10.775197447747837,10.780464647908733,10.743110696047935,10.759534723868718,10.746780536306131,10.748984297184775
tid_1167,38,10.926458129370335,11.056146009621324,10.795373991008686,10.79165513098408,10.772823248183217,10.779396952007847,10.787579308940742,10.812376905714748,10.768584448988912,10.775062068520386,10.808949833517499,10.799159848144225,10.795279767622702,10.793128389385618
tid_1168,38,10.929206515683912,11.06532187114743,10.826335497993028,10.811775388802383,10.800846477478652,10.807392482483598,10.812263485268332,10.828488034036178,10.791859400229965,10.798273562619803,10.77859303674492,10.77286088561722,10.75427184836,10.750732075433373
tid_1169,38,11.224241557515972,11.39056346182507,11.19458575638759,11.193235243484338,11.187581468162021,11.190161663056838,11.16899701605207,11.153822323426251,11.170047650192885,11.172132443896277,11.027989172820183,11.050758514846779,11.01374641578361,10.983827436269454
tid_1170,38,10.892746178350317,11.034818693766963,10.89482949553319,10.857487307430302,10.901567893122271,10.905813700070365,10.867816253577507,10.852000574118666,10.871667821501003,10.876174488599094,10.935085539093715,10.969204484365457,10.908936229086832,10.876868270844485
tid_1171,38,10.912831373446055,11.066433653890464,10.767895011687918,10.743269590843493,10.778531710600765,10.783665414084561,10.739064153342028,10.717233535129472,10.749309764462698,10.752305499379517,10.700551311888042,10.68109145870016,10.721525626504594,10.729729381416636
tid_1172,38,10.842836391191824,11.013122204485974,10.742188203058294,10.767160291526908,10.762333576062662,10.766818466431516,10.741201696976816,10.827761477230359,10.752849675561237,10.757601630288393,10.752199410280774,10.786635920041268,10.779555151243333,10.785947370361948
tid_1173,38,10.904003617314144,11.035055779261588,10.865770966180124,10.79965956410532,10.871069892278124,10.87574057319004,10.832693443077059,10.751472673900452,10.8365837136311,10.8404748063976,10.775395619083964,10.708957266395286,10.81240990376781,10.777040669110276
tid_1174,38,10.889543124519436,11.031915891907955,10.748665547899387,10.777897063809574,10.766498663367829,10.771139086135221,10.740940421019062,10.789100489315896,10.75240620029086,10.756915200048565,10.689677905302332,10.787518439628467,10.689408599501121,10.689691551174281
tid_1175,38,10.849251646108684,10.988122613273378,10.799623955211503,10.838743954213655,10.816740292555279,10.820943655312703,10.792088451410848,10.819991768643959,10.80142978672913,10.806183937468104,10.816413743736753,10.873351338865653,10.819357787075164,10.823763874033745
tid_1176,39,11.124335172886903,11.29347010391303,11.221385645983815,11.287997834070428,11.201876699075559,11.18752900150214,11.189643532942966,11.188219120765435,11.182228009243996,11.14780415451757,11.186982295844327,11.236483892402862,11.161249855253578,11.231051787181595
tid_1178,39,10.745834606451838,10.935210113701576,10.715582119679892,10.766782668762197,10.734138777046091,10.739479020854334,10.689810863957465,10.776574475600107,10.706894716910043,10.710762013158798,10.664348609165836,10.771330447972316,10.715344142646966,10.755231199662136
tid_1179,39,10.982176006562744,11.183480677881963,11.017168614278514,11.063274111509052,11.015677955308202,10.98518035111885,10.99036621374394,11.145958989827522,10.985045628977653,10.964045238754311,11.130936037490544,11.240776031680127,11.140502327305393,11.095096129047393
tid_1180,39,11.367705454403712,11.56771474128548,10.795067743803054,10.936025335803155,10.81801346252588,10.787992221243803,10.791599987280954,10.946116090314224,10.805908290317458,10.786838496676436,10.77666678860083,10.86471204727947,10.761776386955352,10.767451178239217
tid_1181,39,10.777615808512849,11.021554368705027,10.82782606591886,10.913404793180334,10.85123229981911,10.855770030740466,10.826924327225228,10.91076773715263,10.8409252043836,10.847745795574726,10.827793401306973,10.858714139397591,10.826913563387315,10.859941297789444
tid_1185,39,10.814818002527696,10.936908662687722,10.747485684702415,10.848007551710985,10.90596931627189,10.914870521882023,10.751118653398873,10.835424225969762,10.887203525094359,10.896529507507458,10.684725429890907,10.780762265802185,10.748856087435959,10.71493885623176
tid_1186,39,11.075463369661833,11.254953639602322,11.272549037692599,11.293967310112336,11.223930639591266,11.209815025785757,11.253207865960238,11.186448276178137,11.211151732124822,11.188349357529672,11.17942506885579,11.236924265125785,11.129211818642224,11.197577026493159
tid_1187,39,10.677474815089884,10.889658761858488,10.796123413975218,10.887075795856441,10.821774199535165,10.826420542543966,10.799292722278041,10.885636217563514,10.814274534166566,10.821272152593487,10.785842397816396,10.802537027515363,10.779349468193207,10.806404274259043
tid_1188,39,11.100635117818795,11.21592813996036,11.30526106418316,11.34363933741672,11.244927229211417,11.282773025844083,11.298427365005553,11.361904054235897,11.236795964778636,11.28398602130159,11.386900636988427,11.257407226738616,11.213320436476769,11.326522777380635
tid_1189,39,10.928736719785448,11.04098716545628,10.774312941792669,10.7913270153141,10.741187763480637,10.74951397873114,10.746362005833037,10.775949458229553,10.722833290069463,10.728075706066178,10.65646784270661,10.735456381464099,10.652178150184707,10.66113308087323
tid_1190,39,10.912541587311662,11.100542986929437,11.221351423791141,11.253632381872523,11.173195075637166,11.211549749621724,11.216496765046378,11.305235697809621,11.158397154764334,11.206970457787653,11.252409980084236,11.22138088090753,11.190695344925784,11.224237102367407
tid_1191,39,10.850674056586758,11.016104647821468,10.795353863740191,10.874711556525687,10.801692475687936,10.806548912217309,10.774435980521645,10.872578401699531,10.777469555939447,10.782615709225293,10.740340881257108,10.819665026555024,10.721313268902955,10.730944680178906
tid_1192,39,10.839172985378577,11.02911658018762,10.703734312190036,10.740772717349152,10.714860431622316,10.685324255462664,10.687484290168246,10.752316857170571,10.696207131417127,10.674659222180427,10.675332185630882,10.77775629569329,10.696306553286592,10.687672038673036
tid_1193,39,10.81869369645735,10.950803038038602,10.720288350755931,10.789646465819118,10.730761800260117,10.701151946857587,10.703807065607064,10.800877812328856,10.711415453872656,10.690092702345417,10.669996634452879,10.747039881092553,10.671028464474515,10.656085851911898
tid_1194,39,10.7435903043854,11.007783657672537,10.751682359476373,10.79881951622988,10.762418238168154,10.767381656139563,10.739621869450755,10.894545756354672,10.745394616253693,10.750978668576861,10.675007121421173,10.739080367535056,10.679142914836332,10.686846538129547
tid_1195,39,10.980309138996104,11.188089661684616,10.620227381265272,10.62872214352437,10.641875836573432,10.612475174959963,10.63579855620138,10.634042199359266,10.648128714251062,10.628381258665573,10.646589626504579,10.655988170330328,10.663445879925046,10.645767569496655
tid_1196,39,10.64860080112068,10.753674806032334,10.751398798404482,10.784246858680834,10.761395553400922,10.731622742958102,10.736931925918954,10.789289969596606,10.742669276941625,10.721957011056247,10.66513506365968,10.757203584383577,10.664525987553036,10.676047923019054
tid_1197,39,10.808957955218286,11.044087556008508,10.862029255343586,10.954218815795855,10.87297477390276,10.877298118929707,10.856842113084204,10.93618984542285,10.859842013094983,10.86547586794594,10.797642543641002,10.882569335469556,10.801246796359283,10.82544565295637
tid_1198,40,11.09238529698808,11.282535723317046,11.18222973050401,11.134537284628525,11.159193970406657,11.204173672295122,11.158155737374805,11.10935620333053,11.14248046670339,11.18665220630391,11.178449816642958,11.129470252134764,11.157514498013663,11.178795200998515
tid_1200,40,10.951073177934118,11.131848044918897,10.852055010830497,10.830095781496139,10.82360606016618,10.830721985400274,10.830343463941844,10.803804030534009,10.808348398247151,10.814704322332176,10.833773753236365,10.79675190502191,10.809246099381545,10.825919555218347
tid_1201,40,10.853004141188908,10.99555010510239,10.890731740960753,10.802602464486094,10.845192628575658,10.852886468753328,10.834172962060812,10.730403044575338,10.803140929378824,10.802913819404981,10.744113959272292,10.673990318544808,10.699121261707743,10.743254711937995
tid_1203,40,10.947289844144311,11.140247437745812,10.847941496174407,10.796196685166297,10.830326161646761,10.837034983773169,10.84830224484913,10.839306075976431,10.829382064147058,10.836152306397329,10.856296661618222,10.829144768275855,10.840014669146875,10.843455429605225
tid_1204,40,10.501450045417284,10.652265731030033,10.779083679206234,10.718853870623787,10.751734993548416,10.75895449998244,10.755029824021676,10.721443712629924,10.736678066814632,10.741582712894088,10.773290936241768,10.708581616932953,10.76308481268893,10.787835935462509
tid_1205,40,10.53971776069503,10.694312562350502,10.8831417092526,10.781328070257052,10.84449941143098,10.851944014986973,10.841544093774724,10.73270259459276,10.814351628063163,10.817928395098088,10.706894039079051,10.723298143232649,10.687685877143089,10.69355643776636
tid_1206,40,11.120270949698764,11.333009013590118,10.952591645005405,10.90913486018206,10.927593295836404,10.934376114786863,10.938628406292716,10.928619921770244,10.918171172733318,10.924401888825058,10.872171568780557,10.788419939683076,10.871698870666057,10.853078092605076
tid_1207,40,10.762640576238324,10.943746596190673,10.90024248219492,10.84443344790189,10.87429050777699,10.881214453263363,10.885075334770063,10.807340158984044,10.863309926820676,10.870259393996701,10.879796838045202,10.819730291726188,10.879137054104918,10.869505045877856
tid_1208,40,10.666582814891033,11.132976045266732,10.792515916963737,10.718192999385831,10.756476282354509,10.764002135859409,10.74532947177849,10.691570332650342,10.725046583786744,10.725751062702594,10.724988063415575,10.780680947528921,10.704047896981203,10.694192240856994
tid_1209,40,10.763036489654905,10.94592094747779,10.880987671257456,10.832809962467708,10.856648287976038,10.863548874551695,10.868481883915715,10.81667150071254,10.847423580473784,10.854416884928046,10.87268971843205,10.829835885997337,10.879781140764592,10.870780299963995
tid_1210,40,10.699207115520265,10.940070170268426,10.897022802254222,10.797576699386395,10.854156502696982,10.861735310851687,10.847769870323908,10.738939922897297,10.817745516572389,10.819637385784112,10.830332581092465,10.704669596459443,10.7684087651273,10.771280470240294
tid_1211,40,10.810378242120589,11.026047460909156,10.907354726605043,10.893910361608217,10.881050801196748,10.887974032351686,10.891676220809613,10.85744030386733,10.869758410606874,10.876688246663306,10.879796838045202,10.82455022042769,10.879137054104918,10.875385539290107
tid_1212,40,11.06350533453173,11.253224251432858,11.083702147377055,11.040082463309458,11.088106863371225,11.056390283186872,11.059795263935992,11.025963831437616,11.067238658539141,11.043079131649264,10.974705455556336,10.904075932181746,10.96170318493379,10.978001180501467
tid_1213,40,10.680458744160871,10.817208986589604,10.860350205575035,10.78931851626073,10.82575336167963,10.833088404148805,10.825421854023853,10.76612443719719,10.801014135129797,10.805589087750041,10.813695110543197,10.674191606639274,10.801216138788668,10.791425937424783
tid_1214,40,10.616939685186418,10.790627498918582,10.845301403988504,10.773926499436136,10.81105547582557,10.818407125692298,10.809628961191065,10.770331639057678,10.786100598232089,10.790293955673036,10.832163722784026,10.734561246702029,10.806316422469488,10.79096492275653
tid_1215,40,10.636667616349913,10.8137903927158,10.818943928152835,10.757832713878575,10.784477108071632,10.79188987550749,10.779695958676616,10.686228386952303,10.757698102415327,10.760706172060578,10.68134729295474,10.576732177047711,10.67164604652122,10.677488211296756
tid_1217,40,10.636086188857,10.79785982030926,10.844068141982557,10.789471887825531,10.805390851009733,10.81291484603987,10.797136462766545,10.76727891392701,10.772243266311788,10.773997854013537,10.805932155745642,10.688938897573532,10.746917379902232,10.783387987125458
tid_1218,40,10.707592305965036,10.828940185722669,10.849602158449812,10.784018219472845,10.822179033830691,10.829260532375473,10.830006859787105,10.75275909931748,10.808397823296353,10.81493285605632,10.834770459463243,10.773418243183524,10.816600982983584,10.828968636827135
tid_1219,40,10.829774158780785,11.088042035710815,10.997595038552586,10.93119299510802,10.95528911587466,10.962645546921056,10.962047351913938,10.919109356464578,10.929266732874018,10.9351005539295,11.062203662166807,10.79878209907692,11.014657111713388,10.99443814761156
tid_1220,40,10.77393537282203,10.934058302770753,10.821385780832518,10.725889962115726,10.78399157399904,10.79151168874871,10.774587304722036,10.62164852646381,10.75170840698499,10.753090620081332,10.682319365778083,10.629810605500392,10.667497630850024,10.669677023904171
tid_1221,40,10.96899796969912,11.184812987983491,10.916252375208003,10.883910555955982,10.881191067633383,10.888432250559628,10.885435289011776,10.843764203409707,10.858886741328586,10.864849786597233,10.97573109981258,10.896845129572698,10.931675322550984,10.976856099283593
tid_1222,40,10.581020970244342,10.799289821982947,10.70726571164849,10.629257333312825,10.682227587512637,10.689501973091277,10.683677086494706,10.595290224563177,10.67070604047505,10.673998252566195,10.568926645086144,10.549217622529344,10.567135209121473,10.576554936163483
tid_1223,40,10.628888928625406,10.798669043866676,10.857438822430918,10.787222593380761,10.823468400707029,10.830785244043538,10.823671217845702,10.76179358224339,10.799626946580194,10.80436409790068,10.828456545832688,10.73729611933873,10.802106030990709,10.795111268803705
tid_2646,40,11.368930375457026,11.443274162479437,11.326337756012444,11.272660701816598,11.281451265314868,11.268428599208544,11.317447187425113,11.225975607972455,11.283206862351118,11.263772090767691,11.342356771349921,11.342558683683228,11.308616154159232,11.296874795555947
tid_2647,40,11.3027660043393,11.49319203527984,11.126299185272874,11.058438980555994,11.129322753920684,11.130487273094891,11.1013608280441,11.020828999981813,11.110214289681702,11.109715051470072,11.035199162232653,10.99362367141105,11.028042184046148,11.045630064735459
tid_608,41,11.790719309640403,11.91039872314884,11.757112794600236,11.770265888419784,11.683614406323734,11.739640397383232,11.85664683793166,11.872009297474458,11.815931716177086,11.879042839236483,11.62912999765608,11.68436300103435,11.608075353706242,11.666175093986979
tid_612,41,11.561674675920136,11.681872142165153,11.761901010507003,11.758517491085382,11.715905278437425,11.730400531443076,11.876598241206027,11.854974465160124,11.846660877088652,11.862671649872262,11.692161208971909,11.684435230154063,11.722591062203968,11.729578728743382
tid_613,41,11.386109757282997,11.529734399951629,11.569189326361816,11.524279456626193,11.520053920237046,11.49704217916105,11.656427410007536,11.590479799589557,11.584673766926198,11.57084479251986,11.695277403242665,11.727489141228503,11.790988673157097,11.650081261540647
tid_614,41,12.25861433534778,11.98139103701216,11.642004809896822,11.724107302519286,11.71090835294235,11.716478577788191,11.789574889890444,11.886276440470272,11.785754654609397,11.789061271980955,11.841648570408562,11.77519277472252,11.850859350172586,11.837520142161488
tid_615,41,11.869401289085925,11.984285049492954,11.624665024089836,11.727146258729295,11.70506680906492,11.710449338055025,11.743582444741914,11.707606030039718,11.778422054787347,11.78643528155859,11.853258683047846,11.762210984637965,11.836344157954668,11.819196002404878
tid_616,41,11.519351771956682,11.59087675638741,11.691375258374107,11.748533204016374,11.77004330820966,11.77611760712039,11.835206598946174,11.821500209488557,11.871803718470273,11.882433250111134,11.766823384675286,11.75777882123243,11.766560845540972,11.792079744994815
tid_618,41,12.286724552219686,12.171554179464003,11.813296826596439,11.962323209320106,11.87457852366928,11.881927270646017,12.052153106113696,11.864281888395233,12.035917578569878,12.047016601565405,11.804258835315133,11.746462402503184,11.829570081341041,11.814633282296928
tid_619,41,11.684464094398711,11.755605725874698,11.860825549314043,12.051978980104877,11.919076833340302,11.926919723814251,12.1294200520196,12.102424636026551,12.10653829720027,12.119319111880813,11.804258835315133,11.794034924544345,11.829570081341041,11.814633282296928
tid_621,41,11.541371026429909,11.658523388310716,11.687832233453879,11.883404098971784,11.758923657893773,11.764966690681485,11.849903765908802,11.85195374498514,11.858023174737582,11.865762562135377,11.820081338631285,11.817202458653979,11.839137076310237,11.82349822105821
tid_1258,43,10.9925645242209,11.174833917973366,11.097521708799027,11.119273592530664,11.083064538587028,11.12656537818336,11.07639133351746,11.103022979444976,11.06243674720203,11.1024720821052,11.047402941791844,11.112555210825652,11.04564295974107,11.025407430330272
tid_1259,43,10.713515139282796,10.855048898492202,10.734600484132567,10.830114082125537,10.767154710028207,10.732225916659166,10.743039356934604,10.856116901882787,10.7627804429624,10.73928655501149,10.78127371916795,10.84564023630365,10.773940199197424,10.785223159450096
tid_1260,43,10.934520256271483,11.105567566664366,11.0080271785243,11.060643373400964,11.02583467837227,11.026578983977625,10.99693470723921,11.055970340777803,11.011405981854859,11.012374301858358,10.942446736468174,11.009959570474212,10.936932718996676,10.941450674576743
tid_1261,43,10.61863836776998,10.76107656263599,10.697290491819935,10.75601317405005,10.686501569808705,10.694492469881567,10.700910743013582,10.74827217902617,10.690579014917295,10.699175304049625,10.704755927502,10.780177763118438,10.704127092323006,10.706963451999544
tid_1262,43,10.736048788878753,10.911976353891683,10.70224091515412,10.762042963647115,10.737324310066,10.702443900606522,10.716533097614345,10.760299006604678,10.737556495173566,10.714191307729283,10.719161923726276,10.778883916325402,10.746979181697103,10.721527775876407
tid_1264,43,10.514437205464674,10.686959780477366,10.582062664537036,10.508752210540749,10.597346392292916,10.599025537024591,10.546578221456713,10.595471908965628,10.578390337327097,10.569828218757172,10.45275658099009,10.4827859812911,10.504266158804342,10.513312062603152
tid_1265,43,10.48367318038765,10.627658481197736,10.608238356043074,10.710209364825598,10.629733408048546,10.594477052157648,10.606646594128438,10.765241164064246,10.628098828427,10.599730700699318,10.61944781237575,10.680830078283478,10.665420737098776,10.619667277221282
tid_1266,43,10.545312490921118,10.698383233273017,10.605050473896325,10.625675014534105,10.592242226300497,10.599970312745631,10.619548144959257,10.599348005384826,10.611255832229617,10.617554929578263,10.625770746517984,10.599327855586607,10.619800674364464,10.629274176883444
tid_1267,43,10.704131714883957,10.865720587747012,10.488049784108263,10.713784893218774,10.653238805421653,10.656984113530708,10.455972764174632,10.965091706887176,10.633198538996457,10.623235292685555,10.532037700041563,10.61634119245639,10.550860570908256,10.57993080293918
tid_1268,43,10.555575731325153,10.764259231965196,10.715794209012387,10.725248089210135,10.691649918161296,10.698602645203552,10.715034189830115,10.70248047509574,10.693425716585265,10.700215104866135,10.698086594351965,10.746712342560782,10.688049952569983,10.690167411503491
tid_1269,43,10.631644670285525,10.793530813654211,10.610331672840063,10.61527205932387,10.589693746518774,10.597819863695786,10.589924841437723,10.586861867404716,10.588566592834882,10.59011025237939,10.535345792700381,10.518336322402558,10.530092300361408,10.538121985907337
tid_1270,43,10.498721418073297,10.666011530873892,10.678798698935324,10.784456948381093,10.663688793485885,10.67111711601872,10.690453870872888,10.760053188269332,10.67553948707092,10.682958776881197,10.677948528174785,10.730097555920722,10.66767414747928,10.670162420688067
tid_1271,43,10.52887770478312,10.67447964276456,10.584637568674946,10.573429800050388,10.567789515311587,10.575856539740842,10.577801540561588,10.598760708518595,10.576805053914487,10.579669645584655,10.547241597283087,10.53397778934936,10.548661229598563,10.546970164406398
tid_1272,43,10.702414910683512,10.877745260164817,10.66345638380365,10.702346778380218,10.646757082811513,10.654360960979472,10.667697765243064,10.651559850516797,10.655469155896427,10.661964230070328,10.644781103241153,10.63098167307996,10.64076580540628,10.641277488753866
tid_1273,43,10.426341544559008,10.569851749702224,10.524551271583329,10.530248729926292,10.505497999115734,10.513276101641022,10.519402880709247,10.601768106854662,10.51974329940998,10.52075610274668,10.531165416782093,10.543305475265608,10.525946725284925,10.53789109119209
tid_1274,43,10.477724499891163,10.653582013537823,10.58229404083578,10.568566927793206,10.609761614407198,10.575084633391088,10.582971284040777,10.633776780992939,10.613308632199313,10.584449271515581,10.535873752547895,10.573050904562187,10.582057310040542,10.539711568144996
tid_1275,43,10.727037800108558,10.956790362415145,10.837141258689721,10.880380861657153,10.85054467633467,10.851610692809302,10.816603557267138,10.893133120897858,10.826749747794057,10.827080925803017,10.778676211232682,10.86154601778316,10.7573654059849,10.83120244004793
tid_1276,43,10.562684904393006,10.736418414365376,10.645442893629925,10.730111315101519,10.813456409252652,10.63361191948061,10.635061586851242,10.725074710913345,10.791850780539912,10.631662622122484,10.63013575715154,10.666547141145413,10.647256091840978,10.63386359881737
tid_1277,43,10.786672278273285,10.965681331542203,10.71363233540901,10.780773632072085,10.69138627181655,10.882287162856064,10.702178698455008,10.69908588686126,10.68786139624897,10.853598524811066,10.680336888748881,10.686683558372179,10.674102822437785,10.697498833768092
tid_1278,43,10.459037945081628,10.613720437603718,10.569973683570119,10.629014747927393,10.545534264167609,10.553344935931873,10.546457287978688,10.630215135186956,10.544646410032703,10.544182545769745,10.52321460777436,10.550410165237022,10.525664976518417,10.525549066064382
tid_1279,43,10.58942631476276,10.73035673255396,10.730360922347506,10.72207970083771,10.700818288029067,10.707982375522448,10.712691792790348,10.680418922642334,10.691724570471013,10.69682579790584,10.687615973903103,10.732952179489281,10.665915941175319,10.682736581096675
tid_1280,43,10.553909887636076,10.6945936745592,10.596060522971854,10.641078984978988,10.586523332705207,10.594124291470422,10.624007745182263,10.660560211218925,10.613624892672654,10.621036744056493,10.620818732395295,10.604260328434796,10.615245395911552,10.624272371775957
tid_1281,43,10.908122439523115,11.082502484093322,10.636695470801007,10.65129292492376,10.611543297171927,10.619007806589693,10.622190826570504,10.589921961201362,10.610117983890156,10.613415592866764,10.582057987578347,10.605199595100277,10.572266453387286,10.571809203426643
tid_1282,43,10.561331337226838,10.69806704344808,10.48733479893132,10.65472555578461,10.663788507732725,10.667677906863585,10.492667309924727,10.82134784840364,10.667020283825872,10.663643389829575,10.504581917145538,10.545476535887488,10.567990364057291,10.560630646556145
tid_1284,43,10.517385876905715,10.691260587894352,10.611416857411246,10.695672807819506,10.598249452416491,10.60596044369053,10.625009876711944,10.695337343098249,10.616215233610566,10.62256836893591,10.606443338572069,10.624800466910205,10.613386005875078,10.617923897152538
tid_1285,43,10.723780468238251,10.917496471726889,10.792104179435677,10.83904748193914,10.771475823629043,10.778552081162037,10.792163514382846,10.824393147882473,10.771450415089754,10.778981118384092,10.833747879022742,10.912504298869734,10.815887304093252,10.811564544930487
tid_1286,43,10.593349342104544,10.748368208122004,10.708725176308308,10.722034963743784,10.675152800012645,10.68266233391155,10.672585408706846,10.671636344454319,10.655769169990782,10.657287465918909,10.702819345890402,10.784000722793223,10.700544743320755,10.707804334673433
tid_1287,43,10.645393944405518,10.83390207248068,10.673201903678523,10.736243045712525,10.659316575535849,10.666710186163566,10.68903501744684,10.69971148589013,10.673850790723588,10.681497749788235,10.699399982311155,10.716739213139686,10.68481332626426,10.682969258301359
tid_1288,43,10.619051587380074,10.805289831841868,10.605905724524304,10.623801470786958,10.588509634324247,10.596483876034643,10.599866905790057,10.580791674449294,10.595997293935305,10.599680360923355,10.531433476438508,10.542822706279356,10.531885426171476,10.540425804852369
tid_1289,43,10.58579620791508,10.735598530951664,10.61381545373463,10.703613930801103,10.63222120577852,10.59710173170383,10.599408197316043,10.759747921508186,10.62275657064706,10.592621344398474,10.604461503673416,10.676324145857748,10.64389070006164,10.598460647904533
tid_1290,43,10.628491863031734,10.76416197503345,10.65057687030242,10.723635688907386,10.63137806471276,10.639193091495516,10.64307165229156,10.714694518591177,10.634333301828468,10.639105101364109,10.631392473303428,10.64718683384873,10.62211899625212,10.634375174346372
tid_1291,43,10.44077008526448,10.58554092372046,10.518710536959814,10.56290752051203,10.500819473890783,10.508567686116768,10.518521640906481,10.652913744922877,10.518469969736758,10.520065917322851,10.511781229114424,10.537250445726263,10.497153932239476,10.509794134656742
tid_1292,43,10.535001321372157,10.692624227568478,10.65526414262918,10.667254641554061,10.62461266669849,10.632270959545085,10.620477493726323,10.654774635265051,10.609693447693049,10.609987250555584,10.637026797427742,10.621495330126491,10.630058282660183,10.621467752805122
tid_1293,43,10.690698682131863,10.851623790538836,10.712938380746978,10.79055795680292,10.698209447296511,10.705419837780347,10.727832716901812,10.788592393370175,10.709877240656045,10.71776463649213,10.754755587753305,10.818434700737185,10.735788093555309,10.738808666293655
tid_1294,43,10.588957841021465,10.795837988758544,10.665640336140958,10.767545182679536,10.693853367191364,10.658654446040059,10.678809876357315,10.794475136878852,10.69751061852349,10.672104056273449,10.677948528174785,10.735883568812385,10.670451853078067,10.670162420688067
tid_1295,43,10.684505948651884,10.837276297337342,10.562831252259032,10.659272214979138,10.54301563415303,10.551370956735777,10.537049740849552,10.595574892075156,10.543469923537653,10.542290837149901,10.432424349962787,10.496743929311775,10.431852197489489,10.435292045245
tid_1296,43,10.449630125829504,10.595506596989765,10.598029587038017,10.607850057898949,10.576439225678183,10.584688487037877,10.570652879460017,10.633673568728442,10.572424473221904,10.572297744190543,10.52863080963144,10.554334060423994,10.539556868098728,10.529427091062617
tid_1297,43,10.536420183438556,10.69358220816432,10.514911684577775,10.724495046366721,10.683420410851513,10.686828963323764,10.507121983517022,10.735238931739122,10.673947961871534,10.669716863640257,10.543001666193783,10.499075976181993,10.585926861760743,10.623729794556803
tid_1298,43,10.587301311914995,10.747942805110696,10.65972429611358,10.70984338919485,10.644859224444504,10.652384259896376,10.670837550964952,10.714888031432212,10.657688429972934,10.664776987546823,10.664431276246628,10.664087651025117,10.659070128685192,10.662641226159732
tid_1299,43,10.563589711045864,10.71084249618667,10.528346554898475,10.575832712964326,10.510118177167923,10.517829223833571,10.528115874458278,10.555545010644618,10.526701821130471,10.52865805755801,10.511781229114424,10.486119720113933,10.500875477947694,10.512588834359843
tid_1300,43,10.54232109257818,10.700037082797737,10.65125835279793,10.676586245339015,10.627887497082206,10.635926925951692,10.625857674248905,10.6819129308109,10.620369156742774,10.622393136426522,10.572489499632155,10.62089363062933,10.56325380426049,10.569045112498996
tid_1301,43,10.81273755655398,11.03231700273152,10.654089365000956,10.698176742037033,10.637780726728634,10.645417297842192,10.658938647129407,10.65342787162463,10.64750403725821,10.653870748745238,10.633076958224615,10.644155863251997,10.63866911073285,10.641806263762676
tid_1302,43,10.549708206275277,10.700915916484332,10.677670529448264,10.769887386867186,10.703953919046,10.668791159230683,10.684454813930683,10.790258753648372,10.70323709226785,10.677476997713194,10.664431276246628,10.726413906612617,10.656980899740432,10.662641226159732
tid_1303,44,10.92140122402464,11.120984492081922,11.009656955536398,11.016832997354516,11.041232888412305,11.040161123950435,11.004857288210511,11.004788316876,11.035689699295622,11.026783432764164,10.974602403491428,10.97374763976282,10.97570378652867,11.000792814679027
tid_1304,44,10.852973186467924,11.051640517319903,10.81061850453475,10.82979311848772,10.790704596925538,10.798966105449738,10.796724533077068,10.787607303292376,10.779964584659275,10.789740391479205,10.78279876832356,10.8597607994683,10.774098865434581,10.779491468810765
tid_1305,44,10.98295949455181,11.197273181131353,10.901388675247981,10.950465113393612,10.870521803517509,10.878056821051102,10.873915036643538,10.945342426334514,10.849327776978539,10.857708319066564,10.819298459043136,10.862991909261323,10.79191104631112,10.809898910509308
tid_1306,44,10.743268661369672,10.895306818516495,10.874345870801694,10.835271494524884,10.844492900508985,10.852407129443039,10.845928814052634,10.781807695560754,10.822803011261204,10.830958436767913,10.854224060111452,10.780281356007409,10.820114406485368,10.846156703113492
tid_1308,44,10.72687759944042,10.921135597936066,10.805125365463276,10.778587440959166,10.78983716245694,10.797855859605198,10.800571315653926,10.774857105053488,10.785233323839924,10.79549501134174,10.785210456281998,10.796813941981858,10.787973339978615,10.806268047412821
tid_1309,44,10.524566602127909,10.679363829194918,10.715816976032476,10.647498837346603,10.683083488989658,10.690491480737888,10.67146111127117,10.551042052442531,10.659652772538351,10.658308533075395,10.588330134457427,10.612657396857461,10.585444246278442,10.589996557720328
tid_1310,44,10.4671038989841,10.59707463632446,10.855037512036638,10.833946324217456,10.816754261316225,10.822233898012074,10.812925805751757,10.799981846630788,10.787720859267292,10.790211645022024,10.74091758738532,10.80640121303635,10.730356105785946,10.729388145717245
tid_1311,44,10.485756243606188,10.65102348161829,10.580779239754529,10.57194007723719,10.561601795084211,10.570288757324924,10.569283111294151,10.602472287989702,10.568534775330942,10.56904319186495,10.533985126277205,10.54357809132811,10.533036600112275,10.525850670613607
tid_1312,44,10.834924991673532,11.037261043631132,10.736204271872626,10.70258667041878,10.704190277375067,10.711205004366631,10.69666685848199,10.67907564881727,10.682316725281375,10.682820285961823,10.661654472817165,10.707671224274334,10.627250796846289,10.641477420426583
tid_1313,44,10.4644395901493,10.609010338413906,10.632227358998692,10.57943942240738,10.607635971907309,10.615853693104407,10.605508350089366,10.564985163187457,10.601176045762806,10.600785034757957,10.572333592622321,10.563899661227074,10.558220547168212,10.55458379993662
tid_1314,44,10.408879440261105,10.56671404038007,10.620393888714753,10.548571028798559,10.588005768861864,10.599778237034473,10.582186744019337,10.515426357094654,10.574117035525735,10.574020400582818,10.573845515237187,10.547272448352892,10.598435841322965,10.577523382480807
tid_1315,44,10.652627467796004,10.849467175277312,10.97836330051514,10.96356054411137,10.987141986668655,10.984875892890235,10.956072840832991,10.938834283290142,10.963585508464213,10.962645586348259,10.904990564089896,10.878761787236368,10.928565975990736,10.951469149210551
tid_1316,44,11.070876244819264,11.2546351905243,10.824506155295893,10.812772239094453,10.794932469478393,10.800292797303218,10.799770599895096,10.792796213981763,10.77824958200098,10.783414018413858,10.795288356801635,10.746996531619837,10.78293218309837,10.779975694250838
tid_1317,44,10.44145352245429,10.600753738334678,10.578953004137112,10.525701572762546,10.56414124555197,10.572542844290755,10.58408656675045,10.504960134078157,10.580135874610807,10.583619148901333,10.550451078500203,10.526015792201447,10.560341666427993,10.560646055275342
tid_1319,44,10.504933283983362,10.68637488359446,10.624227923052299,10.607494239938067,10.587644969636326,10.599656835258997,10.571183424563637,10.704547824890945,10.564782829351266,10.560724369249925,10.575959728482442,10.562332323309626,10.598435841322965,10.577523382480807
tid_1320,44,10.63057711727143,10.773979342072876,10.714954395100943,10.630935863632306,10.684266043266042,10.694332959053959,10.692890826102996,10.592533821046622,10.672753162087592,10.679701183268111,10.647345855318058,10.640195113772391,10.617049055603735,10.642824139551031
tid_1321,44,10.703361315260029,10.951592203020292,10.756516010803132,10.814303056211724,10.738214699489722,10.743897161585476,10.756850143722623,10.807282782305549,10.738879085283509,10.745638080648954,10.780958002153357,10.766982587310238,10.762849679140604,10.777240254092826
tid_1322,44,10.465785454671082,10.670823416278289,10.617994352814895,10.569552931811698,10.58870351034549,10.597499513062262,10.571963320135756,10.555409913602613,10.572675620377149,10.566805869336042,10.589943536338764,10.559455003396755,10.591577343123301,10.58635966499477
tid_1323,44,10.526957699051856,10.67419513161871,10.652333222300589,10.610043903168666,10.630380726008303,10.638070993364215,10.636805848738993,10.607862156945929,10.628454847458507,10.631156987986868,10.590608518748498,10.586748933127602,10.582874778155801,10.591421198696695
tid_1324,44,10.435999322779493,10.604910395147156,10.635959412552767,10.622113451763063,10.604133605840959,10.61281239376656,10.58308689910949,10.653402957004369,10.582389808606035,10.575468787205745,10.593070161020604,10.553201960975034,10.60299868136056,10.593836297901943
tid_1325,44,10.484856445301483,10.641165840345122,10.695083709501407,10.630326276938955,10.657433791829947,10.668337040074817,10.64934003315971,10.579173492234357,10.63295522794696,10.633824847006164,10.568674760512144,10.612354526547032,10.596403988690396,10.606604118045018
tid_1326,44,10.528449571038305,10.631987398064068,10.647543717484577,10.72154400722462,10.80199218578491,10.823075284313077,10.61072826096575,10.713317893175136,10.764405806410576,10.772739022032338,10.541771018362185,10.62260616118058,10.651051369580072,10.64699061617315
tid_1327,44,10.482849943789454,10.675693110321465,10.61254259144888,10.630663665924828,10.578702452438801,10.59071139521492,10.567852591106787,10.750954162094981,10.561821212014468,10.559617629530369,10.575447112694995,10.556797019065723,10.598435841322965,10.577523382480807
tid_1328,44,10.634765910613217,10.789706630682891,10.717236612830938,10.672211072467004,10.688645005184263,10.695729507098182,10.686054822038216,10.602632810670867,10.672994398174742,10.674786986739006,10.588196965119572,10.594232274842733,10.598266719170455,10.596198629506965
tid_1329,44,10.73543316796866,10.876479927279586,10.711982015308108,10.70528113190842,10.687348968998101,10.694234945808482,10.692478292374883,10.645219580393377,10.678875263422295,10.682742385562424,10.620921529041427,10.61332357720039,10.631012416383756,10.625255581508352
tid_1330,44,10.595736830101805,10.75176707379374,10.692903607247525,10.691111009400267,10.663075943558828,10.670657126504505,10.65504537674956,10.657112445039672,10.645188095578886,10.64464852760361,10.622678659646043,10.595988557827484,10.585444246278442,10.60438227245144
tid_1331,44,10.415733167637049,10.575924243817887,10.710035570450387,10.618924506686069,10.682094873007456,10.689252786489126,10.680144361654689,10.601187783707347,10.667680896227958,10.66951937266895,10.601426350865395,10.614695480118362,10.60109776272359,10.596198629506965
tid_2618,44,10.699270289422245,10.82923344318104,10.775875996245842,10.726007508447294,10.755955834492216,10.76479923976113,10.759770411406237,10.70081038298029,10.744535070847853,10.753805928874216,10.736710673697733,10.730656776177073,10.728296871588539,10.731325950016489
tid_1333,45,11.013787935199428,11.235730872810397,10.950637332684016,10.967648937166157,10.98796530731863,10.989911249921667,10.953964871701483,10.99799203809956,10.98261248281569,10.975125762513029,10.935184854132602,10.971427984187152,10.939161281411023,10.950554410659727
tid_1334,45,10.87151078233384,11.075895383604486,10.781656350738514,10.845469506321813,10.817517789288269,10.780779448401487,10.800406582108389,10.828853342960453,10.819031482217536,10.792652876188189,10.776294449085313,10.926853238032372,10.778087808104205,10.782190558717124
tid_1335,45,10.470203786818956,10.715064226420331,10.43615526102169,10.435378574556337,10.422502124480518,10.4343057196433,10.465412022192309,10.514474721303142,10.465442471032459,10.470512587961746,10.528860409496547,10.468965409813778,10.506760521238753,10.521866546625576
tid_1336,45,10.534190018415078,10.751197470872937,10.450632333633349,10.421994557149558,10.440891329210826,10.45179717787173,10.501316149663177,10.541539716627694,10.494045881350319,10.501943036398556,10.612807254604503,10.525819237717066,10.587653440905122,10.592596416445664
tid_1337,45,10.727581851859544,10.930979708701113,10.580768838175706,10.63583732869411,10.569358021384497,10.577044846164577,10.602773075765748,10.654984910719149,10.594382662935876,10.60024650077874,10.610848433156928,10.601167945876075,10.597203211407246,10.605608813031186
tid_1338,45,10.779816336610464,10.97129349443586,10.710291887015693,10.752264620820611,10.692355277179052,10.698902674975177,10.714276025631138,10.742101528352963,10.698253869103356,10.704440287319404,10.690790540435477,10.703882426797653,10.701044920615267,10.698958790441987
tid_1339,45,10.428434992419602,10.672215192037388,10.48431265319624,10.46445465890512,10.465632670989812,10.477444248569888,10.493240393324058,10.537889900152553,10.491497066991204,10.495573888627977,10.506566127921431,10.483380816486127,10.509480199625532,10.508748054148892
tid_1340,45,10.628714626559486,10.84213451123922,10.595594240198306,10.607838235388673,10.581334809307394,10.590503128884066,10.632310301747143,10.607882941685977,10.61299989031289,10.62209115987928,10.68250822592894,10.66653463555373,10.665011847943786,10.674398453825964
tid_1341,45,10.630717268393232,10.843227197097184,10.681423964618546,10.720548447108603,10.66398881492358,10.67094834320102,10.68570223035481,10.718568678041638,10.671585762050647,10.677612203705266,10.65801087280454,10.652024227948878,10.650322613869735,10.652201962486178
tid_1343,45,10.55874593255326,10.79432918575647,10.529699557886252,10.534767150677732,10.5200967368196,10.52962288934915,10.584075690650243,10.626793928851145,10.566986533277035,10.57628841413034,10.681161620117129,10.656402551375987,10.668574636051133,10.665896038192258
tid_1344,45,10.547252768847514,10.76663274936784,10.506069058849404,10.459156845506527,10.490654155323181,10.501550472379428,10.533266201178908,10.506211838897112,10.524755189605372,10.5318926634367,10.57166821508323,10.520155733427073,10.557486718795245,10.556055636726947
tid_1345,45,10.68382338603806,10.89744833340019,10.57415249279804,10.570511840447478,10.554401219686207,10.564848993042137,10.587660823501318,10.578588488520449,10.574481321405738,10.581913858275888,10.626064341188735,10.597939848701046,10.610253102745407,10.614908298729269
tid_1346,45,10.581048902602332,10.810674974733375,10.562137236269205,10.51881637241395,10.543696266173566,10.55413273552463,10.580263982416332,10.53886185774338,10.567448989113773,10.575066623225858,10.650261167439753,10.603758756002081,10.624886132724738,10.62180610985773
tid_1347,45,10.482824731975196,10.723982986955416,10.500473030649314,10.527261575684829,10.48360983770122,10.49484256374969,10.520241686716266,10.513085682926945,10.514039605670748,10.520165365545733,10.533518576476407,10.517466003443358,10.510949587288424,10.53363048522634
tid_1348,45,10.577783153410712,10.77903545342318,10.532890053376168,10.474803996009502,10.517539191858173,10.527964642230192,10.562408747807398,10.476771742871858,10.550380499760355,10.558389982429485,10.576499641616891,10.573429214229959,10.575214264800447,10.568621218993451
tid_1349,45,10.488403434013229,10.718989524555226,10.436583754488275,10.403092516831608,10.423227181861009,10.434974201314446,10.46745894494276,10.440609112082477,10.467027523103354,10.472324852328883,10.528860409496547,10.491430865902299,10.509259309129916,10.521866546625576
tid_1350,45,10.578857652993392,10.81349659585208,10.488421089898821,10.479897427421689,10.47963134683076,10.488467781420443,10.515731793783628,10.538619678405947,10.51674535099642,10.520838209377162,10.492992466815041,10.515132061508753,10.500313758951057,10.505150217371321
tid_1351,45,10.428118443568591,10.706157076322665,10.441868609152797,10.46534046487821,10.47346629080156,10.483928268263874,10.48533123710267,10.5313538593014,10.513380045387736,10.521000159795127,10.538393352303945,10.538108178511195,10.590938110810404,10.61184745368455
tid_1352,45,10.46033952464882,10.691924458145747,10.391205776945236,10.387568126963291,10.385392007103478,10.396665758246384,10.45862547892423,10.543882202328337,10.455005028035007,10.462730538326973,10.5800640631196,10.558887737167586,10.564264936134988,10.571304549416084
tid_1353,45,10.49486221730576,10.71522855109072,10.560318838494675,10.544264482431501,10.574936112995315,10.544356560133952,10.534965993280714,10.54910346952816,10.56259210203195,10.531398387773521,10.461320133206058,10.537016374286218,10.513847796718746,10.467837725981594
tid_1355,45,10.47533113251714,10.686260605977434,10.530426707423572,10.528139576265888,10.515281371555128,10.525714979287985,10.56069736236438,10.555570128932796,10.548775602504938,10.556796559443818,10.576499641616891,10.569964346679269,10.575214264800447,10.568621218993451
tid_1356,45,10.693675233214217,10.88146022941644,10.68023463527277,10.693747767844027,10.658692921763635,10.66761754234864,10.693430169395144,10.69536220339523,10.671632834791609,10.680380546401134,10.71026152465504,10.720763400910815,10.698821923393773,10.696658229587701
tid_1357,45,10.672382075034252,10.92267957866042,10.697639636958888,10.702226901462984,10.671042203149762,10.680507296968837,10.694997600023022,10.723672973436305,10.673560174135453,10.681645656665252,10.668887082282923,10.715007512602813,10.665397028087947,10.676984323570563
tid_1358,45,10.815782311132937,11.010276322488371,10.67111388694151,10.649768538604231,10.646361600048724,10.655975611860946,10.672844563278604,10.660866915325744,10.6528992819752,10.660995047985557,10.641946572733342,10.626673215284372,10.64814711699969,10.650496119120303
tid_1392,47,11.058977845362696,11.230516133820505,11.138103796137544,11.112048844137384,11.098607181915952,11.100845501585537,11.111995958092853,11.13701582874602,11.086178424577898,11.088491150677969,11.106507720775909,11.203220282625704,11.0716009819506,11.101034231870909
tid_1393,47,10.958299457349309,11.138460353094176,11.130630358718383,11.077582707984968,11.091534778802215,11.093847706200064,11.104474781648875,11.157973710924843,11.078703976536913,11.081135171659875,11.08701123430954,11.138135571627629,11.069331176022406,11.05972509250839
tid_1394,47,11.070770438544232,11.251642515670714,11.216476851851745,11.186533378523487,11.214603260748857,11.17688073833357,11.190985760685273,11.21152175165004,11.199658826379117,11.169396802318392,11.07492530888235,11.202120495438432,11.094425388541586,11.126055282370459
tid_1395,47,11.313064996740884,11.503509271440318,11.491933485804362,11.439214014579708,11.43928541357134,11.420843006090386,11.447956326026555,11.466186718626057,11.442111124674323,11.396716434130271,11.513660225457082,11.494623682871076,11.497010795438793,11.46175039560235
tid_1396,47,11.260754670112114,11.425017322370122,11.351292308067057,11.292573845179126,11.348977765977638,11.340809899041197,11.321780926075201,11.336226923878836,11.347317070996176,11.331280012429627,11.221952668694497,11.312061279843135,11.326882913031328,11.217667329656893
tid_1397,47,11.15446750382922,11.321600297042538,11.348839791761764,11.289717004753888,11.29888872208795,11.341288879072017,11.31432667131496,11.284827821295744,11.285766095971452,11.327187487836996,11.235680317689184,11.273034122084526,11.197267912612553,11.214667215285745
tid_1398,47,11.50806366555332,11.720412693176293,11.390793614228112,11.364298976718855,11.376327052650991,11.369172637159956,11.377932697849037,11.40717793547576,11.38301563740639,11.374134134396673,11.284855566192322,11.416361621267184,11.333991794907647,11.25328785728373
tid_1399,47,11.207763505571112,11.35643772300613,11.2735024895418,11.290692094735087,11.264257695629327,11.226570846710157,11.252380409337349,11.333885323037398,11.254087608214515,11.224910106336335,11.15546492313834,11.398321457268072,11.172307039919538,11.189939780729928
tid_1400,47,11.218971766924213,11.37204484711091,11.348768804540383,11.278723348283801,11.340269231403774,11.333013478693502,11.32779869175109,11.280146664652646,11.339952488338687,11.32950952799501,11.24168546832746,11.205870282823641,11.321719624921325,11.24714719098628
tid_1401,47,10.81484614136472,10.9860991772771,11.20097588559148,11.173395716924533,11.150058235465245,11.15279813532904,11.176363951513743,11.172079988878522,11.137903547778334,11.141341173941084,11.204308470780594,11.13423147433147,11.146936205162987,11.208900227052364
tid_1402,47,11.49291865683056,11.654142001084692,11.425818383135441,11.352276017346801,11.35789804261322,11.4014716176228,11.417460747570964,11.307222662540795,11.361079765692875,11.412557542773191,11.462326550547075,11.287804279178866,11.380415174616171,11.461836176483256
tid_1403,47,10.990448898463375,11.157678073022682,11.251858019305645,11.20883831067243,11.246733625002296,11.240701457705933,11.227940716700871,11.19061886767522,11.234756067408659,11.227821312419978,11.12627749180201,11.090283124232638,11.14786637174167,11.122586690686022
tid_1404,47,10.846141695561007,11.024777416840513,11.09931077855034,11.066309471446818,11.055246393416887,11.05880507627336,11.069373665325967,11.058952612126124,11.035925372102893,11.039998902730357,11.137743338208491,10.979326482042383,11.047442323358332,11.057027087622327
tid_1405,47,10.991348923300094,11.165450924366093,11.222295502124618,11.14100775335881,11.216397879748609,11.17913813025942,11.198260796473798,11.177456042306897,11.200928804936783,11.172404466748853,11.075272308984534,11.147867364726336,11.110903143822632,11.137245261384525
tid_1406,47,11.01893401471018,11.263372484428976,11.202033358591763,11.193660230629892,11.156398183133321,11.158378295541256,11.177519200812974,11.239579774986868,11.147297955562006,11.149552456895458,11.193563617348774,11.260467403258929,11.192947771187615,11.210562452855466
tid_1407,47,11.06036246000026,11.317480977947728,11.183749150313803,11.180401507579813,11.182388826176922,11.145167443323315,11.158144736322791,11.201439861491425,11.164589311051417,11.13565808318442,11.047038782741728,11.170207623415186,11.031812809984991,11.087842075364648
tid_1408,47,11.127592341678806,11.305457162483073,11.351428579148749,11.309579012867358,11.344946443466137,11.337361011155073,11.327808207714305,11.327175572165627,11.34457316025661,11.33234594019417,11.25494032697883,11.330759982329205,11.329828882238548,11.244823144595246
tid_1409,47,11.54814587989664,11.700156616622204,11.453967865244294,11.389036773185236,11.387515233954357,11.433394924148631,11.478586835056554,11.399155470654218,11.417310442241693,11.473840729680767,11.570249344310538,11.54475270511428,11.505320261881444,11.626253175682015
tid_1410,48,11.071888618096658,11.293034119496928,11.054069811658906,11.037779799224266,11.042927374471327,11.088415318027142,11.039295311681423,11.05091502976032,11.023004015105288,11.064249887637933,11.01231509555871,11.005445710631225,11.022933133924575,11.013676511408672
tid_1411,48,10.839276943944316,11.005774747124976,10.949569853772333,10.910764355310203,10.974935957973033,10.97677125606848,10.945883231426166,10.880058540797913,10.964858006338428,10.965510112756661,10.888776345056202,10.843963231025151,10.889567770901037,10.888186353803828
tid_1412,48,10.656381322496015,,10.706617079975034,10.585270552480724,10.683275676824477,10.690825272253269,10.691833270654888,10.584912867348425,10.6774973326351,10.682613041580652,10.694240587607739,10.611881607656219,10.700396102579425,10.695898031786745
tid_1413,48,11.042765023430087,11.259862508905204,10.883072887559624,10.87755740739579,10.905229220057706,10.870235478197198,10.882536235045107,10.887336385232631,10.894770336928595,10.86799223648003,10.82016846067737,10.823779965400316,10.833571440577005,10.832271999316502
tid_1414,48,10.788345407186714,10.987953586428132,10.900255209612459,10.86422286433095,10.870367199074574,10.877185221990244,10.881891917344731,10.847367321163926,10.857556771492808,10.864033001365241,10.857466743729443,10.799478938514673,10.864416243468606,10.851863715940386
tid_1415,48,10.893355830198525,11.083996214393188,10.740462443581116,10.666559667527128,10.723256752737193,10.731202649910099,10.748592353988398,10.663331112737145,10.730000983075735,10.738159893465289,10.745429137322677,10.682554671654515,10.730502167557656,10.733645455235408
tid_1416,48,10.67325312294136,,10.667152117266738,10.654317358020197,10.65388142415545,10.662209160378513,10.686202483039892,10.64271363828892,10.670588341725347,10.679231719673984,10.65393296096407,10.655722453152887,10.64216392961853,10.658427338149124
tid_1417,48,10.75637831487678,10.933228390916865,10.67500266031108,10.601195630756866,10.656375806547844,10.664307340398148,10.674732293144418,10.582317714051463,10.661233640900555,10.66794436479201,10.645128735888262,10.625745623560972,10.642570908001149,10.649080258589409
tid_1419,48,10.864730617327048,11.182892451977915,10.75756923509476,10.677104628122274,10.73935235331287,10.74720245534795,10.76309462467392,10.685845803367613,10.743926528001424,10.751939751159664,10.742166727437874,10.683737797391776,10.743401475197672,10.74732265111871
tid_1420,48,10.70796812555816,,10.715107088267088,10.646638268688541,10.692695803336148,10.700300960300389,10.704555948361184,10.644334224518774,10.689127634660585,10.6950662641017,10.678468182071397,10.654460512248429,10.663722100869196,10.68378362683715
tid_1422,48,10.907714067338391,11.08948170511067,10.853592455746705,10.830209424255674,10.829301659887546,10.836585396194465,10.84557122511219,10.806620166480853,10.823556458841866,10.830674962901778,10.845315002003936,10.779466644377155,10.836473459819581,10.822626181710932
tid_1423,48,10.812012206339228,11.036573729064314,10.926879568801736,10.847420104741685,10.888835198467254,10.895030172017256,10.893716417411767,10.79758349880882,10.865075386803696,10.869557099936774,10.931770872059284,10.77892108719177,10.880796508049096,10.889455217783494
tid_1425,48,10.817922563625064,,10.64263344291055,10.662697313998326,10.626749332237202,10.634921845241266,10.650389368045985,10.652375587401782,10.638415358694113,10.645604951851285,10.619995146151693,10.659866577498716,10.616862104065167,10.620702359413285
tid_1426,48,10.838739381248423,11.041830039932314,10.797267980630401,10.679289919668912,10.771410411065437,10.77865702405831,10.782604259191151,10.636484484919398,10.762194826915774,10.768630251777408,10.802586303056637,10.655138304542353,10.802252000304073,10.805462826135049
tid_1427,48,11.101568031157226,10.894896888560549,10.728086207574366,10.71218203203713,10.715667639146009,10.723974848424174,10.750504128749096,10.697994778108914,10.731238290826946,10.739814179284261,10.752136867698615,10.739243382638872,10.735869955355366,10.745851783784136
tid_1428,48,10.771341957633018,10.989254356768834,10.734112918128822,10.648611361513295,10.712205085875299,10.71982095285066,10.72692793889459,10.612122531740704,10.709865646050847,10.716556515486277,10.685630318252278,10.632763798777477,10.689610731360167,10.69736519205896
tid_1429,48,10.811770305968746,10.989217215373223,10.818991163165677,10.763557572316284,10.79495330152233,10.802301745734876,10.81052544879103,10.74666374896911,10.789298686759208,10.796480409183081,10.817523636041502,10.75752861471749,10.816048707290028,10.801283742081754
tid_1430,49,11.814107994755828,11.952912443427769,11.824581968719583,11.80493355709357,11.780629151378063,11.77815057456876,11.960983278776139,11.933572539781924,11.95060231920966,11.95114301345884,11.704164868187037,11.658665878921074,11.724837075949207,11.7458408577342
tid_1439,50,11.369313721611748,11.534555832695474,11.445616845991978,11.345000403777806,11.388208770944205,11.355995161600143,11.414449677693,11.269117822964104,11.403593779371752,11.350998710618056,11.592780659728309,11.389088232661804,11.593267480427972,11.525394289515548
tid_1440,50,11.152892030467568,11.281540546691854,11.364339025832667,11.250045063132626,11.337596546884642,11.338212312600241,11.386726714034385,11.202560301256408,11.357884476605161,11.36090565296162,11.447476720041305,11.268060196613108,11.507342103213274,11.412928671644595
tid_1443,50,11.42168260240541,11.597130574739374,11.451681968605314,11.374921370673158,11.370331618928748,11.338392992764778,11.479015334976493,11.309838982131005,11.404616267327562,11.372229080789051,11.630082553321378,11.370497183382065,11.526613504828799,11.533259886490704
tid_1444,50,11.671028609223194,11.85304105650624,11.56382843692767,11.468584129381467,11.480600998803087,11.447279051483047,11.59964552917892,11.359329841494974,11.539357928018912,11.499927886291207,11.644534800628172,11.49807821880599,11.645784256537121,11.588718050684122
tid_1445,50,11.494605677723127,11.66828940849534,11.41409612741882,11.302133093337691,11.349965336226736,11.318246911250672,11.404556513116182,11.208464946786371,11.368185583316164,11.326650823085826,11.508169625372162,11.333957270632,11.4946183323342,11.415310013981296
tid_1446,50,11.496694451859812,11.692393788496048,11.465467660476868,11.378571934385311,11.385564450663567,11.442424958181995,11.490551339545519,11.354038967874917,11.42197810549788,11.481275740468783,11.634245778387594,11.460524828152717,11.547928393383149,11.670564895331145
tid_1447,50,11.163302738444653,11.32199374689456,11.192197794687438,11.135965927869167,11.197208802628277,11.199524303245239,11.177254631421906,11.103601639390924,11.192852735443957,11.19269788433218,11.1157403483318,11.165081292475463,11.148273375881391,11.132397197325831
tid_1448,50,11.516685387593812,11.66784841794637,11.481628959222974,11.390596023614275,11.404499711332297,11.372122403299809,11.50072463348833,11.313020424521039,11.44233323487319,11.405290850205102,11.684343081797424,11.432678280881378,11.639365868075876,11.569248702801485
tid_1449,50,10.914455536685503,11.083334146335757,11.044921919416117,10.982969487321228,11.050800287774896,11.013717865352637,11.028892954352525,10.988523506150095,11.03369094123611,11.00714482070176,11.014627237484556,10.917759117598889,10.99463112944097,11.003902042175513
tid_1453,50,11.44469908536759,11.623328446003883,11.451236339520658,11.315629661486254,11.38132622075231,11.349225347577049,11.453362704795797,11.209648648340242,11.408922271661188,11.368867552544549,11.51998033376598,11.335308885930678,11.503869118489044,11.43319768118125
tid_1454,50,11.160100244186244,11.354414961575792,11.217663398008835,11.124409600533232,11.215139061400345,11.217244751217395,11.207835400450273,11.067813312985761,11.21279617218607,11.214853311622505,11.243309287060317,11.120775092082617,11.269024652182253,11.232691767432758
tid_1456,50,11.518060259320627,11.673650486376616,11.547764374109422,11.444899763468102,11.472521136793452,11.439284138193399,11.55975927211564,11.333186105268238,11.52033115215376,11.475333558963625,11.638130212239332,11.535667650330932,11.630823042555763,11.574202729779488
tid_1457,50,11.547582897562604,11.684969387353048,11.548969334141423,11.48281185531126,11.461214387288141,11.428145803852548,11.59680657579611,11.425477073546974,11.520372733953979,11.48525460939151,11.653133979283194,11.617769085117438,11.629625821005408,11.61537006785805
tid_1459,50,11.6618686090895,11.829937429970585,11.628671338975762,11.513982809504574,11.550311219921332,11.51610210020196,11.645670758591097,11.444297369800967,11.615928607071455,11.564800449523831,11.717795291812438,11.483194869830987,11.721203687016512,11.64831030569165
tid_1461,50,11.731951751972318,11.991768040383167,11.461037691897515,11.361866882200209,11.382544830052412,11.350446578309002,11.482925760644537,11.27065547521969,11.417346060098366,11.382785740651109,11.618209570716166,11.442449815562608,11.542302118938602,11.506770534574406
tid_1463,50,11.26278834339174,11.432357285927456,11.222700442654105,11.13152752942317,11.218825677383094,11.220887812250524,11.213874344272684,11.088305360243496,11.216920657476203,11.219265060985002,11.266814667691127,11.082567456367496,11.290909396728539,11.26193191021993
tid_1464,50,11.441036260299684,11.619291574848663,11.449262046155404,11.365001755248775,11.36952553370141,11.426587470642833,11.473273541160896,11.31748617065049,11.40263299536262,11.46289609625387,11.642233662473004,11.492650908663752,11.552523083329731,11.671497652061293
tid_1465,50,11.47087354773836,11.626896800875947,11.437639793721637,11.353187819516021,11.376402701133511,11.34434562742512,11.418459380877318,11.302697953237423,11.394916356590578,11.347833388491349,11.49967180852213,11.3470234683962,11.495728073114213,11.427646150267499
tid_1467,50,11.44974495465175,11.613803750425747,11.522709589370873,11.427415374026127,11.4524845807499,11.41948915624027,11.52086112271465,11.356881042190246,11.490915710382476,11.443536539143915,11.550615705720036,11.53461531983928,11.568856155023925,11.507851688593583
tid_1468,50,11.221893788854524,11.4042293925229,11.398736040841833,11.285098491584897,11.33449677415369,11.3919669765257,11.39052348715944,11.193926948004604,11.350874996652708,11.40429853089974,11.440506734454445,11.283017436199737,11.422273686985582,11.481557973609846
tid_1472,50,11.90117523585879,12.057660220383172,11.388729980959699,11.281552628389447,11.33144584577944,11.388939882677867,11.365343994693236,11.20766760792124,11.341617972099373,11.3893608971637,11.525552531149437,11.385039515331819,11.523543160479363,11.58365358824528
tid_1473,50,11.212322948576336,11.419458385612288,11.099078767855014,11.075179818752662,11.100505024761487,11.062806602644027,11.08405025838411,11.088072910260468,11.085906562217684,11.058617738802493,11.163285839007015,11.089691056428936,11.148746080767484,11.153968724912314
tid_1474,50,11.2343894396261,11.371858321190174,11.15747215492704,11.112380555388974,11.1472503905896,11.108988250638482,11.144822229825422,11.141415364574481,11.133285655946286,11.105720151831928,11.167602747381046,11.207041162121854,11.155135515119273,11.129581103866807
tid_1475,50,11.382984191577156,11.581522924959025,11.602982816319363,11.536909144575068,11.515836341031912,11.482079311680268,11.651157245096108,11.477668599136909,11.586755906062287,11.5469659494119,11.691164320623452,11.56933482485252,11.675856929647386,11.620561704954907
tid_1477,50,11.263532903006306,11.429454721624042,11.205851405539201,11.095619835636619,11.206203488530877,11.208415576109179,11.193996913583424,11.022013159556638,11.202849482127094,11.20427974549775,11.129918741698315,11.021787982971045,11.139351522651532,11.132397197325831
tid_1478,50,11.012228374000278,11.16628288529494,11.135787635438442,11.038428666010233,11.086697273767257,11.091339997916242,11.121574776865478,10.991962208415838,11.08197314892552,11.087249644461421,11.15177667174625,11.036646474313349,11.116238349741824,11.1273189929358
tid_1480,50,11.285422424878568,11.535514402973382,11.292636698506158,11.190147343609686,11.232194457748541,11.290943735527756,11.282653770421769,11.084603391590933,11.234063739746675,11.2937561015667,11.266381683371794,11.185649358433407,11.24709292305614,11.258906572158217
tid_1481,50,11.600146653281255,11.727677909209836,11.439312368514761,11.361379445696123,11.359348565953189,11.327545212245452,11.463230233901044,11.318114370812522,11.390556942647748,11.358217594204191,11.672183268770297,11.506919787491924,11.556602833530242,11.55854478911205
tid_1483,50,11.702834001044677,11.867650108308526,11.365845563730835,11.26641184706444,11.339214514906361,11.298571686927428,11.388346821734551,11.29709609927775,11.359860918629098,11.329934545488944,11.470979388751521,11.417593566815293,11.52143034938437,11.464448719835701
tid_1484,50,11.227405054442904,11.430409785353968,11.373029633109438,11.244330369444112,11.308042908385422,11.36584747787283,11.367713584670472,11.155304998025269,11.321545313952285,11.377943950142491,11.441848453350056,11.346832361291673,11.416308280368224,11.498943320604331
tid_1486,50,11.038687282646494,11.183412555954808,11.160055833968807,11.043855859135231,11.154045909644484,11.115689468713805,11.148295050657602,11.00139217723867,11.142979126685072,11.115203062785474,11.224453856764056,11.0268296258026,11.194126610527254,11.194094984330409
tid_1488,50,11.681379645964016,12.069792335234002,11.375438493513242,11.287047871514712,11.310615178202232,11.368387045371623,11.369703432976427,11.208834865818288,11.324349820889363,11.380412350045468,11.441848453350056,11.346411341366391,11.416308280368224,11.498943320604331
tid_1489,50,11.098964872206764,11.25269123037758,11.215215857597197,11.105771133919657,11.212701049717051,11.214837391085588,11.2053386482392,11.040888276257313,11.210064418993868,11.212244641356426,11.117841757111506,11.027090428504144,11.144471087060873,11.132497196438452
tid_1490,50,11.218732911924162,11.397216027921468,11.260126469786766,11.174416689995558,11.263195894707751,11.26468530377816,11.24370944440102,11.175169045470655,11.264948516588639,11.260876917877251,11.202858602634985,11.18179508037847,11.265171759289794,11.197575085371547
tid_1491,50,11.242736164609436,11.403893774343963,11.336565027396096,11.221503920988694,11.333407657131648,11.33402678926674,11.325147531038494,11.168543199432083,11.345074541919512,11.339134143455022,11.322065982433331,11.234725972871205,11.421179414680223,11.332133097073386
tid_1492,50,11.153996554184214,11.325134578624011,11.281802643215729,11.192421309746885,11.282214980592604,11.283470677182208,11.267728539221881,11.134652209546548,11.286725547014308,11.282785121969729,11.251585268109343,11.182738875385866,11.320658811624739,11.237680273623543
tid_1493,50,11.50780940020043,11.686541740514988,11.562036674036307,11.44437762667901,11.488801386573712,11.455355373831996,11.566454141281959,11.38671061717675,11.536645289754308,11.487882854314785,11.629078395361164,11.465916607591112,11.629758541999482,11.576437043363564
tid_1494,50,10.851825250738536,11.024941962202863,10.98565720516392,10.88457883947608,10.948549439446346,10.9549050732304,10.965030220953034,10.83092148748748,10.935559056057102,10.942437469889494,10.94728366556686,10.83235757451506,10.931394666075441,10.91169314899518
tid_1495,50,11.034973531477997,11.18358910729591,11.249891527133755,11.133535723519703,11.248093926618244,11.249783506635941,11.239537400754333,11.07918926627644,11.249557156507349,11.249373885623221,11.25161452595135,11.113533841032442,11.277644399141876,11.225805790806382
tid_1496,50,11.38644799199614,11.575958478399574,11.300070179406658,11.211597562941671,11.302959953587447,11.303949485437839,11.28083414363978,11.156735415100059,11.30826932754692,11.300728264300778,11.265738089041013,11.246697591117591,11.355512240491253,11.27781554971003
tid_1500,50,11.322860001378304,11.49105810758515,11.37005245828209,11.263514713837486,11.313865636989133,11.371578547046887,11.346378285505892,11.226213583862265,11.321500590829748,11.370244038657244,11.41521313883054,11.293546049076634,11.407850630470568,11.459342653431245
tid_1501,50,11.227536760738056,11.409369985919868,11.316145495484713,11.2210368315331,11.259663364620657,11.31805878575121,11.298617392299285,11.154236476115427,11.262585520421007,11.317278416500782,11.299205670606987,11.277408384237724,11.273599354312859,11.301986904057754
tid_1504,50,11.180502618490856,11.367225477248349,11.122248299309199,11.024765132480539,11.127450561237978,11.089405251834393,11.108318159659508,10.991066044045695,11.117028737829736,11.087915927645714,11.030462209007732,10.995716154887173,11.01766519424152,11.03639496101434
tid_2644,50,11.213023701948613,11.464291788555949,11.305067944902412,11.216030572984307,11.248008399488622,11.306551654028299,11.289376712041463,11.148971488352453,11.250122926880534,11.306327502347125,11.276994797406696,11.21579147423444,11.257390538113643,11.285601394207857
tid_2648,50,11.117732418132668,11.271873765700086,11.333343092079621,11.224619166902434,11.321688743159418,11.322473078253118,11.335296555261078,11.156975907765739,11.335580843343667,11.335320137389413,11.417340334222512,11.245431953500383,11.4217284980787,11.371808224918992
tid_2649,50,11.358506582513192,11.508212375793702,11.390501263674134,11.29339839093358,11.328129204027029,11.385675608251347,11.378740943022317,11.220208409270466,11.342268330158952,11.394844595169653,11.440506734454445,11.33897378097646,11.422273686985582,11.481557973609846
tid_2651,50,11.537012040298574,11.753574890414104,11.511342442327805,11.395614889716253,11.44698337702336,11.414044891017847,11.492016679988762,11.311236556557333,11.477128806790057,11.424369941863864,11.550615705720036,11.442515088392867,11.568856155023925,11.51791181607789
tid_2652,50,11.16830330778414,11.349383659572046,11.250754259289055,11.158228664256837,11.258835258631468,11.260369044308577,11.228172824562362,11.125746618933643,11.258342868556396,11.251090469495407,11.156664991226261,11.11099459368536,11.224278108812253,11.174218461390115
tid_2808,50,11.195894221636047,11.387758988677334,11.310470529724293,11.2253117194861,11.25472823022252,11.313184190489958,11.292124515367396,11.167466028379282,11.25677792179398,11.311380965526082,11.265738089041013,11.246266957842609,11.250313993295093,11.27781554971003
tid_2813,50,11.049463591703832,11.192746371269337,11.197999848868667,11.123468523373674,11.201601992425717,11.16262716552357,11.183931452360557,11.138614277442024,11.197705183300183,11.165053134052487,11.1157403483318,11.022573801959293,11.148273375881391,11.142874461808333
tid_2814,50,11.209890132092564,11.388009424817144,11.413526091807023,11.310209567990631,11.352557620102866,11.32079996831966,11.396356970816838,11.224011369408617,11.368235989774996,11.323670040677628,11.499117808493994,11.341400664887624,11.495728073114213,11.417544327565372
tid_3013,50,11.330211031010146,11.538604907556842,11.400672228776536,11.291093473769129,11.332325978275014,11.389832080828224,11.401107053430644,11.224497955112183,11.351428169267885,11.407999812888532,11.497594929786054,11.356766866060374,11.440391979534404,11.523535863172492
tid_1506,51,11.601734558432192,11.7379504452864,11.546303955325781,11.497689550641411,11.48797254676405,11.536502380040622,11.555466829785725,11.578472984945241,11.535148910337432,11.58123622627702,11.53707125991678,11.610599712544344,11.535866566551292,11.650406822300216
tid_1507,51,11.377369166464002,11.521910974096924,11.599099000967323,11.564901024720086,11.55003834347069,11.552905764148788,11.66253131791887,11.722777043989614,11.628680073554806,11.630161655377693,11.672797440619277,11.839987542865714,11.733180030701174,11.712963830112603
tid_1508,51,11.757298076721357,11.954189412653458,11.689328101469457,11.641255279835098,11.626349759822636,11.63041026968557,11.803985412606911,11.879196095668169,11.740386371582597,11.74639459156576,11.73658821235422,11.82649530005761,11.75969543872752,11.743331492460536
tid_1509,51,11.500346682763368,11.614687513905766,11.543417115510048,11.521263395678469,11.49740681019286,11.462784368994148,11.59342316896875,11.6856044097949,11.559011047615945,11.53306647654968,11.767038806496624,11.874619055058258,11.79822728700939,11.776948895577789
tid_1510,51,11.32085049793297,11.51309345085981,11.46886373735297,11.435949668378644,11.383475447411836,11.390522781872887,11.505404496781496,11.563564936518794,11.433991090667327,11.441226694527122,11.678290424081675,11.700837444501031,11.655967180984291,11.670993552320127
tid_1511,51,11.79758171423274,11.86650412035107,11.669469708532878,11.584577961676771,11.602874587255945,11.607500727672154,11.78994465208804,11.800354923708396,11.710380553785155,11.718645049849306,11.792488172244074,11.737458754455947,11.760958960838082,11.796930867394327
tid_1512,51,11.48348223604983,11.685763023827583,11.580703974047776,11.562562670305832,11.480693633687462,11.48889384499815,11.663385358450963,11.792020131468355,11.5651361654043,11.57555927050397,11.790088798218934,11.799696069715958,11.738552946976572,11.750583979036303
tid_1518,51,11.292682702297546,11.450225253106296,11.483569016012527,11.414613209491886,11.44916211332717,11.417047192978915,11.50549444722211,11.515094523920132,11.482922292743698,11.458587858167222,11.664016496533682,11.677641162270676,11.726436722874379,11.660344927596126
tid_1519,51,11.702935721148252,11.835061861290988,11.293731717974387,11.28497619313154,11.2733867606143,11.240648729751406,11.280968026379568,11.344590059565594,11.267969493732995,11.243469458031026,11.378913726235565,11.416304825089474,11.402475814933831,11.374970738948935
tid_1520,51,11.191754169616676,11.366429248183966,11.473659491134939,11.385195526680015,11.38289165630809,11.394170649544826,11.513925927685541,11.486073156473298,11.419548916343814,11.431483792752374,11.571099074226462,11.57227454556983,11.554484279477727,11.58644796119676
tid_1521,51,11.464797681378338,11.575363970116944,11.660039336335648,11.572418966289705,11.601083807546837,11.60481839975245,11.758321254164624,11.767339208146318,11.703224152027207,11.70805386668883,11.695205506327161,11.713335391935193,11.757699774247682,11.732094432462105
tid_1522,51,11.26742254568215,11.361802530226642,11.335514283389172,11.239594470821618,11.249780317584008,11.261250482258195,11.335471997126815,11.280981352754202,11.24570835446362,11.255042882700403,11.375936016941187,11.323766451671464,11.291197056160065,11.319771897085747
tid_1523,52,11.239786460918056,11.42750591126648,11.165203555044723,11.137947848027352,11.152744139654766,11.19971728770523,11.118401415174537,11.231131596834423,11.123461609214402,11.147538290353774,11.196066019878595,11.151502687239365,11.171446370650397,11.191896844379032
tid_1525,52,10.945086710927768,11.164779757742904,11.10207271753059,11.067376616668504,11.119097955258448,11.115525304610143,11.08784348683734,11.042517412674556,11.108871936746661,11.103498783103745,11.036948012369463,11.038671325644078,11.03559971512946,11.033633939248245
tid_1526,52,11.21185280409282,11.419501205699309,11.102992115048938,11.04710444842562,11.114925680335062,11.08396595559654,11.089827365561558,11.035256021593712,11.103722858176234,11.081722021210698,11.037626587839194,11.012482775665996,11.031597803669152,11.043592898586319
tid_1527,52,11.065540885334167,11.310678305318907,11.165144249825016,11.142391563284441,11.184219146555613,11.18076831333881,11.143670409577856,11.16431686574024,11.175809689882671,11.164935406961702,11.069495908146084,11.067453722226029,11.105597305704487,11.085171450147438
tid_1528,52,10.940529355532924,11.151865205288969,10.879524657889823,10.839128254057123,10.861924266423932,10.873336371686714,10.87682828695452,10.84696356410582,10.859494595894123,10.872057231291683,10.865748118992398,10.807669933539191,10.86047092840796,10.856260567910036
tid_1529,52,10.901479922989028,11.059882782208716,10.80812416950645,10.805233779326834,10.787874448453575,10.799128165612847,10.798376462138588,10.77686391665238,10.780639947349053,10.792363589383605,10.786751082975014,10.77847058901861,10.774333840439247,10.792055725827895
tid_1530,52,10.677788361929666,10.845323216599915,10.738370634562873,10.714326144064074,10.720689912596844,10.732109989093596,10.730159734263664,10.697248789714198,10.716056773060208,10.727000926213405,10.703217618900126,10.713353328903024,10.710722834888218,10.693485602227852
tid_1532,52,10.642081218157712,10.859579598213152,10.797086086132369,10.746403935978101,10.82740032962923,10.797613120011697,10.805901388472432,10.737449225601456,10.822670115237859,10.803939017425305,10.792728250792377,10.776042737352856,10.796403913730208,10.790980794404327
tid_1533,52,10.652781107218765,10.83453092706942,10.727329664288714,10.735450195993769,10.716637402998074,10.728493603352296,10.737357996968779,10.737954494059174,10.723696085179373,10.736979951267509,10.730722770958161,10.734546041605391,10.721539322435452,10.718798094569244
tid_1534,52,10.81997626481087,11.065465800159387,10.729434593447339,10.684202366758432,10.713167495851906,10.724676407398222,10.724520525021449,10.687956622416152,10.71092768875912,10.722281049542088,10.705515852832953,10.660132098906974,10.718814979598026,10.724723871489376
tid_1535,52,10.77167358525602,10.916396699011266,10.7383027189194,10.726935570505677,10.716509173489738,10.727673187378253,10.71820488507922,10.695924324164759,10.704150377595711,10.71265075691926,10.70141733223644,10.703798683609616,10.694121444584676,10.68695681382321
tid_1536,52,10.67689818563444,10.84609104726278,10.802830078336843,10.784334968235067,10.782080422422894,10.793303499646544,10.791584057863847,10.758072231648072,10.773912348357298,10.785325580129928,10.786808102870005,10.761580909150767,10.787133729198446,10.799681134343254
tid_1537,52,10.725553315551496,10.841146352431169,10.652385396647514,10.628678588750386,10.632037403690076,10.643592755316607,10.671150691422628,10.616395751669922,10.649123836662767,10.661130082702838,10.656461990724445,10.632649421828196,10.656531800460176,10.66394468098367
tid_1539,52,10.829912756724214,11.067965606163924,11.069994396443095,11.021962398368743,11.071750636834683,11.040453733329318,11.051510957790406,11.005790819710796,11.053311815641237,11.030523137506576,10.913299200861434,10.871462007501345,10.925484373086489,10.931348067230635
tid_1540,52,10.71010180168481,10.913046380580385,11.045150127096818,10.997799995916667,11.046486513324218,11.042235729089033,11.026946975149643,10.990830270763471,11.02681563455049,11.023595423367205,10.916629300494947,10.892383947290144,10.929703535708313,10.932017505125872
tid_1541,52,10.700422512652583,10.86480709784654,10.81436810775279,10.699593035606943,10.773514648385392,10.783778420481736,10.781608578208244,10.703113462824176,10.751496633299839,10.758064605612486,10.776532573200676,10.676655096740705,10.775329271540514,10.7816389908637
tid_1542,52,10.712954476440052,10.90527685101243,10.717282061745765,10.697515167279914,10.68384316184681,10.694577495108268,10.695914480856095,10.651366658169431,10.673270511856872,10.680251852825064,10.679045503865925,10.62048967504438,10.675077249591768,10.696446259637392
tid_1543,52,10.666447601626867,10.821255193243314,10.81800023297278,10.754349390621478,10.779311903825471,10.789710145468957,10.79164091960848,10.729774139838254,10.761515018645532,10.769644539760884,10.780554023175958,10.792942899234024,10.76906458608926,10.745317582813513
tid_1544,52,11.040461210868672,11.00909200561469,10.814372784192486,10.758963311885855,10.776288164054444,10.78672432665476,10.789266634226896,10.740864982301758,10.759431433719175,10.767768541921113,10.778927435248518,10.790962394978719,10.763092552092774,10.745829872319995
tid_1545,52,10.475644371965862,10.65796969079952,10.825514867807607,10.689265023565977,10.783246783777859,10.793421455370241,10.790248439352414,10.65903194161832,10.759165845945171,10.76529374581089,10.711708822784281,10.687213652467616,10.695835052437758,10.689358724538941
tid_1546,52,10.585917508254868,10.76156637466187,10.723679588046593,10.690038004287773,10.694893750211115,10.705917200201963,10.71810208846172,10.686440920613428,10.693768395562751,10.703896890748972,10.677887615127245,10.709853752233686,10.71421149816511,10.70971287148134
tid_1547,52,10.52257906726666,10.684586084837653,10.77527991296026,10.694434916543774,10.739576728476768,10.75016475465709,10.752943008662356,10.667578843727238,10.72580312513287,10.733966711842779,10.715915106063422,10.733346414815683,10.709311859236465,10.704119284933915
tid_1548,52,10.577862125147789,10.75095539847497,10.669910758189678,10.596875811790355,10.643688079699093,10.654876056371506,10.669142701299801,10.604017525899582,10.64835274924719,10.657987391722079,10.648945090810363,10.635684824643159,10.650515478291569,10.653025067843002
tid_1549,52,10.839478945723796,11.093120531257238,10.857168409380932,10.865748567320011,10.829181457463099,10.84024237872668,10.85674767499806,10.897597125125355,10.82770082866943,10.839417674113658,10.835256240609167,10.877425147965631,10.879059729286801,10.852479781993303
tid_1550,52,10.70777352233004,10.868259829533184,10.630369225531144,10.652587055144041,10.619160744174193,10.630993715213357,10.63402895835351,10.652401912689298,10.626824372601643,10.637419370800766,10.654387117685761,10.673718181180622,10.661046062761098,10.670165692134002
tid_1551,52,10.579974214202965,10.760936572265402,10.731082236465852,10.64416588609525,10.701341187951845,10.712304485152611,10.723029562685266,10.624528955919727,10.698364693562224,10.708246322089646,10.682741226856761,10.660478106772135,10.685321399155324,10.687754281477913
tid_1552,52,10.593311717991998,10.77414682627218,10.629207541164124,10.501114664984538,10.60197336445404,10.613102104961289,10.621029602686377,10.583703072752746,10.604983434706476,10.612024326378709,10.580894270852326,10.504742561518267,10.571608860215877,10.571671174390161
tid_1553,52,10.76175078714436,11.038192268935113,10.993241243604418,10.945337895696722,11.001932149647896,10.971074059912544,10.981734902804854,10.91818503075483,10.98564807535574,10.963196121253889,10.890158410407487,10.840873072812846,10.896010319170008,10.901546816465034
tid_1554,52,10.733368181164815,10.913578233480957,10.799610765487417,10.762599592269193,10.767054786729512,10.777836525235829,10.787947263280586,10.733585018790789,10.759376402205183,10.769920485845441,10.767718960956627,10.788641815338286,10.770893860432755,10.761182823738606
tid_1555,52,10.66304727840292,10.832858365945636,10.906501972317,10.807391104808454,10.862592007942238,10.872657011199408,10.876884976647018,10.801397611305337,10.840943093997993,10.84952264449059,10.86275747001614,10.735531155984205,10.842079340916166,10.838139826093657
tid_1556,52,10.80913383271097,10.990238101439047,10.870059295996219,10.822212244316576,10.825528347848666,10.835558037230603,10.834756612651544,10.786992969414513,10.800281260914922,10.80704331818758,10.814510485960545,10.732045215085174,10.783520800870983,10.782060268469316
tid_1557,52,10.662410769445732,10.837865716108926,10.721524286662834,10.726110839283967,10.693156861177219,10.70420656005684,10.717119112363957,10.705940605449431,10.692844150496796,10.703113468071928,10.677887615127245,10.710239741377416,10.71421149816511,10.70971287148134
tid_1558,52,10.539410728869829,10.739251292823552,10.74881737832588,10.711316966824631,10.760850520563974,10.73022298574656,10.7424391658438,10.685056699598363,10.748535830333426,10.727054272374126,10.722714940253757,10.760979251608287,10.72098263357596,10.718506450177609
tid_1559,52,10.445090653133764,10.627120290233629,10.56011249709389,10.495925077019288,10.536911654439198,10.54829786484911,10.56148477228914,10.504198205793992,10.551249275137032,10.55765781458811,10.550108331864536,10.530020646452327,10.53303326472497,10.546356297495274
tid_1560,52,11.161098749356317,11.346515445579762,11.221586389786928,11.168683023096253,11.167893521793246,11.212587688399141,11.197829163213804,11.125720505518553,11.147920164855602,11.197774308312487,11.052242291325893,11.048889178900993,11.039985728522243,11.084602833109452
tid_1561,52,10.523367561216867,10.698374200665302,10.714614983849643,10.620540414707815,10.691110884977515,10.702464014843724,10.724784306531868,10.665901914527032,10.699776215454158,10.711827341857736,10.713193845186096,10.682141692779933,10.702903354303741,10.718015794199713
tid_1562,52,10.613813823888782,10.82373843266192,10.941469906328287,10.903827998542937,10.903591047702,10.914028340432466,10.924945296419175,10.892997168526007,10.891707742149066,10.902651016735893,10.859708362452388,10.834629031902972,10.89349639637893,10.875573486882995
tid_1563,52,10.980208634343422,11.297426370201476,11.00881948037919,10.951757861573222,11.017759419708185,10.986915403344357,10.996617222294043,10.980062373792869,11.001660118717528,10.978553889434044,10.934032003092373,10.884905705030596,10.932517812045587,10.939011571504203
tid_1564,52,10.771251685504476,10.816412626933982,10.738961466094112,10.66663746251772,10.709889220830425,10.72089343430989,10.733466110529044,10.687145083195837,10.708133732110923,10.71858628423275,10.687415043499804,10.66340609543861,10.68589725716423,10.688781600259533
tid_1565,52,10.693007984003662,10.84837934661182,10.862531387091538,10.830742849249006,10.86920698775632,10.838235435753615,10.848522200835832,10.82078537631756,10.849278638438816,10.82821817694376,10.857740914722681,10.874566433702075,10.827820771632704,10.81840437156598
tid_1566,52,10.855724411183752,10.935746340654216,10.845585424629435,10.782258777265092,10.812516486965395,10.823262062813113,10.834864606639027,10.767981063739839,10.804555074482662,10.81573393564126,10.796292944736287,10.809122742469642,10.790470973884762,10.794895852701313
tid_1567,52,10.734026477465507,10.860687955086872,10.732017975803286,10.612448198664504,10.700395406049811,10.711241471698626,10.718120541497486,10.640609359974604,10.693766301130367,10.702630824545848,10.67791580223134,10.657498179129115,10.669797371542277,10.681887060799543
tid_1568,52,10.67731800479543,10.950115079738245,10.72399285782785,10.709826185309751,10.69487154549398,10.705874079687751,10.717383112468745,10.690481823126968,10.69310308287191,10.703070311586552,10.682741226856761,10.715257158748011,10.685321399155324,10.687754281477913
tid_1569,52,10.524545107325618,10.706042796370268,10.62341058912842,10.576079115411112,10.596251157456413,10.60738508443712,10.61491060025638,10.567940172019995,10.599502142831206,10.606281938198702,10.580937100879378,10.520885638522618,10.559063210839364,10.57187795884638
tid_1570,52,10.524359695475658,10.678599438701529,10.845961787623276,10.782440019835935,10.798815169129968,10.808684218709823,10.800137930659746,10.74260398307856,10.766665689136008,10.770114521131608,10.847253034378715,10.764167101232703,10.763556879480731,10.82307379856073
tid_1571,52,10.529928530901264,10.677915136047172,10.792733371097924,10.733613581166278,10.757134509975039,10.767727427388607,10.772373957106362,10.694768756313612,10.744048039114592,10.75296138703984,10.703895323845584,10.750765679413343,10.695728461025963,10.69665509157545
tid_1572,52,10.642004769576513,10.816984385105888,10.834254345698547,10.78127076903771,10.844002036903285,10.813224355378848,10.825830422381687,10.770601836844575,10.828067379523999,10.80742275834595,10.815501794897896,10.829511337258731,10.828391098298528,10.823948681421422
tid_1573,52,10.557769156874206,10.695927879438612,10.76899200470314,10.697082594242008,10.732667839254544,10.743217780373833,10.744119986694415,10.668513547408406,10.717491506670656,10.724976437207376,10.70953181957845,10.735120139803598,10.713549446669273,10.704668441956073
tid_1574,52,10.609111572606952,10.78761866296868,10.689491788628562,10.695858882515395,10.666474716991347,10.677860478637612,10.700507534493777,10.67663937482585,10.676912408087707,10.688679511867061,10.710879230579831,10.719547111072128,10.700425258371833,10.71843064782793
tid_3005,52,10.953613130987998,11.149513593093063,10.982856293891137,10.940509527949736,11.01117796035682,11.008319594147535,10.978418603821561,10.96175138085953,11.001632385070685,10.996192858118286,10.950346908957584,10.948420656994163,10.954646726199115,10.961186537404643
tid_1575,53,11.046033788572498,11.231149914622517,11.168771586456312,11.162958346027334,11.187105821471308,11.18158113750373,11.150141072248848,11.142440638992028,11.18205443073454,11.168946074261465,11.096339718286211,11.089466220246782,11.110991667490747,11.083111867450231
tid_1577,53,10.81432343372732,10.99414327148778,11.046510497772028,11.017179480870432,11.053879411635835,11.017276930698664,11.024492470054712,10.995518549192418,11.032694265770434,11.005436919462793,11.001596006927713,10.905579725750716,10.995826154430802,11.000910752261856
tid_1578,53,10.83752782517376,10.992423172902058,11.031046141062404,11.005270218910661,10.990145893125849,10.993511337911778,10.999564586005054,10.985870849225616,10.967825645326094,10.972633879338694,11.036473868120488,10.887879265626436,10.969318885885773,10.95681804295542
tid_1579,53,10.622770206700698,10.772565076191963,10.80502738341116,10.747299880505468,10.758220899407192,10.767332674421963,10.748959038835846,10.68182964251754,10.718833507625448,10.718092922627362,10.63722452199106,10.672624598273153,10.638488588032676,10.625546287344083
tid_1580,53,10.649087230348297,10.760690481083136,10.805448353469027,10.746459152915246,10.773005039848643,10.779282859233986,10.77010722478988,10.702087032490526,10.749453374004005,10.752437622474705,10.642505378145362,10.667900856947766,10.615237163455575,10.640682237053856
tid_1581,53,10.96418853706734,11.159523729663109,10.942581193647293,10.879469961646524,10.901360424598668,10.906339765100626,10.90273758185423,10.820414178230612,10.8716030695621,10.875364248434352,10.913831601352141,10.822579158044991,10.851436633694862,10.857770998292162
tid_1582,53,10.784302390659937,10.936755662278236,10.958756419757716,10.877946356269295,10.911288111161415,10.916790543174137,10.9101410561746,10.806598341273647,10.873994814400954,10.875541025090728,11.015478169466789,10.880286447569077,10.8644300973179,10.887069913328622
tid_1583,53,10.856370546209872,10.989068635994418,10.926007139166913,10.914901277119762,10.887727189182431,10.892619552300358,10.889642499046447,10.892132739048213,10.860884039115417,10.865208652460858,10.908324563346337,10.826989195831596,10.83310678140689,10.863133797659062
tid_1584,53,10.555414221678507,10.676888956860044,10.778345060416527,10.6828683532178,10.73106423229774,10.740711782161931,10.716316989561253,10.604877983990862,10.688731035258709,10.685540043732633,10.717652675279263,10.588243064605441,10.68513292119221,10.671726666387052
tid_1585,53,10.520166670426091,10.657581655909135,10.898350359724914,10.835600109673598,10.852996541881325,10.859298244738765,10.844726188188984,10.764087898406125,10.813246517600557,10.81311923087322,10.911930930636405,10.869575307179892,10.814538165642746,10.85479557213401
tid_1586,53,10.896417051399457,11.10656045206918,11.20505602130461,11.183140990615009,11.200776643644316,11.19602732226946,11.180336281931526,11.150318597275803,11.184832496002263,11.180435999150637,11.059485381536724,11.042958673990965,11.038577233868702,11.035597523665677
tid_1587,53,10.88472109881032,11.060958198210592,10.972528752744516,10.900941437372728,10.93428289527466,10.938343994554668,10.940120151895346,10.895653294866923,10.9105384807021,10.915496795624144,10.958299161627707,10.834364036198824,10.934364889079973,10.926497505075504
tid_1588,53,10.621897914588365,10.75641453961935,10.76641581780322,10.787837549854942,10.739038535190604,10.74535280499258,10.740852146588326,10.750450208540745,10.723435532546137,10.727337764555601,10.728640951464708,10.722958691545816,10.721800997874688,10.743869712842638
tid_1589,53,10.699380834148414,10.871275258053808,11.013535684989774,10.958563859844224,10.972043880361564,10.975797293632434,10.980034901911713,10.94485491853452,10.94763044648515,10.95239371218851,10.94471396544057,10.834149949684688,10.940915738254171,10.93992731207389
tid_1590,53,10.55146998914168,10.690436958326362,10.836991949043137,10.763691131250994,10.790356701851287,10.797915200648275,10.769806580607257,10.70346044592885,10.742817563079587,10.737561314627412,10.729720508948374,10.695056518091558,10.743299504912905,10.741478049872383
tid_1591,53,10.561243278963287,10.7258191914769,10.793115784909734,10.745999255635546,10.757802480929435,10.76563479788069,10.76443675871391,10.675942412217168,10.73819049623505,10.74416340556059,10.729720260647003,10.705101085118716,10.709930133184756,10.723429268241393
tid_1592,53,10.78551183858262,10.887668681729194,10.882346860026619,10.89760945981694,10.89724564549462,10.86258393468146,10.869990430462215,10.891117667145574,10.879332282346898,10.855022786179124,10.86043956732314,10.824702045582914,10.874008532150171,10.854844430373385
tid_1593,53,10.7995919034901,10.970418237412964,10.99414820336599,10.89524607152467,10.945518501454435,10.951505534455162,10.960668374878276,10.786581716452556,10.91977751409699,10.926264487192308,10.955517050864895,10.870910223042198,10.910305225963336,10.906609481331733
tid_1594,53,10.661270124541565,10.904521925362465,10.906818652407658,10.83202335366635,10.85881026423381,10.865305871329552,10.848910682197493,10.779509012378723,10.815390320950552,10.813891468935877,10.795936067316708,10.729456105432375,10.751060888854411,10.772212761733801
tid_1595,53,10.945744634119126,11.147688254941972,11.014462332106245,11.003640025082861,10.972998465100293,10.976731784108374,10.981071278823238,10.984454864149466,10.948693668279144,10.953463586236438,10.930239332128423,10.896882541713541,10.917542823986626,10.910003296347513
tid_1596,53,10.833249143598128,10.933080183644256,10.794801563121009,10.791749649412452,10.762557792763054,10.768998950829456,10.75891413314516,10.764530850829578,10.739027467076818,10.741678133517746,10.66634341995885,10.66221135565398,10.648954042035516,10.668648856569185
tid_1597,54,11.274091967680336,,11.190819821678083,11.182833338205574,11.182238105559266,11.161938112685643,11.140337905341074,11.188539984773806,11.148743624140401,11.105445446178985,11.20123492708245,11.173801115251361,11.178275129258804,11.203742427110438
tid_1598,54,10.98713001707958,,11.17237643564475,11.157269741988669,11.139252768903033,11.18851206037832,11.15763046939159,11.091198979214273,11.124149899341095,11.180107582964975,11.110659052606225,11.094912476778742,11.079329809518644,11.10952409286728
tid_1599,54,11.059169917809234,,11.046309366836404,11.027301662552965,11.056985884907439,11.067399954204431,11.032500771483958,10.984523614282805,11.042575788097121,11.052555990696856,10.956585049493693,10.929994349588622,10.961116011454484,10.971361158377194
tid_1600,54,11.35552517754952,,11.126444935253437,11.122966905550422,11.124949013100956,11.1359429957661,11.112251732528051,11.105712181985364,11.110612811220085,11.1217923044454,11.171467777887466,11.057046513442934,11.136712050277847,11.152413457849347
tid_1601,54,11.591063590847996,,11.443479613374917,11.419585449361351,11.373669493698792,11.357362036992527,11.486611755822329,11.516561779147805,11.403610866499347,11.386761562116577,11.532004671379676,11.377056391909234,11.395203400458124,11.416367572717062
tid_1602,54,10.682096576845584,,10.732602708273676,10.690177075309755,10.709385286312578,10.714770732866956,10.717320170952549,10.69575287726682,10.702060871979954,10.70572953223995,10.669009913655424,10.69154615027586,10.672846087813035,10.687387536456715
tid_1603,54,10.902863129319243,,10.865799375233719,10.876479440991185,10.881387364474786,10.845970667121666,10.85583834944837,10.868965754706577,10.864744034837003,10.838630816089992,10.872190090355081,10.885492995701277,10.875382025179452,10.882620905348595
tid_1604,54,10.793280293104054,,10.819344824612127,10.812880634621502,10.83464940685014,10.799591687694218,10.80684671350558,10.822365652863954,10.816758389544676,10.790909191746415,10.789267401249292,10.821881249555164,10.788199848088821,10.789130219196444
tid_1605,54,10.70771535769278,,10.688925481298112,10.631717270140383,10.669708641690029,10.675027470080554,10.683442397295686,10.650488781693594,10.67065670959903,10.67446228746619,10.630923278838884,10.615548434455654,10.634285885748083,10.640776049561849
tid_1606,54,10.64128538892981,,10.589470049099827,10.622753051215856,10.576793844045323,10.582204282309243,10.600655785820608,10.665799723875125,10.594294582596756,10.597947742416865,10.622294495039506,10.616412218781319,10.618003196620178,10.608767572691947
tid_1607,54,10.740228455252172,,10.690107347552027,10.630470640345786,10.668674282245883,10.674194560754053,10.676502023040534,10.643187707001243,10.6643740913038,10.667722685585254,10.640098040795088,10.606141573723663,10.638324646806218,10.644512622367026
tid_1608,54,11.00393648687086,,10.837866278410392,10.87204437712202,10.85956466641746,10.823768962914826,10.840692677536888,10.875996855824384,10.851120770812734,10.82444449149532,10.812717585753049,10.867956590407843,10.796653997765095,10.809223860209544
tid_1609,54,10.837038466744326,,10.811576832310926,10.792240529552727,10.831393972717008,10.7959644052512,10.810174575083668,10.797182121526276,10.820770672664969,10.794775352017774,10.807456941414973,10.848970016685126,10.80064448068955,10.816821143804093
tid_1610,54,10.70937619244823,,10.740677649864832,10.738167633922645,10.716802795385368,10.72219277429675,10.724020159310268,10.706781887991404,10.708258442400924,10.711919715180896,10.669009913655424,10.640503638979862,10.672846087813035,10.687387536456715
tid_1611,54,10.793965995215949,,10.81419033411746,10.804285939468505,10.789598768302158,10.79453103305214,10.80154855368689,10.803807749089835,10.78166728455079,10.785808245206626,10.840181631127228,10.841249126145366,10.822760444308573,10.843418101814786
tid_1612,54,10.893175575518615,,10.838979316614454,10.830151999425889,10.818145540817772,10.822544668907122,10.836270535458253,10.849876642688587,10.816292177378426,10.820046417252298,10.804361660240218,10.840854252928374,10.81378504518747,10.813863167838944
tid_1613,54,10.748381096297749,,10.699388792436466,10.627305398965078,10.676951223156568,10.68250027922765,10.683127342357183,10.592995697770373,10.670463628241821,10.673741620336274,10.619801355372214,10.65762671015987,10.623028122028083,10.629040225378297
tid_1614,54,10.794653278351328,,10.705108143440487,10.66673541511852,10.690407223383465,10.695182644883156,10.716412491703617,10.666005368530252,10.700887457238274,10.705252792393383,10.736514168617065,10.71146664981038,10.731396222905142,10.729491935107463
tid_1615,54,10.847132717065898,,10.875818520332137,10.860682847392132,10.893721343486337,10.90243658376679,10.870538408969496,10.83238718328729,10.880089728162961,10.888556692572822,10.873346950693389,10.87492820328771,10.885496170620076,10.911684554726325
tid_1616,54,10.732988701004455,,10.756634639080291,10.707087503011422,10.73708754773964,10.741953553667214,10.754989281131719,10.70489137366248,10.737652551585324,10.741890211298148,10.739560561640364,10.725703834079882,10.7388861320354,10.742075469086513
tid_1617,54,10.713172549344025,,10.840014217096838,10.70140496544227,10.804081983438676,10.809903696650728,10.798605249304694,10.716760251730863,10.77519470553335,10.77793864365775,10.703059521894325,10.68747823542008,10.680479052264573,10.718268482618868
tid_1618,54,10.904560512024895,,10.792700902969171,10.7544807410661,10.769459414981377,10.774417456208937,10.782400106408174,10.734033125978755,10.763503989700567,10.76765934999718,10.839650956840426,10.773677632910756,10.812542573945116,10.825839964198163
tid_1619,54,10.925569707214288,,10.845946644607562,10.831581348352145,10.82356659004774,10.828062352791783,10.839897941954204,10.807770193159078,10.819540045482812,10.823408271458705,10.800105720012521,10.829745224843037,10.81378504518747,10.810422853296055
tid_1620,54,11.143972597721191,,11.303246475368603,11.26072760055622,11.258219160340483,11.238333753767668,11.274914061382784,11.214535250094558,11.242091735812346,11.21594430802982,11.157446842027724,11.111363575491273,11.094561094755061,11.128651140751623
tid_1621,54,10.822791739390569,,10.85916149120341,10.829034529207322,10.83399679134435,10.838661807266773,10.847299774105354,10.834885089098528,10.826083301988081,10.830092484846404,10.814937307998523,10.843930448345366,10.816995566734352,10.813742711797351
tid_1622,54,10.663557129294274,,10.818435142197059,10.783527954403796,10.78232914521557,10.788321599777756,10.772860346167729,10.778605780166858,10.750900376814625,10.753027648463263,10.645391030819852,10.709863712026635,10.668241213865938,10.68226888390909
tid_1623,54,10.675732378954724,,10.813194906661044,10.812057253559823,10.830947031701465,10.795701474367233,10.80668296181307,10.84299577184178,10.817067678957788,10.791200144039173,10.789110072243346,10.852271743438232,10.795384729742413,10.791424537515253
tid_1624,54,10.79614111464413,,10.842484819304312,10.858188781308696,10.819497898044075,10.824075888557154,10.835005789196869,10.862155802286981,10.814581143498792,10.818548493944634,10.805406557559754,10.860427636441223,10.813448590485207,10.814468730233255
tid_1625,54,10.795971129686365,,10.74505536052005,10.757471670724618,10.773375742428408,10.737616436857351,10.7658494631857,10.782420633376445,10.777639577720347,10.75142256255797,10.757219347925131,10.79518132239211,10.772455674421835,10.771688938505415
tid_1626,54,10.646338765275187,,10.70952738630023,10.66026077693,10.68615717576348,10.691722074868515,10.691061483830204,10.633304191667134,10.677741563840849,10.680984187493786,10.69334534835405,10.634015368595492,10.692988926110166,10.685645972282035
tid_1627,54,10.680500124993277,,10.81751769697586,10.787670098643742,10.784947257751325,10.790611416900163,10.782693698704215,10.75501711269716,10.76148238756876,10.764606435349455,10.820028141582785,10.741657115108476,10.789788127058149,10.813319839905807
tid_1628,54,10.826676437351267,,10.814495465186605,10.785380364820684,10.788228463818179,10.793317228515807,10.797378461802413,10.778608422905991,10.77728721018201,10.781350302604153,10.810218496073444,10.798337922876504,10.788727423356855,10.802164310704539
tid_1629,54,10.811917468998434,,10.781624674530024,10.772648313909786,10.766199456342253,10.77049640559827,10.791869128833627,10.764564918817623,10.773210979743308,10.776998926008497,10.865677574840891,10.854405699847389,10.830474992574729,10.830581698171855
tid_1630,54,10.641706086289684,,10.712158292158794,10.710166100555883,10.690426102417396,10.695817053338631,10.69990689059756,10.708392537324226,10.685943330186387,10.6895987224598,10.677937096317999,10.726969581547802,10.675339164715691,10.68888052093874
tid_1631,54,10.835692971294836,,10.740607950236363,10.750318220351698,10.719598078629685,10.724717211558472,10.73339243989538,10.738627856267872,10.717192055920057,10.721273286721992,10.692632738677778,10.726613156344099,10.691036089369867,10.696010837910826
tid_1632,55,11.093435466253151,11.257093419032486,11.037881885043516,11.093777671214413,11.03631525496397,11.078683402627423,11.019595003827895,11.118058632571465,11.011592729682457,11.04172949534081,11.069356976063748,11.07602849760625,11.074190651250497,11.046212501464918
tid_1633,55,10.664239641808177,10.826501631970787,10.683109550121904,10.78088905559797,10.710597135507161,10.676542714557103,10.69785373985806,10.793774321355428,10.714295286293357,10.690544214012688,10.700118098574132,10.723345084960384,10.712077799507941,10.691656318142742
tid_1634,55,10.553429693043652,10.717267039057184,10.58092625956263,10.685534455904126,10.57356910269817,10.58186470585619,10.617417282718423,10.73084739543539,10.60716939298663,10.614954853062788,10.642390181833479,10.73622348060203,10.625380471178456,10.629300047523635
tid_1635,55,10.543537180434088,10.698001534482929,10.60289315488112,10.59706483918805,10.622388485389408,10.58979769750936,10.57862921581645,10.638464426616007,10.607572341906984,10.577031643219525,10.568317674336395,10.54849529104527,10.57947417144043,10.552633529353145
tid_1636,55,10.549506437258188,10.687975682280245,10.487144046273887,10.616529375312634,10.485466343774153,10.494619764171546,10.545936661368206,10.636638207165651,10.540584084891963,10.548386692707512,10.614724568912882,10.601330686366257,10.610853011451228,10.632580698924922
tid_1637,55,10.500368846749703,10.653917305894646,10.725615141566196,10.706184221558729,10.699080493920796,10.706644230057254,10.700060030205842,10.701935532398313,10.685818981720779,10.689513959068197,10.650272560364556,10.70528196725413,10.632841968802628,10.642202414637067
tid_1638,55,10.574279199906895,10.736759653065157,10.691744702563678,10.730096000690315,10.722012833302498,10.687691786098883,10.715706298569037,10.798851203693646,10.730601497818554,10.707304002649694,10.745313203113229,10.776499719103,10.757055451327396,10.767446234964664
tid_1639,55,10.699103321159363,10.86037689398198,10.705720431045744,10.750961358815157,10.693544958126695,10.700543490095171,10.726486986961344,10.78257888542986,10.709886423383544,10.71759481671373,10.745368588561044,10.79490884355104,10.736043795618357,10.763000271383728
tid_1640,55,10.53638566575023,10.670064082180096,10.629763546281655,10.628629850775164,10.609815181780895,10.6182112732873,10.617889632816798,10.662625230710262,10.610997722103686,10.614416713964106,10.567391399775671,10.593251519572743,10.566393839795829,10.558467279866276
tid_1641,55,10.688016753228029,10.888742622156816,10.663028069048408,10.736009894982724,10.649891244510323,10.657481741236495,10.67997675898517,10.75337396911067,10.66634425117239,10.673705822151373,10.676109035695434,10.667640468839538,10.65720103464351,10.658370945377637
tid_1642,55,10.57366544722484,10.737467840699296,10.650625580833314,10.614835603900556,10.632597450529943,10.640621885253253,10.648661924912524,10.619088341190443,10.638472695790227,10.643760572617905,10.639881650249407,10.642279724182261,10.649813678724989,10.648359827826292
tid_1643,55,10.64776026341202,10.831475603242424,10.638278200247333,10.748713673319006,10.632018917397057,10.63953028440023,10.679169801097471,10.786801099179778,10.66367688237951,10.672122153473232,10.71263499579615,10.738938939931057,10.692346837396169,10.701731937431848
tid_1644,55,10.65855498580843,10.829956312110834,10.687711403883851,10.756824992451428,10.673453970709877,10.680797435492597,10.701553472133917,10.76472150833327,10.686672124441287,10.694032571488375,10.732880447807126,10.72573031727001,10.73314005926279,10.728485905303453
tid_1645,55,10.602527337550873,10.786806645059668,10.656951476194454,10.729044350330215,10.68702850565362,10.653156247644697,10.680011002746049,10.750320951051714,10.697108510860273,10.673687282756683,10.687691354073838,10.69400453601499,10.697785288808968,10.672169467497877
tid_1646,55,10.524225317577931,10.664489623995326,10.624579227166063,10.646243225765154,10.611522346665359,10.619592249366962,10.640116922940532,10.65731141379325,10.629672505913177,10.636356236822074,10.660598062851712,10.63221226669611,10.648664727918748,10.649515868881995
tid_1647,55,10.591702590050511,10.746717148747376,10.612576283148114,10.58682250994254,10.600912529781109,10.609054379914545,10.632966834080333,10.69318881151456,10.622778876421913,10.629708419858186,10.659043186560531,10.652460839034461,10.63781255735043,10.648040079677557
tid_1648,55,10.514619038696964,10.68970832268707,10.547870396937478,10.532657438781353,10.537519132573863,10.546400870464455,10.569719850177643,10.609175360191378,10.565625777409172,10.571170707180437,10.602541888920767,10.596243722991092,10.582568651917462,10.590323576800511
tid_1649,55,10.671078720219011,10.826583079188566,10.579955157313318,10.666214804707064,10.572140198105696,10.58047402790385,10.614541822505629,10.694155799925793,10.604744871614283,10.612358108302796,10.630903434034794,10.637547488132,10.616914908011191,10.62380401827303
tid_1650,55,10.60666674378167,10.763019555391596,10.658803631322108,10.691189377761606,10.642284653728755,10.65012043191374,10.66323103166687,10.71936017954702,10.65153301513249,10.65771472875732,10.661253597244997,10.666200210682184,10.661070026629677,10.649629980617568
tid_1651,55,10.56706430578696,10.718544796401805,10.657026643363977,10.65907123498929,10.637711434563187,10.645728407808576,10.650658899105155,10.679776824327753,10.640466414690591,10.645344097449852,10.654094667113492,10.657048331779338,10.653581008265004,10.648380529867385
tid_1652,55,10.74718823654943,10.926395210453922,10.834099883881782,10.889943376633138,10.863441508954397,10.861825371399517,10.849468300940964,10.863143243687945,10.862260786636778,10.860804392850302,10.810972257021248,10.855661127061893,10.811076993860778,10.82294681481584
tid_1653,55,10.611656341671562,10.779778868146416,10.663637319653624,10.733910636242289,10.647647780480584,10.655392645533297,10.670335113107313,10.747361971028628,10.657970802366048,10.664465733778583,10.665038386280845,10.6978599792874,10.655981896278771,10.654447510198903
tid_1654,55,10.601256536091144,10.77346624714639,10.67449880579302,10.718018339589026,10.699546064737088,10.665738638072744,10.680381734850252,10.732878797737321,10.698437050108872,10.673884247286976,10.669628208374709,10.697933203515584,10.68954038120733,10.664207113400646
tid_1655,55,10.544996642431013,10.712482564117948,10.636868422715178,10.648421603768586,10.62195115074292,10.629972044075409,10.645912584023968,10.688309744629287,10.63539613508071,10.641652457150103,10.65058683380415,10.610709773224942,10.65099147555059,10.648664228423446
tid_1656,55,10.561214787864811,10.709304719365631,10.639884263474382,10.689165910074678,10.624863971226262,10.632852756500512,10.648729553025547,10.695967818359659,10.637986971410221,10.644280711321331,10.648112660715016,10.679154530647143,10.65099147555059,10.642719023015625
tid_1657,55,10.545928108689294,10.68435252718105,10.587650238440087,10.578337209603193,10.570195072396766,10.578979618602322,10.581460291454192,10.598812778407593,10.578125524877006,10.581122332486009,10.559540163949974,10.571723862227135,10.557325140041698,10.562646615738121
tid_1658,55,10.608234692662316,10.77559648539601,10.645311363679124,10.716141801085273,10.678596353432264,10.644688391777498,10.679528541246096,10.75073972892107,10.695770340643508,10.672855205043325,10.723738661366578,10.722525080073742,10.731959746941149,10.702038918687848
tid_1659,55,10.651487435269122,10.803652967512788,10.822157114727407,10.848051533585675,10.84334098182234,10.807894457668395,10.821128482110597,10.865211288210233,10.832608612353512,10.80803173530553,10.806285252495748,10.842249046774423,10.80464568735736,10.796405591761793
tid_1660,55,10.556507809458076,10.724781655443756,10.697044198111753,10.661380063851407,10.674796151680034,10.682476020907234,10.68362291157709,10.659803102825638,10.670804791613529,10.675622105458663,10.645360359849665,10.649407383533482,10.64722602999245,10.651262086892746
tid_1661,55,10.587672189220674,10.74477668231901,10.586302819576582,10.62463776094568,10.57740989752388,10.585725060019005,10.61669393256558,10.657545352367835,10.607100378886024,10.614464019431624,10.631987112007868,10.649083174004067,10.629318222930277,10.630877673978997
tid_1662,55,10.535575485593576,10.702880356930065,10.64747560807004,10.78827606145622,10.810073790137004,10.821705241023848,10.633762033659997,10.74832447031175,10.785630958385195,10.792186837530402,10.59362972047878,10.677446117031067,10.60399019595602,10.619723329121815
tid_1663,55,10.545465115270789,10.70431804896354,10.698674098322078,10.707937867522784,10.683558991829171,10.690813188294857,10.709990257112887,10.750065856119635,10.694709321928832,10.70198233092245,10.733004459370934,10.76213408882093,10.73744609676243,10.72665165437596
tid_1664,55,10.579272375917355,10.73024518509532,10.638531589397793,10.670169481591712,10.625276200914177,10.633181763826997,10.65403990660306,10.697305620973967,10.642444820164634,10.649366772828696,10.660276600690342,10.638421895606827,10.658653151261106,10.66167352248927
tid_1665,56,11.121840958566782,11.256760147269532,10.979698936412424,11.021239689489635,10.9759058379984,11.020798881812333,10.978022122239905,11.037737782456455,10.95824604292475,10.997536730412335,10.977885828050994,11.015123594431424,10.988532087310187,10.978773598901197
tid_1666,56,10.900327325413922,11.0557417088666,10.572661308783832,10.562554247669807,10.615352957876599,10.580832246571752,10.608556625673375,10.554512496411267,10.635113578929348,10.611558683261892,10.649002012248435,10.660148641625748,10.685657774892238,10.653084544511614
tid_1667,56,10.894338297235366,10.997956268451354,10.885431400888706,10.881529951615745,10.909289735460701,10.911844300218714,10.880271583982996,10.840388567870031,10.8959889746114,10.9009206519168,10.849459865630253,10.807088203577578,10.876110563883147,10.85993360350095
tid_1668,56,11.107369352721314,11.287008070106625,10.981756263910622,10.99102768740812,11.005024059898334,11.006653248955748,10.97479187260095,10.970601408262525,10.993644177730598,10.995352230320632,10.947858971099098,10.929440253931231,10.944322226659688,10.954752113352034
tid_1669,56,11.130940039027696,11.331697310194365,10.765196045561014,10.88757986756826,10.754837872135267,10.762247169050568,10.775031768232195,10.91348597127631,10.76062315804984,10.77019341190833,10.738786916072092,10.806093263665215,10.747429871301875,10.737198005331129
tid_1670,56,10.677207300369217,10.854229951411446,10.60368660645512,10.686706858809252,10.606344466355715,10.614089337057043,10.649787479981155,10.715561931768127,10.638839128874686,10.649371213045342,10.66567956124743,10.671646709000978,10.657823850793388,10.668543814383295
tid_1671,56,10.875691590091348,11.080180625564234,10.669645575380734,10.727305878551546,10.662159644662704,10.670255678921526,10.684677507700657,10.745120980439376,10.673968768815444,10.683633406400457,10.718884072780225,10.718769908909811,10.71837951029708,10.70718361363469
tid_1672,56,11.040141975490831,11.215263087882736,10.879600887808113,10.974574694961003,10.909938286703095,10.873527808225967,10.883688443383063,11.00086646072026,10.902761290367398,10.876310308832263,10.842071880392478,10.932111105016224,10.8301735344162,10.833866998373788
tid_1673,56,10.927561263532754,11.212403985634626,10.887498382751167,10.977694389227992,10.925689049583665,10.888403707397899,10.899646465944354,11.058878873922161,10.923159103435705,10.891284456994917,10.80998787777908,10.951310111519007,10.830135362091585,10.825453193163495
tid_1674,56,10.652109647312082,10.835206652687502,10.673703186212052,10.762364329949802,10.714858714302617,10.679460001988451,10.705693277284828,10.77812526952733,10.726592060570955,10.703183942602926,10.702773428088692,10.764518379889713,10.721112363746606,10.70647394759324
tid_1675,56,10.634580595510828,10.793356277278846,10.716677152629849,10.74702235367843,10.753196598920232,10.756196716801101,10.735976588498554,10.747038111364233,10.756270364208643,10.762287765129297,10.692386016378794,10.752238209447722,10.698314930669373,10.713598599348057
tid_1676,56,10.864889307881755,11.070750209599256,10.797434497699115,10.918451685793254,10.776839020765875,10.784953787860177,10.784723756409976,10.929046580311743,10.767648404090293,10.776282149782007,10.806738971537568,10.795527370551603,10.800942091868952,10.826172024580497
tid_1678,56,10.485462920066826,10.682849125911504,10.521246578854521,10.516769754323539,10.5171675457285,10.524543444152387,10.568205469928904,10.578324228257827,10.560472537198974,10.567379098093244,10.626969034909388,10.61172740951851,10.607872407561104,10.623304584393912
tid_1679,56,10.437970130832554,10.633043804980238,10.549378498178095,10.639218879748293,10.54291191578778,10.550241538021941,10.587251305276094,10.664264318159828,10.57865143325531,10.585423339369017,10.63876241119959,10.632542226035849,10.619790896968807,10.63090588401502
tid_1680,56,10.76191821270131,10.88157868531573,10.428423525912255,10.400013204402796,10.42765136937481,10.43564216373084,10.48608782795953,10.459169042417896,10.487202923527311,10.492074612532372,10.551560723600517,10.552769171226329,10.543022705833522,10.541492674113242
tid_1681,56,10.65905303941587,10.821307115152774,10.611078638623836,10.584095090679337,10.597997188307428,10.605364694303878,10.6254923324189,10.611186885164411,10.615669913933562,10.621577693536082,10.606074872726776,10.598709078998487,10.6019512250282,10.607706743387464
tid_1682,56,10.619002694558018,10.823080825014756,10.49016052412168,10.609702646955126,10.484846237024911,10.49266494943445,10.529729864715227,10.6197492409553,10.52750709969599,10.532566780680222,10.586391639528035,10.61134773780041,10.585764569960926,10.596707672018189
tid_1683,56,10.760822020111169,10.895471855979446,10.843731616284444,10.84969628340741,10.8555481383217,10.857853508021599,10.819080067317035,10.847440128809545,10.829568383556726,10.83153100421753,10.804514761868287,10.790536419492957,10.808295781372928,10.827235260680112
tid_1685,56,10.664253661154875,10.884985332034216,10.624195220552565,10.66883306881138,10.606204484596962,10.613934262485477,10.620279904099773,10.700425419496876,10.612356553455886,10.616166606301043,10.601043910050866,10.56369111597446,10.579236941746013,10.59654199729889
tid_1686,56,10.759524968651222,10.913215802787304,10.647383236207375,10.680571528089184,10.628091659520079,10.635715836629593,10.640803855077458,10.65398131854836,10.631046202896192,10.63519717357694,10.605124028867492,10.627252375166627,10.614524150225675,10.603503330024223
tid_1687,56,10.588088316294233,10.769846168462042,10.559783794957962,10.587635440603885,10.555253589537934,10.562280999095087,10.606021172696469,10.639300434272714,10.594443040700536,10.602138700612173,10.607447655481248,10.678452155686001,10.594010377300371,10.606883797241059
tid_1688,56,10.726640543151612,10.885290706152668,10.599971086424482,10.623576647990323,10.58704196675167,10.59450766357132,10.61419592464745,10.648738739099826,10.605467385595274,10.611041241101745,10.591976481714017,10.61627262868243,10.580232921992414,10.589406252572694
tid_1689,56,10.542437225561134,10.730715349869396,10.627358659644386,10.609111360956316,10.613650843383745,10.6209151940533,10.640436250122542,10.621087226456767,10.629373133628743,10.635546687300877,10.648342138143592,10.631046778591559,10.647222807042938,10.654173740934498
tid_1690,56,10.712088391191186,10.841328403560633,10.579608679266823,10.600768808727944,10.567970198617672,10.575513631023794,10.59759721009733,10.614757014396305,10.590167400378368,10.595595165381487,10.606479629331432,10.595055853720229,10.57765107336903,10.589903261001998
tid_1691,56,10.513907801113636,10.824148720127818,10.536374225291492,10.542816997370373,10.566455607665905,10.53168782735118,10.545255837234848,10.5866634845499,10.578022612166617,10.547061360630897,10.514382277245621,10.518412913954501,10.549962637146098,10.51491821011309
tid_1692,56,10.988967319213907,11.090920829858575,10.555710343285828,10.621724298604018,10.550847004143034,10.557949757271786,10.600492796492476,10.648306916414299,10.589652575724463,10.597168543057984,10.612427891104343,10.64826047382988,10.601158831105671,10.602919676164989
tid_1693,56,10.788768409872382,10.917686903527034,10.66136530586269,10.698574629038252,10.69305945137304,10.656850342426688,10.684954770206334,10.71768230350266,10.702931458913282,10.677059525103976,10.679893897764945,10.66434086155054,10.70857753123867,10.672609984107208
tid_1694,56,10.739106045290066,10.882634766713354,10.560647117658348,10.646372972651161,10.552261842918439,10.559670236153998,10.591000700600175,10.677744235290545,10.582917642599073,10.589222776396602,10.582297539995363,10.654469694065083,10.589046722202923,10.59808064265402
tid_1696,56,10.677154250154867,10.896496703523477,10.586967970442055,10.616217733692944,10.578443074173716,10.585596409041566,10.618034773533525,10.638932046548405,10.607205941557517,10.614230719183196,10.639282950787438,10.623670083392275,10.618041725923703,10.638533922317222
tid_1697,56,10.701557653022851,10.903681837112986,10.57166328819816,10.636007610401187,10.606965351559143,10.5713087801763,10.605939816603147,10.657644619883888,10.629348803359024,10.602866736936965,10.629075209604634,10.663860706007009,10.664035381965792,10.626569376929107
tid_1698,56,10.444697851009328,10.672650883519095,10.631728450135773,10.58217052559761,10.614995359420657,10.622520927758199,10.633517411935475,10.591890105479061,10.623941615800781,10.628831870108018,10.64930153559566,10.611099915728106,10.644481200296978,10.649160400265474
tid_1699,56,10.69711561267086,10.910859534884572,10.483363397412239,10.58274577181222,10.48619258345794,10.493257365553257,10.560156764241889,10.620178454938303,10.548857235675124,10.557234090246281,10.665724938559192,10.667922649461223,10.645644455168306,10.668040164431803
tid_1700,56,10.663786243651396,10.850129006010611,10.610598102020893,10.6951549365472,10.649331414121255,10.612929709370142,10.658485999035143,10.719693137451284,10.675585867358913,10.65030669439663,10.67699762806652,10.710355353905387,10.700555317198171,10.66812096774173
tid_1701,56,10.515378581163418,10.736083582984634,10.777452808607663,10.849092837775093,10.746605104870246,10.754067614276375,10.746008872910826,10.827878579501558,10.727291878955345,10.730843886273332,10.648236468252339,10.650767129098496,10.663375544074832,10.647452709655525
tid_1702,56,10.842693708981024,11.007193513069984,10.574077255097874,10.563965485201052,10.56018823648055,10.56801580473152,10.582052003316015,10.57797116288326,10.577208159412093,10.581065887310896,10.553186256772127,10.579695579841971,10.552456342128716,10.558296714046788
tid_1703,56,10.789502565245202,10.95896788911844,10.552292624436111,10.608634240330366,10.588904722736446,10.553313783385429,10.591173076890994,10.632593043138746,10.615497181014451,10.588981108730406,10.635294440137413,10.69247355136481,10.664035381965792,10.626569376929107
tid_1704,56,10.556976124080393,10.757292055878825,10.933495793486413,10.982505932821136,10.944352633602493,10.907467521171265,10.912911761367905,11.009875493390814,10.920908314533214,10.89389085245628,10.943192380811475,10.94180055351194,10.936148311443427,10.90707171162287
tid_1705,56,10.491229772006118,10.647498935436795,10.546626579641421,10.597038596108693,10.539363029192284,10.546801381514507,10.580966343084553,10.610106036924119,10.573465479613136,10.5798009988403,10.576094775093887,10.62476716475753,10.589046722202923,10.585140780006402
tid_1706,56,10.612050300320847,10.739110381342828,10.565256074819303,10.607041708680695,10.597962840572345,10.562634222526611,10.588399334994648,10.63652751760959,10.61484854550927,10.587007609309028,10.569024257090772,10.616828771706034,10.61548549426977,10.57753623405989
tid_1707,57,10.872253080549672,11.02315984760253,11.0025437251449,11.006059200011402,11.037512023141817,11.035925640359418,10.997203936916865,10.993662208423684,11.028207325074487,11.020166134437218,10.956516247380662,10.958633245250342,10.961731087091696,10.97958611773189
tid_1708,57,10.683213724954056,10.858227546225333,10.803015617730772,10.793165544623417,10.791526844877856,10.799720721515786,10.809495094789515,10.78113822835873,10.795328953586846,10.804817203677443,10.803226131630536,10.781361074302014,10.815030666992318,10.796099319993568
tid_1709,57,10.655184262219652,10.88236991157911,10.932339449040457,10.935829709936247,10.908842453891754,10.917159789718832,10.92078328255481,10.931903136818418,10.901297141376066,10.910406525962268,10.837088318063701,10.866211726814363,10.869507871753365,10.851017026721369
tid_1710,57,10.568592704970866,10.71810651251965,10.720510407090554,10.711686914904528,10.698307227435372,10.70632992033774,10.709336960741945,10.697258702486856,10.694294634505754,10.70039367329604,10.6878239212348,10.69456096295513,10.688183902309403,10.689874953616474
tid_1711,57,10.676037235882186,10.870357323778435,10.771305073605033,10.73839754781346,10.744765205647184,10.752800450828158,10.750908269942624,10.719562831171658,10.732818789956534,10.738790648073975,10.72533031512966,10.673769423930189,10.70767453023642,10.721817431057266
tid_1712,57,10.646048512301032,10.809768351780964,10.66179933730325,10.644047677899998,10.639947575873405,10.648396831810722,10.646737945247917,10.615480379542067,10.636713743484723,10.64100027433953,10.606719453676082,10.61293698781809,10.612434082617327,10.618603184227528
tid_1714,57,10.70843993706592,10.837476738702035,10.648647393005778,10.576914749104434,10.626052282412877,10.634674883604058,10.629363411928868,10.545646139587829,10.621039676252144,10.624360870043354,10.55650725845778,10.54772489371258,10.550811141589278,10.554877529749604
tid_1715,57,10.617772253339806,10.795608535103078,10.63622008128055,10.646665367088566,10.617822351869382,10.626145095347889,10.631704224537994,10.63221962988084,10.622742774053835,10.627723405411999,10.626992319229776,10.605370852984176,10.617405903014063,10.624627789448434
tid_1717,57,10.828805416969788,11.141913956131429,10.631306434167486,10.593379384856819,10.613945774899838,10.622208866265826,10.630323339363022,10.574649332336708,10.621338959757738,10.626624695837041,10.634570051503063,10.650337048188806,10.622621980879156,10.626246653044996
tid_1718,57,10.716040895214158,10.826161865929222,10.705661334665834,10.632416091868892,10.672978926169895,10.682109535555517,10.656516784021271,10.577282904297867,10.645037276981418,10.645044803845533,10.52953070069191,10.604363732535905,10.53779862989957,10.528455795558422
tid_1719,57,10.713470653713909,10.904439234643164,10.973626857992409,10.919126733564017,10.976124361221183,10.942389055859307,10.942589696391938,10.88110562107736,10.944518667146093,10.919874397955635,10.993560576528644,10.859062410383485,10.919892354804846,10.899730335863724
tid_1722,57,10.593507347920992,10.75314263249701,10.741676321500158,10.67742888156351,10.712595378407666,10.721103126738532,10.710422346431347,10.657408764219985,10.694690775379541,10.69864981300054,10.65022217409852,10.606625382306444,10.63648662967998,10.640467248188239
tid_1724,57,10.698936325013428,10.85838919628794,10.772817568944594,10.679871172644013,10.740960784016869,10.74948730880312,10.736688888913026,10.639964477333919,10.71846862351982,10.722358446370775,10.680237665874786,10.640462401681267,10.681889543982061,10.677065538834283
tid_1725,57,10.629597927986032,10.83674748958988,10.673959488386519,10.618713925888335,10.646595448138408,10.655471079305757,10.639749998063262,10.591809719829056,10.630446937588506,10.632180119099443,10.597484375766998,10.568154968311681,10.586784822241798,10.592649734279961
tid_1726,57,10.939286054079716,11.09423376993832,11.089186168442495,11.066466442841387,11.090758336102402,11.090786010787689,11.070219858973564,11.036544747736082,11.073698556268395,11.073768636423344,10.988417228065352,10.9441623867277,10.977074872258813,10.978316901826222
tid_1727,57,10.77079390138159,10.88228161094357,10.690303185603597,10.65716910101228,10.667869087822076,10.676150210549762,10.675898133336107,10.629213558470262,10.663364190482849,10.668450349918718,10.641287695010602,10.630752681703061,10.6365225876384,10.645728759646548
tid_1728,57,10.6706284130044,10.804768194538454,10.614332926778433,10.625843749309304,10.599070267122606,10.607267764649736,10.62014109212532,10.607382627019534,10.611734312987382,10.617380030896905,10.612595647774297,10.597443731755009,10.60757980099513,10.615527536785274
tid_1730,57,10.821167319254558,10.908115115930162,10.671125841912517,10.702233502801613,10.645531549250201,10.654261906780174,10.643208337443856,10.698576750513542,10.633606091494405,10.63627158313476,10.552363025244976,10.597837927027344,10.551047591739065,10.552078696862644
tid_1731,57,10.49776974243181,10.689526080792342,10.633238487066116,10.676457974495289,10.619257610013921,10.627185750304157,10.64494674554736,10.677826499530008,10.634052017481894,10.640764837460706,10.637470591139925,10.70274518012403,10.633158164198422,10.636899897935121
tid_1732,57,10.726996106514774,10.891509004566824,10.62537991789995,10.554244271529093,10.603608326405071,10.612335227812157,10.606588312821897,10.554441175972023,10.600534005625144,10.603221833634962,10.561810982821516,10.508800453352036,10.549849346906317,10.562898966131613
tid_1733,57,10.813293302294475,11.00973230636282,10.698350463735128,10.690528144954428,10.667738129689404,10.676730111318403,10.655664655121983,10.62561489069993,10.644542550253705,10.645523193987998,10.581279285413046,10.5993681590663,10.557212579641064,10.55322059834105
tid_1737,58,10.85735341356337,11.006987875277014,10.702190820390912,10.601480791696243,10.68281884936839,10.69106663867834,10.70327151640448,10.616295133616658,10.687385391017436,10.694791367663958,10.701394098105443,10.644851490376258,10.69077202120401,10.690465720703742
tid_1738,58,10.572254946570526,10.780827454835151,10.664159529274803,10.60507178450854,10.644642455618353,10.652740625670233,10.661193647253985,10.58699442701104,10.649018478421171,10.655133900029996,10.662974621340085,10.65134982204817,10.665878136723707,10.658461094777543
tid_1739,58,10.58761164721838,10.740568396512732,10.562284762952604,10.434250842174803,10.556093063670932,10.564458757142273,10.607077284048398,10.56706535025254,10.595199548741103,10.603637251524367,10.67322577578926,10.58131924508259,10.66456178583583,10.681973599721639
tid_1740,58,10.811770305968746,11.041456763029414,10.735444032947857,10.721587167110213,10.764925866000844,10.730018616780612,10.755107475908057,10.717489341729866,10.76902858243036,10.743668321001005,10.755676507602592,10.772146952949653,10.77017523861011,10.75438781732395
tid_1741,58,10.587926929985493,10.773101685088234,10.571896883602578,10.422305712823967,10.553802431497743,10.561624111269987,10.56293862671676,10.469582258639019,10.561819695317737,10.564175290485675,10.498179964288774,10.484862549830737,10.503402211411519,10.508594979741888
tid_1742,58,10.590440588932744,10.775537954031542,10.459054696202557,10.520531755562345,10.510525515431082,10.475653870200903,10.567593286434263,10.549767489088246,10.583671349332919,10.55948577280056,10.680396506121792,10.636695883188,10.741306135826141,10.687173682503538
tid_1743,58,10.69550447921153,10.845892325316989,10.58278985256476,10.462045462896054,10.572673835239941,10.580925146711422,10.611634288597912,10.529398242392872,10.601296755348148,10.608916093097287,10.621424764528076,10.596183437705143,10.60801266921087,10.616984495787564
tid_1744,58,10.638834178495127,10.783371528363435,10.546605413395696,10.491357185104134,10.531924760519544,10.539818003609657,10.550484616727838,10.519172314928289,10.549790240445063,10.553289367359072,10.512841240090278,10.49636187388455,10.4990311257735,10.503295010920553
tid_1745,58,10.749780622576257,10.926422176188565,10.692047505289343,10.65675637628529,10.682163789177515,10.690835938527806,10.724879507304784,10.737172026855802,10.705218050036507,10.713862897108838,10.757787361883482,10.675986530223033,10.739069856371465,10.740724310047435
tid_1746,58,10.475774154157673,10.657880338532852,10.55520575417035,10.484782663346833,10.541450057090735,10.549420610503926,10.564730999128551,10.550561063501965,10.56172034422683,10.56634372747241,10.496815344713166,10.511473254903034,10.491436018732298,10.498252416660765
tid_1747,58,10.643236790819968,10.782338065236436,10.55913868192134,10.518683142362532,10.551845141862502,10.560145348652556,10.598908655756162,10.542842716741594,10.588547976352688,10.596582102321696,10.65598738115868,10.604952361320791,10.636398433594502,10.64623227431188
tid_1749,58,10.56460470488937,10.76071381991524,10.39924164350992,10.365981999840026,10.399102085938722,10.407151595613696,10.463056697200335,10.445312334756554,10.467207448094982,10.473093496562244,10.545243766334348,10.521749044609027,10.538073178736992,10.537043306631837
tid_1750,58,10.54820575369157,10.73566379828669,10.503379873516613,10.467454899342076,10.498031694292909,10.506217707773134,10.548531468008708,10.50575826137542,10.543277634602632,10.550492264701365,10.606226679363186,10.59421243550024,10.593310839870067,10.60260281167891
tid_1751,58,10.46946591344995,10.619955673667048,10.517578153322743,10.43054315064551,10.504791729380875,10.512668482092673,10.526844386579231,10.511788516656734,10.528679795527806,10.531925308671868,10.546691082247346,10.542974258326035,10.542615471951033,10.549368605487354
tid_1752,58,10.605941292416372,10.820949598154426,10.573178217193636,10.594015774102191,10.609642395318998,10.574467206190691,10.61462345878384,10.604754717078423,10.636327165899738,10.610820459754422,10.652251118224122,10.678280130811332,10.710746322584475,10.667496124801664
tid_1753,58,10.595096049930047,10.77912919160833,10.579499193491579,10.506587549911417,10.5636659153906,10.571626280902574,10.582334934372888,10.528231819820709,10.577877550801968,10.582351039708113,10.519776261273009,10.482859613702912,10.510304540847443,10.52429528167166
tid_1754,58,10.441164432952796,10.590078286496828,10.391594340679418,10.390124604331033,10.43700162119134,10.401581635654097,10.466266077588022,10.435166636498561,10.502233515004647,10.47509329940908,10.567526287923341,10.563978227226592,10.585907132102278,10.545640156809887
tid_1755,58,10.88031819675662,11.088465593156204,10.702064447864041,10.629175262362967,10.688496178884497,10.697026318933545,10.722958178618935,10.670702939376497,10.70448621981355,10.713102919271996,10.72401534590555,10.655816709655504,10.73964544382892,10.738096919719634
tid_1756,58,10.674918972493208,10.846507845402185,10.548023337776572,10.515527939677673,10.544341471482959,10.55277601904223,10.603316731810793,10.552250509143262,10.590355078989116,10.599177561328158,10.683368401325799,10.600345101828202,10.6571737614331,10.678985414730548
tid_1757,58,10.587051459869013,10.773395021329096,10.562743241352049,10.47706620387973,10.550884005905285,10.558975229028372,10.582059960128879,10.503339252847917,10.575990388625064,10.58211538112192,10.585059925377331,10.565348031560466,10.58809363348402,10.577345801672733
tid_1758,58,10.811667480589335,10.980244408343731,11.051602035294664,11.045905123530158,11.017355668382102,11.06249322507162,11.03014649234109,10.992269845914365,10.98654008982497,11.041042084072146,10.998660310937355,10.965379530514175,11.013154488353198,11.004280803250712
tid_1759,58,10.620302430396258,10.764973569035847,10.696637763490692,10.67702581040751,10.685570143363229,10.694201804147605,10.725623588275354,10.739491095760489,10.706299867760674,10.714970965336988,10.731106287347838,10.660066370800498,10.74616709488377,10.720808727410326
tid_1760,58,10.407747670459951,10.5601004083681,10.698739530120744,10.673121029911504,10.720075089221364,10.684633282913067,10.689219479716002,10.65285513775619,10.708822142135173,10.681009808250804,10.68779010705144,10.674588797235549,10.712018240879468,10.673323351095812
tid_1761,58,10.621127325683778,10.83814851376516,10.656125729333588,10.554287334762938,10.635226689779648,10.643227402115835,10.646673281535914,10.538776802916086,10.63625707492156,10.641253097701725,10.624312358616354,10.61926343620236,10.619102622906313,10.62339118718261
tid_1762,58,10.634717780121818,10.79680030100278,10.566001547686533,10.472436074353972,10.553707244852406,10.561789479113012,10.583640795197736,10.5004814624505,10.577572567154993,10.583592097889442,10.632290509441109,10.575722767950124,10.616362032305812,10.616384819299029
tid_2620,59,11.01367426504538,11.194637095178756,11.123952950641018,11.123658125101079,11.136893947351073,11.143982763825665,11.109020453702756,11.117172393661408,11.127026216723054,11.132413261460929,11.023490565472985,11.078061058639266,11.036836226516797,11.033061439417745
tid_2621,59,11.202008883045533,11.398327975071004,11.165260510050958,11.1793054753137,11.178934729492369,11.186351131934925,11.147894212244347,11.184998160773647,11.171513791009847,11.175260922714822,11.074094055156193,11.216524832211979,11.101099097081619,11.082218714660733
tid_2809,59,10.765839388239325,10.951948000373791,10.880359152284333,10.924234672731645,10.901597289716271,10.907922431753361,10.885296525508652,10.905074098030726,10.894178376106268,10.897453952601468,10.810179386692422,10.839741915725787,10.817172728885783,10.810464084539237
tid_2885,59,10.695232684070913,10.841175717758354,10.792701538680067,10.849582879762208,10.813506679707471,10.819235544259666,10.801062109891737,10.835359463318685,10.808596598004128,10.813782032625825,10.786667440505786,10.831994848095675,10.755647092695495,10.755920220226876
tid_2886,59,10.962504524562496,11.1467627974448,10.903913442699116,10.955744414113266,10.914526705734698,10.881552867646363,10.8926330709185,10.94453924709608,10.896906611619512,10.873527525238003,10.830587308016222,10.95851351601504,10.820312896352396,10.815189212737838
tid_727,59,11.216873798309212,11.386434374016776,11.133652164211615,11.154887804376122,11.124613652019084,11.110444547716611,11.099970074002929,11.144292687419115,11.098212227481545,11.060948441519947,11.14555778056236,11.138432037253628,11.128092887628894,11.149558832559109
tid_731,59,10.795210963970522,10.994338130241,10.821227928884097,10.879927844087764,10.853150072118634,10.859982737143811,10.830196057751232,10.85600260846683,10.848494395392196,10.854908691007427,10.780950443029779,10.827225209437245,10.80478707694714,10.810520419220847
tid_734,59,10.782452255209227,10.972997101616976,10.809015206549274,10.826680523291735,10.779280468734845,10.78695080726196,10.796420214627446,10.79662433214675,10.770800158354843,10.778026188413078,10.77979138547689,10.79071296136268,10.774676425763776,10.779800614845685
tid_735,59,10.90430323947997,11.0739707892748,10.669158590174495,10.691136139298433,10.693117645460758,10.69833758784996,10.685775585398078,10.670654505030868,10.697232258254255,10.702477817553943,10.708015212809359,10.689816432139043,10.698664080847461,10.706693620113109
tid_736,59,10.873787188190654,10.999952537396704,10.551230596565425,10.626314115220133,10.722206877684997,10.544002787168061,10.572106122629199,10.629096110635945,10.723299226511378,10.567269531691956,10.617858226949087,10.564907725260223,10.629872726280698,10.612280039219284
tid_737,59,10.697429843130967,10.875806949212931,10.67989940867302,10.736291165064591,10.694819626890322,10.660798661843291,10.667486095879076,10.752873135909354,10.680549003579248,10.654499268695274,10.67662819924758,10.724454569713009,10.717121507233667,10.683498430569786
tid_738,59,10.677952012772892,10.85157923135988,10.72865455919751,10.786043622883756,10.763253280573018,10.769732185949948,10.744774745856306,10.778911862915763,10.764183111669594,10.77111588078491,10.772112679472063,10.843172745327683,10.764167408785237,10.774558753922392
tid_739,59,10.982022976308365,11.115688909275374,10.821559621643782,10.839647327953946,10.801752455449158,10.81032009402007,10.810078362169929,10.823959890459845,10.79344455546709,10.802059814547563,10.809681929003146,10.83526751317106,10.797198180665564,10.799083632159697
tid_741,59,11.170570358150838,11.31263747404513,10.896528423573596,10.951711016867298,10.919881201147154,10.887925374740565,10.891039941422537,10.939801703565388,10.906404070726378,10.88453828228281,10.859521544301655,10.856424730455304,10.842597474619438,10.851117383192289
tid_742,59,10.620243832068246,10.795458952142145,10.729752964457784,10.758156582242295,10.737553470133875,10.703223004483304,10.699521397796197,10.707950276058776,10.709302563993845,10.681278039389104,10.643924096569263,10.666038662970067,10.68229232173603,10.629770826652205
tid_743,59,10.698588703060084,10.852185453385466,10.541209847181104,10.615261472051431,10.541161109654048,10.549683513238495,10.57384818077321,10.605462039345731,10.571446951352248,10.580093151486787,10.603797748298847,10.638401481623696,10.606869871778283,10.612909059004586
tid_744,59,10.648904550529757,10.815099355273546,10.74404310227602,10.774855491890253,10.759315604953144,10.72573408811619,10.737724071482923,10.76260992946916,10.746384334709166,10.722252696040933,10.6823133614286,10.75051839341377,10.685608910546483,10.681548376357792
tid_745,59,10.651636517526123,10.823853967518716,10.800869521715027,10.833219049745585,10.780345123622366,10.788717863519587,10.786264031551266,10.783862640760663,10.770012022897586,10.777952092841304,10.819662457054584,10.901174354542132,10.829911430992263,10.84729115138155
tid_746,59,10.64029030922937,10.87048660773562,10.526227194388396,10.580394047228351,10.51144576493258,10.518632221099535,10.54440374351179,10.575808578501988,10.536328702273465,10.541702710320749,10.576453581286351,10.585421055581367,10.568564564887044,10.578646521736685
tid_747,59,10.70207074590392,10.865233369571587,10.768232780064777,10.782995860394314,10.750340136910797,10.758736809465056,10.75745166006612,10.750412163173507,10.743180286369176,10.751205755748373,10.777538503639741,10.84524239859426,10.777217749134957,10.794599318441348
tid_748,59,11.041440739442695,11.20201024771998,10.979461382947918,11.013100739632721,10.999693243127718,11.006504034986751,10.970038025102998,10.990780053376167,10.985916683312293,10.992225603042089,10.931238611344659,10.96401039590358,10.937167527583663,10.94247813342464
tid_749,59,10.668341252640708,10.844388942422958,10.687965608493432,10.70595468461015,10.667984693807744,10.675743151309952,10.696491907254412,10.717520697150567,10.676400562931928,10.683923061428395,10.687359493627552,10.694671141240766,10.68215398890879,10.690806703195655
tid_751,59,10.790839569874612,10.989090586610596,10.773835379310801,10.807321486814192,10.763490462118222,10.772587435056568,10.781232955863372,10.797809048203138,10.768192389145531,10.777621840058963,10.774976857088001,10.859081386846741,10.776989273698158,10.775902050012366
tid_752,59,10.813571059387623,11.015264472601276,10.556565301513745,10.594467094896034,10.558751224079083,10.567568178073085,10.598239299389768,10.646171460058635,10.593071716834462,10.602523033143912,10.699057258157309,10.657094431243808,10.675498644171514,10.714252622379703
tid_753,59,10.722041963905276,10.89326849435965,10.628887631762673,10.652928951919039,10.608474327090438,10.615818537912187,10.632655549882967,10.680806748414646,10.617115781867154,10.623225042067002,10.644921695227584,10.5916119536712,10.64057691895217,10.643809094612505
tid_754,59,10.953242174756578,11.119153722203077,10.871695124044527,10.926876416677473,10.89094171427858,10.896979557980922,10.859042749488703,10.913257908750342,10.871811463738005,10.878212798277357,10.800799063966146,10.812836069092592,10.810661004714621,10.810836805228819
tid_755,59,10.56042448394536,10.767402298860969,10.693937348197792,10.711641269916527,10.679764631623964,10.688015800739908,10.687485178025403,10.700660768653137,10.677606971546117,10.684992611905788,10.678480447891689,10.75633225335905,10.684994083471263,10.68524645425434
tid_756,59,10.8662304795636,10.99137756247596,10.796563182701641,10.824043632924448,10.820093217111772,10.826029852402439,10.788314623152818,10.810796445461923,10.804222007791731,10.810370030553164,10.798348139218827,10.844760023565826,10.808999078901651,10.801474330486194
tid_757,59,10.999670225410016,11.197099029485967,11.041430075293535,11.03366236169138,11.05205381079061,11.058469885255084,11.025655788025047,10.979378535398105,11.03632133100663,11.038870289342984,10.895801174998393,10.92702274328471,10.89765975488793,10.893942025650828
tid_758,59,10.641051060256473,10.806924021224049,10.728321559912628,10.749637084608676,10.739559559347967,10.705522673149842,10.70879728886128,10.74249684025274,10.718555651366703,10.692421131358195,10.67263689449887,10.719907842325041,10.71326815705273,10.669548367888943
tid_760,59,10.930995814224502,11.119588018579377,10.604464568543596,10.57531661025955,10.599952380256967,10.608484514727422,10.62365323981438,10.5989231427693,10.618043108434726,10.626643839913832,10.662309467360192,10.628049201766045,10.65041058315636,10.652154593997722
tid_761,59,10.664872653012122,10.869636449492226,10.608953288123153,10.626141201525519,10.586446673116718,10.59347962476944,10.60302107088797,10.623647987072848,10.590393861741417,10.594778648032369,10.549967109542115,10.524970051004786,10.553478955216265,10.556115223784065
tid_763,59,11.00558542615562,11.164186093777518,10.956618321158059,11.014683782887817,10.982173610485399,10.98930771455419,10.952006186367726,10.990474799772949,10.97127934509204,10.976590310846898,10.900127536584652,10.957115230554084,10.892869540385078,10.892373405634558
tid_764,59,10.829247311336484,10.972770579282964,10.6834985724885,10.713450411645017,10.657029990368986,10.664188723117995,10.670714659926386,10.705819343746537,10.652364752893702,10.657495726835116,10.681433715482497,10.701446090112649,10.677885632838999,10.68775596611589
tid_765,59,10.629631792508595,10.794456373853476,10.65410410413719,10.598455758766418,10.643689552774797,10.6520180194553,10.656363948558543,10.598353446849531,10.6487860503168,10.656540477412369,10.689565166361849,10.660692422132197,10.68542832454757,10.694549857111154
tid_766,59,11.050597899222758,11.213200500452087,10.895263982750942,10.930734685424428,10.919286124688016,10.925894558746904,10.89069697354935,10.925772127237433,10.906450879078522,10.913143516154102,10.857607511156692,10.865118407500647,10.842597474619438,10.853556934126468
tid_767,59,10.812181501788404,11.035371805842695,10.92207491470357,10.945177008698758,10.946443204290185,10.914739464554877,10.917617371352502,10.951841040922334,10.934372881293934,10.912117383876655,10.835126994673297,10.862863498561179,10.833842685536878,10.8387873557572
tid_769,59,10.87832639883557,11.02098701692272,10.775015555164414,10.763529840237196,10.741217769516886,10.74831384148137,10.749039760957627,10.736280278803024,10.72432456351507,10.72912475206008,10.683770306396816,10.71423723867448,10.682598034464416,10.673655270945165
tid_770,59,10.80420972080216,10.978498507951912,10.711445189944646,10.726903081822838,10.67514153836616,10.681612175823407,10.668590634705442,10.697604411258936,10.649085347504938,10.649104718474083,10.617571805372554,10.68468367245515,10.585203694755593,10.581069050680895
tid_771,59,10.931398368031251,11.077043416525324,10.70618492292583,10.742409579944468,10.716701383283148,10.68246000848505,10.681837001540929,10.731576883612018,10.693419485582483,10.666004550411996,10.601203335501532,10.64978924376751,10.630639879602223,10.609507266153903
tid_773,59,10.567252265306696,10.719776717236952,10.664950225651552,10.723098331302163,10.822178848736398,10.643488283331209,10.643551842198294,10.70482617380814,10.789645507827286,10.630664779356517,10.608123857628083,10.606257194582525,10.640733008477826,10.604221959185166
tid_774,59,10.615927426476482,10.809398601398668,10.592100618537383,10.686415097820898,10.576153302966835,10.58365653637295,10.61011032918657,10.657057038652235,10.595736260010927,10.602566687280621,10.635131841676762,10.682995985771354,10.623780653551819,10.625740150582256
tid_1764,60,10.899143839791025,11.065914663034626,11.126801454088474,11.126120110348317,11.144034964677399,11.145520446486707,11.110616830120012,11.110048285503796,11.135762926933966,11.13288723396492,11.044774925100354,11.057671845345997,11.068895593464408,11.05593809810051
tid_1765,60,10.783089403463215,11.049597106447871,10.95688381263284,10.938611188478927,10.979038997677414,10.982003515039455,10.951667340420293,10.911954627300746,10.96844894166243,10.971250639178917,10.890340829073004,10.85654244473257,10.893417496925016,10.900458443860112
tid_1766,60,10.624111271843548,10.774473339801322,10.835078946231139,10.824791053480883,10.801794325483382,10.808061772919775,10.798484572929402,10.802056949570735,10.776391565570785,10.779334126422022,10.728878588399597,10.78276813603753,10.707527299966088,10.747007476934892
tid_1768,60,10.532597419666264,10.68013913449582,10.75163140434256,10.775665849323726,10.723376782391595,10.730078306551073,10.71989955532023,10.816248327523214,10.70418578000813,10.706783169457097,10.653992015375183,10.755696938802188,10.650482235829315,10.665582462385439
tid_1769,60,10.70484543311676,10.837309707021634,10.86401643261615,10.8223865071553,10.829998476754321,10.83600231234874,10.828750745597517,10.78908421501557,10.804969010691362,10.80832221168188,10.82311717296653,10.779338850207957,10.81116172222713,10.796440831221798
tid_1770,60,10.870155759563389,11.039869181111914,10.909849421293663,10.904138556244984,10.8714292477946,10.877378069071467,10.869949301593895,10.869274269692811,10.842103323703268,10.845126450258629,10.834784315689605,10.913158797114951,10.828549244325933,10.838390820421488
tid_1771,60,10.399168065915596,10.567429893202466,10.738872713386522,10.677601197574523,10.708232546202648,10.715353316504732,10.698112390391874,10.640703295407409,10.68337718673836,10.684433036114116,10.753642955170884,10.673873107879237,10.727673525579691,10.713457168882629
tid_1773,60,10.457504840935089,10.626931127327424,10.73946660697039,10.68954662342637,10.710594524580056,10.71751042097065,10.7044329699336,10.652137307937823,10.689675550626905,10.6916179621852,10.697524294174595,10.64935218551925,10.689204672003585,10.693627828394924
tid_1774,60,10.516736181698189,10.796349972255188,10.74111896859048,10.673096188705191,10.722504801539946,10.728253498201184,10.736821151470506,10.71258204916345,10.721660763715148,10.726865398630313,10.706710187330083,10.6748272623136,10.71530608927406,10.714026454203227
tid_1775,60,10.412315181639446,10.566899490289808,10.736846155508925,10.720876386687463,10.708428890145681,10.715325210105885,10.702943926477179,10.710434215539271,10.688407272703925,10.690471492193607,10.715302236722554,10.678631742777606,10.713282692537367,10.702907945545663
tid_1776,60,10.695318760524978,10.873341799894728,10.750158885803277,10.751496975022393,10.72485713080418,10.73124593209944,10.727143316805291,10.726238326898185,10.711617235374849,10.715280678022731,10.69679108363679,10.706657081680364,10.708826907622578,10.709057183732275
tid_1777,60,10.530460207766476,10.66636599856974,10.828960957725252,10.780129740983995,10.800261401258245,10.806089034002344,10.803168609471921,10.752105169076101,10.782762954471337,10.786889183551994,10.828713097457289,10.786282907974881,10.802037814070088,10.81541892866317
tid_1778,60,10.577729652883974,10.736516233541272,10.859114149441108,10.878067587007495,10.870313077199947,10.839077765028183,10.843055596233341,10.871975986017512,10.850420107053854,10.82760199386777,10.844794731636327,10.818552329721921,10.833567812948912,10.829218321961266
tid_1780,60,10.698064784589684,10.880931707563114,10.836368101455845,10.830884013541821,10.80926871291496,10.814828874314696,10.814876308199732,10.810785185089296,10.794628783701004,10.799145556695976,10.779705414683301,10.814514815690005,10.787594445507121,10.787888637287187
tid_1781,60,10.672546612943812,10.920886170443165,10.841144519097819,10.785168565822701,10.802693845025368,10.8094667233859,10.791930577743015,10.742217959002943,10.767609638896213,10.768634233374272,10.878829913766532,10.812560479921656,10.830105346429768,10.859779174025219
tid_1782,60,10.575801725140018,10.721457376910356,10.844878913979613,10.838643834384527,10.814960049730537,10.820733943828724,10.817418813722403,10.812550652834773,10.795981777844524,10.80005319490886,10.824658226356371,10.816228277957663,10.803470008430736,10.807240198709993
tid_1783,60,10.696251535166803,10.881178135070938,11.348450170701515,11.319993170380037,11.287353988733086,11.328388098487746,11.33839134917746,11.305317315585821,11.27808197624598,11.328156451579911,11.426493687094837,11.227475373825254,11.26386770903546,11.402654735178638
tid_1784,60,10.54242139003942,10.674861176976044,10.815162527730232,10.727834624109034,10.78022400073,10.786914347696563,10.77175822070836,10.698139161384027,10.75037275630713,10.75209862746811,10.715602253559977,10.67771934333219,10.712417531814262,10.709367689686037
tid_1785,60,10.615517820097574,10.78608912397109,10.913216893483279,10.883128057751454,10.87058269333607,10.876962678100412,10.864688916164866,10.860622305420632,10.834105220757388,10.835745342322024,10.937933087465272,10.836772219254676,10.88150872207657,10.863488074650476
tid_1786,60,10.735478863105945,10.82988305878198,10.850344200305948,10.88918163784602,10.815379674045463,10.821652702065094,10.811297470905613,10.908937557077644,10.787786594083641,10.790528722229615,10.687320902793875,10.746885647368211,10.657535116125098,10.699030256334662
tid_1787,60,10.693824962680576,10.852913208969142,10.906739511797905,10.789250591618254,10.874245885662397,10.879568902308954,10.878457121908886,10.789365320070395,10.854053376590949,10.858295481733542,10.85459805668455,10.751551596656807,10.8628994049099,10.83590561373104
tid_1788,60,10.532847929348176,10.662377996989576,10.861937487149214,10.88126515818849,10.826248440246118,10.83246403810328,10.822498287624676,10.898162360801953,10.798100830183484,10.800883760632864,10.681397955379246,10.807618005270466,10.654172272782429,10.692749889013646
tid_1845,62,11.060239810198311,,11.122455206418087,11.092743231737558,11.108579966697594,11.151178121688531,11.098230974513301,11.08011860763717,11.085869637202844,11.123356469770744,11.13400528138904,11.083986629037573,11.121359367349791,11.141231434259621
tid_1846,62,10.711950282566306,,10.833933874378356,10.789389328626669,10.814579091334343,10.823476476711582,10.826099449799834,10.74831158725478,10.809507629196945,10.818581238619245,10.812023625485176,10.795199150666752,10.82041075516175,10.813397041327404
tid_1848,62,10.621744331906337,,10.728177259388694,10.64680515768139,10.71638015296898,10.72553815098845,10.733717451292062,10.636389373751554,10.721603733906464,10.73116306641545,10.686814898172644,10.682475461318539,10.697578961902785,10.684206622480678
tid_1849,62,10.668341252640708,,10.603761110842507,10.557536389572205,10.583207495365894,10.5907192763992,10.582170754869539,10.562932814590038,10.578993776635826,10.579872335514596,10.56001076678246,10.513324897135098,10.548444481988346,10.550202242431544
tid_1850,62,10.652473804764544,,10.639989017621536,10.610796724919862,10.618326207629499,10.625695635321806,10.619197677270112,10.533295975865972,10.612208468027456,10.614208126812729,10.556135605712583,10.591289508214071,10.569502992467632,10.558190085908803
tid_1851,62,10.423756447929414,,10.68128171480505,10.562187130449194,10.655824125279064,10.663122066299243,10.651008340914167,10.545542734201858,10.640950187283892,10.642439646436921,10.574345168806078,10.56457827091797,10.57659927644124,10.5750859692349
tid_1852,62,10.85255907493442,,10.759973606355015,10.689396645047292,10.740616239194894,10.747299737101399,10.759587282038947,10.660625282777705,10.742178516021625,10.748451087083687,10.740269813225174,10.73361210103731,10.737216310208943,10.741952411427809
tid_1853,62,10.679651475479416,,10.742314057338278,10.689626076546183,10.72187434924054,10.728685455304603,10.737525368625757,10.654059903863734,10.721224783640777,10.72709053704348,10.700586829535837,10.705837951385584,10.699837239914869,10.698969363959034
tid_1854,62,10.68364923508082,,10.649266564136338,10.550988007865303,10.636553680565004,10.643555435615525,10.666000740240928,10.61036033897385,10.653508734617871,10.660119213560382,10.665568223911599,10.667093172615436,10.655813775394014,10.656982350958545
tid_1855,62,10.57034722433469,,10.775409649779112,10.648390309493564,10.746071075492056,10.753034987385947,10.744871241534494,10.646166602932306,10.726996141168772,10.730299734866026,10.727008445318363,10.714656439990812,10.735215688822773,10.727700943570083
tid_1856,62,10.833227437734289,,10.770570467580214,10.691731139444583,10.751751862409488,10.758362758417967,10.772190816134229,10.672018308053074,10.75425375527906,10.760627088918612,10.737799978281558,10.702436793118645,10.731011220048067,10.761655225226605
tid_1857,62,10.687023732823754,,10.77169446115337,10.68084295776847,10.742469826520791,10.749448329955978,10.74102396748071,10.677318393585686,10.72341973636718,10.726643753161726,10.750559286343902,10.661007134437146,10.754788500123375,10.744279331590292
tid_1858,62,10.728509128658905,,10.734506517392967,10.716833235185426,10.700470288715774,10.707808347529744,10.679751112982915,10.662760134156326,10.665515499085245,10.6635770856882,10.534114938420482,10.521663777768703,10.5236471552572,10.50786147996993
tid_1859,62,10.745470600007703,,10.74183182900803,10.730111870764441,10.724851683647863,10.731541121596182,10.747961300697748,10.699204156429909,10.731030138282604,10.737565974318304,10.787355257652028,10.747542408398418,10.774375700367443,10.80145277665052
tid_1860,62,10.97673245934161,,10.68421218753116,10.585847217868885,10.657862000562385,10.665177225297695,10.650767508016305,10.524691076561782,10.64065964743068,10.641680124237467,10.605298467019079,10.545819820246962,10.597920971936537,10.590904008754473
tid_1861,62,11.10223774272362,,10.866347709373164,10.883027442255349,10.84200209320435,10.848329710061707,10.856746112603005,10.857839926408438,10.835909012249207,10.841700677758952,10.866472478524924,10.82980106425725,10.880358436162725,10.8683773367463
tid_1862,62,10.617994970217405,,10.857975091515314,10.781324328575492,10.830844539367426,10.837314144507506,10.841730138078832,10.763840546536493,10.820289759902924,10.825963766407641,10.817815180885528,10.759595726011199,10.81065326602721,10.816186718308463
tid_1863,62,10.96113894814914,,11.096739485651662,11.03333237186801,11.09958413156045,11.1001998165066,11.072276685666612,10.986747257531084,11.078279927484182,11.078513094598751,11.038123015477048,10.946147038557882,11.026000126680785,11.04916898639616
tid_1864,62,10.679154370644502,,10.81070957431825,10.648149997483445,10.77700456946479,10.783947628767601,10.77123286890488,10.6903921701458,10.750402716485333,10.752783733692523,10.655761944269926,10.626821740436428,10.676127110263847,10.67508258840764
tid_1865,62,10.697902133374525,,10.677126406551375,10.535516332864507,10.658408458564628,10.665485543675343,10.672995338907633,10.573302458225077,10.660987152540379,10.66605539225179,10.62597407709041,10.634247827139305,10.624507018287591,10.631526131530434
tid_1868,62,10.621473676442992,,10.706760597800033,10.670099748737366,10.690575017403408,10.69741227897238,10.713975185442482,10.65301644268094,10.69881567118932,10.705267591211197,10.752681559916198,10.675672386526694,10.753905981570771,10.75074599174232
tid_1869,62,10.772086916343246,,10.743940121628,10.68089042457531,10.720650945439669,10.72755608511505,10.729889471567297,10.668701981259666,10.713914212353647,10.718905701081637,10.67353259556169,10.646982346656946,10.68140538479597,10.682231322567043
tid_1870,62,10.521636364657205,,10.685833341874858,10.568130521393684,10.66107513569339,10.668325106453839,10.659112876678282,10.54532541404038,10.648372693021164,10.65054720343648,10.592645627665023,10.575691186298148,10.602861254882958,10.595233766064807
tid_1871,62,10.602870251778464,,10.715684192379527,10.693318250202537,10.686665205999278,10.69391793032906,10.676977765171722,10.678356783974044,10.664196502839603,10.665007207232517,10.601311183493982,10.571924896599844,10.58492222656999,10.588963439087355
tid_1872,62,10.646526671042189,,10.705148834335956,10.620730782905113,10.687423880037796,10.694324461388632,10.706957410047647,10.57225835463423,10.692403343721175,10.698444136313414,10.687073106950372,10.665403333959883,10.699562619931926,10.696537773834677
tid_1873,62,10.673915167665132,,10.763087308474784,10.701292073620586,10.745760369165268,10.752355382310213,10.76879489416899,10.736166713047933,10.750980249630743,10.757482018189982,10.752166856536029,10.744436556704139,10.744403704048294,10.764700578060934
tid_1874,63,11.144014537205411,11.306192765969396,11.121411323833982,11.126130587413716,11.113051651125355,11.10546952515534,11.086753533704266,11.14583610681465,11.085946945919572,11.050085048765686,11.123154581558163,11.12574181509238,11.121402086344116,11.144540307779454
tid_1875,63,10.858556592024357,11.07331446499292,10.994515393494328,11.00165626613802,11.011912155532947,10.97805528953154,10.982571685419964,10.988044651298514,10.99625126119367,10.97258480310959,10.952045799371685,10.89322683515512,10.964663824628383,10.95846543156773
tid_1876,63,10.852417773353055,11.032346109352307,10.987661634844262,10.979397670543626,11.00646723213798,10.972671362339499,10.976789829460348,10.969133407655185,10.991512046223411,10.96770333555079,10.952045799371685,10.886720454699653,10.955292349272076,10.95439498028539
tid_1877,63,11.001010915206132,11.167714557139735,11.088559736912533,11.085206707887444,11.104885530455059,11.106217094292997,11.07461408256363,11.068235880256838,11.093743394189902,11.09385684959006,11.046982187959125,11.031306048790901,11.043464287731373,11.040754353930842
tid_1878,63,10.901194202644623,11.054676478421662,10.689389792458648,10.75583127746656,10.678405260482315,10.687673320490832,10.695280453506625,10.736043852786105,10.68422947935311,10.69384772906128,10.675824091868074,10.710880054192618,10.68517358288687,10.690863662724684
tid_1879,63,11.069814562872276,11.24606902577731,11.02624117337796,11.010605650619807,11.039886013986314,11.005876418990265,11.01213512274442,11.002322191075434,11.02342194063118,10.999807332348922,10.993669815031145,10.888529365407924,10.981735024333625,10.982721944377987
tid_1880,63,10.777559481473872,10.927290084395722,10.821376064665557,10.794825324731798,10.803268877001804,10.812298722923023,10.815467377121532,10.764496138568376,10.798465580424493,10.808561496702522,10.821510825124887,10.784879105624123,10.823255436892072,10.825026604637891
tid_1881,63,10.906495284742023,11.103572810134873,10.9726543191164,10.973285183105636,11.003166874948514,11.005078861372494,10.969522745758859,10.97741265142847,10.994106945567216,10.99220830058619,10.955243905062673,10.95081057044982,10.952482644426196,10.966700297465074
tid_1883,63,10.820310142948452,11.08150080454238,10.913035524683044,10.888646619349721,10.939536982970816,10.906047502846329,10.910805580251088,10.845918188866099,10.928537367185356,10.904721912692148,10.839815026267566,10.792364734253512,10.840373259123501,10.836416446828036
tid_1884,63,10.650767741676,10.83112961360482,10.734508373220512,10.69171581251857,10.707241862223382,10.714757382269001,10.709535410400917,10.666231786313908,10.69395430398179,10.698044656581136,10.67197137302465,10.632664970966662,10.682048224838116,10.668901241207257
tid_1885,63,10.803295181391883,10.98953624875543,10.859919211977513,10.883849257955886,10.835195817593974,10.84292076418214,10.850002504385472,10.877623790313464,10.828023242821653,10.836113386027076,10.84418008736177,10.806690280056293,10.844935271882479,10.832443535793445
tid_1886,63,10.700985739370726,10.903240370110993,10.725908208913127,10.731980930942841,10.701388283996735,10.709026151183254,10.709157300845195,10.720222606371077,10.693678950122267,10.69900480698802,10.675607132406247,10.650579802198278,10.680016671520601,10.679814933033596
tid_1887,63,10.694849780593028,10.866492008555198,10.74760494905173,10.692191853321685,10.724620408446095,10.73234577533972,10.737471504508973,10.680688675010073,10.72001688049299,10.726860842108023,10.707810593848327,10.67671873606971,10.702830256381246,10.695199162748914
tid_1888,63,10.714224416727824,10.857563352133036,10.761067915768676,10.71189465758417,10.736622192386978,10.74428887736034,10.747487412224906,10.706262260444998,10.729354232354925,10.736010991250938,10.758509737780694,10.67483522368084,10.766533284487977,10.760663376286264
tid_1889,63,10.601380951958806,10.781854170309034,10.752318663271371,10.719339554889629,10.731181784449628,10.738997024093488,10.74794609961416,10.71725134196955,10.729896903924018,10.73750995729689,10.759848295874548,10.700311192712444,10.748539161443299,10.762261502697317
tid_1890,63,11.04489907968867,11.255847602823073,11.15733334866247,11.140212263741361,11.164452736389949,11.16437996529588,11.131073896512019,11.101427702294401,11.147318133692183,11.143560579961864,11.036685786768206,11.067483871830355,11.045449691925308,11.042560529873283
tid_1891,63,10.664590066526516,10.77765544415698,10.733755997624593,10.668657699961754,10.705193442244484,10.712647762056166,10.704323026165355,10.653093701638836,10.689099264335939,10.69228177220731,10.646301826366948,10.643979613347573,10.636290599659553,10.63629246810824
tid_1892,63,10.540053799541107,10.734555851759648,10.701687494990033,10.638231383130082,10.678529811134947,10.686213974784893,10.687243483816129,10.655898863234052,10.673506593878344,10.678537633096854,10.65070439231725,10.649768794451544,10.648766318449162,10.649666425738648
tid_1893,63,10.695475038305654,10.774985918386133,10.60497855725941,10.595452889338667,10.630478645747163,10.595697205913565,10.60388381697847,10.58438317451462,10.630293770067423,10.601373912752724,10.589615596892349,10.605487102670805,10.616211567262873,10.588408233030307
tid_1894,63,10.958475312138976,11.264776877266414,10.713046458551911,10.688192554383566,10.698084529780607,10.70616046191211,10.725830517656096,10.705625679940594,10.70854709426158,10.71703411509071,10.727410856609604,10.675407034578111,10.72039008918319,10.724955950222268
tid_1895,63,10.778228942103414,10.929192174037205,10.81253541444851,10.799020613894047,10.792715875102415,10.80063617671824,10.812932170685404,10.786165611583714,10.792534028689277,10.800873897566971,10.792437100044879,10.789419937789921,10.809328729801928,10.802600137915883
tid_1896,63,10.701557653022851,10.89467423174429,10.715526548380184,10.649507366301357,10.692658122209355,10.700365799713763,10.703322523077466,10.638008253772163,10.68826645002135,10.69404790297183,10.67470085387482,10.655924468773996,10.671530630719577,10.678777485226018
tid_1897,63,10.71435332223138,10.904108403371444,10.7297037450408,10.72028728323997,10.70968530445636,10.717536587569061,10.727589388659762,10.703197689277657,10.710704366252388,10.71816354730794,10.695742039976276,10.708150821973582,10.68824794428776,10.695096584625984
tid_1898,63,10.74698175962572,10.907294533930326,10.764298334013683,10.762446706990715,10.738798401275568,10.746418075464078,10.747827216422824,10.7470313035714,10.729597587125392,10.735904955777663,10.733864345276622,10.722797114008253,10.747935701183401,10.749202875572623
tid_1899,63,10.917284233565852,11.132079308202927,10.872184788252854,10.881757808333091,10.85090419568394,10.858799115056726,10.868820965043577,10.894046473457962,10.847808351238262,10.855603381201528,10.879523651481376,10.862899203750995,10.881854311181659,10.869495243404344
tid_1900,63,10.734281396366727,10.934917829121249,10.91693007100291,10.910187804929992,10.886411635454817,10.893906457135522,10.897448294101451,10.902922351770114,10.872843285962007,10.880624204440503,10.87800267719386,10.856865139236938,10.8755788922632,10.874250903152179
tid_1901,63,10.810135946122536,10.958987030322229,10.759709898948435,10.732909640556477,10.733633208077691,10.741222581060976,10.741109680700404,10.734190451165619,10.723267260250886,10.72914003109269,10.696964616691321,10.685970645932509,10.69857775784404,10.701706094301422
tid_1902,63,10.60814078388227,10.80124968519556,10.583397840872024,10.571160403928332,10.577003772679682,10.585387242943211,10.624321874233312,10.606306846157631,10.611773984717185,10.620355117030012,10.623309435319342,10.617082540029585,10.615882765659428,10.625558586220155
tid_1903,63,10.643038719272536,10.81404588556188,10.780173467533206,10.739662183004555,10.756505887767748,10.764222763962122,10.770027790397352,10.749281645579476,10.750712167346492,10.758150665295432,10.756096482289971,10.705079006958188,10.743943995820215,10.748987107368736
tid_1904,63,10.970987499511612,11.176317819181609,10.806088636996641,10.822830830201305,10.830168148489335,10.795465193179654,10.809327233404312,10.810338014321518,10.822069748706069,10.797498942124216,10.792086710893305,10.853995311526646,10.795006332860302,10.796754742859406
tid_1905,63,10.981645401524514,11.12140468129161,10.994673397483831,10.998109981348968,11.01051546675558,11.01073368345218,10.97964870420045,11.039593117185756,10.992303500627836,10.99183642127138,10.965565209221392,11.044868025312114,10.946904032832999,10.978228834669947
tid_1906,63,10.768661816493276,10.943304794693733,10.83651369460367,10.829504095027751,10.851933391641438,10.852017830429268,10.820180183568135,10.81123352862955,10.831132384482812,10.832280453394075,10.831366159926292,10.764976871944947,10.810206288129729,10.804516218451585
tid_1907,63,10.699471065682593,10.862004093122152,10.742828967427073,10.67630831172419,10.718953555941722,10.726633785231853,10.729608690167051,10.659403158323965,10.712649890841062,10.718956992498159,10.675965343253843,10.650363105836181,10.683295439842142,10.683205612649767
tid_1908,63,10.60836318512468,10.779441588780136,10.617864282982593,10.609296618531372,10.603006740817845,10.611018946120046,10.627168399036435,10.601741899997513,10.617524637254972,10.6235941171088,10.625071523045767,10.599141497256234,10.615721633161222,10.630365091642036
tid_1909,63,10.638016570874845,10.808753736792829,10.672786507714465,10.663839135938373,10.65218789338646,10.659970994057108,10.664758447468689,10.66347496557718,10.65275188831513,10.657966737914327,10.645470124374157,10.649249503260979,10.646859391124046,10.645681813981293
tid_1910,63,10.87367538594786,10.939585935814996,10.70055770146126,10.658565937547728,10.682029781472183,10.689929814388835,10.701685354169145,10.641447116402768,10.686406805563829,10.693643402169897,10.692499428977024,10.674772705013126,10.688942793698063,10.69329688051703
tid_1912,64,10.669999035939163,10.832408190310304,10.880472704099203,10.86756343020158,10.839285137624653,10.847312056593056,10.831169506033554,10.888095822261795,10.80141028948029,10.802192358675066,10.882771383139907,10.843014207860797,10.851370216165101,10.867988549289105
tid_1915,64,10.723256370752935,10.836125930518808,10.583137352634182,10.538377318098938,10.571263509716909,10.57892600068825,10.602506378556823,10.551997485880172,10.59515625028407,10.601240318947584,10.599317241296255,10.60131203918929,10.601228772654625,10.611213872749094
tid_1916,64,10.537929829940076,10.703080409753667,10.651324704718537,10.598650231101523,10.637129983071995,10.64521091654414,10.66515769983018,10.593394130469692,10.65264295322436,10.659895046249787,10.670414938384834,10.651648685462767,10.65323872376138,10.670797230970344
tid_1917,64,10.621019981381703,10.77756782642059,10.651872969720236,10.652206050310458,10.6433767122986,10.65243657384774,10.685938875427931,10.65084363774734,10.670433914446185,10.679342166940732,10.70072359543479,10.69265528598245,10.693484008381018,10.700517748360634
tid_1918,64,10.496938699480356,10.63757272088885,10.520785942512868,10.50360300301466,10.51970336488305,10.528462498487237,10.584328046255512,10.561118781506767,10.574072800257776,10.582817085325892,10.63034091780396,10.5672153568773,10.614495527386259,10.616584432870306
tid_1919,64,11.006825325163948,11.19355318711678,10.972461770215473,10.992232781765553,10.998406462495897,11.003123619763146,10.970575559835373,10.991881847817499,10.98845581448921,10.98627743433437,10.974488358028028,10.933497478300305,10.960435661008642,11.003645565974873
tid_1920,64,10.622090469067862,10.769549686190455,10.786459467171449,10.764880690559972,10.819904078825177,10.823679279844248,10.815821367594074,10.729667476764467,10.827637963220642,10.829060130256957,10.79924773589136,10.779559273448193,10.807488283410958,10.80864748054956
tid_1921,64,10.461908341029762,10.595989524994083,10.650632469693313,10.59185418294367,10.629577950549942,10.636480067727602,10.638654080879054,10.60901677445824,10.629653530746268,10.633275555938518,10.557803861202569,10.562591659087598,10.55018490024036,10.54596361678564
tid_1922,64,10.648009649152485,10.813212778568118,10.804794705790341,10.802616352504229,10.834577169079397,10.803561535035435,10.82459060675485,10.796293942021553,10.836552958820707,10.813868005385961,10.807564034252396,10.826233846456523,10.813931218339967,10.827517451808067
tid_1923,64,10.604875682997651,10.777594947016494,10.563479813046484,10.593080911300497,10.550275068710045,10.557475653662701,10.575751276124194,10.562576484979349,10.57179731245515,10.576296429009291,10.590236293495256,10.602531366018503,10.588096287335528,10.588857887636907
tid_1924,64,10.467507911804198,10.56738613273695,10.523407592612962,10.476094105230915,10.5586859883519,10.525247101262863,10.564758983581873,10.481900663399298,10.590306466591848,10.566102246864224,10.596458991743331,10.61275853851429,10.619485139370253,10.592665625490355
tid_1925,64,10.633819721721377,10.815083280106062,10.619679382270544,10.604537860997407,10.601184136471195,10.608153241038357,10.614717321671263,10.611263248173442,10.60778110486886,10.611562779947969,10.523313098724298,10.529348073029965,10.513537644912539,10.512056779674523
tid_1926,64,10.649680116678526,10.77447961786295,10.663279562657259,10.5973401748017,10.646443080927012,10.654216024237932,10.668130910188017,10.632907418601249,10.655877419882742,10.662365769357297,10.637932521682332,10.636476761771982,10.648222589323076,10.658470787707326
tid_1927,64,10.723166057310156,10.890572199710364,10.599080378604874,10.576193464857221,10.635382098762221,10.603021716008882,10.645991346876334,10.567005368312737,10.663105301488724,10.641040362421146,10.68892589800872,10.67259200359443,10.7139066999157,10.68871922386832
tid_1928,64,10.5373915004721,10.67670667111163,10.67812407333743,10.614414484875066,10.657223639124622,10.664480426944763,10.669345573137516,10.611297745485974,10.657485368306407,10.662451572854655,10.656740614003128,10.66025706353498,10.648838005142192,10.654048713740762
tid_1929,64,10.613740098599008,10.76882177540943,10.6378532408162,10.589407498699014,10.628175307545785,10.63686606846607,10.667716145052863,10.60156130550639,10.653821242716408,10.66226883326088,10.696778019886787,10.647602636681853,10.695155521113072,10.689538689617175
tid_1930,64,10.49802637026078,10.677615462228353,10.670493921765509,10.666412816853162,10.662417832112183,10.67177181147747,10.705708546521791,10.688340996285037,10.688932966084385,10.698041413812403,10.676791806110426,10.709235697751426,10.698540325576596,10.683590724795577
tid_1931,64,10.584739261683008,10.77101651983758,10.632883154032935,10.644185689584178,10.624853890210677,10.63376661216743,10.668675730776128,10.666774300470323,10.654180462143607,10.66295543949401,10.69321389549787,10.704212027939128,10.692654248755044,10.698434398478605
tid_1932,64,10.474741072887062,10.645360609484804,10.613706706568497,10.610993817536578,10.59459577051893,10.601388472863661,10.605610711754418,10.6406575519926,10.599767258075051,10.602832642163609,10.552084084131344,10.59263309739439,10.550440340423977,10.54618126708916
tid_1933,64,10.831722665427256,10.787011261327375,10.583868663158203,10.502917002675197,10.57385533418244,10.581844036319916,10.610967084547172,10.5495251694581,10.602113298993027,10.60911908731354,10.603461448097416,10.582329501214257,10.598796594916383,10.615564352242044
tid_1934,64,10.607683470380955,10.780055685333329,10.720948833375601,10.733664650700383,10.753870117694992,10.722388578211742,10.753316640754576,10.73751072687046,10.765754765442233,10.743757582136034,10.778681738411443,10.767202302958081,10.769218073674306,10.769165161842032
tid_1935,64,10.573105069018863,10.675894057081642,10.533797023584066,10.514887115576641,10.526167202486326,10.533964535056349,10.568749659292076,10.574909486413425,10.563491593485452,10.569933008377747,10.576136353106094,10.591865395535393,10.567729151510594,10.57366553526792
tid_1936,64,10.48629238424425,10.59481808398785,10.590119046810354,10.616502764957295,10.625366549928989,10.627104175288014,10.632964480255016,10.606792231588077,10.65159694371007,10.65362943563745,10.6381022790962,10.68617319096155,10.673662215486576,10.666905607766237
tid_1937,64,10.436465980943252,10.596552229692762,10.670906679233543,10.653549770894244,10.652219076089132,10.659767249507023,10.669561180738345,10.659317959965893,10.65745454556385,10.663319037238924,10.635685717411727,10.686541653755553,10.641740223308641,10.643803574567384
tid_1938,64,10.585240059682189,10.719840815196338,10.598413817160246,10.611313383221507,10.582678504266466,10.5898645506644,10.602829328978881,10.625568396177922,10.596560785040783,10.601090815391991,10.591062429360203,10.566410790318773,10.590232991061692,10.59342303660923
tid_1939,64,10.602047557295936,10.774904341824916,10.587282875492596,10.625096522883362,10.626001409662457,10.593912512086465,10.643614965776393,10.63885080932751,10.65982132796251,10.6380861167909,10.682090122806866,10.690931325552187,10.702625175897007,10.664068818166081
tid_1940,64,10.429236270959974,10.54094758934847,10.579008090970808,10.53844541066006,10.567576864989446,10.57526556098117,10.599980397943538,10.579320437006965,10.592748277139508,10.598906776283993,10.6166044602514,10.62328965758754,10.611299466974558,10.627913059476098
tid_1941,64,10.575860433879596,10.717756632980931,10.714454742687112,10.670501668815483,10.705966061814497,10.715774734018378,10.747004023469152,10.722661735482333,10.728594635292854,10.737675967661753,10.772541032088743,10.697319986901482,10.774096603085763,10.76711038714445
tid_1942,64,10.51992646001141,10.605473059763083,10.551486111148357,10.498655471244714,10.543449211682322,10.55138837095832,10.585486670270786,10.531645647750155,10.578521831488464,10.585381698650526,10.568263333111052,10.605695983584196,10.573435570279207,10.580294637765485
tid_1943,64,10.461092749158212,10.57380101668713,10.550365844705803,10.50619708406471,10.539353484205517,10.546771533108561,10.571285290884607,10.538949929929656,10.567096727857855,10.57234175536879,10.606277370530188,10.584219769452911,10.590560562762398,10.603770359877318
tid_1944,64,10.640895607883776,10.810737539758136,10.656133853335827,10.6438471429102,10.651428432503545,10.661186052746642,10.702890199330687,10.673831564409317,10.685172556561723,10.694493034509177,10.698985959813802,10.701784955603145,10.712271482183253,10.727067708795117
tid_1945,64,10.425680324777195,10.55966987359058,10.552747213723086,10.46612999329955,10.544413175377624,10.55231669466184,10.5855206517601,10.503468061867967,10.578675706170527,10.585437037086779,10.56883870053867,10.590786024059645,10.579611202433796,10.580294637765485
tid_1947,64,10.687872997530322,10.832127715318144,10.680209215378454,10.714158757269061,10.665991335939799,10.674413333360775,10.694976813141176,10.71480805845717,10.680270922946596,10.688221054106544,10.686517966677435,10.677270146730843,10.69363721423757,10.69010844559017
tid_1948,64,10.750040135272924,10.91077919262651,10.649666591538708,10.680988083945211,10.639315520813872,10.648032524770146,10.677247363754667,10.692948598790563,10.662865325401382,10.671336662010427,10.699120936689903,10.716988761334296,10.695155521113072,10.693230316192906
tid_1949,64,10.430276088376663,10.615481020892434,10.65472203639852,10.564629755375808,10.633008217727113,10.639846681278817,10.640629504879874,10.607719766016073,10.631503015913738,10.634892235962338,10.56665214685826,10.594418713514214,10.563886423447896,10.568644163726713
tid_1950,64,10.68237196537464,10.771801589285174,10.579778577930236,10.625907398781749,10.56969005647867,10.57761707319601,10.606382763290647,10.637631650128258,10.598017513499714,10.60485756063529,10.597810087386996,10.634492571081955,10.60771113866906,10.619287315500356
tid_1951,64,10.481770870006438,10.625253773511416,10.676108776560792,10.674727596167967,10.66071109171055,10.668882790187862,10.686696030281965,10.674395800836367,10.672770734485661,10.680227856938247,10.67520112154978,10.693072234520157,10.659089566212007,10.669313932096696
tid_1952,64,10.834499395191676,10.990179070308544,10.996804577130757,11.015402846103743,10.980707586833072,11.030551172341536,10.993200489610592,11.002272015735214,10.960045318594258,11.010012524002326,11.001997029303269,10.941156544152358,10.991805511649774,11.012523148033011
tid_2887,64,10.99622930997249,11.138226197330074,10.991887652545227,10.998430431708675,10.992975401268154,10.982939593873134,10.990965486297537,11.008927341439273,10.975997493998364,10.945925628874122,11.041902933629407,11.065235038906472,11.054776404411099,11.032950306691905
tid_1954,65,11.309273217986428,11.478592785889724,11.287737672874652,11.296784351848343,11.425358207689495,11.418943751142079,11.306092329614964,11.235444795696166,11.417005910904344,11.41245542785464,11.439128025952085,11.416559674885592,11.494099521509678,11.472350005646746
tid_1955,65,11.431354172940004,11.592534848002972,11.501404970495068,11.519848828013089,11.629359651889848,11.48525608777184,11.571297710964867,11.560105776225422,11.679594688083446,11.550295375825058,11.647753605275101,11.486773574237976,11.735863322648695,11.650947385314256
tid_1956,65,11.39729236654166,11.573621613640322,11.291283106087503,11.331061942384322,11.435460131744515,11.428640503874835,11.303888860463822,11.338556992632714,11.432320062245859,11.42784034365066,11.326173242455997,11.284603302198608,11.421559709789792,11.414684221902593
tid_1957,65,11.630560934183665,11.760493105020627,11.438558890351803,11.482284078539916,11.576780275157326,11.43177474739082,11.475619209880898,11.498773754000236,11.607620544364268,11.475467811286983,11.701433680498983,11.629526443836362,11.708994989996377,11.71328941430524
tid_1958,65,11.76689614007964,11.916546206613075,11.754570023547375,11.796079040399096,11.854007479581355,11.851859216722383,11.972146239265527,11.960252995910574,12.008350868020342,12.014739939501332,11.890773736806771,11.860771022085693,11.90236118203038,11.884995953308538
tid_1959,65,11.311527505115428,11.468229308901371,11.316665881799072,11.423359647222524,11.448931731948292,11.44297264544472,11.345473533847784,11.445726920202771,11.44407432534264,11.439496980726695,11.583412201942917,11.434307787123632,11.663981420454567,11.63529331713135
tid_1960,65,11.455101417880908,11.59629831387091,11.309721111519481,11.309172855453857,11.44922404014288,11.442775256155569,11.330008198102966,11.308502921534807,11.44811188107448,11.444157319679745,11.528107944468298,11.442127838432082,11.593984217511231,11.576927821143377
tid_1961,65,12.010226238895306,12.169068354298116,11.576995594281149,11.600136011187088,11.540187245706617,11.551011814573474,11.690358026961553,11.757522654715105,11.628853725472956,11.644046190156162,11.895284116740758,11.81511587733825,11.890049690716824,11.89125823532172
tid_1962,65,11.604688451826954,11.750696708041826,11.513208116388448,11.537117457325698,11.640486151456923,11.635614547034807,11.586557726149737,11.572723985215692,11.694457243792614,11.693670775280209,11.679365683388605,11.682683117461572,11.773955765302423,11.717167423972754
tid_1963,65,11.270923965010422,11.444767601909543,11.291164264252945,11.340792949327872,11.434668966138888,11.427891842970718,11.304497598436365,11.33916100142311,11.43118845204196,11.426787153723142,11.350237532122414,11.306227107725972,11.453566899170331,11.43381484710635
tid_1965,65,11.333981796681776,11.457019443030635,11.168348363038136,11.1860418064119,11.315964739564825,11.308444483031485,11.161788624367537,11.156790607657822,11.287900404511824,11.281482215044168,11.396874581665637,11.326648632540506,11.494247995232623,11.49497423257925
tid_1966,65,11.38347146276573,11.542170625798438,11.160497028082503,11.280586930234492,11.306004471014292,11.298588292936563,11.152233013667548,11.2411020649908,11.273479296190763,11.266332242063628,11.365776831619462,11.333529346343495,11.445238437490596,11.4382358939495
tid_1967,65,11.350114728194969,11.532004300980915,11.36573736419115,11.360539391700538,11.500644870833874,11.494708875671005,11.400829437950263,11.378647918026033,11.512190005229442,11.509213606123177,11.627917046206605,11.416304445093367,11.704000870460229,11.643956483110351
tid_1968,65,11.738137275960067,11.903762773236732,11.380732263182287,11.443636471969617,11.51569022606681,11.509809653070283,11.418070420256603,11.471015043782867,11.531440442999655,11.52865673780977,11.629924942120867,11.60369216426454,11.694886494739428,11.669615988103827
tid_1969,65,11.410177090255305,11.596810627105086,11.292115420194255,11.347388619781448,11.439704293602908,11.432669863258326,11.30072166764873,11.34069481170624,11.437891793883695,11.432734827324456,11.439446788055754,11.322465222997268,11.47019384617805,11.478567524013938
tid_1970,65,11.773866409305713,11.940239471346436,11.74074096988209,11.8729834848924,11.84558913957182,11.84304098042955,11.93235380231953,12.053867073426536,11.991574740470448,11.99709043455354,11.936079625728846,11.882875821507586,11.92427781870003,11.88579189930358
tid_1971,66,11.345010828320213,11.528690540548611,11.233650437379552,11.247696218456113,11.218473938924875,11.196930616912741,11.154794423966072,11.220388205649991,11.16866360990181,11.110075844626197,11.255254424962423,11.306116087395587,11.251340774255922,11.286845186504818
tid_1972,66,10.751146062167289,10.948437075167952,10.93547484713276,10.96180876485169,10.957358760444864,10.919568756023972,10.925990980907626,10.94941392629868,10.939994914681503,10.914513458169957,10.844375628413305,10.911971352085423,10.862658105092539,10.846012425638765
tid_1973,66,10.80243475106264,10.993423981201303,10.867122482744513,10.920585738326265,10.852613915712816,10.859843169092095,10.868440890434083,10.931522680364543,10.852106642762008,10.861067867456045,10.844903185745599,10.934924657090585,10.855013284475929,10.856091540134361
tid_1974,66,10.855562329749054,11.037943062175016,11.084158088028936,11.123513760236683,11.098072288318908,11.093741570839237,11.07088615772423,11.10868224630283,11.083444717287234,11.082364315038133,11.044726740228986,11.098905531796376,11.032761390429195,11.042920816534856
tid_1975,66,10.945446593863853,11.136244587355687,11.043080257963023,11.051627280610097,10.99483532509105,11.00168001066687,11.009527495602216,11.042035664303675,10.966208839331657,10.971915783380615,11.227674021247516,11.250875452735066,11.152560096286944,11.136498356918104
tid_1976,66,11.154209868887918,11.417729778611278,11.025041645454737,11.06405549589601,10.98349432565621,10.990266566955805,10.998678451317561,11.06011992767417,10.962835342828663,10.970147441201751,11.13098847426492,11.228353148621077,11.109398032664869,11.112364517078719
tid_1977,66,11.055607432226504,11.223795678419249,11.208184219466863,11.200901863976465,11.160485093138423,11.209990555156038,11.19660162920098,11.137235827847903,11.152173288951236,11.206395375014461,11.132910904748362,11.104039242118914,11.09393855413805,11.130776643594652
tid_1978,66,10.86769187402428,11.07689959782942,10.997326251887037,11.017780955876976,11.014887524651341,10.976702062149059,10.984750030372036,11.003960648073239,10.996874382857397,10.970837693114165,11.014332076849447,10.97651240791671,11.021570852545736,11.010230384289597
tid_1979,66,11.501583386084906,11.7085917501427,11.272228689516345,11.266673645361033,11.220915731143199,11.269981939502735,11.263405221593386,11.212524927160475,11.219833883142709,11.272741092183054,11.174394306521204,11.158234365672678,11.111195682069619,11.166277337777949
tid_1980,66,11.161974110001092,11.357174171510817,11.107978285092296,11.103034307166498,11.110162024657486,11.106026651818135,11.091560591856007,11.09875753162204,11.090278183115968,11.090255669120591,11.15583747024175,11.093123159450464,11.12878896147986,11.138391542223776
tid_1981,66,11.15194985785123,11.296069604631208,11.157512989977917,11.167231348152743,11.16175724390022,11.122620885754035,11.145792733933645,11.168227723799665,11.150107546051252,11.122978618462904,11.176780219966469,11.083827280709075,11.165446120969703,11.1688258961711
tid_1982,66,11.280115342539249,11.432969503534128,11.117718266718255,11.124667361365118,11.121926476219421,11.083141851317432,11.103281225228736,11.142608440267084,11.10516904274514,11.07869415976243,11.183246015428027,11.101660418855134,11.149126311518483,11.162806705705284
tid_1983,66,11.049864082469291,11.249463698467643,11.041159347142377,11.01412021279477,10.999957320297337,11.006575680923401,11.017641069749951,10.974618903544515,10.982255092496766,10.989859549368306,11.16761194686642,10.99736992239592,11.134665160664634,11.112871201994086
tid_1984,66,11.402005077384883,11.53572262378595,10.901604876592504,10.86518580527041,10.85316303987846,10.861260557400776,10.830537777709377,10.796028760959667,10.793867788325343,10.792383147251295,10.805119694210031,10.709837497294467,10.735117911130667,10.735790985320985
tid_1985,66,10.785114373246923,10.966175555525584,10.99090122752415,10.9992689323412,11.006948943179394,11.003365890991704,10.97677672566504,10.985451628734356,10.987307746606906,10.987839226510443,10.904088593064344,10.919539333985453,10.91203684308108,10.900138397761037
tid_1986,66,11.081662433640895,11.272628125086957,11.054933930259116,11.07181429271523,11.08300412780485,11.078441889007484,11.040987068830697,11.065039313653875,11.067607493137183,11.061720510095792,11.016703206568515,11.035155705383845,11.026897356533691,11.034571848892273
tid_1987,66,10.830557974220511,11.011533536974316,10.911965712730202,10.930933988175457,10.93088915949085,10.927902004506993,10.897384617365205,10.926918287988297,10.90919295256433,10.910192507555672,10.910563982251956,10.91613466225857,10.885639436015223,10.907036343239088
tid_1988,66,10.90590827309133,11.07181711691375,11.032708205179015,11.03739078800871,10.99726037865517,11.003754437200723,11.014640830666748,11.026905120663583,10.985392603468382,10.993525204484865,11.061047416429924,11.023099093861912,11.018663766870189,11.000722118207662
tid_1989,66,10.738138635638132,10.98815979534554,10.942796199272246,10.954628405407046,10.90145283627398,10.90894240265433,10.901907969928295,10.90607604748474,10.867852574621743,10.873012625675727,11.096742363561235,10.980713825908694,10.966301519759579,10.950153236491454
tid_1990,66,11.107145807396568,11.34048334542744,11.09409503533587,11.12605503256942,11.102478284814422,11.063757524602066,11.079695416397314,11.139105421552673,11.085902755531059,11.059342937816725,11.157400493565996,11.106764235832891,11.156099925839415,11.156992201333463
tid_1991,66,10.942975967701498,11.133788704079548,10.94766740185156,11.01637881148876,10.962365495990017,10.924716285798754,10.929128242615555,11.035168384152659,10.937923315538848,10.91226975986824,10.890854823888743,11.045600193174591,10.893878173065572,10.898889704711348
tid_1992,66,10.742376586199086,11.05993311986428,10.927504447451037,11.000086254403707,10.890266961273475,10.897749402314314,10.892927118539408,11.030822600541773,10.86252197348166,10.86889588298809,11.037995591532976,11.134652674268917,10.983048496838133,10.989590110045265
tid_1993,66,11.06614136385852,11.234973237020082,11.190475907329239,11.19010847041987,11.195912334490329,11.190938032272058,11.179705954082023,11.194138775548419,11.18850151842989,11.186492481287472,11.13361573064774,11.146844874828112,11.139617189746657,11.118806752940676
tid_1994,66,11.074043687611898,11.257611190817745,10.893970844518114,10.957943796821707,10.867344769480013,10.87475606479846,10.876574208628046,10.968164933972,10.8538938817524,10.86250360363579,10.962907769422289,10.962944975108257,10.868919240515773,10.891363414024648
tid_1995,66,10.921932264623791,11.21195955168958,10.918342923545422,10.952003252450156,10.940628746040451,10.93746929686619,10.909005954271668,10.938244002210187,10.923020465888134,10.924061461183381,10.894114302120448,10.910557679972307,10.875251222615452,10.874242914148686
tid_1996,66,10.868863643100765,11.177290477757891,10.848002429070768,10.905915984771323,10.830799442999032,10.838290152542287,10.84522470880802,10.909231156374833,10.827650882965704,10.837033615414335,10.820870209859915,10.9157686220979,10.833689396628298,10.828392674794094
tid_1997,66,11.092359409326823,11.25819191242581,10.963554521392217,11.002085181780641,10.920370082778865,10.92774040798862,10.922889964329075,10.995425168445898,10.886545801809108,10.891640415203858,11.120417106987958,11.10449730943434,10.974407545294424,10.94757149322914
tid_1999,66,10.96517475774233,11.22819902034408,11.012875530995766,11.056224534876346,11.027349206577297,11.023626980879486,10.99826012528531,11.062344887609036,11.007943684490366,11.00830967159931,11.036119732361621,10.966092784604939,11.036972692743854,11.021091021195172
tid_2000,66,11.043798251559911,11.284898760446332,11.12022090143091,11.14478311516821,11.151205384107909,11.14596748467719,11.092800760263527,11.143511281557824,11.130733365002046,11.117695699200832,11.02261453738795,11.106493652953944,11.046064430887222,11.033275911742173
tid_2001,66,10.865806542788755,11.050199290694724,10.993587420240107,11.039817270741414,10.955540445175522,10.96246882409759,10.96785445467086,11.050171074981645,10.935566933923427,10.943166143620097,10.97756401551718,11.087552921507708,10.979631216071226,10.970275249860022
tid_2002,66,10.961782927442552,11.126909980683378,11.000515310751322,11.015705289849041,11.010110330892013,10.972171914171668,10.979794265408799,11.016251867947966,10.98445474952948,10.9584681476294,10.957800242599626,10.872616069214747,10.902407605115263,10.918920439843731
tid_2004,66,11.062222376211867,11.282579790518277,11.057331361629329,11.100311326279165,11.082631613391637,11.078143925979584,11.04423398153113,11.082890751699331,11.06802510811558,11.063570207772287,11.025196147271291,11.07494683616289,11.026716637543805,11.036352937685733
tid_2005,66,11.053557872021996,11.23625586536967,11.122781386797222,11.146280899006225,11.13395865447748,11.129382292199974,11.109602194358061,11.149280630360096,11.121336267109482,11.119811367858349,11.03373823105206,11.05067073579501,11.029309690901814,11.036886878601997
tid_2006,66,11.140819211304237,11.331837546930984,11.097155009853473,11.11522902137287,11.110416290581423,11.105993654008593,11.08384196050235,11.112933195473476,11.096464021351789,11.095159991736317,11.03373823105206,11.040373928987432,11.029309690901814,11.036886878601997
tid_2007,66,10.72835135501992,10.9118705650534,10.940665665884607,10.930217830586388,10.905974490761185,10.913253072786436,10.913359018421174,10.905068154613438,10.884503635458984,10.892022649183984,10.988263276878245,10.926275494072588,10.965826189626044,10.958998280564199
tid_2008,66,10.859594973780608,11.138223288218008,10.931062924679688,10.966886120971335,10.954404356813368,10.916602871179995,10.92321270169608,10.957763798499679,10.938151278822945,10.912605879588405,10.852512096826057,10.897962607466118,10.86751138514105,10.850316564503611
tid_2009,66,11.037688968123469,11.22058589653639,11.081949961628533,11.069862184244244,11.045550627898818,11.051643856724027,11.0668123519651,11.065867765921716,11.038203581995232,11.045959020687826,11.108011792301133,11.114966384089062,11.0995633366737,11.121649966816456
tid_2010,66,10.9999107802911,11.214950603033015,11.00176020283157,11.038757006813878,11.02835118344344,11.024308355569843,10.9934863407679,11.065246733745337,11.014198683342576,11.011949671291294,10.955325529769125,10.944379948281515,10.94829942720531,10.950184822082024
tid_2011,66,11.002409793164166,11.215618555353128,11.011139370735798,11.03728358056064,11.028310464898233,10.99001682035035,10.998532571463494,11.03974376770714,11.01080680627649,10.984559956024057,11.012355412549114,10.92461938839855,11.000067999048786,11.005295524871887
tid_2012,66,10.647453790050829,10.870632982628594,10.906889531373047,10.917708149816333,10.929522093081852,10.891957994881654,10.897728185035207,10.911288916734918,10.911852628922297,10.88666182028263,10.860630347688357,10.879038224401642,10.87024308373956,10.86823501336308
tid_2015,66,10.77361077806526,11.01592877914068,10.86600465035819,10.879794084522636,10.842185828010175,10.849746477989461,10.851764874732241,10.849934847488043,10.831040495887908,10.839880821400302,10.903820324807853,10.935583599912746,10.863202611119176,10.879538364088608
tid_2017,66,10.641106060692902,10.848542596370708,10.727313125551206,10.752061092142887,10.76041571564727,10.72407161326582,10.733494003231623,10.755866731656814,10.754259337298631,10.729997922757072,10.701706388940092,10.739495579778763,10.714401655285737,10.700670197206037
tid_2018,66,10.743683108304811,11.080659911852951,10.76105476963766,10.80734811763475,10.739853167843028,10.748247762427216,10.743171102667251,10.797439893015072,10.727461418109597,10.735194602655849,10.706405110234071,10.787463522407602,10.689799962447402,10.697524161749904
tid_2019,66,10.892558375319812,11.124231924546528,10.965320906514703,10.961803520771477,10.982445861081821,10.944557351983171,10.951210797529862,10.961666944649656,10.962107316263332,10.936518219111122,10.906600684191876,10.88780694330759,10.884690849543162,10.896286841793037
tid_2021,66,10.778787525650143,10.983903622941884,10.905595138180958,10.885368006631571,10.917194107102867,10.88002248002692,10.876508952853207,10.862209291060758,10.88373476472035,10.85685159130053,10.872888468367497,10.911830918803265,10.912907749384958,10.884881465445238
tid_2022,66,11.160228313400712,11.245793452835262,10.801718668076695,10.822230099143619,10.757670115917179,10.766495639702098,10.714370588865268,10.77007299872328,10.689935013106743,10.684709524798539,10.621535196461014,10.726067905989183,10.590889831783793,10.598391192287643
tid_2023,66,10.80408986215396,10.99345087986898,10.761089555939215,10.783778804984978,10.74715378688069,10.755297132598411,10.762661938276215,10.765397975991384,10.747783844807886,10.757484842687942,10.755273136914592,10.836557818270727,10.745243133049977,10.750047536511945
tid_2024,66,10.705412901918402,10.936276940048108,10.984059718760662,11.024877421553846,10.996952586837299,10.993538750632347,10.966017892201803,11.019622176513796,10.973557053259258,10.974140560602208,10.919290343126848,11.029825580268673,10.89226508609158,10.899455450169839
tid_2025,66,10.602328492837994,10.857696226248486,10.743400558179296,10.812424419188847,10.919764229646724,10.928049007312401,10.744119219589683,10.84172429409494,10.899953553060183,10.908709012471345,10.701967743264362,10.740050312421927,10.763579058729412,10.735562152084992
tid_2027,66,10.582675251326656,10.79913058013712,10.807178017621673,10.83148996898806,10.778052213918215,10.786314263041884,10.772716311589436,10.816392838690705,10.752395387668079,10.758206599045096,10.667098537794438,10.75657908783743,10.666379651074841,10.650632387958627
tid_2028,66,10.609916143401987,10.867966362600418,10.883052631499542,10.854016386513223,10.855468812590004,10.863009346985308,10.86276182438022,10.839180285574628,10.839742197839948,10.848053538850625,10.90009516846901,10.807868017109135,10.855221195175822,10.868254802249542
tid_2030,66,10.680251814309353,10.880643818381524,10.86146136261617,10.87067133086711,10.880247692590757,10.843216537398408,10.842486286902876,10.864618790606343,10.854988879631756,10.829250981060303,10.87609226149466,10.927639269944796,10.872985129662906,10.851932468057473
tid_2031,66,10.92153672036148,11.137417138151868,10.922656628257077,10.896796628815114,10.887368827754027,10.894826628572046,10.89148409075245,10.86051815654261,10.862618543635971,10.869558803909865,10.991356871673394,10.886022654616903,10.951978892188313,10.971902883839743
tid_2032,66,10.973360802864432,11.175261518544875,11.079476207844921,11.073369950406757,11.09478550278553,11.090447837685687,11.066371276436659,11.060068554053098,11.080319621752242,11.07899700618372,11.034700841795097,11.035048781825791,11.029309690901814,11.04089036750403
tid_2033,66,11.072120184661037,11.283055592593591,11.13788742395525,11.127284989910182,11.136827174532646,11.132540418432862,11.123065407038697,11.113984464505645,11.118459800851115,11.118303789533504,11.137937937482736,11.05083733723368,11.11604756559413,11.111331598393651
tid_2034,66,10.77432265449683,10.93485009245287,10.861622603274256,10.868477150575332,10.889151253511672,10.851816741775426,10.859052455652254,10.863824333416181,10.875585482100215,10.85072186468605,10.839715622658275,10.860123409482172,10.843742590604059,10.833584984299872
tid_2035,66,10.626625480870665,10.83391981988192,10.768734434238961,10.80974570340377,10.749533545375463,10.757791402729815,10.757266042842312,10.791378772023954,10.741391108327068,10.749981893097404,10.787138929800367,10.82771270829678,10.784071795528206,10.781972174413323
tid_2036,66,10.661000583076838,10.877898124820446,10.813734890476718,10.824957509277727,10.79451474603142,10.802376931041687,10.805630449252552,10.813304762123117,10.787942696021771,10.79713957745068,10.821901853502531,10.832213536616644,10.822164512646227,10.815961797370525
tid_2037,66,10.627348208252018,10.818303197003594,10.714195558198561,10.716243498292682,10.698644692191499,10.707256833624593,10.70831142113497,10.691768422449279,10.695811290924489,10.704409290049348,10.69601168090485,10.763537515171082,10.689061063424544,10.707563123274547
tid_2039,66,10.710791200696756,10.892658789248424,10.889447289286231,10.882395922020185,10.852180200100834,10.859444325546386,10.85664554919158,10.869064995355714,10.82900294057527,10.83444132797103,10.806986464228544,10.880360845992714,10.800905583893405,10.812428361582736
tid_2040,66,10.618242103412442,10.86624384401702,11.125209966528208,11.167756138575204,11.117550771761104,11.113049058253457,11.097306642124408,11.207471617826938,11.089227110484748,11.086964377168911,11.173827729536216,11.176378362047133,11.084339830985217,11.161120222804765
tid_2041,66,10.665334895081113,10.887235043346898,10.885243710908693,10.883813447065355,10.845914914326348,10.85328726827816,10.846677203262868,10.8710190908247,10.818352641891012,10.822933295334861,10.83269573042719,10.906286636595741,10.804110376398183,10.815736064817575
tid_2042,66,10.862874171675754,11.0192240481316,10.876858888704941,10.871811026721197,10.851496162083235,10.85846001376788,10.868239823099477,10.865436889327071,10.845553390550409,10.85284439416133,10.848360312103345,10.842043338695685,10.858059262201518,10.847546267969028
tid_2043,66,10.61681719020856,10.826245327933194,10.83130760174113,10.802503864682885,10.779751186203217,10.788020886832495,10.739985613152733,10.832980324867755,10.711956846792447,10.705492879120271,10.643794130681274,10.720221404549138,10.61575795830541,10.625997470355042
tid_2044,67,10.949705941372654,11.13376678849691,11.095992544915227,11.080904856355675,11.077610398547987,11.123151477798201,11.080667738617198,11.085410695056407,11.059060736119628,11.105982505927956,11.022726208299359,11.048390512178441,11.012205008033256,11.044598326352272
tid_2045,67,11.211958200525382,11.377804237799664,11.108579010806821,11.088671963923343,11.066784596277795,11.074503322855929,11.091608775400436,11.064118651932366,11.057403882159951,11.066904639473828,11.12401895332693,11.166998067948272,11.115369995328265,11.112591217425926
tid_2046,67,10.474020671804402,10.683016536946118,10.74046152644207,10.706015200879055,10.71198095689536,10.719140811087204,10.710807744879554,10.683852744454004,10.6955462823181,10.6987040121178,10.659308660497338,10.630852826706812,10.648060242479831,10.663711417169802
tid_2047,67,10.813470431671847,11.006510101692786,11.025605311335562,10.996353053137918,11.037221241891913,11.00001419222185,11.006065889901794,10.99205018357136,11.01735000859026,10.988523357119204,11.008212704419035,10.911438817938913,10.977127829929014,10.98196514564954
tid_2048,67,11.01665342221175,11.260781692878796,11.058334452096092,10.992467811743394,11.061901578708229,11.02489468098449,11.032054888686464,10.96179298937112,11.037006489213285,11.009684329609737,11.02218390710305,10.921452107427998,11.022747235560736,11.00331057864321
tid_2049,67,10.595866938417162,10.762833259565989,10.744228450395134,10.678103715353647,10.706110730174306,10.713805281311679,10.683216497129782,10.609874708474198,10.669437294470345,10.664623229471152,10.617528938855873,10.65556866218281,10.621884234371747,10.605206751684976
tid_2050,67,10.422912099365483,10.595436515520026,10.59844236743008,10.574106404630927,10.582808599736532,10.590396829871063,10.601283837929127,10.566712027145376,10.595276401165432,10.599467201461422,10.601091825745762,10.654037554724663,10.595840799101456,10.602490547889293
tid_2051,67,10.887898508584634,11.175886467770576,10.984740214175913,10.9962290336607,10.9468850992374,10.95256082708564,10.95541960025386,10.96513059142396,10.92610759708793,10.932554695021553,11.008217470552605,10.964200854042469,10.909493242741588,10.932659798202076
tid_2052,67,10.645598691686189,10.825219454359669,10.747783328795771,10.703556619067632,10.722995678754845,10.72987762674525,10.730306275606466,10.681615424764773,10.713695117821574,10.71907381185817,10.681705432484433,10.66362334530998,10.680055759518856,10.686180315114282
tid_2053,67,10.54337371453482,10.699716905299418,10.793380504053763,10.761063702756031,10.762916485148143,10.769752043899436,10.763488605874334,10.736927485842509,10.743936422300159,10.748315324147582,10.755590819528301,10.708027964550455,10.737438053459945,10.769896671045009
tid_2054,67,10.425404440201993,10.605775330262794,10.607261131221234,10.616863664356938,10.583730170924143,10.59170881453743,10.578956835880527,10.610983066274471,10.577666341381814,10.57647638039296,10.545509050281266,10.534339539661046,10.545340551346941,10.541061401388065
tid_2055,67,10.595098553776582,10.89025725111054,10.750906153915416,10.753405696734145,10.723326766574099,10.730346685496704,10.725191944388007,10.706506940152671,10.708811516410565,10.712971036560404,10.686760573231952,10.707427982630795,10.679893633215848,10.687867263607869
tid_2056,67,10.543969445324306,10.676990468694331,10.630585361056122,10.570587245031396,10.612102074814493,10.619589939697779,10.624967151723297,10.586385664133308,10.617116946363732,10.62111234136445,10.607467837578351,10.638915992970226,10.601273104077086,10.600732793788403
tid_2057,67,10.487386112991391,10.677781446515556,10.565141204501286,10.617756502674833,10.5490274421566,10.55692125630094,10.563037554995121,10.674223173189766,10.561861679019863,10.564034303999817,10.52860015838868,10.58294210162192,10.529539411108773,10.521732435789268
tid_2058,67,10.437331216847324,10.6098988741409,10.822783315863884,10.774545181479851,10.785842015493024,10.792813124312055,10.778447780404184,10.716347536215903,10.7561921941565,10.75803583617985,10.722476905128918,10.683463846143102,10.717614858298408,10.74373607624048
tid_2059,67,10.624872274507313,10.8312324344554,10.776018732873299,10.750562152495323,10.75459687832377,10.76104593030962,10.7698066491095,10.74730285139014,10.75099507219712,10.75787925895488,10.799078595088835,10.758615145117941,10.783669069716778,10.802494961726822
tid_2060,67,10.701832235467956,10.895505231031596,10.89817343859508,10.895953102920185,10.918217029026978,10.881576422114051,10.891675617946794,10.881391997089986,10.904145988555902,10.87643647896968,10.876145336383347,10.839442576099767,10.897601778597222,10.880208688891818
tid_2061,67,10.505779614751988,10.753649165609351,10.714938121188654,10.670562553667937,10.738761508971086,10.703425182213277,10.715398551114824,10.653368275963905,10.732993613808887,10.706286602912197,10.704579470306207,10.70275925117261,10.713247155017156,10.698228612170034
tid_2062,67,10.71007948309588,10.91462653936193,10.922705569360726,10.935638235395727,10.939011801840746,10.90238637671046,10.909765181548547,10.934493764446762,10.920909487155402,10.893619945324998,10.96295710534735,10.851584388949895,10.967698608848597,10.93961391913989
tid_2063,67,10.70243964999304,11.091830849973832,11.202629947605262,11.154853398723192,11.19904142799359,11.198253733092676,11.177962240637708,11.120939255021357,11.182746022576476,11.182375573920535,11.081457724480094,11.067720087375369,11.069997097963373,11.076482655220827
tid_2064,67,10.693205481685975,10.869246314015117,10.874165811190705,10.824999209908594,10.838184386458046,10.844671111020688,10.838661576442146,10.810738464062556,10.813137187559716,10.817867867125145,10.841888765516801,10.787415811896942,10.814018949436988,10.842436128832277
tid_2065,67,10.489892708037878,10.65201503926134,10.8862288307382,10.772345682149863,10.839138061035532,10.846176853189831,10.825690369759156,10.6899109767894,10.795497612085597,10.793127784178923,10.712909119365541,10.726549235199112,10.693775901042256,10.673935617788937
tid_2066,67,10.53225886539638,10.720349032865853,10.82591413689219,10.73819904456656,10.787940346057644,10.79494602320432,10.779183898329043,10.7050851474655,10.756534849516656,10.757809152976494,10.724228409180126,10.675985319947825,10.711388479761327,10.73654589382559
tid_2067,67,10.49084912710015,10.651182102234804,10.671825026478512,10.624334253059482,10.645565416411547,10.653166537716334,10.641496489993534,10.609176801692142,10.633024410402802,10.633906375717483,10.62733325653358,10.593247612066483,10.615208475769887,10.612426094500526
tid_2068,67,10.912417627977456,11.037372064191771,10.781963729584117,10.713939795968166,10.749027804174585,10.756103658335812,10.743593643942374,10.668874549445697,10.725035427916705,10.727419505544502,10.680517374526032,10.636188436408077,10.673286549351522,10.65449792437933
tid_2069,67,10.40155007331176,10.59599452820865,10.592833967715379,10.663705177040665,10.574911687993836,10.582681058975371,10.585918825086322,10.756026390062605,10.582417130421446,10.584862366660957,10.57994531491324,10.6543304217401,10.575122295598362,10.579033683091398
tid_2070,67,10.733034507976068,10.927482252038336,10.892492839202363,10.925837838322398,10.868423077512734,10.874057466398074,10.882518335651064,10.926520765303406,10.860743357624676,10.867097668042694,10.875973298888972,10.896703757919186,10.887266537226623,10.87915759570395
tid_2072,68,10.673690677136186,10.797293383031132,10.674775721217191,10.610528371773192,10.661922508017563,10.673658453001034,10.676500726391422,10.585904042854345,10.66636520552612,10.677570802330818,10.700618688002946,10.653767470323956,10.699590749763681,10.711321030134458
tid_2073,68,10.7258191914769,10.990462387960116,10.706203282295688,10.701744672084155,10.695811907770652,10.70763408808867,10.717532597805027,10.722345453699612,10.704850880040086,10.717763591632227,10.706485516707355,10.704510332404608,10.71150914737177,10.711516918660324
tid_2074,68,10.803803362095614,11.01759910465116,10.79701201504231,10.763003800998606,10.833548987450994,10.83455121433142,10.819111537345066,10.733452423527154,10.836947933768553,10.838758982463983,10.803234927299357,10.776737679720547,10.811756800361904,10.821043747693817
tid_2075,68,10.512744842830038,10.671220269769131,10.692452210986524,10.621198057433888,10.686936826740046,10.699019937430203,10.717637041438532,10.654373909612513,10.7046670419057,10.7185691139058,10.701326282519714,10.658432959632947,10.741728731979862,10.728516361197682
tid_2076,68,10.672069146565988,10.782360904274164,10.679364455839895,10.626154258806242,10.718828601849106,10.689093463897786,10.713269735183433,10.677727254831453,10.732039736680115,10.71432603283166,10.72661370023113,10.704398643934661,10.720312195214898,10.749236263976591
tid_2077,68,10.597414429054163,10.739572063369163,10.68974786467789,10.625788330464074,10.679393138486345,10.691236672918164,10.700455255270574,10.646123390294338,10.688681211638285,10.701356083642281,10.720628725960557,10.660958317401601,10.712302224321563,10.728148533902852
tid_2078,68,10.552256945061783,10.757892242337736,10.443309510311142,10.430750177186356,10.43639151658756,10.445752469667015,10.474484312437653,10.51365892417684,10.480808042972038,10.485534703085808,10.503891258230762,10.501478948979386,10.49411463422721,10.495452161115166
tid_2079,68,10.676185011854082,10.922336677787898,10.643277790056453,10.483111976258224,10.621707961663883,10.630096696233315,10.629108250699288,10.486655171326566,10.620664118825204,10.624360305213044,10.568064316276256,10.511224423102737,10.566679778228059,10.561649537927075
tid_2080,68,10.930118580355,11.075127229737715,10.733708540532547,10.660301388746108,10.714792939167726,10.723207585353782,10.736423402368388,10.650164979805483,10.718939329410443,10.727180340723,10.725307942571883,10.699073591819674,10.738148948888558,10.75007843248955
tid_2081,68,10.603868506157951,10.891894273883212,10.644812173200172,10.608126138542193,10.627092240774271,10.635672299912697,10.646021246529225,10.596697409895398,10.635186961780374,10.64163599955107,10.641859814279332,10.63728260420629,10.638824550989947,10.64190457135019
tid_2082,68,10.64551060787796,10.844104000434047,10.64315948175781,10.570620005477217,10.627649383385995,10.63634226706524,10.652724687144934,10.581210805175209,10.640760557985928,10.648407419083316,10.642018161788581,10.620557287924788,10.649005801746648,10.649291577596983
tid_2085,68,10.665236861586257,10.791107168059012,10.632079590310498,10.52602541348711,10.615066217462262,10.623696824149492,10.634952763993459,10.582885584615099,10.625024175777407,10.631416677116924,10.617600361803591,10.568570974465988,10.616616516562127,10.621495961640093
tid_2087,68,10.576011018800203,10.707482665306587,10.614276667065422,10.552483094990539,10.596557054370699,10.605173343526317,10.612564216767463,10.543909892064947,10.605116040809627,10.610250851740961,10.588928425689792,10.57725449513128,10.588120137406971,10.588007208551037
tid_2088,68,10.640378854043275,10.862627023695124,10.583840600688205,10.563946838983135,10.572115821167372,10.581068959377701,10.604604824421873,10.591595696470717,10.596136737255604,10.603957992755918,10.603409744828852,10.651977024694574,10.593892677445975,10.601902004776942
tid_2089,68,10.760828384464002,10.947127858909266,10.653797456852384,10.57193298091978,10.640729642135241,10.649532435776228,10.672965468543863,10.598356620798373,10.658668470541091,10.66767307220521,10.680918424593987,10.663148993612575,10.674054703339602,10.676446411435174
tid_2090,68,10.71216857454383,10.841948694530242,10.554677330761013,10.530676658083467,10.543944216243075,10.552981691556704,10.577625721039604,10.560507996372671,10.571765574544779,10.579112508000152,10.562532686255626,10.55553374179037,10.557198576626915,10.55934722380854
tid_2091,68,10.573133223360973,10.764430465747292,10.55232595610959,10.462562138757765,10.53935965864646,10.548287886709408,10.564995909781302,10.584434643069878,10.561544073594602,10.56720402323876,10.558253755639708,10.56481573553184,10.55842423347329,10.563795198059792
tid_2093,68,10.597249544061071,10.758940639906127,10.635016716943838,10.583908506873364,10.660200485342653,10.62685424962346,10.638982351102847,10.56265550275136,10.66059834796425,10.635248830805855,10.62210658822534,10.630239356765516,10.640943286260535,10.622275880412676
tid_2094,68,10.627978349376004,10.78058205095737,10.628780850441162,10.605251235847055,10.61063946632931,10.619217394336589,10.626829633762965,10.594522426199775,10.617978667292007,10.623487046905565,10.625861803416555,10.601728099918583,10.617650780435167,10.621620883013893
tid_2095,68,10.458624755134627,10.599146575776238,10.51028910817599,10.397866978269073,10.50887114065373,10.518428587602056,10.572948522918882,10.554229166402436,10.562769947209413,10.573856609977122,10.640302649820908,10.605822010719512,10.648773531461146,10.645908231020341
tid_2096,68,10.69832226158757,10.85540794205036,10.581602581048315,10.504730373178345,10.56671739144973,10.575514630191167,10.588622630111045,10.546173935766486,10.58303446054538,10.588680112623576,10.594524084316085,10.574541593626572,10.593466635001743,10.598691749793923
tid_2098,68,10.839814217821807,11.031546986726966,10.625159029622122,10.552111886361846,10.609817141073938,10.618539811489997,10.634096097136688,10.549894479180269,10.62382057788699,10.630969054309357,10.621665075085076,10.602758545399729,10.611504517527733,10.625386107743374
tid_2100,68,10.603540831010172,10.787403841971582,10.582615238842676,10.56464309625869,10.566024865048142,10.574735355934164,10.582261668972789,10.539554296733764,10.577944423058684,10.582335883556782,10.530845430898763,10.601125892545399,10.539981973975134,10.540369402292828
tid_3009,68,10.82227516460887,11.011246218610385,10.996807167523535,10.961322007640437,10.985449800056267,11.02985385867116,10.993140174160592,10.96899348752454,10.968217905298504,11.014000331374625,10.931708040916785,10.905892145693954,10.931485699232423,10.954399561305122
tid_2101,69,11.083951680642356,,11.178203672199857,11.137332166496869,11.157194018819016,11.202257276611487,11.155395383873746,11.09898309768092,11.141567207490052,11.18611536806797,11.206295104817041,11.156758413048033,11.164448976179681,11.228045573815043
tid_2105,69,10.860150257686168,,11.004308699142063,10.967309899923388,10.973324759705582,10.979597114300887,10.983849692212974,10.946961122549206,10.958233955851187,10.965087761786007,10.97542535838975,10.972559895771202,10.925389669139461,10.930980059366577
tid_2108,69,10.868242681237582,,10.986039854183622,10.957644250565675,10.99886818827155,10.969030883418663,10.972056551500568,10.930573600643239,10.981641993649967,10.960552376806817,10.907286111162044,10.877444271251761,10.898992984867826,10.910471741874328
tid_2109,69,11.338470882229158,,11.127699585339723,11.116137349700688,11.091305590663573,11.097297608081329,11.112752229272447,11.114179601776266,11.084469957048107,11.091109448164488,11.188329886965663,11.131928892714603,11.144430028423722,11.183176369153788
tid_2110,69,10.617130747394894,,10.952425663124547,10.844107350502608,10.904689327624533,10.9149964325943,10.913915265365317,10.786257118530976,10.875074119035197,10.883314077604378,10.841698258624662,10.770459634753161,10.771762450278304,10.795378690202538
tid_2111,69,10.753978167795696,,10.860595301567868,10.844581958836574,10.83839494891223,10.84377753895043,10.847915760216054,10.834278172336731,10.82888110079226,10.834506909860464,10.817556449504343,10.814953639044115,10.82209505236803,10.818249006159665
tid_2112,69,10.53750820732319,,10.760470438296629,10.701013647070907,10.719121542786997,10.730064364008756,10.712657408835998,10.6064443283698,10.688382137494722,10.692633112390268,10.668412800436466,10.64179276290157,10.647516583359401,10.656130214499663
tid_2113,69,10.798957018477884,,10.917262239524335,10.859725660190819,10.89068707009698,10.896126889954898,10.898023140991937,10.818537065619829,10.87661081937096,10.882231840309483,10.84890845900826,10.828518804849505,10.868221040707633,10.86520824177807
tid_2114,69,10.544472640359878,,10.80076482725116,10.76451031872799,10.763952406116145,10.77418354151471,10.768747436875069,10.692921902618234,10.742234935001436,10.749549078333168,10.69238081701285,10.651160555089076,10.66805122309898,10.674835588983077
tid_2116,69,10.434886095082916,,10.780984757000894,10.668902549783194,10.735953651121296,10.74712364766614,10.726154641619015,10.586455854099325,10.699333994076797,10.702745483022461,10.71583164976541,10.747491107836785,10.719281094321957,10.713933287200746
tid_2117,69,10.549338702153458,,10.82855028785506,10.735890972052129,10.792147644133168,10.802155478774553,10.799666628319011,10.695594890332314,10.771760414147565,10.77981533960935,10.795993836286145,10.765351342519693,10.774858917903922,10.780877631490332
tid_2118,69,10.70656255272378,,10.832227623302037,10.765382074457147,10.79743403200968,10.807259342138996,10.80701891340246,10.721193321190954,10.779487020832983,10.78791171608039,10.780248325207564,10.774459160093198,10.756682826612048,10.750270388752686
tid_2119,69,11.01286667031513,,11.225583052966469,11.169547053311234,11.218473488070034,11.219826705685799,11.202931698186374,11.11687305721661,11.204477549603915,11.205235925408019,11.130467988367966,11.049219422304551,11.135756285161449,11.102301221290935
tid_2120,69,10.664356463692318,,10.990370938502151,10.926512896811193,10.95321061394913,10.959210389681866,10.959629883299947,10.8902608990918,10.93073527592707,10.936503967829395,10.902056621863531,10.86885507312844,10.889264520046394,10.863168672868163
tid_2121,69,10.698703837999489,,10.81546095691429,10.779361015021088,10.799378577190955,10.805428519932374,10.80602374025295,10.76280554536547,10.791677798123443,10.79823957651021,10.834568369965343,10.80078849319225,10.816781662117087,10.813656295546048
tid_2122,69,11.151341347878148,,10.87859779560472,10.807882656675572,10.83279751187164,10.843400340915242,10.835034409525525,10.751553013067392,10.800576799306098,10.807440548518256,10.816669824502494,10.678362587475034,10.723507377820457,10.744114556587485
tid_2124,69,10.991227618873008,,11.099079567429321,11.045540114112647,11.103391811017282,11.072675893202314,11.076312169113885,11.021832061608512,11.08415704954667,11.06043100500106,11.05487763088124,10.961297170810264,11.035730298703898,11.02925235812421
tid_2125,69,10.569427962657857,,10.694423473332144,10.60744397506863,10.664253073024335,10.674531056531176,10.671416028768057,10.530885068383707,10.653181336050812,10.65948812863082,10.628810089751843,10.586688177482927,10.624547318083925,10.61326675930988
tid_2126,69,10.865493248805642,,10.972217471584102,10.907011707601722,10.93175996558078,10.938203687163925,10.935646290700483,10.858227539513985,10.90426363183051,10.909592886496894,11.06410642634385,10.97663345448554,10.98947924659705,10.95948759265192
tid_2127,69,10.50763957152451,,10.734355342108298,10.692785584131272,10.69235813497537,10.703536724790835,10.681189796948257,10.671464248637157,10.659442369802033,10.662167556795463,10.656123664972169,10.645413635664621,10.643938671246591,10.636762064030549
tid_2128,69,10.67040086111346,,10.818328713868135,10.769466567327294,10.790618977472004,10.799838874169556,10.80730100247874,10.73232939708874,10.782401724350818,10.791426527658231,10.805659638746633,10.74866497728382,10.803083565380737,10.796379990837236
tid_2129,69,10.541153735136556,,10.760653182200155,10.701025513882206,10.730927127970507,10.740725230134185,10.743036692340807,10.650670323457991,10.720098584643678,10.7282187729053,10.72242956527757,10.679710035053551,10.711961944647145,10.717472174040667
tid_2130,69,10.511311022105794,,10.795004480696257,10.66209464574126,10.74799736514468,10.759269443104774,10.737133794819147,10.65054143541947,10.708523191320694,10.71160555126342,10.748279187731189,10.846165216726085,10.74782318205794,10.73907776117546
tid_2131,69,10.556286584626378,,10.807838838413268,10.809085472102476,10.792420664823663,10.798455455952766,10.799426344709598,10.780259821783728,10.78549909505047,10.792055659866147,10.833933527279937,10.931099845573844,10.817286024130679,10.828616433227168
tid_2132,69,10.380721231865584,,10.828282763103477,10.741698731916145,10.791326956563701,10.801390976058721,10.79818230338875,10.73824611211001,10.770105963692178,10.778035708864852,10.820651086006738,10.785613366053257,10.811100037448428,10.819337675129203
tid_2133,69,10.48547409587344,,10.911680197487156,10.78425066851462,10.859486893966908,10.870500833134722,10.860161439174378,10.70455349264607,10.82010556657863,10.825870224045115,10.906940963454883,10.772558369843033,10.782557105672856,10.820457296300106
tid_2134,69,10.662548870140084,,10.760498372823402,10.719500268095551,10.731419022445772,10.741154518038092,10.744477800667891,10.685350878479538,10.721612674576997,10.729858312105796,10.712671016219016,10.66691865483383,10.714937145433716,10.701590922403813
tid_2136,69,10.532024209366378,,10.811386976633028,10.70972419137435,10.766131474111258,10.777123330237673,10.760328563005773,10.692525357084218,10.730745920254137,10.735398131960235,10.687970443864616,10.708790494764676,10.690638478854018,10.705294961685201
tid_2137,69,10.586917675032693,,10.828135962807668,10.731014219290152,10.789660063750352,10.799874604625355,10.794702966266591,10.686759969908838,10.766127659503642,10.773690152132623,10.728084007055433,10.72964643316398,10.678675066862608,10.687425397344166
tid_2138,69,10.499639133769875,,10.81488578151618,10.734233665148736,10.77258142887129,10.78325989369461,10.771362045467853,10.65312808229132,10.742401542995553,10.748377602486304,10.753505816514865,10.69028920867178,10.740973223452524,10.753251413374871
tid_2139,69,10.475977257693216,,10.750733523765717,10.708777917626389,10.716250438961284,10.726581889720151,10.720241478492959,10.66394436365529,10.697518275976767,10.70412053470689,10.722371960926528,10.635638393215645,10.697492039860212,10.703312126798467
tid_2140,69,10.670361382555535,,10.82060412245497,10.7435664156709,10.790949016744896,10.800345323997396,10.805604740110132,10.693849208422854,10.780094956575239,10.789015638130817,10.778694458035208,10.765305883366302,10.787675348150245,10.76525264142459
tid_2142,69,10.604131561522696,,10.906212076589835,10.789438490545633,10.873514265355627,10.879629234826952,10.876604802149359,10.737830720115683,10.851838872515707,10.857266123921807,10.883324663687022,10.777991994625362,10.917030992147968,10.924589791212084
tid_2143,69,10.514659743100236,,10.8521279730294,10.755077483857992,10.815446493815138,10.822309575080372,10.810185195676118,10.69782303036711,10.785726078520883,10.78926357558496,10.800432735165254,10.726815582913778,10.744708780253383,10.74366093326169
tid_2710,69,10.666041852104003,,10.924741684147047,10.898688599209002,10.947537221393324,10.91712297823689,10.920575737612868,10.841700399529255,10.936449503499453,10.91434756197593,10.834727058563242,10.819413215973167,10.839325231051774,10.836488904382227
tid_2883,69,10.78436248338925,,11.090469953297266,11.035455142610235,11.086257091533577,11.05945353042683,11.06833317377714,10.998949749605547,11.066165467699422,11.04677978775713,10.903375690140473,10.86709679870068,10.920126407290711,10.92900982170644
tid_2884,69,10.84587673761179,,10.954786742287984,10.899467019275406,10.96303852949562,10.967680694111221,10.94391168724709,10.854957118633084,10.947224305477764,10.951888830774433,10.809234920744665,10.775347375115983,10.822661095822685,10.80716352373774
tid_2144,70,11.265744055417226,11.412489470595586,11.171111406618378,11.19034904886383,11.153377012206933,11.199821564854169,11.137010685140934,11.164194429310905,11.128227775769215,11.16905700553302,11.203757572271703,11.14513301331281,11.184037618802224,11.216262553713722
tid_2145,70,11.116906600288472,11.239798287594176,11.046357338572747,10.98631606566138,10.985927760810174,10.995198574214957,10.992788864645654,10.861380922918148,10.93255012196772,10.930256967907372,11.10213165600538,10.898939174035185,11.034190480270992,11.003914681076447
tid_2146,70,11.40537477485258,11.5415430477046,11.29252466468701,11.310480552876491,11.281349783024616,11.245528552926487,11.296687092521532,11.340367284301415,11.290044422006044,11.265163120992018,11.395882415426453,11.527894208410498,11.42407572293988,11.380624425983184
tid_2148,70,11.5992811270258,11.748775150381702,11.102219255098403,11.191867840802637,11.23045939108939,11.232041348009371,11.056617702323095,11.218992327135568,11.169718839917376,11.167981979906491,11.309265406944295,11.426392452855339,11.393607863713292,11.411419416889766
tid_2149,70,10.706188445005516,10.85721471436895,10.827017085155706,10.866752367237101,10.803646909566227,10.809763066548303,10.81946183466634,10.853599900173396,10.79851158401128,10.80469402955134,10.799998153243985,10.841046477379852,10.790788194423,10.795610107660753
tid_2150,70,10.9067904947329,11.045146559191048,10.801318525026083,10.755925330681185,10.769054686418416,10.776214861799804,10.767070044262995,10.738612721562484,10.746080038837155,10.750259897993114,10.709212477454445,10.713507619055001,10.719415609025937,10.720929959441275
tid_2151,70,10.941571048129417,11.087453038618122,10.955525521856407,10.96309588574851,10.913413269062277,10.920186086315029,10.916647583839937,10.916391152237933,10.884818510793142,10.889835580879508,11.008523871812384,11.055628204320449,10.950362000351483,10.901169867166947
tid_2152,70,10.731993517522678,10.843846311743985,10.67201319769355,10.656927718244932,10.650063293887305,10.657357135424157,10.657794993088816,10.635425053948927,10.64636067793158,10.6506315476063,10.619704670143514,10.628983944613722,10.632406234654594,10.625717122517974
tid_2153,70,11.373579486070266,11.523069836402248,10.951407248277643,10.983578064941348,10.911458367058387,10.918064846386015,10.916379153078099,11.026727766176139,10.886141743469736,10.891569018851564,11.090974805687791,11.034726454162941,10.991740054147453,10.944991462124632
tid_2154,70,10.780030712491293,10.923970718125943,10.721512916950335,10.755504545193764,10.701651430226164,10.708332848148702,10.719339441354387,10.738476981525734,10.703103955805004,10.709146971892997,10.688474212217333,10.71942457116648,10.684025499633481,10.695259879116293
tid_2155,70,11.133787243055648,11.270865368672933,10.979071266960732,10.971397423691112,10.943113377942886,10.949115049311343,10.953231014333447,10.963401016650426,10.925837585197879,10.93170619375689,10.894408035038381,10.88422340166449,10.877753892618944,10.885609941362258
tid_2156,70,10.96787754844146,11.075721981074851,10.840825965387609,10.77601937114694,10.806106546580509,10.813161200655086,10.804606786950025,10.71759098905149,10.780707518368105,10.785145862150237,10.75239190643683,10.721544888205571,10.730368747454445,10.745864346225057
tid_2157,70,11.001939828402872,11.146983428146672,10.843747362859263,10.826199758090189,10.808865212047973,10.815910311017525,10.807461254870312,10.788852026699526,10.783357336868358,10.78782067083845,10.741732252259697,10.77855112151933,10.727169063006714,10.72519395468782
tid_2158,70,11.52710150837598,11.659196611220016,11.048604636311838,11.035249225957335,10.99652592464976,11.00343886935507,11.005846348533394,11.003239309841987,10.963854267588633,10.968266680757235,11.111853375790119,10.923212692721743,11.038031424151269,10.963624783807127
tid_2159,70,10.711477896002712,10.850129006010611,10.749541097061975,10.738639194544845,10.725468665455493,10.73230476026056,10.735653256399715,10.731881243361446,10.71824174501622,10.723782307573419,10.678118460728216,10.707222520790959,10.693217315038423,10.693740130151019
tid_2160,70,11.085890899640734,11.16577360362571,10.844009777394831,10.788877703627302,10.802708333787047,10.810348038845566,10.788408854842105,10.699033342525606,10.762227725469653,10.763699302229941,10.756871914657124,10.726511346054252,10.675238385960636,10.69452144261211
tid_2161,70,10.916587340338344,11.103007959635775,11.3169134326545,11.304092299475556,11.262491676066478,11.309552726334193,11.297415675359536,11.252525547608405,11.251066932511987,11.305203941220377,11.224801133211287,11.181140764172195,11.157164091005798,11.210474656165026
tid_2162,70,11.036565678085516,11.14368909852929,10.855057306453768,10.784144401552746,10.818836912935852,10.825910867549288,10.816571842904201,10.726137137038021,10.791446150294176,10.795756054891354,10.749420509560103,10.649422473432608,10.72945969130725,10.717910921816731
tid_2163,70,10.690794251143002,10.820755806479868,10.78054726520693,10.83596462930727,10.755703293972383,10.76234912947498,10.766754091991153,10.807799879343792,10.747513377105117,10.753373353323406,10.698250220727191,10.768951133196781,10.71442249914914,10.723910623915978
tid_2164,71,11.165898118653985,11.376826206770572,11.2084403488191,11.167982934891175,11.186147645573415,11.23178889388711,11.174863280715508,11.222433893691267,11.16703636013118,11.203722466080034,11.220158534113674,11.157476390519337,11.194748523736495,11.198243494793983
tid_2165,71,10.865275413438637,11.092420320404283,11.039329782612414,11.009065752254852,11.0556842988706,11.024581546819668,11.027289367013093,11.031615745252301,11.042324057377769,11.020447528169331,10.955402684326076,10.955907269528703,10.940244234973791,10.962020231009902
tid_2167,71,10.778270638217966,10.928650626381224,10.900688818000052,10.88656565924395,10.926745596184153,10.895561506600112,10.89942865309277,10.899132808128503,10.916344981869049,10.895431581353302,10.8633832889465,10.81590568910841,10.844567992888573,10.8631783533608
tid_2168,71,10.891246489729037,11.09151540914266,10.967498865791407,10.919326108700302,10.987253100764244,10.956101488009038,10.958480010521303,10.91672728512268,10.973080850960416,10.952051061460283,10.866043972176703,10.87550669702774,10.897133731316135,10.898442808594321
tid_2169,71,11.090948279762506,11.29942402869874,11.079441430317633,11.044476852290101,11.099230457804671,11.097727756437157,11.06603994922507,11.0537287746802,11.088418828130465,11.08471430721523,11.022703681263742,11.02175345863432,11.035175851705317,11.031125341160594
tid_2171,71,10.56984147820076,10.78365979438312,10.93139832428755,10.862850094874297,10.888243981105985,10.895732975073903,10.886637004225296,10.828772545430652,10.855024501569167,10.858090042402848,10.872115876755926,10.767706043837235,10.815077581113107,10.787010371684119
tid_2172,71,10.680387473157449,10.95539250643891,10.898621719027421,10.811162473676173,10.865482967433095,10.872984619613833,10.87080834795419,10.832067654968277,10.845618652652428,10.852118117552694,10.880182305872413,10.778258334455714,10.87345898893181,10.85268269240945
tid_2173,71,10.919373814425684,11.079830647723355,10.971547380203642,10.935581001281001,10.942983009664154,10.950567410379207,10.953742981353383,10.971331368813628,10.931173683532663,10.938683958314122,10.894946302896168,10.844565356198343,10.905597564293366,10.89332075385159
tid_2174,71,10.81743955170572,11.028133018251054,10.949129080039118,10.904674455605646,10.918362999842696,10.925918677606585,10.928100770134428,10.935857684627742,10.903708865004019,10.911379284712856,10.911462176748794,10.858891688085878,10.904698814857293,10.903495707143856
tid_2175,71,10.941254049098124,11.170602747613,10.909358272923214,10.818968153216497,10.872196048287185,10.879690487095834,10.874312413073488,10.785805502863283,10.846863609806682,10.852127534642142,10.859393051429777,10.766641291302946,10.853207779871516,10.84860995596161
tid_2176,71,10.717606014225511,10.909801787057871,10.882720910267471,10.833639354473513,10.848397188725313,10.855880023748362,10.851046217189253,10.853745441462767,10.825858065652966,10.831424776677094,10.81764510625788,10.75569763934054,10.79427124674684,10.785590239307876
tid_2177,71,10.8178844923175,11.01842584380301,11.159011883174072,11.079907997115715,11.109307161085622,11.116968418645286,11.132242516003565,11.071859151621144,11.094164577546564,11.10153163086298,11.198481071883775,11.047929376528234,11.152935985358535,11.163908138744631
tid_2178,71,10.789119056922909,11.00421759717524,10.828792166271871,10.753931698341924,10.792477365885572,10.799904755129749,10.78578502758228,10.737505127195329,10.76293471331776,10.764878306390601,10.79330615182078,10.723211349895905,10.765029915065774,10.763249424008782
tid_2179,71,10.81186304136047,11.038277467322828,10.82621413930568,10.803268750421124,10.806356446570435,10.813849538268093,10.823294169405111,10.845590969244551,10.803825796142874,10.81200274076433,10.817611741321704,10.78375000004744,10.815460111007411,10.800617522022588
tid_2180,71,10.747469922755013,10.926984695354658,10.898748105974306,10.86910919041791,10.880008043715831,10.887569266235717,10.895968109510834,10.953570444287667,10.877109586794024,10.884317371812074,10.846393984879127,10.840576687080096,10.879104957789409,10.860897976629136
tid_2181,71,10.749576825733117,10.953523904086552,10.84880087075984,10.763987270055017,10.81365520410715,10.82110494225865,10.811511188838981,10.733322838177237,10.787664927012024,10.791415792283592,10.770473657231795,10.665345525291903,10.773185555578674,10.770904514630926
tid_2182,71,10.72381569183102,10.922040605616338,10.896426562694392,10.824290045946158,10.858588027010919,10.866068349117992,10.85847746305864,10.781708438443868,10.831209503000997,10.835630041297176,10.84626618238876,10.732033986613185,10.804035696091205,10.797870233596939
tid_2183,71,10.828890640498273,10.939640933947734,10.99127720807331,10.931842651859021,10.955713019811101,10.963285791387452,10.965217040048053,10.930458958739004,10.937827750178405,10.945298676126962,10.928422309886047,10.847174767379641,10.905207094815484,10.89570259240913
tid_2184,71,10.780783785668593,10.995603787460537,10.85758947816407,10.7904767272574,10.834262586809182,10.841768826708842,10.847645972610065,10.811096826230031,10.826921034700575,10.834891284635491,10.819768439596082,10.780378869798305,10.81774534833353,10.828007431225357
tid_2185,71,10.629873648610232,10.821975867953771,10.857866479749473,10.780729170089835,10.822461070440365,10.829917674427234,10.8210153516547,10.749113357792591,10.796582382634588,10.800608938910411,10.77771654568256,10.691982108518054,10.774256238524703,10.7700650974626
tid_2186,71,10.99072876824146,11.21662233778618,11.028605142445409,11.01246623854834,11.039680152559123,11.007658795755413,11.009725040056534,11.034762262135738,11.019867219045446,10.995739047031739,10.98100528326935,10.937930265765129,10.977719542272029,10.96963732989156
tid_2187,71,10.740016204023894,10.928395889987168,10.960595133148704,10.893494285523044,10.922432983878418,10.929968159867444,10.928638833949114,10.906145691792503,10.899372631485193,10.905832498565529,10.976955231326889,10.891740177562394,10.935416276465546,10.937767995434493
tid_2188,71,11.00195483069072,11.217036474371117,11.107700845061403,11.074045106893188,11.115875869069669,11.083911798153345,11.08429320105889,11.101439583750357,11.096834386383401,11.070978910293158,11.047279797083899,10.981675748390256,11.049433776075507,11.038332490995458
tid_2189,71,11.119918431784091,11.35364247065283,11.000860721415238,10.9705243129134,10.964891166960246,10.972470656528106,10.974742364068955,10.977988455751289,10.947151886832389,10.954641296100418,10.987098948156111,10.895710190968042,10.94212711200422,10.932217032599915
tid_2190,72,11.41449421970422,11.573926486527627,11.328907751152485,11.319357356628434,11.301824689941634,11.285860491102628,11.279872711376983,11.323769931756248,11.28635783483796,11.24177022449266,11.377057634242904,11.42443191250895,11.382463052625011,11.340803227567841
tid_2191,72,10.876105686388836,11.018373372744067,10.937628427800503,10.913824073210941,10.956965562391115,10.957616031688753,10.928568128498405,10.92009026520942,10.941956488862552,10.944545184128064,10.886834107437483,10.889541403102514,10.89396666653811,10.873473130857837
tid_2192,72,10.913299592409825,11.07919667558918,10.989411648625502,10.979532793800487,11.007987799407621,11.008587635059936,10.979565229532213,10.986915531819966,10.994385467228149,10.99610109834378,10.950457735190385,10.951295656053361,10.94730776563596,10.945753179685136
tid_2193,72,11.27229108708814,11.485921107355196,11.238250801758737,11.249183838101843,11.241451418413666,11.241939521654928,11.225447488095416,11.242702379803143,11.240510388837752,11.239971863288593,11.185325701671301,11.1370969178173,11.210710664804118,11.166098515921446
tid_2194,72,10.882888285699057,11.068140358780198,10.971295573497567,10.958571359953208,10.986146474490967,10.986808842035211,10.957758593931624,10.954132373667248,10.968355261577043,10.971102415051638,10.877717387481606,10.945055027271762,10.904694709213915,10.900784152622792
tid_2201,72,10.820294151328062,11.03792698218672,10.772710948699526,10.725367862491247,10.798281110419435,10.765965596858196,10.769274615637347,10.77085719668182,10.786211693499034,10.764600896522968,10.745384061643101,10.803137989938012,10.742445357190258,10.75206349383829
tid_2251,73,10.953905249646224,11.149197132842144,10.976292259437276,10.988040658350638,10.976871387988053,11.022776914733603,10.975631201017501,11.007181103478327,10.95813944859594,11.00078586996543,10.98097281017743,10.95956255151961,10.990701796800359,10.990658392677613
tid_2252,73,10.923024165804236,11.07062260220657,10.913146282107713,10.922888129921152,10.940234355899847,10.946403964915227,10.915372626114399,10.886066477551237,10.93298677160692,10.937624355441393,10.881964915705472,10.857299685854185,10.865969598190492,10.880092502126248
tid_2253,73,10.761203809605565,11.040132348720707,10.636364468248841,10.704238726624263,10.62963566987511,10.638164633992282,10.647363028683687,10.725387348221963,10.64207047317425,10.649520554645264,10.646815312710803,10.691585241820112,10.649234027324436,10.66056964333768
tid_2254,73,10.357310985552823,10.56193458676648,10.6673115585122,10.566056264372953,10.644038834104823,10.649628300645281,10.641579986406827,10.58855499979826,10.633227829752549,10.634234415944501,10.571805658495132,10.593168271488459,10.580796257157317,10.579634969822653
tid_2255,73,10.452622897705316,10.64631021953778,10.568931239997527,10.552864865129008,10.56890667064927,10.575937844005841,10.62841005271076,10.60333444040067,10.616821234043487,10.62376902556214,10.670930303038675,10.638191475418747,10.66656039004362,10.671222801175858
tid_2256,73,10.430769032933338,10.60334218774303,10.562190719865365,10.493899809853632,10.553853816646866,10.560346335417611,10.587773638712138,10.560702730090352,10.582996869046687,10.587599183284794,10.571720358262157,10.588975193303936,10.57961566005009,10.576430934854377
tid_2257,73,10.50905137437426,10.722266883695855,10.63940568954799,10.5946972240562,10.630828442408879,10.637348185559771,10.666475024636037,10.618820076439837,10.655049854073786,10.661010201027068,10.680801688302791,10.657577951419645,10.658463782060611,10.669146247689989
tid_2258,73,10.410672557283576,10.566412610906486,10.451038996368332,10.407169821637424,10.454517712692157,10.461709153366249,10.52699451053321,10.451616154651964,10.523781971590266,10.530108578929081,10.563765511399872,10.541851001330556,10.564511988316381,10.566038971487163
tid_2259,73,10.46388589134159,10.67481956213526,10.579679600228573,10.574676305511296,10.572150251968205,10.578704409151403,10.609389758594357,10.582482274266093,10.602291526904056,10.607607701901111,10.648613862369704,10.622912973842565,10.638049387342278,10.641629300053914
tid_2260,73,10.477423177590891,10.658350524076726,10.576480582057156,10.563880649739042,10.570199321008841,10.57683202827525,10.611162919800071,10.645045840553776,10.60351297815293,10.609162585171642,10.642205812015604,10.617268961158192,10.625509227975446,10.636031025141097
tid_2262,73,10.59842313295529,10.781623562885985,10.512949018991156,10.474639593452373,10.549453428146874,10.519325114675802,10.570628890148491,10.50516309745603,10.591293944723201,10.570857050067929,10.622544983829377,10.60423628373768,10.65562274599322,10.624306842557267
tid_2264,73,10.708967386813978,10.894306739577202,10.671211991019394,10.677004596738175,10.657502894417965,10.663709970440337,10.681024021158542,10.683047337119643,10.669456293365737,10.674602937008963,10.654573481709297,10.669141314734887,10.65159860378956,10.651834221486396
tid_2265,73,10.668110852103483,10.798928428962066,10.553171104768097,10.489595613880917,10.543470397278877,10.549870163612757,10.572294895786483,10.500885733957068,10.569505196942755,10.573248871884713,10.581830716119377,10.567739559413095,10.572685790168785,10.576555834693231
tid_2266,73,10.420801084237644,10.592250134778247,10.612892796187602,10.530261046618943,10.598114900150334,10.604220951105997,10.615112149263103,10.52940889714646,10.609020593275885,10.612355789756066,10.610021573983174,10.605096042722167,10.600599831012298,10.614328729191609
tid_2267,73,10.696765095314968,10.923247813279032,10.560266466673147,10.526066487230326,10.554872819993829,10.56155368374048,10.598177398404859,10.555101294613724,10.591432245794685,10.597049973483463,10.633643315611597,10.624138897095134,10.626664661746016,10.638170107035174
tid_2268,73,10.34743271496214,10.503721428490003,10.365357481864576,10.379276205633353,10.368596919940837,10.375725589802402,10.437313466600086,10.45664413494034,10.446691432107661,10.45024230223086,10.500069573431558,10.477958744314037,10.491767337139674,10.48756318740801
tid_2269,73,10.440676587452844,10.628704942220514,10.4660166053794,10.476751144815678,10.46541989648799,10.472357350227924,10.52260876185417,10.52900733741983,10.52210356113114,10.52723839388444,10.616892469605158,10.551750930697315,10.606310073998463,10.609244196573298
tid_2270,73,10.37842275157726,10.599026869654624,10.493275446075845,10.49128920888291,10.490469401371781,10.49727974773725,10.540390365350978,10.501450990543109,10.53876143321505,10.54373529609011,10.60887875583875,10.61617450048623,10.604702961122946,10.602482106494106
tid_2271,73,10.45149912842484,10.655262067543696,10.512353000295514,10.468472573478097,10.508617474096956,10.51537855285146,10.555935142149613,10.576820109824624,10.552922311733104,10.558034885537793,10.6039334241703,10.55924017980257,10.608890599977169,10.60987662855654
tid_2272,73,10.679950539870209,10.877769795572712,10.547832517938875,10.60825848476607,10.549287698816022,10.556402434022601,10.61374940547236,10.6209444132537,10.602647223315104,10.609720767576746,10.671916292770097,10.698305822125853,10.667419597962997,10.675252705516147
tid_2274,73,10.893703239817462,11.142910508837096,10.542842305565845,10.587841824282863,10.582937491689364,10.553056784990503,10.615126013189707,10.617228085002276,10.629753185450959,10.610358618544243,10.677390213367316,10.716860717604622,10.692513881395959,10.675981467428276
tid_2275,74,11.137286113759306,11.348233588096084,11.089478221044539,11.108685276116491,11.083324311283095,11.132561693529894,11.059598741674264,11.141741817809214,11.056432039350208,11.085773704691272,11.126145670449533,11.148952165588323,11.122019701355432,11.130184886908127
tid_2276,74,10.760128062711823,10.98605853127666,10.779753461681606,10.814632023320433,10.763981942360616,10.772153244005581,10.777328557675803,10.792143954797035,10.762043069419335,10.77108161724383,10.768617284411132,10.827035453195148,10.77176644564838,10.785076902591067
tid_2278,74,10.881715926191545,11.10627515478748,10.837193277127827,10.850950259002795,10.808265600033813,10.816732191148319,10.807760319461321,10.826942327032574,10.786635462857154,10.79304774330847,10.802008023301122,10.811483088549164,10.774733794854264,10.791061886366421
tid_2279,74,10.947902333669298,11.179651707755845,11.057072382596452,11.087743837390386,11.079535184961085,11.083048037787067,11.044614991968428,11.088963304200135,11.068923499574069,11.068517238311024,11.029389917880685,11.06354451076799,11.037869655216774,11.038829845142141
tid_2280,74,10.899936062386056,11.09315096408818,10.978881530869824,10.989124541780065,10.993772960373226,10.997940453153506,10.964433592443198,10.973749327309752,10.974990199525278,10.980924280164738,10.88532124706924,10.931037252663968,10.892154055202559,10.901436681312559
tid_2281,74,11.116906600288472,11.330249445361751,10.948741725135758,11.006658731954051,10.943033645185418,10.9928657232091,10.951741037093498,11.014307778343198,10.926672639291855,10.97279087273571,10.938858187509744,10.949665274586001,10.934209553956654,10.935604790762488
tid_2282,74,11.059336770480288,11.277092998802503,11.039897921678113,11.058705756072696,11.064512336929731,11.068010796269077,11.028863977866695,11.038695137594367,11.05403078981123,11.052980006314842,11.004695422683527,10.981740705558352,11.009697048493079,11.017489275233352
tid_2286,74,10.799485777142502,10.96329317565475,10.799295303310053,10.831338375329977,10.834356180305939,10.838469747286224,10.814803712186691,10.811945031044411,10.833362927856319,10.837807011393535,10.79506815024465,10.829929052632032,10.812731031457828,10.812664668070974
tid_2287,74,10.718597908670086,10.95161849779701,10.801898018109238,10.82251544303407,10.783615338294284,10.791794288446482,10.794631439986794,10.806325975187208,10.77816526865706,10.78711330398252,10.808971360354183,10.78628685963794,10.815053351932542,10.833763555647273
tid_2288,74,10.722317593914529,10.960544939284068,10.978695866879336,11.004827856713721,10.995390944290405,10.999484453307808,10.966050917053836,10.993977162035247,10.978302969578674,10.983950722114537,10.890827043998717,10.940210087933892,10.901079824356675,10.894835851843734
tid_2289,74,10.920542653951898,11.156701847739702,10.925207269628116,10.95666055961341,10.944304412573961,10.94853136168959,10.913993090580957,10.939979486823972,10.926748185183596,10.932702084431064,10.82852213855573,10.862039654839561,10.837473781680526,10.848677484909171
tid_2292,74,10.777016910508976,10.998026556632928,10.640765648193211,10.701810346059863,10.633585141646062,10.640243468120758,10.67979368616113,10.7501361756742,10.662828750353103,10.669672275813992,10.698243380936647,10.680796129813567,10.6877909355145,10.699876033104667
tid_2293,74,11.003723522320335,11.161651623070028,10.910917232648865,10.919231295097138,10.88605172192693,10.892266361065872,10.901194450062823,10.905144860074648,10.879356658332817,10.885296186460096,10.91470826873381,10.881093556906139,10.893236270031544,10.889195400861102
tid_2294,74,10.588068144429949,10.789337633454432,10.576030935451282,10.596054182675285,10.568808977931445,10.575751069790984,10.6151994547419,10.660884904771722,10.603386173426156,10.610164526113017,10.642719935379093,10.613569990581315,10.63963531864346,10.6351259798456
tid_2295,74,10.97500609820612,11.20381135845978,10.7128163614164,10.725858249674335,10.73759544980233,10.701983959326453,10.718399593543303,10.728315537133248,10.734041619545993,10.708381669934326,10.711794642874723,10.734263325202498,10.713802551373124,10.713124252535668
tid_2296,74,10.978165690908607,11.161353194507347,10.688981503226449,10.733489964111879,10.718309286669758,10.682613020884519,10.708421305129265,10.745983511173046,10.723899828898986,10.698414877238696,10.7103392354512,10.71670678516037,10.724713195292596,10.702304649324574
tid_2297,74,10.672653200519507,10.906759327606515,10.788737232504266,10.85548247397508,10.771878554810602,10.778293504245624,10.79689705843627,10.870344245053579,10.77696403562168,10.78338806229065,10.835346031233122,10.904445224848471,10.823879646752147,10.83151477859873
tid_2298,74,10.82030814400989,11.029809037538756,10.741969810350607,10.75978885037029,10.72414158072168,10.730800498772462,10.747640933725735,10.768079983251681,10.729312332237566,10.73620484696985,10.7610669716504,10.765186945330266,10.774832404225673,10.772792515927883
tid_2299,74,10.887455624298198,11.060560554831731,10.673144102640236,10.708033412585161,10.664458529487538,10.671038195635006,10.706460366364388,10.730568349736235,10.688503896769795,10.695182570696268,10.70573588099421,10.723293860640224,10.687657926861702,10.690412382491939
tid_2300,74,10.774159386456397,10.946234708362844,10.858295040978417,10.866511630105212,10.831400014130688,10.837928084899014,10.844283112603433,10.855430004621342,10.821685021650467,10.828524333437166,10.83493148560764,10.837167526738996,10.827868975339083,10.82612988439327
tid_2301,74,10.676309680846526,10.88795829227977,10.781947509434357,10.787061548979686,10.759920563383758,10.76657941031645,10.77704079489892,10.77163487990433,10.757379118410572,10.764201875170796,10.745195088594093,10.75606107787249,10.731080686061215,10.734717420614656
tid_2302,74,10.58607163954218,10.7616744826555,10.580550678719243,10.675207860420409,10.571224682104212,10.578234330777834,10.61141607337688,10.677543354236558,10.600922839383264,10.607358863053468,10.634350300084703,10.657598329507122,10.617355290354258,10.626882150654529
tid_2303,74,10.780170136213735,11.005143537790028,10.844466477920163,10.869206690414858,10.81961658812729,10.830195506260052,10.84637896501697,10.881996501405858,10.82008063470029,10.830199542832752,10.812957244156767,10.889039457430146,10.823264220186761,10.814146453308561
tid_2304,74,10.808919541075408,11.019833335857086,10.736283797795233,10.77577371974887,10.723873207650293,10.73033224369096,10.75696165636948,10.852446121021863,10.737789514364554,10.744180411246168,10.776490126018833,10.8112805051793,10.779060630141464,10.776579663231594
tid_2305,74,10.657231119219768,10.864631183906246,10.617911528815984,10.635741077265154,10.651427406635305,10.615867120220177,10.651239544360495,10.701089028119146,10.669376367111099,10.64389368214013,10.67973500175656,10.65938813673472,10.718852406015541,10.680639348935207
tid_2307,74,10.74884496003321,11.003254174704892,10.48560189177897,10.563644010590231,10.482227828104634,10.489404353265149,10.53922954214205,10.599629910926213,10.533837311574802,10.539907907588448,10.576989401504965,10.588528542227534,10.553750744871612,10.578494893822791
tid_2308,74,10.549833963767837,10.7414339669885,10.684355202716729,10.690569241834714,10.66347868016127,10.67051502767926,10.67735742758736,10.686261947033932,10.664001980878687,10.669310608833397,10.646013235196017,10.6219745044596,10.645930165238635,10.639383967696697
tid_2309,74,10.662080654921091,10.873527560404474,10.531652457447512,10.5782034439647,10.525443339185763,10.532536786405279,10.573985563594174,10.610516823844756,10.566003860356025,10.572280466623413,10.600256689532781,10.586017500188364,10.568275166271611,10.582712264699424
tid_2310,74,11.468318190308016,11.541006476788064,10.900884680751359,10.914551732163297,10.91115566265391,10.875326380429179,10.878054719606867,10.90130645674535,10.885244064488006,10.859545410623534,10.899652256817268,10.879489231070261,10.87971989160527,10.860474711340853
tid_2311,74,10.809360204179429,11.009050628416002,10.920172995396822,10.928457569617288,10.93999984590651,10.903690267699572,10.913536362143633,10.921218402670931,10.925533696292478,10.897925702820205,10.903351384532044,10.911947868688378,10.911936769804024,10.895907897019823
tid_2312,74,11.060489811182322,11.274864957010577,11.111939210092745,11.112725345746078,11.071929230638087,11.120710384426383,11.088268804488889,11.066545476358494,11.04288343645719,11.100459962269234,11.073459136176613,10.992532404822011,11.047083342654265,11.059556380347027
tid_2314,74,10.983569204584803,11.150506915204422,10.68909166135958,10.74529027340309,10.675801240385894,10.682502374999034,10.707806471097937,10.763995892130213,10.690956779728577,10.697884978455269,10.7103392354512,10.74159293032339,10.7027018662491,10.702304649324574
tid_2315,74,10.593577564715371,10.773275601958504,10.602949119034484,10.631800155134714,10.592589334167416,10.599544262315487,10.630436162359201,10.636601839975,10.618536042656057,10.625119067938812,10.663954549802913,10.60978832059499,10.641104785305028,10.641632286261425
tid_2316,74,10.77038213666989,11.006740722303824,10.680237560946933,10.715512448927088,10.666863942535906,10.673607104091719,10.698607333159382,10.73260632702625,10.682335385858202,10.68924946561371,10.731926814046163,10.712565040283229,10.71358817913069,10.71565938359221
tid_2317,74,10.707357346975488,10.893931684103586,10.66890458919679,10.687305526198191,10.692655499085918,10.657277966369298,10.668762273688218,10.699410505521735,10.688216140827786,10.661502539202397,10.646982580278031,10.656898648916066,10.652090270431469,10.651156802371005
tid_3011,74,10.775930884630007,10.97497527380758,10.882890407248404,10.92704992575243,10.919720074556011,10.923396073820799,10.893976930137077,10.93313776439283,10.916590399230394,10.915795977245304,10.83246191561229,10.88354485591543,10.835157196482688,10.847818005652625
tid_3012,74,10.58788153539299,10.77035271841586,10.67095473438597,10.715160480643176,10.657014944988992,10.663822029115131,10.687289090868594,10.719107472127805,10.671902992037374,10.678722474408936,10.681705719999755,10.665708022097212,10.676989040237416,10.684432235074105
tid_574,75,10.803768813989914,11.008229350653789,10.882207620838502,10.866567910900766,10.89331025513254,10.863965027031472,10.855923062687523,10.844550458969882,10.86188361210485,10.84336286439516,10.817906825633225,10.92046687019623,10.873831427511885,10.806422333454508
tid_578,75,11.168440209694136,11.322464472661936,10.9875681948295,11.006970185549614,10.985782114453684,10.9828833114552,10.948396942554869,11.030551480424391,10.945339695384929,10.94077682805016,11.01198756555534,11.085721440674318,10.984161752620368,11.044423678019829
tid_579,75,11.035881107868189,11.23469458892375,11.032913224497642,11.064679602185109,11.03835686436658,11.03465576919489,11.00655808445031,11.049008949805803,11.011008411041933,11.006872754737628,10.996972807964028,11.001260968388694,11.008131123541267,11.027257406805884
tid_580,75,11.633016945228048,11.825312101160478,11.123969517310051,11.23343138293276,11.241045992351225,11.248952960763205,11.0817822684018,11.17833094339644,11.181807114943592,11.186957133177915,11.250108195030046,11.346371928835511,11.326224591871233,11.342543869898453
tid_581,75,11.255013175738188,11.448369877020353,11.185440646836632,11.169772341982654,11.17163103503587,11.167395775758873,11.157600563013718,11.156843184961273,11.14366046990656,11.138814481999216,11.144252561494193,11.098146348534152,11.141990525689113,11.14639997663615
tid_582,75,11.875038296760057,12.161032391650474,11.316310416917622,11.435622326127534,11.413498577689131,11.419998124773077,11.319715242771585,11.475040420313602,11.390816812623349,11.395540502659717,11.495351855770597,11.520974654844212,11.50657239669234,11.486772274940284
tid_583,75,11.258004827841743,11.518063243951271,10.861879350168273,10.928799088960352,10.994664152706374,11.004352108566783,10.802353935240085,10.947433856698849,10.92547019275845,10.92897441412688,10.691174727368638,10.783167028308336,10.889554133324953,10.87412888464559
tid_584,75,11.105675765425596,11.279980284246244,10.88691842911824,10.95811997491021,10.900209361703162,10.897545200514276,10.869429326653796,10.948448231894295,10.876530465369001,10.873777219395254,10.867148722339826,10.867350762147698,10.841506558071854,10.880649431756996
tid_585,75,11.050491513287833,11.257706710431608,11.117534819728654,11.17129858562804,11.08118572127507,11.085247758681525,11.090402081880743,11.154539656341955,11.069027166566693,11.07191527122566,11.059212160156545,11.230903364050874,11.062609674182527,11.045000708202029
tid_586,75,10.822542460552947,11.187423830627448,10.877871427989774,10.892136608519502,10.884416758400606,10.88217611051126,10.845202227419092,10.877077488628787,10.849320424638808,10.845484537215189,10.837966160037283,10.911567091824418,10.811513077549959,10.861319219522409
tid_587,75,11.470948637220026,11.315480118030427,11.039369403698851,11.047792346046394,10.981524458518521,11.026623133840179,10.99389789236117,10.801100899873825,10.922890793209271,10.976791425489948,11.017625989925548,10.992488155747832,11.0433695767636,11.155211550154041
tid_588,75,11.430820215051384,11.646116299611464,11.086018299067886,11.164108270157977,11.215579902451468,11.223237535547048,11.0519492323947,11.136798535138748,11.166474931912928,11.175510089122128,11.057567665740189,11.19137213358788,11.147671288220993,11.17020075014804
tid_589,75,10.885300071982934,11.125948885814983,10.952963140308425,10.939912966164432,10.959103386105268,10.956149013341525,10.92457439832317,10.9582149184044,10.927563898492021,10.924282297502977,10.901267008509933,10.941599797205741,10.905527684393515,10.880073123807122
tid_591,75,11.010603581695458,11.1968960428385,10.966821076761814,10.940140474838183,10.973256080737704,10.94061588314197,10.939570408792642,10.949755080062214,10.94293654198958,10.921767949480346,10.972457912853644,10.918989662777022,10.92509298862251,10.92415522120385
tid_592,75,10.635001716541217,10.83248718315162,10.852671051329336,10.858733787654154,10.854567937843248,10.852804485161403,10.804967036544339,10.782208658638472,10.808823753556625,10.801918195237738,10.75191906594979,10.886340372406226,10.831353791108722,10.822487101944583
tid_593,75,11.042910635661771,11.249790303437935,10.808948702891774,10.808446829639994,10.81964883555153,10.817875351055042,10.781668960819855,10.796196865836354,10.7896407619978,10.785928713640294,10.79309868322006,10.774033541699925,10.81596819852805,10.802185191562836
tid_594,75,10.8317285941697,11.028227196416728,10.944441922111292,10.934943508670944,10.94066898137627,10.908238865876479,10.91101664362809,10.907724346797496,10.904425931317373,10.88242999243469,10.94294868650096,10.944217183717624,10.932552057595853,10.908733886237608
tid_595,75,11.294158572098572,11.451541429872508,10.921650470518097,10.889393835698803,10.926233036144758,10.894126300126379,10.888229097069388,10.89401725318813,10.890362666188322,10.86878280688609,10.947239194441815,10.85091339497282,10.944637556001632,10.903108166173698
tid_598,75,10.817138804044776,11.073423106324537,10.800578932813487,10.773908105066866,10.813259811421261,10.811469725043366,10.778356977315891,10.78009307580524,10.786987687009326,10.783826369942725,10.818113476042594,10.804708077288241,10.821988820327272,10.829770735503597
tid_599,75,11.130384577500376,11.28233676720636,10.85454564556121,10.857897116342338,10.867223040049558,10.835369973840272,10.8349241438991,10.832490446985535,10.84194311760516,10.82143967773244,10.821461553786678,10.827730845253393,10.844537499442776,10.83466549221566
tid_600,75,11.285485195971242,11.48525000811986,10.99830784269632,11.013779223896849,11.002149866982199,10.998866522638773,10.968795188334333,11.041954541610103,10.970527994068084,10.966995173688957,10.939704917221292,10.982066591993636,10.908851216140706,10.908759008362656
tid_601,75,10.912864174132686,11.076777413010037,10.890418659172445,10.918577091685655,10.91097828245076,10.907918829497847,10.885802257673973,10.924711818909415,10.897147615594239,10.892797647567614,10.826476402544564,10.920167817752242,10.83551611319202,10.842232200639824
tid_602,75,10.760741401469122,11.02427709781559,10.752447387907011,10.812554384236298,10.89312795771436,10.903493122194249,10.70091569308716,10.880008060686075,10.834151775599231,10.83807849169637,10.593473938667222,10.613594697090065,10.665471300239911,10.687787238490928
tid_603,75,10.985806150383434,11.219234709820164,10.975587207190918,10.966585405465805,10.98298809344788,10.950214245245736,10.950083373518106,10.96597654795048,10.954411961897256,10.933129268978462,10.876703410901202,10.942461012535546,10.863233493351297,10.873944900924778
tid_604,75,10.844868866580743,11.05858571412442,10.830124887535973,10.888357047888547,10.846302041160776,10.84674946867779,10.810487610039333,10.864599904443596,10.820309201305971,10.820378311790936,10.848873767644935,10.928105048747527,10.835946955431519,10.849283322822313
tid_605,75,10.630521534662972,10.81002285456268,10.89001887840155,10.943437637704706,10.89545273505941,10.893148588308293,10.855771141313955,10.846140600395211,10.859058961769728,10.855072562563619,10.864239170475747,10.937783920322133,10.870719393097874,10.92163767469478
tid_606,75,10.755943515580956,11.038827063576266,10.82720853500316,10.793618380554863,10.835851675542463,10.834001928061777,10.79563167505306,10.798928035657417,10.802370629203024,10.798244710712991,10.784233700213068,10.739497329697379,10.80837330646593,10.805951482730448
tid_607,75,10.73294289193447,10.93648518568616,10.84646254127321,10.855635546799126,10.858717449852659,10.856500117921074,10.825521021410863,10.828353317686144,10.8325440492552,10.829792874525145,10.847447343648753,10.769370016606466,10.827517656692814,10.858496988141301
tid_2318,76,11.08036250399904,11.247838196490088,11.155593626342837,11.162224081247325,11.185887242357822,11.181560795280152,11.126895859432635,11.212605656917685,11.174684034497867,11.152675766665723,11.252246536748071,11.156018021913034,11.299573819114311,11.245547733608754
tid_2320,76,11.022748515730264,11.190972117331038,11.000990570096986,11.025151936882773,11.030200403548188,11.02941170127275,10.994668553480201,11.037084635287385,11.020691538244773,11.015993069815725,10.943242622277436,10.935516159760793,10.949494491605956,10.953348773353314
tid_2321,76,10.669762045989218,10.833241250611245,10.743718482448868,10.72516094635896,10.715119321770535,10.722189479382768,10.71288680056652,10.651338302956603,10.697286207247496,10.700390753988303,10.62479999423478,10.625636390172556,10.623840286443013,10.641089230937585
tid_2322,76,10.708254369524951,10.86853797192483,10.868923507329498,10.839494664717158,10.833318609443355,10.838929619411829,10.832494990193783,10.806746058612326,10.807499234140671,10.811221134037213,10.825313641579363,10.79488729236466,10.805783420405243,10.815554678967874
tid_2323,76,10.58377236637913,10.728235200183205,10.782709751200024,10.637829701452311,10.745010651403094,10.75286015919822,10.729645184533272,10.55009611323133,10.710328431507522,10.71016465299085,10.65732062687667,10.631884883317683,10.655671211050857,10.649429947707514
tid_2324,76,10.8437408745015,11.036074445767047,10.81212994902018,10.862148218480229,10.78880819414205,10.793457288876127,10.799693779478917,10.846773415381058,10.780426027686124,10.78554299396904,10.836459112506141,10.849770297100426,10.833421721646534,10.823405398290786
tid_2325,76,10.728677831259624,10.898458217774737,10.753826045528436,10.788138898305164,10.733248288091463,10.73866929941696,10.746408825876044,10.749737204496288,10.72980934345466,10.735138532399974,10.730343537184213,10.712574754948092,10.735281181063886,10.745862368272538
tid_2326,76,10.62478720711566,10.799551086996964,10.721467124547855,10.761459576265226,10.695262074710884,10.702386634813024,10.695803113143963,10.713439608516456,10.681880551043237,10.68530852198209,10.631180967829255,10.653652194578052,10.637251299423912,10.636371814635385
tid_2327,76,10.911418100298706,11.04756703008422,10.899278538974624,10.884560341594721,10.858380308239722,10.864278643448719,10.85479653336431,10.852504076801086,10.825968223667973,10.828618507934074,10.784817639879712,10.780652882436904,10.71321525443016,10.739504595205371
tid_2328,76,10.820865692967237,10.97973663843097,10.784113857471933,10.79353220923108,10.75486440078423,10.761176670895315,10.755262021188834,10.785694670328834,10.736611172258659,10.740533168972977,10.746956580271414,10.6930658379201,10.735995264114594,10.73341977560671
tid_2329,76,10.756804405248472,10.926202833783403,10.801349862215934,10.824946953235411,10.776579136782482,10.781719834514815,10.785112741645897,10.76240050586571,10.766027357537107,10.771083268960401,10.782271361272986,10.798932520248576,10.782173172381382,10.788375497115526
tid_2330,76,10.647220902529693,10.8226302137909,10.71934693453951,10.761232795184158,10.691678807921026,10.699110150404751,10.688881068559278,10.716989147672967,10.675341101331146,10.678065264944449,10.66274342172786,10.691839896253967,10.66771612872322,10.657857652826337
tid_2332,76,10.535402739366656,10.715319584216848,10.701921452258341,10.710830384493528,10.677858206815543,10.68502363329622,10.681292802717795,10.700096815472131,10.668726595003394,10.672445806219606,10.644103438163784,10.635380773825476,10.65114995658501,10.645116970934467
tid_2333,76,10.799330649141178,10.992130310166749,10.966858855246024,10.950096195638361,10.980081806228656,10.942938860237833,10.95100818882796,10.934234309084218,10.960432616849284,10.932848248400035,10.9036613061023,10.85232768282283,10.910891606414319,10.90784120108302
tid_2334,76,10.93649586378076,11.135818924547088,10.856251875609246,10.890539915058488,10.830508298975948,10.834634815363406,10.83987080293406,10.883486063169652,10.818825524158417,10.823670969246528,10.817733380266375,10.887729661225558,10.79565989866862,10.79740221751826
tid_2335,76,10.747796665349249,10.96085935635134,10.949993481463181,11.011301543175358,10.924516909248753,10.926567933126117,10.934643525399236,11.010480306420124,10.914006328696775,10.916671362914402,10.9759615132801,11.002666680185405,10.958310623694379,10.94879925511721
tid_2336,76,10.783172389637766,10.96380936191591,11.020487939858585,11.011684906198184,10.98817199113807,10.989917732327909,10.99754888568612,11.008321969421898,10.973837563851475,10.976367838141996,10.984515993226958,10.9005096581239,10.969464676212903,10.96628361002509
tid_2337,76,11.062617790664712,11.25674722752312,11.274222689725184,11.258049872847423,11.265474042171606,11.262491981537712,11.252716737583844,11.257777436108913,11.256335008054482,11.253151724600146,11.244481851292315,11.168433172315783,11.277885128851066,11.230528511228206
tid_2619,76,10.901129673847704,11.096280595568912,11.069724998468152,11.034611491628322,11.080771141238866,11.044843071558107,11.055436802758893,11.027264357406688,11.066553943330232,11.04107591739772,11.025388977217208,10.982075436790744,11.031205576011272,11.025035536307609
tid_2587,77,11.594501765319912,11.741160035028589,11.61152582509521,11.530143929878744,11.609044366771021,11.60472598628336,11.626014082546163,11.55312458522242,11.63442480677247,11.627511636726693,11.626814100022266,11.452409318306383,11.622242202424907,11.621199821766236
tid_2588,77,11.756341337178876,11.862488076126914,11.454930370593681,11.403125825125242,11.462365106465164,11.504642469178377,11.432476472051537,11.398964494355027,11.443342108430054,11.497142887620178,11.386377419307097,11.404851811837913,11.390480972309042,11.493002631415974
tid_2351,78,11.472232628775345,11.590836980188648,11.668552784479912,11.758118279632765,11.658674887355339,11.662141436669593,11.680298519298798,11.755130502165937,11.653181458416626,11.65882871204668,11.639824273810875,11.512623461651014,11.54885716188125,11.563376658614537
tid_2354,78,11.597333706741406,11.70728675245888,11.634853894588836,11.732542149499816,11.621172329547226,11.627177614572219,11.644176171243421,11.785265424318775,11.603863956431598,11.61207893880266,11.6300619999373,11.588213091472868,11.567297041843732,11.59244552207967
tid_2355,78,11.407570504852526,11.52836368009936,11.803361422373625,11.890734955394256,11.78282164952103,11.7845162980444,11.862687457776255,11.932289136101815,11.823281794605897,11.825716072044619,11.711184782424203,11.598004906003721,11.67359448026872,11.641045856952303
tid_2356,78,11.581893536149655,11.744014963464476,11.558391799345186,11.647493407941152,11.550084983457426,11.557313169998357,11.546547807296708,11.656843890635656,11.512294438023053,11.522252104867762,11.537461100463357,11.378126131681986,11.400039173705922,11.49091983999778
tid_2357,78,11.67164995467796,11.806780197298302,11.729173881303801,11.824064989119677,11.715723047558589,11.717997051771018,11.75885330615691,11.849736606742301,11.729829726295508,11.733601339515669,11.644213071927695,11.578839239353144,11.612872613936059,11.58918491398409
tid_2358,78,11.646765559941278,11.808569010620191,11.710013346488108,11.81200246676101,11.695897595191878,11.699129822596651,11.736543762708457,11.828963363217841,11.703207574014396,11.708248108438193,11.673034848750225,11.586460874560101,11.62418845363713,11.593822489981452
tid_2359,78,11.958491667812828,12.127618009536365,11.756748701851402,11.83498986256915,11.743196631721363,11.744434434381665,11.792545570662128,11.835064969207945,11.767112296247479,11.769318553998541,11.645985423777764,11.553142404388602,11.616878634267659,11.61342267586818
tid_2360,78,11.612332694936187,11.762812207926606,11.793733481280773,11.858642059954335,11.775434549936639,11.776776453920972,11.846525457875732,11.86955644633172,11.812487712943028,11.8145840975573,11.696080067794247,11.553801998266778,11.669439800854812,11.641045856952303
tid_2361,78,11.766285466305938,11.929587651171609,11.774565349952475,11.84926735379761,11.765652601439346,11.764696642270302,11.805353883329966,11.84182180092729,11.796433459718905,11.794879924278634,11.678480367552174,11.589054190094549,11.664010032050994,11.621327336896984
tid_2364,78,11.700641611431488,11.809544731462978,11.741338618520786,11.817216208929349,11.728122841213677,11.729849097659185,11.773247381330052,11.844234991461462,11.746564176217605,11.749540035237024,11.633476870989597,11.575418784076538,11.605090530431754,11.57600291161084
tid_2365,78,11.535970867996978,11.648827794700743,11.730883787067599,11.79433999366161,11.731170395908277,11.728927420468462,11.736685362031526,11.781397317664377,11.747080110741337,11.742455278291642,11.677444914930966,11.583144278380393,11.683242262755558,11.640524338219425
tid_2366,78,11.484031011999829,11.605053313799155,11.662894100580793,11.727770085119998,11.662271079733397,11.662958582596184,11.66029714075035,11.716857698391655,11.656683789605896,11.658079980220172,11.628348007903378,11.559633515051862,11.56813384723665,11.562322517187093
tid_2367,78,11.46230983565267,11.56643779547499,11.599805351391122,11.657847267227472,11.604032068021228,11.60559411895809,11.581619669574874,11.624350300655992,11.58107816762502,11.583927185479954,11.591777143312054,11.455888469171331,11.520787297784592,11.544348280818744
tid_2368,78,11.569720646182526,11.817928411243429,11.581622274409595,11.65390600055233,11.587020281210199,11.588907762765764,11.559700186569192,11.633408036291167,11.559446222065255,11.56283860528878,11.582308805747065,11.482345275154207,11.519157621158618,11.544348280818744
tid_2369,78,11.28378521937156,11.407812696398336,11.663124403938173,11.72051069526128,11.672363026717985,11.66984660118485,11.644542159453888,11.691901189736548,11.667377227794498,11.66124497228993,11.640708029854228,11.542653651668907,11.628140115236675,11.540845622369703
tid_2371,78,12.95382140456615,12.913091665687825,11.707567010151266,11.732544784294372,11.682688984878029,11.689502838707469,11.748357531314367,11.70788096062287,11.685881948643939,11.693057944138314,11.75633366161801,11.57839568789615,11.667098732288636,11.673450996369866
tid_2372,78,11.55807472336472,11.75863957403018,11.753764205805142,11.81208455866475,11.763604821548293,11.757379503612439,11.742489831971058,11.797545420381827,11.786061161011386,11.769995174423421,11.588852915235547,11.53087286890886,11.574943905878783,11.53639833249188
tid_2373,78,11.83569640895442,11.906054124375595,11.748065182807986,11.815445382833927,11.743126217993481,11.741910161361607,11.766464468280663,11.800922020785299,11.764730636805783,11.762574375032218,11.677444914930966,11.558209074379933,11.66655670627257,11.622245206056286
tid_2374,78,11.540162155720829,11.717760839740246,11.70258160541444,11.777569913456746,11.705588010958643,11.703561067097832,11.699490279057652,11.771396207172629,11.712434382424311,11.708079216706086,11.657505261915258,11.58502920084873,11.665828297876953,11.60002678732474
tid_2375,78,11.457009925500667,11.617406193729032,11.723675474294932,11.790394613512122,11.724628062956041,11.722448768265357,11.727202267340612,11.77562388988316,11.738184255874472,11.733651687370676,11.677444914930966,11.594316264341472,11.683242262755558,11.640524338219425
tid_2376,78,11.647955359280074,11.78657123785638,11.694002314257798,11.751033268715146,11.700586151090146,11.69773277767397,11.683361118979487,11.711988133818663,11.704748742760456,11.698114742158422,11.616531720564705,11.506195821095615,11.619793468517695,11.540845622369703
tid_2377,78,11.550171152119947,11.680815892109198,11.783003651243963,11.828166656934059,11.783348248674884,11.779065941367028,11.79602241008151,11.804876593160827,11.816884117457127,11.807424955451747,11.668398716431257,11.537359223937152,11.659503476951674,11.59062945043546
tid_2378,78,11.669406000004358,11.823975126214478,11.647056577818077,11.715129908435406,11.649415554839429,11.649750919954224,11.637690308844933,11.686973907142313,11.639465357450517,11.640093895181604,11.648477912171305,11.544788502741428,11.585127289339155,11.552336537361526
tid_2379,78,11.559227775090813,11.698674474664442,11.665799494406336,11.73565060409511,11.673910015676606,11.671655369373934,11.649428173823361,11.715486031347446,11.669702689462106,11.664325274177164,11.666440571705602,11.546398251825147,11.665611034817612,11.58083593396389
tid_2381,78,11.348333800605634,11.55041390938122,11.592993862801874,11.657565310450615,11.601283253118188,11.60179313157388,11.568703331235586,11.615309208626698,11.577098442577666,11.57773406231821,11.5348804733178,11.453424978910151,11.480709197417042,11.50263237383362
tid_2382,78,11.42356733651213,11.574742787001608,11.707261795016437,11.760355076315564,11.707804116156067,11.706394054423047,11.709232977642111,11.724366719417086,11.716083304784656,11.713259940362535,11.657505261915258,11.55562211678298,11.6538529411397,11.60002678732474
tid_2383,78,11.188465985393854,11.394689076565015,11.58691023509369,11.641912378089803,11.588555065189103,11.591453510623456,11.57013624702578,11.594518526094946,11.56163297464948,11.566797069765618,11.598547361317474,11.445239022130545,11.497021302413467,11.558520221229882
tid_2384,78,11.132326612912122,11.33726407991188,11.603549841000028,11.669007355132631,11.611015018522542,11.611382701114563,11.581515557546208,11.626987798990253,11.589509253420596,11.58991603723807,11.645487537962694,11.51338105195644,11.5983269394767,11.585640657489993
tid_2385,78,11.574341303104228,11.78923739160844,11.553772739320973,11.635037216853517,11.56125653645032,11.563547908699345,11.52616266070398,11.601948340400774,11.527021248170271,11.531053289929863,11.569983358373463,11.48034490843497,11.50021502707426,11.536824075406418
tid_2386,78,11.21543949094399,11.307276732951866,11.551926464408275,11.616692284519262,11.56322574349002,11.564352541305364,11.519790087531216,11.563909049625769,11.52920099594348,11.530846733676931,11.522555025944198,11.45317888038633,11.465018748454233,11.495108168421295
tid_2387,78,11.183555745651512,11.282099983036542,11.56885878770912,11.643870567981503,11.57773659620843,11.578991488305975,11.541274681557784,11.608954501376994,11.547482258247884,11.549539871820011,11.540081213645928,11.4834510553041,11.476567366975798,11.50263237383362
tid_2388,78,11.627953598254278,11.794654100834476,11.563644198643617,11.650327916980915,11.565255141988308,11.56906652673462,11.543577673684815,11.63856047209842,11.532172566071317,11.538735812125958,11.590048658306085,11.486949974408919,11.487769990819734,11.55454230907399
tid_2390,78,11.233334570474808,11.387264731571962,11.577956982458318,11.659737283024976,11.57691074245833,11.581028140682852,11.562825834669344,11.648369237175409,11.54691197440757,11.55385600501413,11.609750915630707,11.483487788439474,11.49675236761312,11.553952982997588
tid_2391,78,11.60682009790611,11.771445426488064,11.503403938032292,11.583192657768047,11.4881971224746,11.499792517287235,11.483651624740775,11.603616315629667,11.432122427549297,11.443328421547191,11.524868837764208,11.388434639628484,11.428669702569016,11.517763343527799
tid_2392,78,11.391778778578184,11.556861964381016,11.450023381583286,11.500629324199322,11.478401554217116,11.477945592842344,11.394560070076793,11.457732322706104,11.425592010877413,11.421589341357565,11.192318915211779,11.197364784851766,11.170620303205371,11.172299877386617
tid_2398,78,11.452858000412858,11.600668907267984,11.603334747441647,11.64574187860414,11.610369627881076,11.610885057795848,11.581863570909356,11.58847240506115,11.588756982376534,11.58948691612313,11.645487537962694,11.504935386844286,11.595713970976606,11.583563542587536
tid_2399,78,11.66873619472327,11.58565534513409,11.665926916402332,11.737314926802743,11.664370387683443,11.665242756805725,11.665213879670658,11.704695033808694,11.659588286726843,11.661341248484245,11.628348007903378,11.52979496795871,11.56813384723665,11.56374752231321
tid_2400,78,11.7328430183441,11.911980069637062,11.668208183262978,11.74645794632133,11.662051247888133,11.664325629880386,11.674678770043414,11.761686638704123,11.657244287652086,11.661330668573083,11.607550083453114,11.537630458175705,11.535621470581196,11.550783982317688
tid_2401,78,11.375303431356262,11.50746257049687,11.527063842578709,11.592959133152831,11.54800002125482,11.546968487889147,11.481665792994573,11.534596225439287,11.509359129858183,11.505197899736359,11.351213437596261,11.303733395050804,11.316055353985462,11.301388745063672
tid_2402,78,11.504899341641767,11.633149075554856,11.576648440925329,11.631375878948148,11.582586109074112,11.584491571705541,11.553475012150976,11.583557114734473,11.553819934359293,11.557225195195281,11.591777143312054,11.457184765587606,11.52403944290614,11.544348280818744
tid_2403,78,11.375155387514356,11.507205135035322,11.534326288284312,11.553051907469865,11.542770774316722,11.54550478587062,11.503544673346626,11.501773168394184,11.504041621347438,11.50880830651922,11.503776323534625,11.373404530902663,11.41858581352536,11.457823405346707
tid_2404,78,11.171676638586092,11.326791048456348,11.62827468158961,11.688748052980937,11.629861284596368,11.631175008137093,11.617428077513738,11.659738448051186,11.614394014932486,11.616874278955708,11.60811768437668,11.512716948859948,11.543427393077431,11.541480281254813
tid_2405,78,11.261788735185725,11.471875319425507,11.720631931738103,11.772957272366316,11.726982359412446,11.723172249050066,11.713372743862339,11.743596661748862,11.73936392216041,11.730392876798916,11.636471373580413,11.53485525573543,11.6372074333963,11.581343173264388
tid_2406,78,11.4993618942208,11.449166373331884,11.595692304880659,11.646286555099195,11.602253309347265,11.603218543389255,11.57398124583529,11.600205131211352,11.578553384451268,11.580188623459925,11.535154610325078,11.454119609524783,11.47331522185425,11.486430356572939
tid_2407,78,11.37402769908698,11.475965793734057,11.569381077221585,11.61993314230287,11.573092992002719,11.576001295635029,11.547853984593791,11.583069086077307,11.542004653625437,11.5471723304182,11.58957419951193,11.451319426820971,11.499981835068219,11.550996015817557
tid_2408,78,11.162729487129203,11.28903663600561,11.561850236782234,11.612008463592256,11.56089966621498,11.565610483690959,11.544085247448065,11.577093397349799,11.52663096347553,11.534382554593174,11.59341795253089,11.367322664715092,11.42313401371471,11.511963190733306
tid_2409,78,11.3292405792656,11.48442824904648,11.619192856441218,11.640488758024848,11.609941105537034,11.615118343823383,11.620309422448269,11.601646829091429,11.589291804301693,11.59709735077729,11.580884902571718,11.43737281366386,11.488098785623032,11.55581532855494
tid_2410,78,11.189402029590388,11.301428824305418,11.528650536759866,11.566329245834892,11.533303660933063,11.537486040823126,11.500847471874529,11.549294793246732,11.492279439654476,11.49941608886399,11.541615885655672,11.347550238902135,11.399018961623607,11.47628463580397
tid_2411,78,11.219822056932362,11.331805186352636,11.685627554250665,11.671073850972753,11.662537265324028,11.669622456522333,11.718210657508129,11.654016557356089,11.658608603436274,11.666292513246727,11.736103338091311,11.455812203495228,11.642392278129417,11.63656940576919
tid_2412,78,11.440075163155973,11.604242227140404,11.726315184663369,11.729162659969862,11.716578336207807,11.717759897952496,11.74929386325178,11.682938539191198,11.730293039389755,11.732543626772923,11.630840552607406,11.527623551778486,11.599636922636005,11.57659223768724
tid_2422,78,11.280635209808151,11.429705799439375,11.532325320307717,11.543904715746093,11.534765693194801,11.539522504518077,11.5070032657949,11.48249725542776,11.493993010317658,11.501912995829707,11.565387869828829,11.366268238872998,11.408001338416993,11.489613963747809
tid_2423,78,11.785186745846088,11.996789468894749,11.76582567683594,11.844677392856829,11.752939484500057,11.75360966490061,11.80236421762116,11.854772200910153,11.780234902372943,11.781551051422861,11.658546107593793,11.574037463090686,11.621932709262133,11.620627638800219
tid_2424,78,11.481820688325842,11.616320149647867,11.671750253891377,11.73706230120452,11.671741028656172,11.671886343628143,11.669518189404197,11.704587515777192,11.668913732267905,11.669270596548536,11.668708235698004,11.535137108581752,11.609833743498374,11.5855244623273
tid_2425,78,11.613392326209484,11.784013108350074,11.61572316034972,11.692305472360308,11.623513028472763,11.623303590690131,11.594561003173506,11.670348483531063,11.605298800257236,11.604499362238661,11.643277171843177,11.54948824191798,11.605780917700445,11.570615669524665
tid_2426,78,11.781458356583183,11.89734533405995,11.720821329567013,11.773990711261641,11.711551426691667,11.712794687965612,11.741949763701042,11.758820110585706,11.723453447319086,11.725816862878132,11.630840552607406,11.54243525233849,11.599636922636005,11.57659223768724
tid_2427,78,11.72674407383517,11.84956268798044,11.757513472976942,11.817678198928995,11.756366477420784,11.753555604661262,11.770000985304904,11.793350058961815,11.781211635261638,11.775410518682126,11.685210816901645,11.552664714844068,11.683242262755558,11.641985073535261
tid_2428,78,11.613175243028689,11.617298092827545,11.607983239983316,11.669696834592393,11.599674863208175,11.604981030935914,11.605862879295467,11.65506342630437,11.575992915800137,11.584023271867714,11.580884902571718,11.466503216626739,11.488098785623032,11.55581532855494
tid_2429,78,11.300047788779263,11.455751756895676,11.60184533378707,11.673612891987354,11.593566052840899,11.599100743863737,11.598498369699666,11.672384112527913,11.56809491476009,11.576381930748292,11.573982656257177,11.501092179303278,11.49135093074458,11.55581532855494
tid_2430,78,11.358409718514256,11.576547941667176,11.593834039080011,11.653352548674519,11.597274127968364,11.599322523990033,11.57586133371993,11.616668688011755,11.572576458461217,11.576307267795235,11.595231750888491,11.456303757636046,11.508099553540834,11.55491735879936
tid_2431,78,11.526382511390144,11.718973313958816,11.595340737983891,11.641305639183843,11.601883514902173,11.602868283638223,11.573612859017592,11.594532792433053,11.578088249751573,11.579761913102939,11.535154610325078,11.448336355523482,11.47331522185425,11.486430356572939
tid_2432,78,11.48740763698327,11.616511306825636,11.54814076487916,11.599314752576909,11.560124422582208,11.561176254902708,11.514862043327168,11.53579880511555,11.525301160485716,11.526746299211295,11.531361363213405,11.431324196486013,11.47151164174495,11.495108168421295
tid_2433,78,11.208083669671511,11.36132552922753,11.572299372155875,11.634995662387551,11.58003197941825,11.58152451465124,11.546470368890498,11.59158917396295,11.550461980497715,11.553033467247253,11.535154610325078,11.447592883769612,11.476567366975798,11.486430356572939
tid_2435,78,11.309069702563304,11.422202846197903,11.565012196920916,11.637709835129838,11.572026405771428,11.574034193385387,11.539210370642333,11.605106800664327,11.540495518285613,11.54404240287276,11.579451695938452,11.457184765587606,11.505096848821783,11.536824075406418
tid_2436,78,11.572152404601471,11.789053799298166,11.69560141999409,11.751523038731017,11.698091356837503,11.69650234250533,11.692520078212993,11.72045367223201,11.702757617287471,11.699414446200455,11.657505261915258,11.55562211678298,11.665828297876953,11.60002678732474
tid_2437,78,11.237879223098018,11.372744584852908,11.722671554450026,11.730246693549631,11.698888284103289,11.704761894602397,11.766177898371811,11.724081361629578,11.707968386764001,11.714634809114731,11.749988091968751,11.557307201049095,11.700726294321072,11.683971783629744
tid_2439,78,11.7787176934037,11.969292157424247,11.786247010682622,11.881923708504495,11.755633310886015,11.76125521458897,11.858134944073475,11.921476744109334,11.786887241177299,11.79213764098359,11.761900092779214,11.61650950895502,11.728105882991311,11.72371706022046
tid_2440,78,11.85720074989909,11.966504318051744,11.78069199577586,11.884383123944954,11.751520916930584,11.756890789394841,11.848640477460439,11.954109893835454,11.78100921745716,11.78633630858541,11.740001998618064,11.631881265588808,11.70039064721256,11.718869298034145
tid_2441,78,11.704519730343954,11.764329889201376,11.852046609963768,11.940691413442766,11.816834401162286,11.821395270913769,11.952535633763446,12.013474545397926,11.874319154379869,11.877849621784524,11.801764071718862,11.6416844799699,11.762377283283938,11.734173169563578
tid_2442,78,11.756001831184276,11.941944977179563,11.928145476842547,12.00598156519711,11.891240872587424,11.893399903957762,12.057091981604977,12.06236923598699,11.982809655394377,11.983749526788639,11.66809004248985,11.572196097289494,11.656573803573727,11.627678817520522
tid_2444,78,11.944361717591883,12.153824158249003,12.017814820071372,12.081439607952676,11.979658857758702,11.978747072089625,12.17963881506529,12.087581649544926,12.11485806056528,12.111681067143135,11.702790401287904,11.55252030760238,11.672677693996018,11.641045856952303
tid_2445,78,11.354766429073354,11.503698022770086,11.564090494960608,11.588955684337515,11.575142795615855,11.575878043930434,11.533378960142418,11.518545596708723,11.544019275201148,11.54490321627925,11.543686810587007,11.4378975690287,11.490454235829308,11.50263237383362
tid_2447,78,11.34190224095755,11.482306450902696,11.686025585719843,11.710550428361472,11.692379698485597,11.68990998759953,11.674914038064893,11.670998559700655,11.694143285434537,11.688449717668117,11.642264262416079,11.499436947944327,11.657264388098632,11.58083593396389
tid_2450,78,11.465130255669004,11.617339532887655,11.542008242998143,11.624173207208303,11.550533003922052,11.552943199441279,11.511974604494492,11.589296216560355,11.513649865432921,11.517850018646875,11.492889003333163,11.364558481970958,11.40239594333589,11.438742725511647
tid_2451,78,11.352824785617772,11.465992125833706,11.558536301233495,11.631062056986545,11.567373749948413,11.56904189247775,11.529917122064155,11.589316438156109,11.534557751923778,11.537398462350996,11.522829162951476,11.44689825315498,11.45762477289144,11.478906151160613
tid_2452,78,11.37798050229759,11.476758245157496,11.554390058488384,11.624369685454935,11.560660021597798,11.563320723077155,11.528176783954919,11.584199508615244,11.526328673651314,11.53103797151851,11.584575498742948,11.44936174341616,11.499981835068219,11.547393153387034
tid_2453,78,11.35125441121832,11.463603909637518,11.570293636830268,11.635245248345589,11.582943652625648,11.582920790317353,11.538112406600408,11.582261302789476,11.553515006010903,11.552681788991224,11.539622134194662,11.450021911378473,11.509903345810349,11.500200161186735
tid_2455,78,11.544478394123276,11.604369088361244,11.543885911138732,11.6080355123126,11.555139659783311,11.556592918922602,11.511056197157403,11.557492008708119,11.519200770176226,11.521486012490266,11.435992333338909,11.352695888585274,11.354923867405548,11.397026818526523
tid_2457,78,11.677088142773243,11.744880481053965,11.742528136022939,11.851119485502956,11.707077483095764,11.715961336261268,11.807237904755471,11.945554406137095,11.719026712761346,11.724775395146732,11.656203239949411,11.715484611782273,11.651724503592275,11.618970391735465
tid_2459,78,11.715748751036848,11.883746676967732,11.784283159562225,11.870077725036484,11.777551693508087,11.775512304049833,11.812489639487968,11.871594456196503,11.811887881639137,11.808098734215145,11.70937225778181,11.586369329401407,11.700828106565195,11.649810615390496
tid_2460,78,11.523297489076516,11.64397565696074,11.782405936491498,11.861043515137094,11.755597039720339,11.760135161687236,11.84707847804281,11.923732504960206,11.786460189602895,11.791467089917187,11.645602796694254,11.606314123296144,11.62913345741874,11.642000696061396
tid_2338,79,11.101236025842091,11.242547476215965,11.29980141193262,11.347044842690817,11.294281379264286,11.290864561506746,11.296871258777276,11.320775565090122,11.302460521739748,11.300045343035789,11.274240418028512,11.348556428228575,11.318420398659145,11.281483035918427
tid_2339,79,10.838923833132514,11.032371981192911,11.042483044833642,11.157891906253559,11.178808418908485,11.194169260383218,11.000445745691586,11.184160132124193,11.123510603053125,11.13797135530558,11.052670712732414,11.235516508053097,11.179799208605875,11.219793074489933
tid_2340,79,10.90377010713103,11.10818359526211,11.124120424190048,11.12256661872987,11.11229759993573,11.073707328863753,11.091594864072345,11.126449114969999,11.080635319433972,11.050477670099893,11.266648884636089,11.241084983481668,11.271961410138392,11.180593672777814
tid_2341,79,11.310144433202884,11.483400872143536,11.305938462615407,11.345930357818629,11.429766362596212,11.44320680681897,11.294591501385433,11.344949329765182,11.406977742409524,11.422972196377414,11.360364680243915,11.346266195029282,11.384439737686794,11.41267238315513
tid_2342,79,10.802597536981205,10.943345448585069,11.012238899071361,11.12642802411364,11.148183433863927,11.16363838508719,10.964281272409973,11.009304860878853,11.087783993480048,11.10046939231534,11.168388697775754,11.180764299758117,11.34828199136418,11.305124533616853
tid_2343,79,11.228537959467875,11.4793635107972,11.114908437235892,11.202027966918088,11.253185767156875,11.26839361911641,11.084575885855772,11.176004484302453,11.21028294217433,11.227696676357068,11.125435052627694,11.084721439675912,11.18962621629155,11.23641947205271
tid_916,83,11.540455998071655,11.641335390241046,11.626074216742234,11.680934767106466,11.730060176850712,11.740954350450284,11.729452189370697,11.79465469069411,11.81574593991922,11.824507044848641,11.649991390362226,11.78069620546521,11.663228408667361,11.639799977102868
tid_917,83,11.82009099614226,11.976460719312168,11.523378393516866,11.579813303434298,11.626891762180355,11.63635235530579,11.568069118058979,11.64262763363601,11.654734198074731,11.662174783816873,11.65688545827033,11.758603173631782,11.663432985413987,11.651876370819679
tid_2216,86,11.688469103484724,11.798866522735098,11.507030052827139,11.487143937887973,11.44551687936011,11.483028916419462,11.524302764862123,11.527589502997472,11.48258864563423,11.52567478940034,11.633558861690139,11.713924597160947,11.594886893842867,11.695004122346619
tid_2217,86,11.664954467058797,11.86554449479832,11.4406968270398,11.42761253134786,11.412384414433705,11.41706612891778,11.458578205718837,11.481829742839349,11.44766550767147,11.451482839569145,11.548359319316969,11.734743642637667,11.659656237435756,11.65846081494547
tid_2218,86,11.480729698993857,11.646085663710824,11.194049887606639,11.241038979146547,11.184543770752063,11.15530960852677,11.180819302283735,11.280958455378558,11.17749487983905,11.157490757688548,11.16690121013063,11.29707716250801,11.182027089770038,11.183336224564348
tid_2219,86,11.597715042256496,11.733928326642465,11.350551132965283,11.376676039425018,11.329907394788128,11.334325970941583,11.352599500588608,11.428630982450045,11.346068813447307,11.350095680895329,11.466475346652619,11.604450068156472,11.52684717735915,11.428253962765664
tid_2220,86,11.654453672666977,11.808939480183438,11.419579228516174,11.420033851254168,11.40020474519344,11.40453985740292,11.417455678540245,11.464581371672395,11.426068217802152,11.425404368182617,11.453625310059346,11.67278066323519,11.606556892469877,11.611308928293077
tid_2221,86,11.52798943154668,11.690113869652436,11.414598735017009,11.44456119243974,11.371243179891195,11.408074634315659,11.393641557542788,11.479618860587813,11.380182181020869,11.415208874368695,11.424054219832824,11.590455743510738,11.400921073001042,11.579514697998123
tid_2222,86,11.483395722306453,11.67770997609869,11.439529631075317,11.448165193324845,11.411413907826642,11.41608832891056,11.456944012580452,11.509820964182742,11.446353670466502,11.450121011574259,11.546803530006452,11.784986927339595,11.659656237435756,11.65846081494547
tid_2223,86,11.49463012115136,11.655203370089865,11.243187193421985,11.242127875493944,11.180766964627939,11.190549075239955,11.244434009255443,11.297395146180328,11.188959301525585,11.199279045918356,11.216661518469456,11.328338049527217,11.217307827407172,11.240282615779249
tid_2224,86,11.52509610139693,11.680815046662374,11.256798167596513,11.24719194522691,11.240806549547727,11.245084069245289,11.250747322513343,11.274417907183999,11.241806290732358,11.247211086356653,11.30223195068494,11.208156989732846,11.28636124483521,11.214724164881483
tid_2225,86,11.480498343029986,11.675847563184574,11.120311536165271,11.163216585581024,11.117812258005555,11.08833356555287,11.102886304320835,11.184378986240045,11.104367672593574,11.084204288379263,11.061724673167435,11.21145786171716,11.061067392880595,11.048636462611121
tid_2226,86,11.745176219528169,11.85566161369593,11.449506041337886,11.451638394631896,11.406496101701944,11.443297169372773,11.423491134107406,11.50681940048487,11.418779361356265,11.449756678734724,11.52140464416044,11.59560981117886,11.51219966406746,11.629235701228406
tid_2227,86,11.48951557933376,11.64759009024401,11.387092771882728,11.343820895491916,11.35943958716982,11.364120482028078,11.402844159908812,11.376224079048148,11.384678872442237,11.39034623860495,11.565754210728858,11.523128953657924,11.625546170300426,11.536327270322975
tid_2228,86,11.789263182869147,11.863972401343318,11.289424826346401,11.270684378164269,11.270036484460102,11.274434028914005,11.288443737671507,11.276657567657285,11.276255980498837,11.281869936331532,11.396422221112767,11.235859278684186,11.402222582872147,11.306574763977633
tid_2229,86,11.796007473331898,11.894580687436592,11.341750135804755,11.384888690959073,11.307468516320318,11.277945039378583,11.33386356092218,11.450340260114597,11.30724455021573,11.286970311756601,11.292065305052665,11.571933292590762,11.256447670692678,11.270650066471426
tid_2230,86,11.59483535145688,11.720699508178926,11.284152582628218,11.243911196098047,11.252712096967054,11.223102636383878,11.269362594497803,11.290488541721535,11.242712964653025,11.22256186555463,11.300242828726951,11.25072305733614,11.25777473895966,11.271893687875076
tid_2231,86,11.518483987719058,11.666266960353186,11.220563563991552,11.173555907484195,11.197912860838438,11.167982901520393,11.195730213250046,11.20661521872437,11.180043481671987,11.159191648537991,11.149218305669917,11.021446236463287,11.129740483017303,11.113111613648407
tid_2232,86,11.674213186842858,11.839268719066729,11.277806541610113,11.259365927208181,11.254314651523694,11.224391042328934,11.25563963236151,11.31555015889377,11.244068130381656,11.222237122280939,11.148606651221273,11.214734054649371,11.1806979001646,11.200434221418497
tid_2233,86,11.585598622555372,11.75845731745074,11.101141916825611,11.128590119037979,11.053278830224562,11.061339924341873,11.070873514495545,11.150675216498415,11.037964031575287,11.045023929119138,11.010128528550126,11.103197964638237,11.019495001793041,11.007495829672006
tid_2234,86,11.638619349408993,11.771094789119966,11.196232932921706,11.177918203849535,11.13784119787326,11.146277198156593,11.169184704874494,11.175362568154284,11.127538915644786,11.1351141958988,11.154685312355532,11.1417309346165,11.106256107513238,11.10560275869678
tid_2235,86,11.429037205966576,11.565725673392295,11.22742794270789,11.194154266600515,11.208437631182123,11.2116410801528,11.201164549007354,11.205148471107217,11.192452523822494,11.195664978477465,11.082656678485991,11.11621027075098,11.113423268748587,11.079980717345373
tid_2236,86,11.722982155660508,11.861592329663406,11.241798123216869,11.257672603628114,11.231691486091163,11.201250896575504,11.210848206147098,11.312453018731386,11.218704299122763,11.192090850909,11.128959466509283,11.406059050990862,11.156068152658786,11.186111090764271
tid_2237,86,11.693124771383085,11.865301280886971,11.133122630331965,11.135552751449445,11.113588352962008,11.116858342854997,11.101697507972267,11.16305306407392,11.085303298019944,11.089484242621031,11.037320505602262,11.029312852124722,11.017577709983641,11.056653557105097
tid_2344,87,12.056994163663663,12.205352886565825,12.076603311235072,12.012085501135067,11.949101305949796,11.935302645688044,12.569404205331487,12.574485516698042,12.37386022875432,12.362520061018014,11.826022714747419,11.821839343811833,11.817347384462838,11.779988351077263
tid_2345,87,11.900780420551923,12.047968076039693,11.883482187640361,11.948004654707328,11.95151511951198,11.965077543130187,12.273483655634747,12.183141614192847,12.245839404188947,12.25586664137353,11.71044584320094,11.831868466552006,11.752164721296364,11.734582685356385
tid_2348,87,11.878902410830458,12.028699226485866,11.983921368689305,12.008071134481472,12.044182386650556,12.055245604722968,12.369984805354093,12.366581451699524,12.35260501876678,12.362259933460045,11.683436023769476,11.850240785515682,11.664847138948508,11.70731123289345
tid_2349,87,12.029036496328514,12.203050583697852,12.135638705119367,12.160189289845414,12.182509882052388,12.193013643028783,12.669228928168494,12.6683537455045,12.614713352197708,12.623619778908715,11.784311109311739,11.869554773415047,11.768769784747946,11.790606591037392
tid_2238,89,11.927164634840487,12.037919639091776,11.740744280881042,11.683059572590727,11.690183384977571,11.68969691649389,11.861185895999121,11.79185465611789,11.82138267497063,11.82392686513816,11.697932865408957,11.710606599388942,11.717150051951595,11.72068530365201
tid_2241,89,11.631578344425002,11.775885705654762,11.39997313492269,11.37965827589089,11.372768129027449,11.341639126417729,11.42781318656664,11.46950281899258,11.402763996434956,11.382492432117726,11.537838776988334,11.482028053873641,11.570477270424261,11.515714255227785
tid_2242,89,11.972239033580172,12.070244331285444,11.496116003766272,11.493058901703689,11.435320530620709,11.47383828316989,11.514714994892547,11.565482145806259,11.47042829292177,11.516147610919283,11.558069167408748,11.636959574268994,11.53858118858657,11.579554602484537
tid_2243,89,11.84186367768736,11.95901478804156,11.454839585961004,11.43563803538988,11.435720050723386,11.435575057713093,11.466921879277416,11.51669732302027,11.47178461051777,11.469205311484519,11.484687065703962,11.610073430845663,11.520047454471282,11.52945101474058
tid_2244,89,11.958352037448762,12.089525346037256,11.573540061482367,11.633173698724777,11.659880471747691,11.66194787703717,11.688412067250267,11.699516040062043,11.723516353452293,11.726729167766553,11.832200946439928,11.8142928735648,11.858843797579699,11.872478699540007
tid_2245,89,12.09140506430192,12.16837181676722,11.44163482810467,11.4446816737949,11.407827732996195,11.40820275134847,11.453608525911527,11.5438181730241,11.43738124608837,11.437279257936067,11.53728926809969,11.661897569058425,11.541246149410874,11.554700558534677
tid_2248,89,11.942312807703033,12.107337356731176,11.450262305129254,11.45901954170353,11.402274746846146,11.37156277215247,11.492538689516923,11.553282532912032,11.439356660359284,11.419389887488352,11.479504275792861,11.701247397277479,11.534351460716959,11.480908942240953
tid_2249,89,11.541434201522613,11.682555152994505,11.453730909896223,11.42365481072194,11.5549150327148,11.557074508548542,11.510859833906954,11.44732156464712,11.579012766608443,11.582491835430234,11.44471093243927,11.495362185138482,11.468978922479408,11.469397562007487
tid_2250,89,11.839820558238012,12.004966966587537,11.512376529494075,11.602209467759929,11.614485360644004,11.616349229463713,11.57608424530987,11.63673149601669,11.653578132544904,11.658400428941412,11.630041175496203,11.724132326876447,11.633890795699566,11.646534509601807
tid_2872,89,11.647337469742034,11.773643760188628,11.458811305461623,11.429445143215482,11.560548831899268,11.562668222133565,11.515662581646634,11.467069069962818,11.585875653366507,11.58965396655957,11.424265937719829,11.594010287714706,11.472274462228143,11.448858868248038
tid_2879,89,11.81345293095991,11.965445263930832,11.556283973149139,11.532686181465195,11.51746342701219,11.51745865298524,11.623458654537606,11.651090805967753,11.588183374170875,11.591578248877248,11.629026508284626,11.687777278293467,11.631511684055278,11.603517403304663
tid_2880,89,11.598788432790403,11.73333889288677,11.592435765806275,11.562185871838162,11.549668283462733,11.518138023608303,11.674382851726815,11.654800973549651,11.632538849408432,11.612915142034844,11.630942689358788,11.652015344195691,11.65105720469819,11.637349025561363
tid_2882,89,11.959103121609656,12.08259002304364,11.459176955192916,11.423519888327782,11.417818700040653,11.418344736993244,11.488175647815234,11.497886384720314,11.454368093979909,11.456824294038732,11.466970568913352,11.621580102369041,11.522031026504964,11.474367996825858
