indicator_code,okved2,region_name,mun_level,municipality,oktmo,mun_type,mun_type_oktmo,oktmo_stable,oktmo_history,oktmo_year_from,oktmo_year_to,year,indicator_unit,indicator_period,comment
Y48423007,Всего по обследуемым видам экономической деятельности,Алтайский край,Муниципальное образование верхнего уровня,Залесовский муниципальный округ,01512000,Муниципальный округ,Муниципальный округ,01512000,Изменен тип и название,2022,2025,2025,Рубль,Январь-декабрь,CD
Y48423007,Всего по обследуемым видам экономической деятельности,Алтайский край,Муниципальное образование верхнего уровня,Муниципальный округ Змеиногорский район,01514000,Муниципальный округ,Муниципальный округ,01514000,Изменен тип и название,2025,2025,2025,Рубль,Январь-декабрь,CD
Y48423007,Всего по обследуемым видам экономической деятельности,Алтайский край,Муниципальное образование верхнего уровня,Муниципальный округ город Славгород,01539000,Муниципальный округ,Муниципальный округ,01539000,"Изменен тип и название, Объединение",2023,2025,2025,Рубль,Январь-декабрь,CD
Y48423007,Всего по обследуемым видам экономической деятельности,Алтайский край,Муниципальное образование верхнего уровня,Муниципальный округ Суетский район,01541000,Муниципальный округ,Муниципальный округ,01541000,Изменен тип и название,2023,2025,2025,Рубль,Январь-декабрь,CD
Y48423007,Всего по обследуемым видам экономической деятельности,Алтайский край,Муниципальное образование верхнего уровня,Муниципальный округ Чарышский район,01558000,Муниципальный округ,Муниципальный округ,01558000,Изменен тип и название,2023,2025,2025,Рубль,Январь-декабрь,CD
Y48423007,Всего по обследуемым видам экономической деятельности,Алтайский край,Муниципальное образование верхнего уровня,Алейский муниципальный район,01601000,Муниципальный район,Муниципальный район,01601000,Без изменений,2010,2025,2025,Рубль,Январь-декабрь,CD
Y48423007,Всего по обследуемым видам экономической деятельности,Алтайский край,Муниципальное образование верхнего уровня,Алтайский муниципальный район,01602000,Муниципальный район,Муниципальный район,01602000,Без изменений,2010,2025,2025,Рубль,Январь-декабрь,CD
Y48423007,Всего по обследуемым видам экономической деятельности,Алтайский край,Муниципальное образование верхнего уровня,Баевский муниципальный район,01603000,Муниципальный район,Муниципальный район,01603000,Без изменений,2010,2025,2025,Рубль,Январь-декабрь,CD
Y48423007,Всего по обследуемым видам экономической деятельности,Алтайский край,Муниципальное образование верхнего уровня,Бийский муниципальный район,01604000,Муниципальный район,Муниципальный район,01604000,Без изменений,2010,2025,2025,Рубль,Январь-декабрь,CD
Y48423007,Всего по обследуемым видам экономической деятельности,Алтайский край,Муниципальное образование верхнего уровня,Благовещенский муниципальный район,01605000,Муниципальный район,Муниципальный район,01605000,Без изменений,2010,2025,2025,Рубль,Январь-декабрь,CD
Y48423007,Всего по обследуемым видам экономической деятельности,Алтайский край,Муниципальное образование верхнего уровня,Бурлинский муниципальный район,01606000,Муниципальный район,Муниципальный район,01606000,Без изменений,2010,2025,2025,Рубль,Январь-декабрь,CD
Y48423007,Всего по обследуемым видам экономической деятельности,Алтайский край,Муниципальное образование верхнего уровня,Быстроистокский муниципальный район,01607000,Муниципальный район,Муниципальный район,01607000,Без изменений,2010,2025,2025,Рубль,Январь-декабрь,CD
Y48423007,Всего по обследуемым видам экономической деятельности,Алтайский край,Муниципальное образование верхнего уровня,Волчихинский муниципальный район,01608000,Муниципальный район,Муниципальный район,01608000,Без изменений,2010,2025,2025,Рубль,Январь-декабрь,CD
Y48423007,Всего по обследуемым видам экономической деятельности,Алтайский край,Муниципальное образование верхнего уровня,Егорьевский муниципальный район,01609000,Муниципальный район,Муниципальный район,01609000,Без изменений,2010,2025,2025,Рубль,Январь-декабрь,CD
Y48423007,Всего по обследуемым видам экономической деятельности,Алтайский край,Муниципальное образование верхнего уровня,Ельцовский муниципальный район,01610000,Муниципальный район,Муниципальный район,01610000,Без изменений,2010,2025,2025,Рубль,Январь-декабрь,CD
Y48423007,Всего по обследуемым видам экономической деятельности,Алтайский край,Муниципальное образование верхнего уровня,Завьяловский муниципальный район,01611000,Муниципальный район,Муниципальный район,01611000,Без изменений,2010,2025,2025,Рубль,Январь-декабрь,CD
Y48423007,Всего по обследуемым видам экономической деятельности,Алтайский край,Муниципальное образование верхнего уровня,Заринский муниципальный район,01613000,Муниципальный район,Муниципальный район,01613000,Без изменений,2010,2025,2025,Рубль,Январь-декабрь,CD
Y48423007,Всего по обследуемым видам экономической деятельности,Алтайский край,Муниципальное образование верхнего уровня,Калманский муниципальный район,01615000,Муниципальный район,Муниципальный район,01615000,Без изменений,2010,2025,2025,Рубль,Январь-декабрь,CD
Y48423007,Всего по обследуемым видам экономической деятельности,Алтайский край,Муниципальное образование верхнего уровня,Каменский муниципальный район,01616000,Муниципальный район,Муниципальный район,01616000,Объединение,2010,2025,2025,Рубль,Январь-декабрь,CD
Y48423007,Всего по обследуемым видам экономической деятельности,Алтайский край,Муниципальное образование верхнего уровня,Ключевский муниципальный район,01617000,Муниципальный район,Муниципальный район,01517000,Изменен тип и название,2010,2025,2025,Рубль,Январь-декабрь,CD
Y48423007,Всего по обследуемым видам экономической деятельности,Алтайский край,Муниципальное образование верхнего уровня,Косихинский муниципальный район,01618000,Муниципальный район,Муниципальный район,01618000,Без изменений,2010,2025,2025,Рубль,Январь-декабрь,CD
Y48423007,Всего по обследуемым видам экономической деятельности,Алтайский край,Муниципальное образование верхнего уровня,Красногорский муниципальный район,01619000,Муниципальный район,Муниципальный район,01619000,Без изменений,2010,2025,2025,Рубль,Январь-декабрь,CD
Y48423007,Всего по обследуемым видам экономической деятельности,Алтайский край,Муниципальное образование верхнего уровня,Краснощёковский муниципальный район,01620000,Муниципальный район,Муниципальный район,01620000,Без изменений,2010,2025,2025,Рубль,Январь-декабрь,CD
Y48423007,Всего по обследуемым видам экономической деятельности,Алтайский край,Муниципальное образование верхнего уровня,Крутихинский муниципальный район,01621000,Муниципальный район,Муниципальный район,01621000,Без изменений,2010,2025,2025,Рубль,Январь-декабрь,CD
Y48423007,Всего по обследуемым видам экономической деятельности,Алтайский край,Муниципальное образование верхнего уровня,Кулундинский муниципальный район,01622000,Муниципальный район,Муниципальный район,01522000,Изменен тип и название,2010,2025,2025,Рубль,Январь-декабрь,CD
Y48423007,Всего по обследуемым видам экономической деятельности,Алтайский край,Муниципальное образование верхнего уровня,Курьинский муниципальный район,01623000,Муниципальный район,Муниципальный район,01623000,Без изменений,2010,2025,2025,Рубль,Январь-декабрь,CD
Y48423007,Всего по обследуемым видам экономической деятельности,Алтайский край,Муниципальное образование верхнего уровня,Кытмановский муниципальный район,01624000,Муниципальный район,Муниципальный район,01624000,Без изменений,2010,2025,2025,Рубль,Январь-декабрь,CD
Y48423007,Всего по обследуемым видам экономической деятельности,Алтайский край,Муниципальное образование верхнего уровня,Локтевский муниципальный район,01625000,Муниципальный район,Муниципальный район,01625000,Без изменений,2010,2025,2025,Рубль,Январь-декабрь,CD
Y48423007,Всего по обследуемым видам экономической деятельности,Алтайский край,Муниципальное образование верхнего уровня,Мамонтовский муниципальный район,01626000,Муниципальный район,Муниципальный район,01626000,Без изменений,2010,2025,2025,Рубль,Январь-декабрь,CD
Y48423007,Всего по обследуемым видам экономической деятельности,Алтайский край,Муниципальное образование верхнего уровня,Михайловский муниципальный район,01627000,Муниципальный район,Муниципальный район,01627000,Без изменений,2010,2025,2025,Рубль,Январь-декабрь,CD
Y48423007,Всего по обследуемым видам экономической деятельности,Алтайский край,Муниципальное образование верхнего уровня,Новичихинский муниципальный район,01628000,Муниципальный район,Муниципальный район,01628000,Без изменений,2010,2025,2025,Рубль,Январь-декабрь,CD
Y48423007,Всего по обследуемым видам экономической деятельности,Алтайский край,Муниципальное образование верхнего уровня,Зональный муниципальный район,01629000,Муниципальный район,Муниципальный район,01529000,Изменен тип и название,2010,2025,2025,Рубль,Январь-декабрь,CD
Y48423007,Всего по обследуемым видам экономической деятельности,Алтайский край,Муниципальное образование верхнего уровня,Павловский муниципальный район,01630000,Муниципальный район,Муниципальный район,01630000,Без изменений,2010,2025,2025,Рубль,Январь-декабрь,CD
Y48423007,Всего по обследуемым видам экономической деятельности,Алтайский край,Муниципальное образование верхнего уровня,Панкрушихинский муниципальный район,01631000,Муниципальный район,Муниципальный район,01531000,Изменен тип и название,2010,2025,2025,Рубль,Январь-декабрь,CD
Y48423007,Всего по обследуемым видам экономической деятельности,Алтайский край,Муниципальное образование верхнего уровня,Первомайский муниципальный район,01632000,Муниципальный район,Муниципальный район,01632000,Без изменений,2010,2025,2025,Рубль,Январь-декабрь,CD
Y48423007,Всего по обследуемым видам экономической деятельности,Алтайский край,Муниципальное образование верхнего уровня,Петропавловский муниципальный район,01633000,Муниципальный район,Муниципальный район,01533000,Изменен тип и название,2010,2025,2025,Рубль,Январь-декабрь,CD
Y48423007,Всего по обследуемым видам экономической деятельности,Алтайский край,Муниципальное образование верхнего уровня,Поспелихинский муниципальный район,01634000,Муниципальный район,Муниципальный район,01634000,Без изменений,2010,2025,2025,Рубль,Январь-декабрь,CD
Y48423007,Всего по обследуемым видам экономической деятельности,Алтайский край,Муниципальное образование верхнего уровня,Ребрихинский муниципальный район,01635000,Муниципальный район,Муниципальный район,01635000,Без изменений,2010,2025,2025,Рубль,Январь-декабрь,CD
Y48423007,Всего по обследуемым видам экономической деятельности,Алтайский край,Муниципальное образование верхнего уровня,Родинский муниципальный район,01636000,Муниципальный район,Муниципальный район,01636000,Без изменений,2010,2025,2025,Рубль,Январь-декабрь,CD
Y48423007,Всего по обследуемым видам экономической деятельности,Алтайский край,Муниципальное образование верхнего уровня,Романовский муниципальный район,01637000,Муниципальный район,Муниципальный район,01637000,Без изменений,2010,2025,2025,Рубль,Январь-декабрь,CD
Y48423007,Всего по обследуемым видам экономической деятельности,Алтайский край,Муниципальное образование верхнего уровня,Рубцовский муниципальный район,01638000,Муниципальный район,Муниципальный район,01638000,Без изменений,2010,2025,2025,Рубль,Январь-декабрь,CD
Y48423007,Всего по обследуемым видам экономической деятельности,Алтайский край,Муниципальное образование верхнего уровня,Смоленский муниципальный район,01640000,Муниципальный район,Муниципальный район,01640000,Без изменений,2010,2025,2025,Рубль,Январь-декабрь,CD
Y48423007,Всего по обследуемым видам экономической деятельности,Алтайский край,Муниципальное образование верхнего уровня,Советский муниципальный район,01642000,Муниципальный район,Муниципальный район,01642000,Без изменений,2010,2025,2025,Рубль,Январь-декабрь,CD
Y48423007,Всего по обследуемым видам экономической деятельности,Алтайский край,Муниципальное образование верхнего уровня,Солонешенский муниципальный район,01643000,Муниципальный район,Муниципальный район,01543000,Изменен тип и название,2010,2025,2025,Рубль,Январь-декабрь,CD
Y48423007,Всего по обследуемым видам экономической деятельности,Алтайский край,Муниципальное образование верхнего уровня,Солтонский муниципальный район,01644000,Муниципальный район,Муниципальный район,01644000,Без изменений,2010,2025,2025,Рубль,Январь-декабрь,CD
Y48423007,Всего по обследуемым видам экономической деятельности,Алтайский край,Муниципальное образование верхнего уровня,Шелаболихинский муниципальный район,01645000,Муниципальный район,Муниципальный район,01645000,Без изменений,2010,2025,2025,Рубль,Январь-декабрь,CD
Y48423007,Всего по обследуемым видам экономической деятельности,Алтайский край,Муниципальное образование верхнего уровня,Табунский муниципальный район,01646000,Муниципальный район,Муниципальный район,01546000,Изменен тип и название,2010,2025,2025,Рубль,Январь-декабрь,CD
Y48423007,Всего по обследуемым видам экономической деятельности,Алтайский край,Муниципальное образование верхнего уровня,Тальменский муниципальный район,01647000,Муниципальный район,Муниципальный район,01647000,Без изменений,2010,2025,2025,Рубль,Январь-декабрь,CD
Y48423007,Всего по обследуемым видам экономической деятельности,Алтайский край,Муниципальное образование верхнего уровня,Тогульский муниципальный район,01648000,Муниципальный район,Муниципальный район,01648000,Без изменений,2010,2025,2025,Рубль,Январь-декабрь,CD
Y48423007,Всего по обследуемым видам экономической деятельности,Алтайский край,Муниципальное образование верхнего уровня,Топчихинский муниципальный район,01649000,Муниципальный район,Муниципальный район,01649000,Без изменений,2010,2025,2025,Рубль,Январь-декабрь,CD
Y48423007,Всего по обследуемым видам экономической деятельности,Алтайский край,Муниципальное образование верхнего уровня,Третьяковский муниципальный район,01650000,Муниципальный район,Муниципальный район,01650000,Без изменений,2010,2025,2025,Рубль,Январь-декабрь,CD
Y48423007,Всего по обследуемым видам экономической деятельности,Алтайский край,Муниципальное образование верхнего уровня,Троицкий муниципальный район,01651000,Муниципальный район,Муниципальный район,01651000,Без изменений,2010,2025,2025,Рубль,Январь-декабрь,CD
Y48423007,Всего по обследуемым видам экономической деятельности,Алтайский край,Муниципальное образование верхнего уровня,Тюменцевский муниципальный район,01652000,Муниципальный район,Муниципальный район,01652000,Без изменений,2010,2025,2025,Рубль,Январь-декабрь,CD
Y48423007,Всего по обследуемым видам экономической деятельности,Алтайский край,Муниципальное образование верхнего уровня,Угловский муниципальный район,01653000,Муниципальный район,Муниципальный район,01653000,Без изменений,2010,2025,2025,Рубль,Январь-декабрь,CD
Y48423007,Всего по обследуемым видам экономической деятельности,Алтайский край,Муниципальное образование верхнего уровня,Усть-Калманский муниципальный район,01654000,Муниципальный район,Муниципальный район,01654000,Без изменений,2010,2025,2025,Рубль,Январь-декабрь,CD
Y48423007,Всего по обследуемым видам экономической деятельности,Алтайский край,Муниципальное образование верхнего уровня,Усть-Пристанский муниципальный район,01655000,Муниципальный район,Муниципальный район,01655000,Без изменений,2010,2025,2025,Рубль,Январь-декабрь,CD
Y48423007,Всего по обследуемым видам экономической деятельности,Алтайский край,Муниципальное образование верхнего уровня,Хабарский муниципальный район,01656000,Муниципальный район,Муниципальный район,01656000,Без изменений,2010,2025,2025,Рубль,Январь-декабрь,CD
Y48423007,Всего по обследуемым видам экономической деятельности,Алтайский край,Муниципальное образование верхнего уровня,Целинный муниципальный район,01657000,Муниципальный район,Муниципальный район,01657000,Без изменений,2010,2025,2025,Рубль,Январь-декабрь,CD
Y48423007,Всего по обследуемым видам экономической деятельности,Алтайский край,Муниципальное образование верхнего уровня,Шипуновский муниципальный район,01659000,Муниципальный район,Муниципальный район,01659000,Без изменений,2010,2025,2025,Рубль,Январь-декабрь,CD
Y48423007,Всего по обследуемым видам экономической деятельности,Алтайский край,Муниципальное образование верхнего уровня,Немецкий национальный муниципальный район,01660000,Муниципальный район,Муниципальный район,01560000,Изменен тип и название,2010,2025,2025,Рубль,Январь-декабрь,CD
Y48423007,Всего по обследуемым видам экономической деятельности,Алтайский край,Муниципальное образование верхнего уровня,город Барнаул,01701000,"Городской округ, городской округ с внутригородским делением","Городской округ, городской округ с внутригородским делением",01701000,Без изменений,2010,2025,2025,Рубль,Январь-декабрь,CD
Y48423007,Всего по обследуемым видам экономической деятельности,Алтайский край,Муниципальное образование верхнего уровня,город Алейск,01703000,"Городской округ, городской округ с внутригородским делением","Городской округ, городской округ с внутригородским делением",01703000,Без изменений,2010,2025,2025,Рубль,Январь-декабрь,CD
Y48423007,Всего по обследуемым видам экономической деятельности,Алтайский край,Муниципальное образование верхнего уровня,город Белокуриха,01704000,"Городской округ, городской округ с внутригородским делением","Городской округ, городской округ с внутригородским делением",01704000,Без изменений,2010,2025,2025,Рубль,Январь-декабрь,CD
Y48423007,Всего по обследуемым видам экономической деятельности,Алтайский край,Муниципальное образование верхнего уровня,город Бийск,01705000,"Городской округ, городской округ с внутригородским делением","Городской округ, городской округ с внутригородским делением",01705000,Без изменений,2010,2025,2025,Рубль,Январь-декабрь,CD
Y48423007,Всего по обследуемым видам экономической деятельности,Алтайский край,Муниципальное образование верхнего уровня,город Заринск,01706000,"Городской округ, городской округ с внутригородским делением","Городской округ, городской округ с внутригородским делением",01706000,Без изменений,2010,2025,2025,Рубль,Январь-декабрь,CD
Y48423007,Всего по обследуемым видам экономической деятельности,Алтайский край,Муниципальное образование верхнего уровня,город Новоалтайск,01713000,"Городской округ, городской округ с внутригородским делением","Городской округ, городской округ с внутригородским делением",01713000,Без изменений,2010,2025,2025,Рубль,Январь-декабрь,CD
Y48423007,Всего по обследуемым видам экономической деятельности,Алтайский край,Муниципальное образование верхнего уровня,город Рубцовск,01716000,"Городской округ, городской округ с внутригородским делением","Городской округ, городской округ с внутригородским делением",01716000,Без изменений,2010,2025,2025,Рубль,Январь-декабрь,CD
Y48423007,Всего по обследуемым видам экономической деятельности,Алтайский край,Муниципальное образование верхнего уровня,город Яровое,01730000,"Городской округ, городской округ с внутригородским делением","Городской округ, городской округ с внутригородским делением",01730000,Без изменений,2010,2025,2025,Рубль,Январь-декабрь,CD
Y48423007,Всего по обследуемым видам экономической деятельности,Краснодарский край,Муниципальное образование верхнего уровня,Муниципальный округ город-курорт Анапа,03501000,Муниципальный округ,Муниципальный округ,03501000,Изменен тип и название,2025,2025,2025,Рубль,Январь-декабрь,CD
Y48423007,Всего по обследуемым видам экономической деятельности,Краснодарский край,Муниципальное образование верхнего уровня,Муниципальный округ город Горячий Ключ,03504000,Муниципальный округ,Муниципальный округ,03504000,Изменен тип и название,2025,2025,2025,Рубль,Январь-декабрь,CD
Y48423007,Всего по обследуемым видам экономической деятельности,Краснодарский край,Муниципальное образование верхнего уровня,Ленинградский муниципальный округ,03532000,Муниципальный округ,Муниципальный округ,03532000,Изменен тип и название,2025,2025,2025,Рубль,Январь-декабрь,CD
Y48423007,Всего по обследуемым видам экономической деятельности,Краснодарский край,Муниципальное образование верхнего уровня,Приморско-Ахтарский муниципальный округ,03541000,Муниципальный округ,Муниципальный округ,03541000,Изменен тип и название,2025,2025,2025,Рубль,Январь-декабрь,CD
Y48423007,Всего по обследуемым видам экономической деятельности,Краснодарский край,Муниципальное образование верхнего уровня,Туапсинский муниципальный округ,03555000,Муниципальный округ,Муниципальный округ,03555000,Изменен тип и название,2025,2025,2025,Рубль,Январь-декабрь,CD
Y48423007,Всего по обследуемым видам экономической деятельности,Краснодарский край,Муниципальное образование верхнего уровня,Абинский муниципальный район,03601000,Муниципальный район,Муниципальный район,03601000,Без изменений,2010,2025,2025,Рубль,Январь-декабрь,CD
Y48423007,Всего по обследуемым видам экономической деятельности,Краснодарский край,Муниципальное образование верхнего уровня,Апшеронский муниципальный район,03605000,Муниципальный район,Муниципальный район,03605000,Без изменений,2010,2025,2025,Рубль,Январь-декабрь,CD
Y48423007,Всего по обследуемым видам экономической деятельности,Краснодарский край,Муниципальное образование верхнего уровня,Белоглинский муниципальный район,03607000,Муниципальный район,Муниципальный район,03607000,Без изменений,2010,2025,2025,Рубль,Январь-декабрь,CD
Y48423007,Всего по обследуемым видам экономической деятельности,Краснодарский край,Муниципальное образование верхнего уровня,Белореченский муниципальный район,03608000,Муниципальный район,Муниципальный район,03608000,Без изменений,2010,2025,2025,Рубль,Январь-декабрь,CD
Y48423007,Всего по обследуемым видам экономической деятельности,Краснодарский край,Муниципальное образование верхнего уровня,Брюховецкий муниципальный район,03610000,Муниципальный район,Муниципальный район,03610000,Без изменений,2010,2025,2025,Рубль,Январь-декабрь,CD
Y48423007,Всего по обследуемым видам экономической деятельности,Краснодарский край,Муниципальное образование верхнего уровня,Выселковский муниципальный район,03612000,Муниципальный район,Муниципальный район,03612000,Без изменений,2010,2025,2025,Рубль,Январь-декабрь,CD
Y48423007,Всего по обследуемым видам экономической деятельности,Краснодарский край,Муниципальное образование верхнего уровня,Гулькевичский муниципальный район,03613000,Муниципальный район,Муниципальный район,03613000,Без изменений,2010,2025,2025,Рубль,Январь-декабрь,CD
Y48423007,Всего по обследуемым видам экономической деятельности,Краснодарский край,Муниципальное образование верхнего уровня,Динской муниципальный район,03614000,Муниципальный район,Муниципальный район,03614000,Без изменений,2010,2025,2025,Рубль,Январь-декабрь,CD
Y48423007,Всего по обследуемым видам экономической деятельности,Краснодарский край,Муниципальное образование верхнего уровня,Ейский муниципальный район,03616000,Муниципальный район,Муниципальный район,03616000,Без изменений,2010,2025,2025,Рубль,Январь-декабрь,CD
Y48423007,Всего по обследуемым видам экономической деятельности,Краснодарский край,Муниципальное образование верхнего уровня,Кавказский муниципальный район,03618000,Муниципальный район,Муниципальный район,03618000,Без изменений,2010,2025,2025,Рубль,Январь-декабрь,CD
Y48423007,Всего по обследуемым видам экономической деятельности,Краснодарский край,Муниципальное образование верхнего уровня,Калининский муниципальный район,03619000,Муниципальный район,Муниципальный район,03619000,Без изменений,2010,2025,2025,Рубль,Январь-декабрь,CD
Y48423007,Всего по обследуемым видам экономической деятельности,Краснодарский край,Муниципальное образование верхнего уровня,Каневской муниципальный район,03620000,Муниципальный район,Муниципальный район,03620000,Без изменений,2010,2025,2025,Рубль,Январь-декабрь,CD
Y48423007,Всего по обследуемым видам экономической деятельности,Краснодарский край,Муниципальное образование верхнего уровня,Кореновский муниципальный район,03621000,Муниципальный район,Муниципальный район,03621000,Без изменений,2010,2025,2025,Рубль,Январь-декабрь,CD
Y48423007,Всего по обследуемым видам экономической деятельности,Краснодарский край,Муниципальное образование верхнего уровня,Красноармейский муниципальный район,03623000,Муниципальный район,Муниципальный район,03623000,Без изменений,2010,2025,2025,Рубль,Январь-декабрь,CD
Y48423007,Всего по обследуемым видам экономической деятельности,Краснодарский край,Муниципальное образование верхнего уровня,Крыловский муниципальный район,03624000,Муниципальный район,Муниципальный район,03624000,Без изменений,2010,2025,2025,Рубль,Январь-декабрь,CD
Y48423007,Всего по обследуемым видам экономической деятельности,Краснодарский край,Муниципальное образование верхнего уровня,Крымский муниципальный район,03625000,Муниципальный район,Муниципальный район,03625000,Без изменений,2010,2025,2025,Рубль,Январь-декабрь,CD
Y48423007,Всего по обследуемым видам экономической деятельности,Краснодарский край,Муниципальное образование верхнего уровня,Курганинский муниципальный район,03627000,Муниципальный район,Муниципальный район,03627000,Без изменений,2010,2025,2025,Рубль,Январь-декабрь,CD
Y48423007,Всего по обследуемым видам экономической деятельности,Краснодарский край,Муниципальное образование верхнего уровня,Кущевский муниципальный район,03628000,Муниципальный район,Муниципальный район,03628000,Без изменений,2010,2025,2025,Рубль,Январь-декабрь,CD
Y48423007,Всего по обследуемым видам экономической деятельности,Краснодарский край,Муниципальное образование верхнего уровня,Лабинский муниципальный район,03630000,Муниципальный район,Муниципальный район,03630000,Без изменений,2010,2025,2025,Рубль,Январь-декабрь,CD
Y48423007,Всего по обследуемым видам экономической деятельности,Краснодарский край,Муниципальное образование верхнего уровня,Мостовский муниципальный район,03633000,Муниципальный район,Муниципальный район,03633000,Без изменений,2010,2025,2025,Рубль,Январь-декабрь,CD
Y48423007,Всего по обследуемым видам экономической деятельности,Краснодарский край,Муниципальное образование верхнего уровня,Новокубанский муниципальный район,03634000,Муниципальный район,Муниципальный район,03634000,Без изменений,2010,2025,2025,Рубль,Январь-декабрь,CD
Y48423007,Всего по обследуемым видам экономической деятельности,Краснодарский край,Муниципальное образование верхнего уровня,Новопокровский муниципальный район,03635000,Муниципальный район,Муниципальный район,03635000,Без изменений,2010,2025,2025,Рубль,Январь-декабрь,CD
Y48423007,Всего по обследуемым видам экономической деятельности,Краснодарский край,Муниципальное образование верхнего уровня,Отрадненский муниципальный район,03637000,Муниципальный район,Муниципальный район,03637000,Без изменений,2010,2025,2025,Рубль,Январь-декабрь,CD
Y48423007,Всего по обследуемым видам экономической деятельности,Краснодарский край,Муниципальное образование верхнего уровня,Павловский муниципальный район,03639000,Муниципальный район,Муниципальный район,03639000,Без изменений,2010,2025,2025,Рубль,Январь-декабрь,CD
Y48423007,Всего по обследуемым видам экономической деятельности,Краснодарский край,Муниципальное образование верхнего уровня,Северский муниципальный район,03643000,Муниципальный район,Муниципальный район,03643000,Без изменений,2010,2025,2025,Рубль,Январь-декабрь,CD
Y48423007,Всего по обследуемым видам экономической деятельности,Краснодарский край,Муниципальное образование верхнего уровня,Славянский муниципальный район,03645000,Муниципальный район,Муниципальный район,03645000,Без изменений,2010,2025,2025,Рубль,Январь-декабрь,CD
Y48423007,Всего по обследуемым видам экономической деятельности,Краснодарский край,Муниципальное образование верхнего уровня,Староминский муниципальный район,03647000,Муниципальный район,Муниципальный район,03647000,Без изменений,2010,2025,2025,Рубль,Январь-декабрь,CD
Y48423007,Всего по обследуемым видам экономической деятельности,Краснодарский край,Муниципальное образование верхнего уровня,Тбилисский муниципальный район,03649000,Муниципальный район,Муниципальный район,03649000,Без изменений,2010,2025,2025,Рубль,Январь-декабрь,CD
Y48423007,Всего по обследуемым видам экономической деятельности,Краснодарский край,Муниципальное образование верхнего уровня,Темрюкский муниципальный район,03651000,Муниципальный район,Муниципальный район,03651000,Без изменений,2010,2025,2025,Рубль,Январь-декабрь,CD
Y48423007,Всего по обследуемым видам экономической деятельности,Краснодарский край,Муниципальное образование верхнего уровня,Тимашевский муниципальный район,03653000,Муниципальный район,Муниципальный район,03653000,Без изменений,2010,2025,2025,Рубль,Январь-декабрь,CD
Y48423007,Всего по обследуемым видам экономической деятельности,Краснодарский край,Муниципальное образование верхнего уровня,Тихорецкий муниципальный район,03654000,Муниципальный район,Муниципальный район,03654000,Без изменений,2010,2025,2025,Рубль,Январь-декабрь,CD
Y48423007,Всего по обследуемым видам экономической деятельности,Краснодарский край,Муниципальное образование верхнего уровня,Успенский муниципальный район,03656000,Муниципальный район,Муниципальный район,03656000,Без изменений,2010,2025,2025,Рубль,Январь-декабрь,CD
Y48423007,Всего по обследуемым видам экономической деятельности,Краснодарский край,Муниципальное образование верхнего уровня,Усть-Лабинский муниципальный район,03657000,Муниципальный район,Муниципальный район,03657000,Без изменений,2010,2025,2025,Рубль,Январь-декабрь,CD
Y48423007,Всего по обследуемым видам экономической деятельности,Краснодарский край,Муниципальное образование верхнего уровня,Щербиновский муниципальный район,03659000,Муниципальный район,Муниципальный район,03659000,Без изменений,2010,2025,2025,Рубль,Январь-декабрь,CD
Y48423007,Всего по обследуемым видам экономической деятельности,Краснодарский край,Муниципальное образование верхнего уровня,город Краснодар,03701000,"Городской округ, городской округ с внутригородским делением","Городской округ, городской округ с внутригородским делением",03701000,Без изменений,2010,2025,2025,Рубль,Январь-декабрь,CD
Y48423007,Всего по обследуемым видам экономической деятельности,Краснодарский край,Муниципальное образование верхнего уровня,город Армавир,03705000,"Городской округ, городской округ с внутригородским делением","Городской округ, городской округ с внутригородским делением",03705000,Без изменений,2010,2025,2025,Рубль,Январь-декабрь,CD
Y48423007,Всего по обследуемым видам экономической деятельности,Краснодарский край,Муниципальное образование верхнего уровня,город-курорт Геленджик,03708000,"Городской округ, городской округ с внутригородским делением","Городской округ, городской округ с внутригородским делением",03708000,Без изменений,2010,2025,2025,Рубль,Январь-декабрь,CD
Y48423007,Всего по обследуемым видам экономической деятельности,Краснодарский край,Муниципальное образование верхнего уровня,город-герой Новороссийск,03720000,"Городской округ, городской округ с внутригородским делением","Городской округ, городской округ с внутригородским делением",03720000,Без изменений,2010,2025,2025,Рубль,Январь-декабрь,CD
Y48423007,Всего по обследуемым видам экономической деятельности,Краснодарский край,Муниципальное образование верхнего уровня,город-курорт Сочи,03726000,"Городской округ, городской округ с внутригородским делением","Городской округ, городской округ с внутригородским делением",03726000,Выделение,2010,2025,2025,Рубль,Январь-декабрь,CD
Y48423007,Всего по обследуемым видам экономической деятельности,Краснодарский край,Муниципальное образование верхнего уровня,Сириус,03731000,"Городской округ, городской округ с внутригородским делением","Городской округ, городской округ с внутригородским делением",02000000,"Изменен тип, Образован выделением",2021,2025,2025,Рубль,Январь-декабрь,CD
Y48423007,Всего по обследуемым видам экономической деятельности,Красноярский край,Муниципальное образование верхнего уровня,Пировский муниципальный округ,04545000,Муниципальный округ,Муниципальный округ,04520000,"Изменен тип и название, Объединение",2021,2025,2025,Рубль,Январь-декабрь,CD
Y48423007,Всего по обследуемым видам экономической деятельности,Красноярский край,Муниципальное образование верхнего уровня,Тюхтетский муниципальный округ,04555000,Муниципальный округ,Муниципальный округ,04508000,"Изменен тип и название, Объединение",2021,2025,2025,Рубль,Январь-декабрь,CD
Y48423007,Всего по обследуемым видам экономической деятельности,Красноярский край,Муниципальное образование верхнего уровня,Шарыповский муниципальный округ,04558000,Муниципальный округ,Муниципальный округ,04558000,"Изменен тип и название, Объединение",2021,2025,2025,Рубль,Январь-декабрь,CD
Y48423007,Всего по обследуемым видам экономической деятельности,Красноярский край,Муниципальное образование верхнего уровня,Абанский муниципальный район,04601000,Муниципальный район,Муниципальный район,04501000,Изменен тип и название,2010,2025,2025,Рубль,Январь-декабрь,CD
Y48423007,Всего по обследуемым видам экономической деятельности,Красноярский край,Муниципальное образование верхнего уровня,Ачинский муниципальный район,04603000,Муниципальный район,Муниципальный район,04503000,"Изменен тип и название, Объединение",2010,2025,2025,Рубль,Январь-декабрь,CD
Y48423007,Всего по обследуемым видам экономической деятельности,Красноярский край,Муниципальное образование верхнего уровня,Балахтинский муниципальный район,04604000,Муниципальный район,Муниципальный район,04504000,"Изменен тип и название, Объединение",2010,2025,2025,Рубль,Январь-декабрь,CD
Y48423007,Всего по обследуемым видам экономической деятельности,Красноярский край,Муниципальное образование верхнего уровня,Березовский муниципальный район,04605000,Муниципальный район,Муниципальный район,04505000,"Изменен тип и название, Выделение, Объединение",2010,2025,2025,Рубль,Январь-декабрь,CD
Y48423007,Всего по обследуемым видам экономической деятельности,Красноярский край,Муниципальное образование верхнего уровня,Бирилюсский муниципальный район,04606000,Муниципальный район,Муниципальный район,04506000,Изменен тип и название,2010,2025,2025,Рубль,Январь-декабрь,CD
Y48423007,Всего по обследуемым видам экономической деятельности,Красноярский край,Муниципальное образование верхнего уровня,Боготольский муниципальный район,04608000,Муниципальный район,Муниципальный район,04508000,"Изменен тип и название, Объединение",2010,2025,2025,Рубль,Январь-декабрь,CD
Y48423007,Всего по обследуемым видам экономической деятельности,Красноярский край,Муниципальное образование верхнего уровня,Богучанский муниципальный район,04609000,Муниципальный район,Муниципальный район,04509000,Изменен тип и название,2010,2025,2025,Рубль,Январь-декабрь,CD
Y48423007,Всего по обследуемым видам экономической деятельности,Красноярский край,Муниципальное образование верхнего уровня,Большемуртинский муниципальный район,04610000,Муниципальный район,Муниципальный район,04510000,"Изменен тип и название, Объединение",2010,2025,2025,Рубль,Январь-декабрь,CD
Y48423007,Всего по обследуемым видам экономической деятельности,Красноярский край,Муниципальное образование верхнего уровня,Большеулуйский муниципальный район,04611000,Муниципальный район,Муниципальный район,04503000,"Изменен тип и название, Объединение",2010,2025,2025,Рубль,Январь-декабрь,CD
Y48423007,Всего по обследуемым видам экономической деятельности,Красноярский край,Муниципальное образование верхнего уровня,Дзержинский муниципальный район,04613000,Муниципальный район,Муниципальный район,04513000,"Изменен тип и название, Объединение",2010,2025,2025,Рубль,Январь-декабрь,CD
Y48423007,Всего по обследуемым видам экономической деятельности,Красноярский край,Муниципальное образование верхнего уровня,Емельяновский муниципальный район,04614000,Муниципальный район,Муниципальный район,04514000,"Изменен тип и название, Выделение, Объединение",2010,2025,2025,Рубль,Январь-декабрь,CD
Y48423007,Всего по обследуемым видам экономической деятельности,Красноярский край,Муниципальное образование верхнего уровня,Енисейский муниципальный район,04615000,Муниципальный район,Муниципальный район,04515000,"Изменен тип и название, Объединение",2010,2025,2025,Рубль,Январь-декабрь,CD
Y48423007,Всего по обследуемым видам экономической деятельности,Красноярский край,Муниципальное образование верхнего уровня,Ермаковский муниципальный район,04616000,Муниципальный район,Муниципальный район,04516000,Изменен тип и название,2010,2025,2025,Рубль,Январь-декабрь,CD
Y48423007,Всего по обследуемым видам экономической деятельности,Красноярский край,Муниципальное образование верхнего уровня,Идринский муниципальный район,04617000,Муниципальный район,Муниципальный район,04528000,"Изменен тип и название, Объединение",2010,2025,2025,Рубль,Январь-декабрь,CD
Y48423007,Всего по обследуемым видам экономической деятельности,Красноярский край,Муниципальное образование верхнего уровня,Иланский муниципальный район,04618000,Муниципальный район,Муниципальный район,04518000,"Изменен тип и название, Объединение",2010,2025,2025,Рубль,Январь-декабрь,CD
Y48423007,Всего по обследуемым видам экономической деятельности,Красноярский край,Муниципальное образование верхнего уровня,Ирбейский муниципальный район,04619000,Муниципальный район,Муниципальный район,04519000,"Изменен тип и название, Объединение",2010,2025,2025,Рубль,Январь-декабрь,CD
Y48423007,Всего по обследуемым видам экономической деятельности,Красноярский край,Муниципальное образование верхнего уровня,Казачинский муниципальный район,04620000,Муниципальный район,Муниципальный район,04520000,"Изменен тип и название, Объединение",2010,2025,2025,Рубль,Январь-декабрь,CD
Y48423007,Всего по обследуемым видам экономической деятельности,Красноярский край,Муниципальное образование верхнего уровня,Канский муниципальный район,04621000,Муниципальный район,Муниципальный район,04521000,"Изменен тип и название, Объединение",2010,2025,2025,Рубль,Январь-декабрь,CD
Y48423007,Всего по обследуемым видам экономической деятельности,Красноярский край,Муниципальное образование верхнего уровня,Каратузский муниципальный район,04622000,Муниципальный район,Муниципальный район,04522000,Изменен тип и название,2010,2025,2025,Рубль,Январь-декабрь,CD
Y48423007,Всего по обследуемым видам экономической деятельности,Красноярский край,Муниципальное образование верхнего уровня,Кежемский муниципальный район,04624000,Муниципальный район,Муниципальный район,04524000,Изменен тип и название,2010,2025,2025,Рубль,Январь-декабрь,CD
Y48423007,Всего по обследуемым видам экономической деятельности,Красноярский край,Муниципальное образование верхнего уровня,Козульский муниципальный район,04626000,Муниципальный район,Муниципальный район,04526000,Изменен тип и название,2010,2025,2025,Рубль,Январь-декабрь,CD
Y48423007,Всего по обследуемым видам экономической деятельности,Красноярский край,Муниципальное образование верхнего уровня,Краснотуранский муниципальный район,04628000,Муниципальный район,Муниципальный район,04528000,"Изменен тип и название, Объединение",2010,2025,2025,Рубль,Январь-декабрь,CD
Y48423007,Всего по обследуемым видам экономической деятельности,Красноярский край,Муниципальное образование верхнего уровня,Курагинский муниципальный район,04630000,Муниципальный район,Муниципальный район,04530000,Изменен тип и название,2010,2025,2025,Рубль,Январь-декабрь,CD
Y48423007,Всего по обследуемым видам экономической деятельности,Красноярский край,Муниципальное образование верхнего уровня,Манский муниципальный район,04631000,Муниципальный район,Муниципальный район,04557000,"Изменен тип и название, Объединение",2010,2025,2025,Рубль,Январь-декабрь,CD
Y48423007,Всего по обследуемым видам экономической деятельности,Красноярский край,Муниципальное образование верхнего уровня,Минусинский муниципальный район,04633000,Муниципальный район,Муниципальный район,04533000,"Изменен тип и название, Объединение",2010,2025,2025,Рубль,Январь-декабрь,CD
Y48423007,Всего по обследуемым видам экономической деятельности,Красноярский край,Муниципальное образование верхнего уровня,Мотыгинский муниципальный район,04635000,Муниципальный район,Муниципальный район,04535000,Изменен тип и название,2010,2025,2025,Рубль,Январь-декабрь,CD
Y48423007,Всего по обследуемым видам экономической деятельности,Красноярский край,Муниципальное образование верхнего уровня,Назаровский муниципальный район,04637000,Муниципальный район,Муниципальный район,04537000,"Изменен тип и название, Объединение",2010,2025,2025,Рубль,Январь-декабрь,CD
Y48423007,Всего по обследуемым видам экономической деятельности,Красноярский край,Муниципальное образование верхнего уровня,Нижнеингашский муниципальный район,04639000,Муниципальный район,Муниципальный район,04518000,"Изменен тип и название, Объединение",2010,2025,2025,Рубль,Январь-декабрь,CD
Y48423007,Всего по обследуемым видам экономической деятельности,Красноярский край,Муниципальное образование верхнего уровня,Новоселовский муниципальный район,04641000,Муниципальный район,Муниципальный район,04504000,"Изменен тип и название, Объединение",2010,2025,2025,Рубль,Январь-декабрь,CD
Y48423007,Всего по обследуемым видам экономической деятельности,Красноярский край,Муниципальное образование верхнего уровня,Партизанский муниципальный район,04643000,Муниципальный район,Муниципальный район,04557000,"Изменен тип и название, Объединение",2010,2025,2025,Рубль,Январь-декабрь,CD
Y48423007,Всего по обследуемым видам экономической деятельности,Красноярский край,Муниципальное образование верхнего уровня,Рыбинский муниципальный район,04647000,Муниципальный район,Муниципальный район,04547000,"Изменен тип и название, Объединение",2010,2025,2025,Рубль,Январь-декабрь,CD
Y48423007,Всего по обследуемым видам экономической деятельности,Красноярский край,Муниципальное образование верхнего уровня,Саянский муниципальный район,04648000,Муниципальный район,Муниципальный район,04519000,"Изменен тип и название, Объединение",2010,2025,2025,Рубль,Январь-декабрь,CD
Y48423007,Всего по обследуемым видам экономической деятельности,Красноярский край,Муниципальное образование верхнего уровня,Северо-Енисейский муниципальный район,04649000,Муниципальный район,Муниципальный район,04549000,Изменен тип и название,2010,2025,2025,Рубль,Январь-декабрь,CD
Y48423007,Всего по обследуемым видам экономической деятельности,Красноярский край,Муниципальное образование верхнего уровня,Эвенкийский муниципальный район,04650000,Муниципальный район,Муниципальный район,04550000,Изменен тип и название,2010,2025,2025,Рубль,Январь-декабрь,CD
Y48423007,Всего по обследуемым видам экономической деятельности,Красноярский край,Муниципальное образование верхнего уровня,Сухобузимский муниципальный район,04651000,Муниципальный район,Муниципальный район,04510000,"Изменен тип и название, Объединение",2010,2025,2025,Рубль,Январь-декабрь,CD
Y48423007,Всего по обследуемым видам экономической деятельности,Красноярский край,Муниципальное образование верхнего уровня,Тасеевский муниципальный район,04652000,Муниципальный район,Муниципальный район,04513000,"Изменен тип и название, Объединение",2010,2025,2025,Рубль,Январь-декабрь,CD
Y48423007,Всего по обследуемым видам экономической деятельности,Красноярский край,Муниципальное образование верхнего уровня,Таймырский Долгано-Ненецкий муниципальный район,04653000,Муниципальный район,Муниципальный район,04553000,Изменен тип и название,2010,2025,2025,Рубль,Январь-декабрь,CD
Y48423007,Всего по обследуемым видам экономической деятельности,Красноярский край,Муниципальное образование верхнего уровня,Туруханский муниципальный район,04654000,Муниципальный район,Муниципальный район,04554000,Изменен тип и название,2010,2025,2025,Рубль,Январь-декабрь,CD
Y48423007,Всего по обследуемым видам экономической деятельности,Красноярский край,Муниципальное образование верхнего уровня,Ужурский муниципальный район,04656000,Муниципальный район,Муниципальный район,04556000,Изменен тип и название,2010,2025,2025,Рубль,Январь-декабрь,CD
Y48423007,Всего по обследуемым видам экономической деятельности,Красноярский край,Муниципальное образование верхнего уровня,Уярский муниципальный район,04657000,Муниципальный район,Муниципальный район,04557000,"Изменен тип и название, Объединение",2010,2025,2025,Рубль,Январь-декабрь,CD
Y48423007,Всего по обследуемым видам экономической деятельности,Красноярский край,Муниципальное образование верхнего уровня,Шушенский муниципальный район,04659000,Муниципальный район,Муниципальный район,04559000,Изменен тип и название,2010,2025,2025,Рубль,Январь-декабрь,CD
Y48423007,Всего по обследуемым видам экономической деятельности,Красноярский край,Муниципальное образование верхнего уровня,город Красноярск,04701000,"Городской округ, городской округ с внутригородским делением","Городской округ, городской округ с внутригородским делением",04701000,Без изменений,2010,2025,2025,Рубль,Январь-декабрь,CD
Y48423007,Всего по обследуемым видам экономической деятельности,Красноярский край,Муниципальное образование верхнего уровня,Город Ачинск,04703000,"Городской округ, городской округ с внутригородским делением","Городской округ, городской округ с внутригородским делением",04503000,"Изменен тип и название, Объединение",2010,2025,2025,Рубль,Январь-декабрь,CD
Y48423007,Всего по обследуемым видам экономической деятельности,Красноярский край,Муниципальное образование верхнего уровня,Город Боготол,04706000,"Городской округ, городской округ с внутригородским делением","Городской округ, городской округ с внутригородским делением",04508000,"Изменен тип и название, Объединение",2010,2025,2025,Рубль,Январь-декабрь,CD
Y48423007,Всего по обследуемым видам экономической деятельности,Красноярский край,Муниципальное образование верхнего уровня,Город Бородино,04707000,"Городской округ, городской округ с внутригородским делением","Городской округ, городской округ с внутригородским делением",04547000,"Изменен тип и название, Объединение",2010,2025,2025,Рубль,Январь-декабрь,CD
Y48423007,Всего по обследуемым видам экономической деятельности,Красноярский край,Муниципальное образование верхнего уровня,город Дивногорск,04709000,"Городской округ, городской округ с внутригородским делением","Городской округ, городской округ с внутригородским делением",04709000,Без изменений,2010,2025,2025,Рубль,Январь-декабрь,CD
Y48423007,Всего по обследуемым видам экономической деятельности,Красноярский край,Муниципальное образование верхнего уровня,Город Енисейск,04712000,"Городской округ, городской округ с внутригородским делением","Городской округ, городской округ с внутригородским делением",04515000,"Изменен тип и название, Объединение",2010,2025,2025,Рубль,Январь-декабрь,CD
Y48423007,Всего по обследуемым видам экономической деятельности,Красноярский край,Муниципальное образование верхнего уровня,Город Канск,04720000,"Городской округ, городской округ с внутригородским делением","Городской округ, городской округ с внутригородским делением",04521000,"Изменен тип и название, Объединение",2010,2025,2025,Рубль,Январь-декабрь,CD
Y48423007,Всего по обследуемым видам экономической деятельности,Красноярский край,Муниципальное образование верхнего уровня,Город Лесосибирск,04722000,"Городской округ, городской округ с внутригородским делением","Городской округ, городской округ с внутригородским делением",04515000,"Изменен тип и название, Объединение",2010,2025,2025,Рубль,Январь-декабрь,CD
Y48423007,Всего по обследуемым видам экономической деятельности,Красноярский край,Муниципальное образование верхнего уровня,Город Минусинск,04723000,"Городской округ, городской округ с внутригородским делением","Городской округ, городской округ с внутригородским делением",04533000,"Изменен тип и название, Объединение",2010,2025,2025,Рубль,Январь-декабрь,CD
Y48423007,Всего по обследуемым видам экономической деятельности,Красноярский край,Муниципальное образование верхнего уровня,Город Назарово,04726000,"Городской округ, городской округ с внутригородским делением","Городской округ, городской округ с внутригородским делением",04537000,"Изменен тип и название, Объединение",2010,2025,2025,Рубль,Январь-декабрь,CD
Y48423007,Всего по обследуемым видам экономической деятельности,Красноярский край,Муниципальное образование верхнего уровня,город Норильск,04729000,"Городской округ, городской округ с внутригородским делением","Городской округ, городской округ с внутригородским делением",04729000,Без изменений,2010,2025,2025,Рубль,Январь-декабрь,CD
Y48423007,Всего по обследуемым видам экономической деятельности,Красноярский край,Муниципальное образование верхнего уровня,Город Сосновоборск,04733000,"Городской округ, городской округ с внутригородским делением","Городской округ, городской округ с внутригородским делением",04505000,"Изменен тип и название, Выделение, Объединение",2010,2025,2025,Рубль,Январь-декабрь,CD
Y48423007,Всего по обследуемым видам экономической деятельности,Красноярский край,Муниципальное образование верхнего уровня,Город Шарыпово,04740000,"Городской округ, городской округ с внутригородским делением","Городской округ, городской округ с внутригородским делением",04558000,"Изменен тип и название, Объединение",2010,2025,2025,Рубль,Январь-декабрь,CD
Y48423007,Всего по обследуемым видам экономической деятельности,Красноярский край,Муниципальное образование верхнего уровня,Поселок Кедровый,04775000,"Городской округ, городской округ с внутригородским делением","Городской округ, городской округ с внутригородским делением",04514000,"Изменен тип и название, Выделение, Объединение",2010,2025,2025,Рубль,Январь-декабрь,CD
Y48423007,Всего по обследуемым видам экономической деятельности,Приморский край,Муниципальное образование верхнего уровня,Анучинский муниципальный округ,05502000,Муниципальный округ,Муниципальный округ,05502000,Изменен тип и название,2020,2025,2025,Рубль,Январь-декабрь,CD
Y48423007,Всего по обследуемым видам экономической деятельности,Приморский край,Муниципальное образование верхнего уровня,Кавалеровский муниципальный округ,05510000,Муниципальный округ,Муниципальный округ,05510000,Изменен тип и название,2023,2025,2025,Рубль,Январь-декабрь,CD
Y48423007,Всего по обследуемым видам экономической деятельности,Приморский край,Муниципальное образование верхнего уровня,Красноармейский муниципальный округ,05514000,Муниципальный округ,Муниципальный округ,05514000,Изменен тип и название,2024,2025,2025,Рубль,Январь-декабрь,CD
Y48423007,Всего по обследуемым видам экономической деятельности,Приморский край,Муниципальное образование верхнего уровня,Лазовский муниципальный округ,05517000,Муниципальный округ,Муниципальный округ,05517000,Изменен тип и название,2021,2025,2025,Рубль,Январь-декабрь,CD
Y48423007,Всего по обследуемым видам экономической деятельности,Приморский край,Муниципальное образование верхнего уровня,Михайловский муниципальный округ,05520000,Муниципальный округ,Муниципальный округ,05520000,Изменен тип и название,2025,2025,2025,Рубль,Январь-декабрь,CD
Y48423007,Всего по обследуемым видам экономической деятельности,Приморский край,Муниципальное образование верхнего уровня,Октябрьский муниципальный округ,05526000,Муниципальный округ,Муниципальный округ,05526000,Изменен тип и название,2021,2025,2025,Рубль,Январь-декабрь,CD
Y48423007,Всего по обследуемым видам экономической деятельности,Приморский край,Муниципальное образование верхнего уровня,Ольгинский муниципальный округ,05528000,Муниципальный округ,Муниципальный округ,05528000,Изменен тип и название,2023,2025,2025,Рубль,Январь-декабрь,CD
Y48423007,Всего по обследуемым видам экономической деятельности,Приморский край,Муниципальное образование верхнего уровня,Партизанский муниципальный округ,05530000,Муниципальный округ,Муниципальный округ,05530000,Изменен тип и название,2024,2025,2025,Рубль,Январь-декабрь,CD
Y48423007,Всего по обследуемым видам экономической деятельности,Приморский край,Муниципальное образование верхнего уровня,Пограничный муниципальный округ,05532000,Муниципальный округ,Муниципальный округ,05532000,Изменен тип и название,2020,2025,2025,Рубль,Январь-декабрь,CD
Y48423007,Всего по обследуемым видам экономической деятельности,Приморский край,Муниципальное образование верхнего уровня,Пожарский муниципальный округ,05534000,Муниципальный округ,Муниципальный округ,05534000,Изменен тип и название,2023,2025,2025,Рубль,Январь-декабрь,CD
Y48423007,Всего по обследуемым видам экономической деятельности,Приморский край,Муниципальное образование верхнего уровня,Тернейский муниципальный округ,05540000,Муниципальный округ,Муниципальный округ,05540000,Изменен тип и название,2021,2025,2025,Рубль,Январь-декабрь,CD
Y48423007,Всего по обследуемым видам экономической деятельности,Приморский край,Муниципальное образование верхнего уровня,Ханкайский муниципальный округ,05546000,Муниципальный округ,Муниципальный округ,05546000,Изменен тип и название,2021,2025,2025,Рубль,Январь-декабрь,CD
Y48423007,Всего по обследуемым видам экономической деятельности,Приморский край,Муниципальное образование верхнего уровня,Хасанский муниципальный округ,05548000,Муниципальный округ,Муниципальный округ,05548000,Изменен тип и название,2023,2025,2025,Рубль,Январь-декабрь,CD
Y48423007,Всего по обследуемым видам экономической деятельности,Приморский край,Муниципальное образование верхнего уровня,Хорольский муниципальный округ,05550000,Муниципальный округ,Муниципальный округ,05550000,Изменен тип и название,2021,2025,2025,Рубль,Январь-декабрь,CD
Y48423007,Всего по обследуемым видам экономической деятельности,Приморский край,Муниципальное образование верхнего уровня,Черниговский муниципальный округ,05553000,Муниципальный округ,Муниципальный округ,05553000,Изменен тип и название,2024,2025,2025,Рубль,Январь-декабрь,CD
Y48423007,Всего по обследуемым видам экономической деятельности,Приморский край,Муниципальное образование верхнего уровня,Чугуевский муниципальный округ,05555000,Муниципальный округ,Муниципальный округ,05555000,Изменен тип и название,2020,2025,2025,Рубль,Январь-декабрь,CD
Y48423007,Всего по обследуемым видам экономической деятельности,Приморский край,Муниципальное образование верхнего уровня,Шкотовский муниципальный округ,05557000,Муниципальный округ,Муниципальный округ,05557000,Изменен тип и название,2024,2025,2025,Рубль,Январь-декабрь,CD
Y48423007,Всего по обследуемым видам экономической деятельности,Приморский край,Муниципальное образование верхнего уровня,Яковлевский муниципальный округ,05559000,Муниципальный округ,Муниципальный округ,05559000,Изменен тип и название,2024,2025,2025,Рубль,Январь-декабрь,CD
Y48423007,Всего по обследуемым видам экономической деятельности,Приморский край,Муниципальное образование верхнего уровня,Дальнереченский муниципальный район,05607000,Муниципальный район,Муниципальный район,05507000,Изменен тип и название,2010,2025,2025,Рубль,Январь-декабрь,CD
Y48423007,Всего по обследуемым видам экономической деятельности,Приморский край,Муниципальное образование верхнего уровня,Кировский муниципальный район,05612000,Муниципальный район,Муниципальный район,05512000,Изменен тип и название,2010,2025,2025,Рубль,Январь-декабрь,CD
Y48423007,Всего по обследуемым видам экономической деятельности,Приморский край,Муниципальное образование верхнего уровня,Надеждинский муниципальный район,05623000,Муниципальный район,Муниципальный район,05523000,Изменен тип и название,2010,2025,2025,Рубль,Январь-декабрь,CD
Y48423007,Всего по обследуемым видам экономической деятельности,Приморский край,Муниципальное образование верхнего уровня,Спасский муниципальный район,05637000,Муниципальный район,Муниципальный район,05537000,"Изменен тип и название, Объединение",2010,2025,2025,Рубль,Январь-декабрь,CD
Y48423007,Всего по обследуемым видам экономической деятельности,Приморский край,Муниципальное образование верхнего уровня,Владивостокский,05701000,"Городской округ, городской округ с внутригородским делением","Городской округ, городской округ с внутригородским делением",05701000,Без изменений,2010,2025,2025,Рубль,Январь-декабрь,CD
Y48423007,Всего по обследуемым видам экономической деятельности,Приморский край,Муниципальное образование верхнего уровня,Арсеньевский,05703000,"Городской округ, городской округ с внутригородским делением","Городской округ, городской округ с внутригородским делением",05703000,Без изменений,2010,2025,2025,Рубль,Январь-декабрь,CD
Y48423007,Всего по обследуемым видам экономической деятельности,Приморский край,Муниципальное образование верхнего уровня,Артемовский,05705000,"Городской округ, городской округ с внутригородским делением","Городской округ, городской округ с внутригородским делением",05705000,Без изменений,2010,2025,2025,Рубль,Январь-декабрь,CD
Y48423007,Всего по обследуемым видам экономической деятельности,Приморский край,Муниципальное образование верхнего уровня,Большой Камень,05706000,"Городской округ, городской округ с внутригородским делением","Городской округ, городской округ с внутригородским делением",05706000,Без изменений,2010,2025,2025,Рубль,Январь-декабрь,CD
Y48423007,Всего по обследуемым видам экономической деятельности,Приморский край,Муниципальное образование верхнего уровня,Дальнегорский,05707000,"Городской округ, городской округ с внутригородским делением","Городской округ, городской округ с внутригородским делением",05505000,Изменен тип и название,2010,2025,2025,Рубль,Январь-декабрь,CD
Y48423007,Всего по обследуемым видам экономической деятельности,Приморский край,Муниципальное образование верхнего уровня,Дальнереченский,05708000,"Городской округ, городской округ с внутригородским делением","Городской округ, городской округ с внутригородским делением",05708000,Без изменений,2010,2025,2025,Рубль,Январь-декабрь,CD
Y48423007,Всего по обследуемым видам экономической деятельности,Приморский край,Муниципальное образование верхнего уровня,Лесозаводский,05711000,"Городской округ, городской округ с внутригородским делением","Городской округ, городской округ с внутригородским делением",05519000,Изменен тип и название,2010,2025,2025,Рубль,Январь-декабрь,CD
Y48423007,Всего по обследуемым видам экономической деятельности,Приморский край,Муниципальное образование верхнего уровня,Находкинский,05714000,"Городской округ, городской округ с внутригородским делением","Городской округ, городской округ с внутригородским делением",05714000,Без изменений,2010,2025,2025,Рубль,Январь-декабрь,CD
Y48423007,Всего по обследуемым видам экономической деятельности,Приморский край,Муниципальное образование верхнего уровня,Партизанский,05717000,"Городской округ, городской округ с внутригородским делением","Городской округ, городской округ с внутригородским делением",05529000,Изменен тип и название,2010,2025,2025,Рубль,Январь-декабрь,CD
Y48423007,Всего по обследуемым видам экономической деятельности,Приморский край,Муниципальное образование верхнего уровня,Спасск-Дальний,05720000,"Городской округ, городской округ с внутригородским делением","Городской округ, городской округ с внутригородским делением",05537000,"Изменен тип и название, Объединение",2010,2025,2025,Рубль,Январь-декабрь,CD
Y48423007,Всего по обследуемым видам экономической деятельности,Приморский край,Муниципальное образование верхнего уровня,Уссурийский,05723000,"Городской округ, городской округ с внутригородским делением","Городской округ, городской округ с внутригородским делением",05723000,Без изменений,2010,2025,2025,Рубль,Январь-декабрь,CD
Y48423007,Всего по обследуемым видам экономической деятельности,Хабаровский край,Муниципальное образование верхнего уровня,Бикинский муниципальный округ,08509000,Муниципальный округ,Муниципальный округ,08509000,Изменен тип и название,2025,2025,2025,Рубль,Январь-декабрь,CD
Y48423007,Всего по обследуемым видам экономической деятельности,Хабаровский край,Муниципальное образование верхнего уровня,Охотский муниципальный округ,08534000,Муниципальный округ,Муниципальный округ,08534000,Изменен тип и название,2024,2025,2025,Рубль,Январь-декабрь,CD
Y48423007,Всего по обследуемым видам экономической деятельности,Хабаровский край,Муниципальное образование верхнего уровня,Амурский муниципальный район,08603000,Муниципальный район,Муниципальный район,08603000,Без изменений,2010,2025,2025,Рубль,Январь-декабрь,CD
Y48423007,Всего по обследуемым видам экономической деятельности,Хабаровский край,Муниципальное образование верхнего уровня,Аяно-Майский муниципальный район,08606000,Муниципальный район,Муниципальный район,08606000,Без изменений,2010,2025,2025,Рубль,Январь-декабрь,CD
Y48423007,Всего по обследуемым видам экономической деятельности,Хабаровский край,Муниципальное образование верхнего уровня,Ванинский муниципальный район,08612000,Муниципальный район,Муниципальный район,08612000,Без изменений,2010,2025,2025,Рубль,Январь-декабрь,CD
Y48423007,Всего по обследуемым видам экономической деятельности,Хабаровский край,Муниципальное образование верхнего уровня,Верхнебуреинский муниципальный район,08614000,Муниципальный район,Муниципальный район,08614000,Без изменений,2010,2025,2025,Рубль,Январь-декабрь,CD
Y48423007,Всего по обследуемым видам экономической деятельности,Хабаровский край,Муниципальное образование верхнего уровня,Вяземский муниципальный район,08617000,Муниципальный район,Муниципальный район,08617000,Без изменений,2010,2025,2025,Рубль,Январь-декабрь,CD
Y48423007,Всего по обследуемым видам экономической деятельности,Хабаровский край,Муниципальное образование верхнего уровня,Комсомольский муниципальный район,08620000,Муниципальный район,Муниципальный район,08620000,Без изменений,2010,2025,2025,Рубль,Январь-декабрь,CD
Y48423007,Всего по обследуемым видам экономической деятельности,Хабаровский край,Муниципальное образование верхнего уровня,Муниципальный район имени Лазо,08624000,Муниципальный район,Муниципальный район,08624000,Без изменений,2010,2025,2025,Рубль,Январь-декабрь,CD
Y48423007,Всего по обследуемым видам экономической деятельности,Хабаровский край,Муниципальное образование верхнего уровня,Нанайский муниципальный район,08628000,Муниципальный район,Муниципальный район,08628000,Без изменений,2010,2025,2025,Рубль,Январь-декабрь,CD
Y48423007,Всего по обследуемым видам экономической деятельности,Хабаровский край,Муниципальное образование верхнего уровня,Николаевский муниципальный район,08631000,Муниципальный район,Муниципальный район,08631000,Без изменений,2010,2025,2025,Рубль,Январь-декабрь,CD
Y48423007,Всего по обследуемым видам экономической деятельности,Хабаровский край,Муниципальное образование верхнего уровня,Муниципальный район имени Полины Осипенко,08637000,Муниципальный район,Муниципальный район,08637000,Без изменений,2010,2025,2025,Рубль,Январь-декабрь,CD
Y48423007,Всего по обследуемым видам экономической деятельности,Хабаровский край,Муниципальное образование верхнего уровня,Советско-Гаванский муниципальный район,08642000,Муниципальный район,Муниципальный район,08642000,Без изменений,2010,2025,2025,Рубль,Январь-декабрь,CD
Y48423007,Всего по обследуемым видам экономической деятельности,Хабаровский край,Муниципальное образование верхнего уровня,Солнечный муниципальный район,08644000,Муниципальный район,Муниципальный район,08544000,Изменен тип и название,2010,2025,2025,Рубль,Январь-декабрь,CD
Y48423007,Всего по обследуемым видам экономической деятельности,Хабаровский край,Муниципальное образование верхнего уровня,Тугуро-Чумиканский муниципальный район,08646000,Муниципальный район,Муниципальный район,08646000,Без изменений,2010,2025,2025,Рубль,Январь-декабрь,CD
Y48423007,Всего по обследуемым видам экономической деятельности,Хабаровский край,Муниципальное образование верхнего уровня,Ульчский муниципальный район,08650000,Муниципальный район,Муниципальный район,08650000,Без изменений,2010,2025,2025,Рубль,Январь-декабрь,CD
Y48423007,Всего по обследуемым видам экономической деятельности,Хабаровский край,Муниципальное образование верхнего уровня,Хабаровский муниципальный район,08655000,Муниципальный район,Муниципальный район,08655000,Без изменений,2010,2025,2025,Рубль,Январь-декабрь,CD
Y48423007,Всего по обследуемым видам экономической деятельности,Хабаровский край,Муниципальное образование верхнего уровня,город Хабаровск,08701000,"Городской округ, городской округ с внутригородским делением","Городской округ, городской округ с внутригородским делением",08701000,Без изменений,2010,2025,2025,Рубль,Январь-декабрь,CD
Y48423007,Всего по обследуемым видам экономической деятельности,Хабаровский край,Муниципальное образование верхнего уровня,город Комсомольск-на-Амуре,08709000,"Городской округ, городской округ с внутригородским делением","Городской округ, городской округ с внутригородским делением",08709000,Без изменений,2010,2025,2025,Рубль,Январь-декабрь,CD
Y48423007,Всего по обследуемым видам экономической деятельности,Амурская область,Муниципальное образование верхнего уровня,Архаринский муниципальный округ,10505000,Муниципальный округ,Муниципальный округ,10505000,Изменен тип и название,2023,2025,2025,Рубль,Январь-декабрь,CD
Y48423007,Всего по обследуемым видам экономической деятельности,Амурская область,Муниципальное образование верхнего уровня,Белогорский муниципальный округ,10508000,Муниципальный округ,Муниципальный округ,10508000,Изменен тип и название,2021,2025,2025,Рубль,Январь-декабрь,CD
Y48423007,Всего по обследуемым видам экономической деятельности,Амурская область,Муниципальное образование верхнего уровня,Благовещенский муниципальный округ,10511000,Муниципальный округ,Муниципальный округ,10511000,Изменен тип и название,2023,2025,2025,Рубль,Январь-декабрь,CD
Y48423007,Всего по обследуемым видам экономической деятельности,Амурская область,Муниципальное образование верхнего уровня,Бурейский муниципальный округ,10515000,Муниципальный округ,Муниципальный округ,10515000,Изменен тип и название,2021,2025,2025,Рубль,Январь-декабрь,CD
Y48423007,Всего по обследуемым видам экономической деятельности,Амурская область,Муниципальное образование верхнего уровня,Завитинский муниципальный округ,10521000,Муниципальный округ,Муниципальный округ,10521000,Изменен тип и название,2021,2025,2025,Рубль,Январь-декабрь,CD
Y48423007,Всего по обследуемым видам экономической деятельности,Амурская область,Муниципальное образование верхнего уровня,Зейский муниципальный округ,10525000,Муниципальный округ,Муниципальный округ,10525000,Изменен тип и название,2024,2025,2025,Рубль,Январь-декабрь,CD
Y48423007,Всего по обследуемым видам экономической деятельности,Амурская область,Муниципальное образование верхнего уровня,Ивановский муниципальный округ,10528000,Муниципальный округ,Муниципальный округ,10528000,Изменен тип и название,2021,2025,2025,Рубль,Январь-декабрь,CD
Y48423007,Всего по обследуемым видам экономической деятельности,Амурская область,Муниципальное образование верхнего уровня,Магдагачинский муниципальный округ,10531000,Муниципальный округ,Муниципальный округ,10531000,Изменен тип и название,2025,2025,2025,Рубль,Январь-декабрь,CD
Y48423007,Всего по обследуемым видам экономической деятельности,Амурская область,Муниципальное образование верхнего уровня,Мазановский муниципальный округ,10532000,Муниципальный округ,Муниципальный округ,10532000,Изменен тип и название,2025,2025,2025,Рубль,Январь-декабрь,CD
Y48423007,Всего по обследуемым видам экономической деятельности,Амурская область,Муниципальное образование верхнего уровня,Ромненский муниципальный округ,10540000,Муниципальный округ,Муниципальный округ,10540000,Изменен тип и название,2021,2025,2025,Рубль,Январь-декабрь,CD
Y48423007,Всего по обследуемым видам экономической деятельности,Амурская область,Муниципальное образование верхнего уровня,Серышевский муниципальный округ,10547000,Муниципальный округ,Муниципальный округ,10547000,Изменен тип и название,2023,2025,2025,Рубль,Январь-декабрь,CD
Y48423007,Всего по обследуемым видам экономической деятельности,Амурская область,Муниципальное образование верхнего уровня,Сковородинский муниципальный округ,10549000,Муниципальный округ,Муниципальный округ,10549000,Изменен тип и название,2023,2025,2025,Рубль,Январь-декабрь,CD
Y48423007,Всего по обследуемым видам экономической деятельности,Амурская область,Муниципальное образование верхнего уровня,Тамбовский муниципальный округ,10551000,Муниципальный округ,Муниципальный округ,10551000,Изменен тип и название,2023,2025,2025,Рубль,Январь-декабрь,CD
Y48423007,Всего по обследуемым видам экономической деятельности,Амурская область,Муниципальное образование верхнего уровня,Тындинский муниципальный округ,10554000,Муниципальный округ,Муниципальный округ,10554000,Изменен тип и название,2021,2025,2025,Рубль,Январь-декабрь,CD
Y48423007,Всего по обследуемым видам экономической деятельности,Амурская область,Муниципальное образование верхнего уровня,Шимановский муниципальный округ,10555000,Муниципальный округ,Муниципальный округ,10555000,Изменен тип и название,2023,2025,2025,Рубль,Январь-декабрь,CD
Y48423007,Всего по обследуемым видам экономической деятельности,Амурская область,Муниципальное образование верхнего уровня,Константиновский муниципальный район,10630000,Муниципальный район,Муниципальный район,10630000,Без изменений,2010,2025,2025,Рубль,Январь-декабрь,CD
Y48423007,Всего по обследуемым видам экономической деятельности,Амурская область,Муниципальное образование верхнего уровня,Михайловский муниципальный район,10635000,Муниципальный район,Муниципальный район,10535000,Изменен тип и название,2010,2025,2025,Рубль,Январь-декабрь,CD
Y48423007,Всего по обследуемым видам экономической деятельности,Амурская область,Муниципальное образование верхнего уровня,Октябрьский муниципальный район,10638000,Муниципальный район,Муниципальный район,10538000,Изменен тип и название,2010,2025,2025,Рубль,Январь-декабрь,CD
Y48423007,Всего по обследуемым видам экономической деятельности,Амурская область,Муниципальное образование верхнего уровня,Свободненский муниципальный район,10642000,Муниципальный район,Муниципальный район,10642000,Без изменений,2010,2025,2025,Рубль,Январь-декабрь,CD
Y48423007,Всего по обследуемым видам экономической деятельности,Амурская область,Муниципальное образование верхнего уровня,Селемджинский муниципальный район,10645000,Муниципальный район,Муниципальный район,10645000,Без изменений,2010,2025,2025,Рубль,Январь-декабрь,CD
Y48423007,Всего по обследуемым видам экономической деятельности,Амурская область,Муниципальное образование верхнего уровня,город Благовещенск,10701000,"Городской округ, городской округ с внутригородским делением","Городской округ, городской округ с внутригородским делением",10701000,Без изменений,2010,2025,2025,Рубль,Январь-декабрь,CD
Y48423007,Всего по обследуемым видам экономической деятельности,Амурская область,Муниципальное образование верхнего уровня,город Белогорск,10710000,"Городской округ, городской округ с внутригородским делением","Городской округ, городской округ с внутригородским делением",10710000,Без изменений,2010,2025,2025,Рубль,Январь-декабрь,CD
Y48423007,Всего по обследуемым видам экономической деятельности,Амурская область,Муниципальное образование верхнего уровня,город Зея,10712000,"Городской округ, городской округ с внутригородским делением","Городской округ, городской округ с внутригородским делением",10712000,Без изменений,2010,2025,2025,Рубль,Январь-декабрь,CD
Y48423007,Всего по обследуемым видам экономической деятельности,Амурская область,Муниципальное образование верхнего уровня,город Райчихинск,10720000,"Городской округ, городской округ с внутригородским делением","Городской округ, городской округ с внутригородским делением",10720000,Без изменений,2010,2025,2025,Рубль,Январь-декабрь,CD
Y48423007,Всего по обследуемым видам экономической деятельности,Амурская область,Муниципальное образование верхнего уровня,город Свободный,10730000,"Городской округ, городской округ с внутригородским делением","Городской округ, городской округ с внутригородским делением",10730000,Без изменений,2010,2025,2025,Рубль,Январь-декабрь,CD
Y48423007,Всего по обследуемым видам экономической деятельности,Амурская область,Муниципальное образование верхнего уровня,город Тында,10732000,"Городской округ, городской округ с внутригородским делением","Городской округ, городской округ с внутригородским делением",10732000,Без изменений,2010,2025,2025,Рубль,Январь-декабрь,CD
Y48423007,Всего по обследуемым видам экономической деятельности,Амурская область,Муниципальное образование верхнего уровня,город Шимановск,10740000,"Городской округ, городской округ с внутригородским делением","Городской округ, городской округ с внутригородским делением",10740000,Без изменений,2010,2025,2025,Рубль,Январь-декабрь,CD
Y48423007,Всего по обследуемым видам экономической деятельности,Амурская область,Муниципальное образование верхнего уровня,рабочий поселок (поселок городского типа) Прогресс,10775000,"Городской округ, городской округ с внутригородским делением","Городской округ, городской округ с внутригородским делением",10775000,Без изменений,2010,2025,2025,Рубль,Январь-декабрь,CD
Y48423007,Всего по обследуемым видам экономической деятельности,Архангельская область,Муниципальное образование верхнего уровня,Муниципальный округ город Северодвинск,11503000,Муниципальный округ,Муниципальный округ,11503000,Изменен тип и название,2025,2025,2025,Рубль,Январь-декабрь,CD
Y48423007,Всего по обследуемым видам экономической деятельности,Архангельская область,Муниципальное образование верхнего уровня,Верхнетоемский муниципальный округ,11508000,Муниципальный округ,Муниципальный округ,11508000,Изменен тип и название,2022,2025,2025,Рубль,Январь-декабрь,CD
Y48423007,Всего по обследуемым видам экономической деятельности,Архангельская область,Муниципальное образование верхнего уровня,Вилегодский муниципальный округ,11511000,Муниципальный округ,Муниципальный округ,11511000,Изменен тип и название,2021,2025,2025,Рубль,Январь-декабрь,CD
Y48423007,Всего по обследуемым видам экономической деятельности,Архангельская область,Муниципальное образование верхнего уровня,Виноградовский муниципальный округ,11514000,Муниципальный округ,Муниципальный округ,11514000,Изменен тип и название,2022,2025,2025,Рубль,Январь-декабрь,CD
Y48423007,Всего по обследуемым видам экономической деятельности,Архангельская область,Муниципальное образование верхнего уровня,Каргопольский муниципальный округ,11518000,Муниципальный округ,Муниципальный округ,11518000,Изменен тип и название,2021,2025,2025,Рубль,Январь-декабрь,CD
Y48423007,Всего по обследуемым видам экономической деятельности,Архангельская область,Муниципальное образование верхнего уровня,Котласский муниципальный округ,11527000,Муниципальный округ,Муниципальный округ,11527000,Изменен тип и название,2023,2025,2025,Рубль,Январь-декабрь,CD
Y48423007,Всего по обследуемым видам экономической деятельности,Архангельская область,Муниципальное образование верхнего уровня,Красноборский муниципальный округ,11530000,Муниципальный округ,Муниципальный округ,11530000,Изменен тип и название,2024,2025,2025,Рубль,Январь-декабрь,CD
Y48423007,Всего по обследуемым видам экономической деятельности,Архангельская область,Муниципальное образование верхнего уровня,Лешуконский муниципальный округ,11538000,Муниципальный округ,Муниципальный округ,11538000,Изменен тип и название,2023,2025,2025,Рубль,Январь-декабрь,CD
Y48423007,Всего по обследуемым видам экономической деятельности,Архангельская область,Муниципальное образование верхнего уровня,Мезенский муниципальный округ,11542000,Муниципальный округ,Муниципальный округ,11542000,Изменен тип и название,2023,2025,2025,Рубль,Январь-декабрь,CD
Y48423007,Всего по обследуемым видам экономической деятельности,Архангельская область,Муниципальное образование верхнего уровня,Няндомский муниципальный округ,11544000,Муниципальный округ,Муниципальный округ,11544000,Изменен тип и название,2023,2025,2025,Рубль,Январь-декабрь,CD
Y48423007,Всего по обследуемым видам экономической деятельности,Архангельская область,Муниципальное образование верхнего уровня,Онежский муниципальный округ,11546000,Муниципальный округ,Муниципальный округ,11546000,Изменен тип и название,2025,2025,2025,Рубль,Январь-декабрь,CD
Y48423007,Всего по обследуемым видам экономической деятельности,Архангельская область,Муниципальное образование верхнего уровня,Пинежский муниципальный округ,11548000,Муниципальный округ,Муниципальный округ,11548000,Изменен тип и название,2024,2025,2025,Рубль,Январь-декабрь,CD
Y48423007,Всего по обследуемым видам экономической деятельности,Архангельская область,Муниципальное образование верхнего уровня,Плесецкий муниципальный округ,11550000,Муниципальный округ,Муниципальный округ,11550000,Изменен тип и название,2022,2025,2025,Рубль,Январь-декабрь,CD
Y48423007,Всего по обследуемым видам экономической деятельности,Архангельская область,Муниципальное образование верхнего уровня,Приморский муниципальный округ,11552000,Муниципальный округ,Муниципальный округ,11552000,Изменен тип и название,2024,2025,2025,Рубль,Январь-декабрь,CD
Y48423007,Всего по обследуемым видам экономической деятельности,Архангельская область,Муниципальное образование верхнего уровня,Устьянский муниципальный округ,11554000,Муниципальный округ,Муниципальный округ,11554000,Изменен тип и название,2023,2025,2025,Рубль,Январь-декабрь,CD
Y48423007,Всего по обследуемым видам экономической деятельности,Архангельская область,Муниципальное образование верхнего уровня,Холмогорский муниципальный округ,11556000,Муниципальный округ,Муниципальный округ,11556000,Изменен тип и название,2023,2025,2025,Рубль,Январь-декабрь,CD
Y48423007,Всего по обследуемым видам экономической деятельности,Архангельская область,Муниципальное образование верхнего уровня,Шенкурский муниципальный округ,11558000,Муниципальный округ,Муниципальный округ,11558000,Изменен тип и название,2023,2025,2025,Рубль,Январь-декабрь,CD
Y48423007,Всего по обследуемым видам экономической деятельности,Архангельская область,Муниципальное образование верхнего уровня,Вельский муниципальный район,11605000,Муниципальный район,Муниципальный район,11505000,Изменен тип и название,2010,2025,2025,Рубль,Январь-декабрь,CD
Y48423007,Всего по обследуемым видам экономической деятельности,Архангельская область,Муниципальное образование верхнего уровня,Коношский муниципальный район,11622000,Муниципальный район,Муниципальный район,11622000,Без изменений,2010,2025,2025,Рубль,Январь-декабрь,CD
Y48423007,Всего по обследуемым видам экономической деятельности,Архангельская область,Муниципальное образование верхнего уровня,Ленский муниципальный район,11635000,Муниципальный район,Муниципальный район,11635000,Без изменений,2010,2025,2025,Рубль,Январь-декабрь,CD
Y48423007,Всего по обследуемым видам экономической деятельности,Архангельская область без автономного округа,Муниципальное образование верхнего уровня,город Архангельск,11701000,"Городской округ, городской округ с внутригородским делением","Городской округ, городской округ с внутригородским делением",11701000,Без изменений,2010,2025,2025,Рубль,Январь-декабрь,CD
Y48423007,Всего по обследуемым видам экономической деятельности,Архангельская область без автономного округа,Муниципальное образование верхнего уровня,город Коряжма,11708000,"Городской округ, городской округ с внутригородским делением","Городской округ, городской округ с внутригородским делением",11708000,Без изменений,2010,2025,2025,Рубль,Январь-декабрь,CD
Y48423007,Всего по обследуемым видам экономической деятельности,Архангельская область без автономного округа,Муниципальное образование верхнего уровня,Котлас,11710000,"Городской округ, городской округ с внутригородским делением","Городской округ, городской округ с внутригородским делением",11710000,Без изменений,2010,2025,2025,Рубль,Январь-декабрь,CD
Y48423007,Всего по обследуемым видам экономической деятельности,Архангельская область без автономного округа,Муниципальное образование верхнего уровня,Новая Земля,11712000,"Городской округ, городской округ с внутригородским делением","Городской округ, городской округ с внутригородским делением",11712000,Без изменений,2010,2025,2025,Рубль,Январь-декабрь,CD
Y48423007,Всего по обследуемым видам экономической деятельности,Архангельская область без автономного округа,Муниципальное образование верхнего уровня,город Новодвинск,11715000,"Городской округ, городской округ с внутригородским делением","Городской округ, городской округ с внутригородским делением",11715000,Без изменений,2010,2025,2025,Рубль,Январь-декабрь,CD
Y48423007,Всего по обследуемым видам экономической деятельности,Ненецкий автономный округ,Муниципальное образование верхнего уровня,Муниципальный район Заполярный район,11811000,Муниципальный район,Муниципальный район,11811000,Без изменений,2010,2025,2025,Рубль,Январь-декабрь,CD
Y48423007,Всего по обследуемым видам экономической деятельности,Ненецкий автономный округ,Муниципальное образование верхнего уровня,город Нарьян-Мар,11851000,"Городской округ, городской округ с внутригородским делением","Городской округ, городской округ с внутригородским делением",11851000,Без изменений,2010,2025,2025,Рубль,Январь-декабрь,CD
Y48423007,Всего по обследуемым видам экономической деятельности,Астраханская область,Муниципальное образование верхнего уровня,Красноярский муниципальный округ,12530000,Муниципальный округ,Муниципальный округ,12530000,Изменен тип и название,2025,2025,2025,Рубль,Январь-декабрь,CD
Y48423007,Всего по обследуемым видам экономической деятельности,Астраханская область,Муниципальное образование верхнего уровня,Черноярский муниципальный округ,12550000,Муниципальный округ,Муниципальный округ,12550000,Изменен тип и название,2025,2025,2025,Рубль,Январь-декабрь,CD
Y48423007,Всего по обследуемым видам экономической деятельности,Астраханская область,Муниципальное образование верхнего уровня,Ахтубинский муниципальный район,12605000,Муниципальный район,Муниципальный район,12605000,Без изменений,2010,2025,2025,Рубль,Январь-декабрь,CD
Y48423007,Всего по обследуемым видам экономической деятельности,Астраханская область,Муниципальное образование верхнего уровня,Володарский муниципальный район,12610000,Муниципальный район,Муниципальный район,12610000,Без изменений,2010,2025,2025,Рубль,Январь-декабрь,CD
Y48423007,Всего по обследуемым видам экономической деятельности,Астраханская область,Муниципальное образование верхнего уровня,Енотаевский муниципальный район,12615000,Муниципальный район,Муниципальный район,12515000,Изменен тип и название,2010,2025,2025,Рубль,Январь-декабрь,CD
Y48423007,Всего по обследуемым видам экономической деятельности,Астраханская область,Муниципальное образование верхнего уровня,Икрянинский муниципальный район,12620000,Муниципальный район,Муниципальный район,12620000,Без изменений,2010,2025,2025,Рубль,Январь-декабрь,CD
Y48423007,Всего по обследуемым видам экономической деятельности,Астраханская область,Муниципальное образование верхнего уровня,Камызякский муниципальный район,12625000,Муниципальный район,Муниципальный район,12625000,Без изменений,2010,2025,2025,Рубль,Январь-декабрь,CD
Y48423007,Всего по обследуемым видам экономической деятельности,Астраханская область,Муниципальное образование верхнего уровня,Лиманский муниципальный район,12635000,Муниципальный район,Муниципальный район,12535000,Изменен тип и название,2010,2025,2025,Рубль,Январь-декабрь,CD
Y48423007,Всего по обследуемым видам экономической деятельности,Астраханская область,Муниципальное образование верхнего уровня,Наримановский муниципальный район,12640000,Муниципальный район,Муниципальный район,12640000,Без изменений,2010,2025,2025,Рубль,Январь-декабрь,CD
Y48423007,Всего по обследуемым видам экономической деятельности,Астраханская область,Муниципальное образование верхнего уровня,Приволжский муниципальный район,12642000,Муниципальный район,Муниципальный район,12642000,Без изменений,2010,2025,2025,Рубль,Январь-декабрь,CD
Y48423007,Всего по обследуемым видам экономической деятельности,Астраханская область,Муниципальное образование верхнего уровня,Харабалинский муниципальный район,12645000,Муниципальный район,Муниципальный район,12645000,Без изменений,2010,2025,2025,Рубль,Январь-декабрь,CD
Y48423007,Всего по обследуемым видам экономической деятельности,Астраханская область,Муниципальное образование верхнего уровня,город Астрахань,12701000,"Городской округ, городской округ с внутригородским делением","Городской округ, городской округ с внутригородским делением",12701000,Без изменений,2010,2025,2025,Рубль,Январь-декабрь,CD
Y48423007,Всего по обследуемым видам экономической деятельности,Белгородская область,Муниципальное образование верхнего уровня,Алексеевский муниципальный округ,14510000,Муниципальный округ,Муниципальный округ,14510000,Изменен тип и название,2025,2025,2025,Рубль,Январь-декабрь,CD
Y48423007,Всего по обследуемым видам экономической деятельности,Белгородская область,Муниципальное образование верхнего уровня,Белгородский муниципальный округ,14512000,Муниципальный округ,Муниципальный округ,14512000,Изменен тип и название,2026,2025,2025,Рубль,Январь-декабрь,CD
Y48423007,Всего по обследуемым видам экономической деятельности,Белгородская область,Муниципальное образование верхнего уровня,Борисовский муниципальный округ,14516000,Муниципальный округ,Муниципальный округ,14516000,Изменен тип и название,2026,2025,2025,Рубль,Январь-декабрь,CD
Y48423007,Всего по обследуемым видам экономической деятельности,Белгородская область,Муниципальное образование верхнего уровня,Валуйский муниципальный округ,14520000,Муниципальный округ,Муниципальный округ,14520000,Изменен тип и название,2025,2025,2025,Рубль,Январь-декабрь,CD
Y48423007,Всего по обследуемым видам экономической деятельности,Белгородская область,Муниципальное образование верхнего уровня,Вейделевский муниципальный округ,14522000,Муниципальный округ,Муниципальный округ,14522000,Изменен тип и название,2026,2025,2025,Рубль,Январь-декабрь,CD
Y48423007,Всего по обследуемым видам экономической деятельности,Белгородская область,Муниципальное образование верхнего уровня,Волоконовский муниципальный округ,14524000,Муниципальный округ,Муниципальный округ,14524000,Изменен тип и название,2026,2025,2025,Рубль,Январь-декабрь,CD
Y48423007,Всего по обследуемым видам экономической деятельности,Белгородская область,Муниципальное образование верхнего уровня,Грайворонский муниципальный округ,14525000,Муниципальный округ,Муниципальный округ,14525000,Изменен тип и название,2025,2025,2025,Рубль,Январь-декабрь,CD
Y48423007,Всего по обследуемым видам экономической деятельности,Белгородская область,Муниципальное образование верхнего уровня,Ивнянский муниципальный округ,14527000,Муниципальный округ,Муниципальный округ,14527000,Изменен тип и название,2026,2025,2025,Рубль,Январь-декабрь,CD
Y48423007,Всего по обследуемым видам экономической деятельности,Белгородская область,Муниципальное образование верхнего уровня,Корочанский муниципальный округ,14529000,Муниципальный округ,Муниципальный округ,14529000,Изменен тип и название,2026,2025,2025,Рубль,Январь-декабрь,CD
Y48423007,Всего по обследуемым видам экономической деятельности,Белгородская область,Муниципальное образование верхнего уровня,Красненский муниципальный округ,14531000,Муниципальный округ,Муниципальный округ,14531000,Изменен тип и название,2026,2025,2025,Рубль,Январь-декабрь,CD
Y48423007,Всего по обследуемым видам экономической деятельности,Белгородская область,Муниципальное образование верхнего уровня,Красногвардейский муниципальный округ,14533000,Муниципальный округ,Муниципальный округ,14533000,Изменен тип и название,2026,2025,2025,Рубль,Январь-декабрь,CD
Y48423007,Всего по обследуемым видам экономической деятельности,Белгородская область,Муниципальное образование верхнего уровня,Краснояружский муниципальный округ,14534000,Муниципальный округ,Муниципальный округ,14534000,Изменен тип и название,2026,2025,2025,Рубль,Январь-декабрь,CD
Y48423007,Всего по обследуемым видам экономической деятельности,Белгородская область,Муниципальное образование верхнего уровня,Новооскольский муниципальный округ,14535000,Муниципальный округ,Муниципальный округ,14535000,Изменен тип и название,2025,2025,2025,Рубль,Январь-декабрь,CD
Y48423007,Всего по обследуемым видам экономической деятельности,Белгородская область,Муниципальное образование верхнего уровня,Прохоровский муниципальный округ,14538000,Муниципальный округ,Муниципальный округ,14538000,Изменен тип и название,2026,2025,2025,Рубль,Январь-декабрь,CD
Y48423007,Всего по обследуемым видам экономической деятельности,Белгородская область,Муниципальное образование верхнего уровня,Ракитянский муниципальный округ,14541000,Муниципальный округ,Муниципальный округ,14541000,Изменен тип и название,2026,2025,2025,Рубль,Январь-декабрь,CD
Y48423007,Всего по обследуемым видам экономической деятельности,Белгородская область,Муниципальное образование верхнего уровня,Ровеньский муниципальный округ,14544000,Муниципальный округ,Муниципальный округ,14544000,Изменен тип и название,2026,2025,2025,Рубль,Январь-декабрь,CD
Y48423007,Всего по обследуемым видам экономической деятельности,Белгородская область,Муниципальное образование верхнего уровня,Чернянский муниципальный округ,14547000,Муниципальный округ,Муниципальный округ,14547000,Изменен тип и название,2026,2025,2025,Рубль,Январь-декабрь,CD
Y48423007,Всего по обследуемым видам экономической деятельности,Белгородская область,Муниципальное образование верхнего уровня,Шебекинский муниципальный округ,14550000,Муниципальный округ,Муниципальный округ,14550000,Изменен тип и название,2025,2025,2025,Рубль,Январь-декабрь,CD
Y48423007,Всего по обследуемым видам экономической деятельности,Белгородская область,Муниципальное образование верхнего уровня,Яковлевский муниципальный округ,14555000,Муниципальный округ,Муниципальный округ,14555000,Изменен тип и название,2025,2025,2025,Рубль,Январь-декабрь,CD
Y48423007,Всего по обследуемым видам экономической деятельности,Белгородская область,Муниципальное образование верхнего уровня,город Белгород,14701000,"Городской округ, городской округ с внутригородским делением","Городской округ, городской округ с внутригородским делением",14701000,Без изменений,2010,2025,2025,Рубль,Январь-декабрь,CD
Y48423007,Всего по обследуемым видам экономической деятельности,Белгородская область,Муниципальное образование верхнего уровня,Губкинский,14730000,"Городской округ, городской округ с внутригородским делением","Городской округ, городской округ с внутригородским делением",14730000,Без изменений,2010,2025,2025,Рубль,Январь-декабрь,CD
Y48423007,Всего по обследуемым видам экономической деятельности,Белгородская область,Муниципальное образование верхнего уровня,Старооскольский,14740000,"Городской округ, городской округ с внутригородским делением","Городской округ, городской округ с внутригородским делением",14740000,Без изменений,2010,2025,2025,Рубль,Январь-декабрь,CD
Y48423007,Всего по обследуемым видам экономической деятельности,Брянская область,Муниципальное образование верхнего уровня,Стародубский,15501000,Муниципальный округ,Муниципальный округ,15501000,Объединение,2021,2025,2025,Рубль,Январь-декабрь,CD
Y48423007,Всего по обследуемым видам экономической деятельности,Брянская область,Муниципальное образование верхнего уровня,Жуковский,15502000,Муниципальный округ,Муниципальный округ,15502000,Изменен тип и название,2021,2025,2025,Рубль,Январь-декабрь,CD
Y48423007,Всего по обследуемым видам экономической деятельности,Брянская область,Муниципальное образование верхнего уровня,Брасовский муниципальный район,15604000,Муниципальный район,Муниципальный район,15604000,Без изменений,2010,2025,2025,Рубль,Январь-декабрь,CD
Y48423007,Всего по обследуемым видам экономической деятельности,Брянская область,Муниципальное образование верхнего уровня,Брянский муниципальный район,15608000,Муниципальный район,Муниципальный район,15608000,Без изменений,2010,2025,2025,Рубль,Январь-декабрь,CD
Y48423007,Всего по обследуемым видам экономической деятельности,Брянская область,Муниципальное образование верхнего уровня,Выгоничский муниципальный район,15610000,Муниципальный район,Муниципальный район,15610000,Без изменений,2010,2025,2025,Рубль,Январь-декабрь,CD
Y48423007,Всего по обследуемым видам экономической деятельности,Брянская область,Муниципальное образование верхнего уровня,Гордеевский муниципальный район,15611000,Муниципальный район,Муниципальный район,15611000,Без изменений,2010,2025,2025,Рубль,Январь-декабрь,CD
Y48423007,Всего по обследуемым видам экономической деятельности,Брянская область,Муниципальное образование верхнего уровня,Дубровский муниципальный район,15612000,Муниципальный район,Муниципальный район,15612000,Без изменений,2010,2025,2025,Рубль,Январь-декабрь,CD
Y48423007,Всего по обследуемым видам экономической деятельности,Брянская область,Муниципальное образование верхнего уровня,Дятьковский муниципальный район,15616000,Муниципальный район,Муниципальный район,15616000,Без изменений,2010,2025,2025,Рубль,Январь-декабрь,CD
Y48423007,Всего по обследуемым видам экономической деятельности,Брянская область,Муниципальное образование верхнего уровня,Жирятинский муниципальный район,15620000,Муниципальный район,Муниципальный район,15620000,Без изменений,2010,2025,2025,Рубль,Январь-декабрь,CD
Y48423007,Всего по обследуемым видам экономической деятельности,Брянская область,Муниципальное образование верхнего уровня,Злынковский муниципальный район,15623000,Муниципальный район,Муниципальный район,15623000,Без изменений,2010,2025,2025,Рубль,Январь-декабрь,CD
Y48423007,Всего по обследуемым видам экономической деятельности,Брянская область,Муниципальное образование верхнего уровня,Карачевский муниципальный район,15624000,Муниципальный район,Муниципальный район,15624000,Без изменений,2010,2025,2025,Рубль,Январь-декабрь,CD
Y48423007,Всего по обследуемым видам экономической деятельности,Брянская область,Муниципальное образование верхнего уровня,Клетнянский муниципальный район,15626000,Муниципальный район,Муниципальный район,15626000,Без изменений,2010,2025,2025,Рубль,Январь-декабрь,CD
Y48423007,Всего по обследуемым видам экономической деятельности,Брянская область,Муниципальное образование верхнего уровня,Климовский муниципальный район,15628000,Муниципальный район,Муниципальный район,15628000,Без изменений,2010,2025,2025,Рубль,Январь-декабрь,CD
Y48423007,Всего по обследуемым видам экономической деятельности,Брянская область,Муниципальное образование верхнего уровня,Клинцовский муниципальный район,15630000,Муниципальный район,Муниципальный район,15630000,Без изменений,2010,2025,2025,Рубль,Январь-декабрь,CD
Y48423007,Всего по обследуемым видам экономической деятельности,Брянская область,Муниципальное образование верхнего уровня,Комаричский муниципальный район,15632000,Муниципальный район,Муниципальный район,15632000,Без изменений,2010,2025,2025,Рубль,Январь-декабрь,CD
Y48423007,Всего по обследуемым видам экономической деятельности,Брянская область,Муниципальное образование верхнего уровня,Красногорский муниципальный район,15634000,Муниципальный район,Муниципальный район,15634000,Без изменений,2010,2025,2025,Рубль,Январь-декабрь,CD
Y48423007,Всего по обследуемым видам экономической деятельности,Брянская область,Муниципальное образование верхнего уровня,Мглинский муниципальный район,15636000,Муниципальный район,Муниципальный район,15636000,Без изменений,2010,2025,2025,Рубль,Январь-декабрь,CD
Y48423007,Всего по обследуемым видам экономической деятельности,Брянская область,Муниципальное образование верхнего уровня,Навлинский муниципальный район,15638000,Муниципальный район,Муниципальный район,15638000,Без изменений,2010,2025,2025,Рубль,Январь-декабрь,CD
Y48423007,Всего по обследуемым видам экономической деятельности,Брянская область,Муниципальное образование верхнего уровня,Погарский муниципальный район,15642000,Муниципальный район,Муниципальный район,15642000,Без изменений,2010,2025,2025,Рубль,Январь-декабрь,CD
Y48423007,Всего по обследуемым видам экономической деятельности,Брянская область,Муниципальное образование верхнего уровня,Почепский муниципальный район,15644000,Муниципальный район,Муниципальный район,15644000,Без изменений,2010,2025,2025,Рубль,Январь-декабрь,CD
Y48423007,Всего по обследуемым видам экономической деятельности,Брянская область,Муниципальное образование верхнего уровня,Рогнединский муниципальный район,15646000,Муниципальный район,Муниципальный район,15646000,Без изменений,2010,2025,2025,Рубль,Январь-декабрь,CD
Y48423007,Всего по обследуемым видам экономической деятельности,Брянская область,Муниципальное образование верхнего уровня,Севский муниципальный район,15648000,Муниципальный район,Муниципальный район,15648000,Без изменений,2010,2025,2025,Рубль,Январь-декабрь,CD
Y48423007,Всего по обследуемым видам экономической деятельности,Брянская область,Муниципальное образование верхнего уровня,Суземский муниципальный район,15652000,Муниципальный район,Муниципальный район,15652000,Без изменений,2010,2025,2025,Рубль,Январь-декабрь,CD
Y48423007,Всего по обследуемым видам экономической деятельности,Брянская область,Муниципальное образование верхнего уровня,Суражский муниципальный район,15654000,Муниципальный район,Муниципальный район,15654000,Без изменений,2010,2025,2025,Рубль,Январь-декабрь,CD
Y48423007,Всего по обследуемым видам экономической деятельности,Брянская область,Муниципальное образование верхнего уровня,Трубчевский муниципальный район,15656000,Муниципальный район,Муниципальный район,15656000,Без изменений,2010,2025,2025,Рубль,Январь-декабрь,CD
Y48423007,Всего по обследуемым видам экономической деятельности,Брянская область,Муниципальное образование верхнего уровня,Унечский муниципальный район,15658000,Муниципальный район,Муниципальный район,15658000,Без изменений,2010,2025,2025,Рубль,Январь-декабрь,CD
Y48423007,Всего по обследуемым видам экономической деятельности,Брянская область,Муниципальное образование верхнего уровня,город Брянск,15701000,"Городской округ, городской округ с внутригородским делением","Городской округ, городской округ с внутригородским делением",15701000,Без изменений,2010,2025,2025,Рубль,Январь-декабрь,CD
Y48423007,Всего по обследуемым видам экономической деятельности,Брянская область,Муниципальное образование верхнего уровня,город Фокино,15710000,"Городской округ, городской округ с внутригородским делением","Городской округ, городской округ с внутригородским делением",15710000,Без изменений,2010,2025,2025,Рубль,Январь-декабрь,CD
Y48423007,Всего по обследуемым видам экономической деятельности,Брянская область,Муниципальное образование верхнего уровня,город Клинцы,15715000,"Городской округ, городской округ с внутригородским делением","Городской округ, городской округ с внутригородским делением",15715000,Без изменений,2010,2025,2025,Рубль,Январь-декабрь,CD
Y48423007,Всего по обследуемым видам экономической деятельности,Брянская область,Муниципальное образование верхнего уровня,Новозыбковский,15720000,"Городской округ, городской округ с внутригородским делением","Городской округ, городской округ с внутригородским делением",15720000,Объединение,2020,2025,2025,Рубль,Январь-декабрь,CD
Y48423007,Всего по обследуемым видам экономической деятельности,Брянская область,Муниципальное образование верхнего уровня,город Сельцо,15725000,"Городской округ, городской округ с внутригородским делением","Городской округ, городской округ с внутригородским делением",15725000,Без изменений,2010,2025,2025,Рубль,Январь-декабрь,CD
Y48423007,Всего по обследуемым видам экономической деятельности,Владимирская область,Муниципальное образование верхнего уровня,Меленковский муниципальный округ,17542000,Муниципальный округ,Муниципальный округ,17542000,Изменен тип и название,2025,2025,2025,Рубль,Январь-декабрь,CD
Y48423007,Всего по обследуемым видам экономической деятельности,Владимирская область,Муниципальное образование верхнего уровня,Собинский муниципальный округ,17550000,Муниципальный округ,Муниципальный округ,17550000,Изменен тип и название,2025,2025,2025,Рубль,Январь-декабрь,CD
Y48423007,Всего по обследуемым видам экономической деятельности,Владимирская область,Муниципальное образование верхнего уровня,Александровский муниципальный район,17605000,Муниципальный район,Муниципальный район,17505000,Изменен тип и название,2010,2025,2025,Рубль,Январь-декабрь,CD
Y48423007,Всего по обследуемым видам экономической деятельности,Владимирская область,Муниципальное образование верхнего уровня,Вязниковский муниципальный район,17610000,Муниципальный район,Муниципальный район,17610000,Без изменений,2010,2025,2025,Рубль,Январь-декабрь,CD
Y48423007,Всего по обследуемым видам экономической деятельности,Владимирская область,Муниципальное образование верхнего уровня,Гороховецкий муниципальный район,17615000,Муниципальный район,Муниципальный район,17515000,Изменен тип и название,2010,2025,2025,Рубль,Январь-декабрь,CD
Y48423007,Всего по обследуемым видам экономической деятельности,Владимирская область,Муниципальное образование верхнего уровня,Гусь-Хрустальный муниципальный район,17620000,Муниципальный район,Муниципальный район,17520000,Изменен тип и название,2010,2025,2025,Рубль,Январь-декабрь,CD
Y48423007,Всего по обследуемым видам экономической деятельности,Владимирская область,Муниципальное образование верхнего уровня,Камешковский муниципальный район,17625000,Муниципальный район,Муниципальный район,17525000,Изменен тип и название,2010,2025,2025,Рубль,Январь-декабрь,CD
Y48423007,Всего по обследуемым видам экономической деятельности,Владимирская область,Муниципальное образование верхнего уровня,Киржачский муниципальный район,17630000,Муниципальный район,Муниципальный район,17530000,Изменен тип и название,2010,2025,2025,Рубль,Январь-декабрь,CD
Y48423007,Всего по обследуемым видам экономической деятельности,Владимирская область,Муниципальное образование верхнего уровня,Ковровский муниципальный район,17635000,Муниципальный район,Муниципальный район,17635000,Без изменений,2010,2025,2025,Рубль,Январь-декабрь,CD
Y48423007,Всего по обследуемым видам экономической деятельности,Владимирская область,Муниципальное образование верхнего уровня,Кольчугинский муниципальный район,17640000,Муниципальный район,Муниципальный район,17540000,Изменен тип и название,2010,2025,2025,Рубль,Январь-декабрь,CD
Y48423007,Всего по обследуемым видам экономической деятельности,Владимирская область,Муниципальное образование верхнего уровня,Петушинский муниципальный район,17646000,Муниципальный район,Муниципальный район,17546000,"Изменен тип и название, Выделение",2010,2025,2025,Рубль,Январь-декабрь,CD
Y48423007,Всего по обследуемым видам экономической деятельности,Владимирская область,Муниципальное образование верхнего уровня,Селивановский муниципальный район,17648000,Муниципальный район,Муниципальный район,17548000,Изменен тип и название,2010,2025,2025,Рубль,Январь-декабрь,CD
Y48423007,Всего по обследуемым видам экономической деятельности,Владимирская область,Муниципальное образование верхнего уровня,Судогодский муниципальный район,17652000,Муниципальный район,Муниципальный район,17552000,Изменен тип и название,2010,2025,2025,Рубль,Январь-декабрь,CD
Y48423007,Всего по обследуемым видам экономической деятельности,Владимирская область,Муниципальное образование верхнего уровня,Суздальский муниципальный район,17654000,Муниципальный район,Муниципальный район,17654000,Без изменений,2010,2025,2025,Рубль,Январь-декабрь,CD
Y48423007,Всего по обследуемым видам экономической деятельности,Владимирская область,Муниципальное образование верхнего уровня,Юрьев-Польский муниципальный район,17656000,Муниципальный район,Муниципальный район,17556000,Изменен тип и название,2010,2025,2025,Рубль,Январь-декабрь,CD
Y48423007,Всего по обследуемым видам экономической деятельности,Владимирская область,Муниципальное образование верхнего уровня,город Владимир,17701000,"Городской округ, городской округ с внутригородским делением","Городской округ, городской округ с внутригородским делением",17701000,Без изменений,2010,2025,2025,Рубль,Январь-декабрь,CD
Y48423007,Всего по обследуемым видам экономической деятельности,Владимирская область,Муниципальное образование верхнего уровня,город Гусь-Хрустальный,17720000,"Городской округ, городской округ с внутригородским делением","Городской округ, городской округ с внутригородским делением",17720000,Без изменений,2010,2025,2025,Рубль,Январь-декабрь,CD
Y48423007,Всего по обследуемым видам экономической деятельности,Владимирская область,Муниципальное образование верхнего уровня,город Ковров,17725000,"Городской округ, городской округ с внутригородским делением","Городской округ, городской округ с внутригородским делением",17725000,Без изменений,2010,2025,2025,Рубль,Январь-декабрь,CD
Y48423007,Всего по обследуемым видам экономической деятельности,Владимирская область,Муниципальное образование верхнего уровня,округ Муром,17735000,"Городской округ, городской округ с внутригородским делением","Городской округ, городской округ с внутригородским делением",17735000,Объединение,2010,2025,2025,Рубль,Январь-декабрь,CD
Y48423007,Всего по обследуемым видам экономической деятельности,Волгоградская область,Муниципальное образование верхнего уровня,город Михайловка,18520000,Муниципальный округ,Муниципальный округ,18520000,Изменен тип,2025,2025,2025,Рубль,Январь-декабрь,CD
Y48423007,Всего по обследуемым видам экономической деятельности,Волгоградская область,Муниципальное образование верхнего уровня,Алексеевский муниципальный район,18602000,Муниципальный район,Муниципальный район,18602000,Без изменений,2010,2025,2025,Рубль,Январь-декабрь,CD
Y48423007,Всего по обследуемым видам экономической деятельности,Волгоградская область,Муниципальное образование верхнего уровня,Быковский муниципальный район,18604000,Муниципальный район,Муниципальный район,18604000,Без изменений,2010,2025,2025,Рубль,Январь-декабрь,CD
Y48423007,Всего по обследуемым видам экономической деятельности,Волгоградская область,Муниципальное образование верхнего уровня,Городищенский муниципальный район,18605000,Муниципальный район,Муниципальный район,18605000,Без изменений,2010,2025,2025,Рубль,Январь-декабрь,CD
Y48423007,Всего по обследуемым видам экономической деятельности,Волгоградская область,Муниципальное образование верхнего уровня,Даниловский муниципальный район,18606000,Муниципальный район,Муниципальный район,18606000,Без изменений,2010,2025,2025,Рубль,Январь-декабрь,CD
Y48423007,Всего по обследуемым видам экономической деятельности,Волгоградская область,Муниципальное образование верхнего уровня,Дубовский муниципальный район,18608000,Муниципальный район,Муниципальный район,18608000,Без изменений,2010,2025,2025,Рубль,Январь-декабрь,CD
Y48423007,Всего по обследуемым видам экономической деятельности,Волгоградская область,Муниципальное образование верхнего уровня,Еланский муниципальный район,18610000,Муниципальный район,Муниципальный район,18610000,Без изменений,2010,2025,2025,Рубль,Январь-декабрь,CD
Y48423007,Всего по обследуемым видам экономической деятельности,Волгоградская область,Муниципальное образование верхнего уровня,Жирновский муниципальный район,18612000,Муниципальный район,Муниципальный район,18612000,Без изменений,2010,2025,2025,Рубль,Январь-декабрь,CD
Y48423007,Всего по обследуемым видам экономической деятельности,Волгоградская область,Муниципальное образование верхнего уровня,Иловлинский муниципальный район,18614000,Муниципальный район,Муниципальный район,18614000,Без изменений,2010,2025,2025,Рубль,Январь-декабрь,CD
Y48423007,Всего по обследуемым видам экономической деятельности,Волгоградская область,Муниципальное образование верхнего уровня,Калачевский муниципальный район,18616000,Муниципальный район,Муниципальный район,18616000,Без изменений,2010,2025,2025,Рубль,Январь-декабрь,CD
Y48423007,Всего по обследуемым видам экономической деятельности,Волгоградская область,Муниципальное образование верхнего уровня,Камышинский муниципальный район,18618000,Муниципальный район,Муниципальный район,18618000,Без изменений,2010,2025,2025,Рубль,Январь-декабрь,CD
Y48423007,Всего по обследуемым видам экономической деятельности,Волгоградская область,Муниципальное образование верхнего уровня,Киквидзенский муниципальный район,18620000,Муниципальный район,Муниципальный район,18620000,Без изменений,2010,2025,2025,Рубль,Январь-декабрь,CD
Y48423007,Всего по обследуемым видам экономической деятельности,Волгоградская область,Муниципальное образование верхнего уровня,Клетский муниципальный район,18622000,Муниципальный район,Муниципальный район,18622000,Без изменений,2010,2025,2025,Рубль,Январь-декабрь,CD
Y48423007,Всего по обследуемым видам экономической деятельности,Волгоградская область,Муниципальное образование верхнего уровня,Котельниковский муниципальный район,18624000,Муниципальный район,Муниципальный район,18624000,Без изменений,2010,2025,2025,Рубль,Январь-декабрь,CD
Y48423007,Всего по обследуемым видам экономической деятельности,Волгоградская область,Муниципальное образование верхнего уровня,Котовский муниципальный район,18626000,Муниципальный район,Муниципальный район,18626000,Без изменений,2010,2025,2025,Рубль,Январь-декабрь,CD
Y48423007,Всего по обследуемым видам экономической деятельности,Волгоградская область,Муниципальное образование верхнего уровня,Ленинский муниципальный район,18630000,Муниципальный район,Муниципальный район,18630000,Без изменений,2010,2025,2025,Рубль,Январь-декабрь,CD
Y48423007,Всего по обследуемым видам экономической деятельности,Волгоградская область,Муниципальное образование верхнего уровня,Нехаевский муниципальный район,18634000,Муниципальный район,Муниципальный район,18634000,Без изменений,2010,2025,2025,Рубль,Январь-декабрь,CD
Y48423007,Всего по обследуемым видам экономической деятельности,Волгоградская область,Муниципальное образование верхнего уровня,Николаевский муниципальный район,18636000,Муниципальный район,Муниципальный район,18636000,Без изменений,2010,2025,2025,Рубль,Январь-декабрь,CD
Y48423007,Всего по обследуемым видам экономической деятельности,Волгоградская область,Муниципальное образование верхнего уровня,Новоаннинский муниципальный район,18638000,Муниципальный район,Муниципальный район,18638000,Без изменений,2010,2025,2025,Рубль,Январь-декабрь,CD
Y48423007,Всего по обследуемым видам экономической деятельности,Волгоградская область,Муниципальное образование верхнего уровня,Новониколаевский муниципальный район,18640000,Муниципальный район,Муниципальный район,18640000,Без изменений,2010,2025,2025,Рубль,Январь-декабрь,CD
Y48423007,Всего по обследуемым видам экономической деятельности,Волгоградская область,Муниципальное образование верхнего уровня,Октябрьский муниципальный район,18642000,Муниципальный район,Муниципальный район,18642000,Без изменений,2010,2025,2025,Рубль,Январь-декабрь,CD
Y48423007,Всего по обследуемым видам экономической деятельности,Волгоградская область,Муниципальное образование верхнего уровня,Ольховский муниципальный район,18643000,Муниципальный район,Муниципальный район,18643000,Без изменений,2010,2025,2025,Рубль,Январь-декабрь,CD
Y48423007,Всего по обследуемым видам экономической деятельности,Волгоградская область,Муниципальное образование верхнего уровня,Палласовский муниципальный район,18645000,Муниципальный район,Муниципальный район,18645000,Без изменений,2010,2025,2025,Рубль,Январь-декабрь,CD
Y48423007,Всего по обследуемым видам экономической деятельности,Волгоградская область,Муниципальное образование верхнего уровня,Кумылженский муниципальный район,18646000,Муниципальный район,Муниципальный район,18646000,Без изменений,2010,2025,2025,Рубль,Январь-декабрь,CD
Y48423007,Всего по обследуемым видам экономической деятельности,Волгоградская область,Муниципальное образование верхнего уровня,Руднянский муниципальный район,18647000,Муниципальный район,Муниципальный район,18647000,Без изменений,2010,2025,2025,Рубль,Январь-декабрь,CD
Y48423007,Всего по обследуемым видам экономической деятельности,Волгоградская область,Муниципальное образование верхнего уровня,Светлоярский муниципальный район,18649000,Муниципальный район,Муниципальный район,18649000,Без изменений,2010,2025,2025,Рубль,Январь-декабрь,CD
Y48423007,Всего по обследуемым видам экономической деятельности,Волгоградская область,Муниципальное образование верхнего уровня,Серафимовичский муниципальный район,18650000,Муниципальный район,Муниципальный район,18650000,Без изменений,2010,2025,2025,Рубль,Январь-декабрь,CD
Y48423007,Всего по обследуемым видам экономической деятельности,Волгоградская область,Муниципальное образование верхнего уровня,Среднеахтубинский муниципальный район,18651000,Муниципальный район,Муниципальный район,18651000,Без изменений,2010,2025,2025,Рубль,Январь-декабрь,CD
Y48423007,Всего по обследуемым видам экономической деятельности,Волгоградская область,Муниципальное образование верхнего уровня,Старополтавский муниципальный район,18652000,Муниципальный район,Муниципальный район,18652000,Без изменений,2010,2025,2025,Рубль,Январь-декабрь,CD
Y48423007,Всего по обследуемым видам экономической деятельности,Волгоградская область,Муниципальное образование верхнего уровня,Суровикинский муниципальный район,18653000,Муниципальный район,Муниципальный район,18653000,Без изменений,2010,2025,2025,Рубль,Январь-декабрь,CD
Y48423007,Всего по обследуемым видам экономической деятельности,Волгоградская область,Муниципальное образование верхнего уровня,Урюпинский муниципальный район,18654000,Муниципальный район,Муниципальный район,18654000,Без изменений,2010,2025,2025,Рубль,Январь-декабрь,CD
Y48423007,Всего по обследуемым видам экономической деятельности,Волгоградская область,Муниципальное образование верхнего уровня,Фроловский муниципальный район,18656000,Муниципальный район,Муниципальный район,18656000,Без изменений,2010,2025,2025,Рубль,Январь-декабрь,CD
Y48423007,Всего по обследуемым видам экономической деятельности,Волгоградская область,Муниципальное образование верхнего уровня,Чернышковский муниципальный район,18658000,Муниципальный район,Муниципальный район,18658000,Без изменений,2010,2025,2025,Рубль,Январь-декабрь,CD
Y48423007,Всего по обследуемым видам экономической деятельности,Волгоградская область,Муниципальное образование верхнего уровня,город-герой Волгоград,18701000,"Городской округ, городской округ с внутригородским делением","Городской округ, городской округ с внутригородским делением",18701000,Без изменений,2010,2025,2025,Рубль,Январь-декабрь,CD
Y48423007,Всего по обследуемым видам экономической деятельности,Волгоградская область,Муниципальное образование верхнего уровня,город Волжский,18710000,"Городской округ, городской округ с внутригородским делением","Городской округ, городской округ с внутригородским делением",18710000,Без изменений,2010,2025,2025,Рубль,Январь-декабрь,CD
Y48423007,Всего по обследуемым видам экономической деятельности,Волгоградская область,Муниципальное образование верхнего уровня,город Камышин,18715000,"Городской округ, городской округ с внутригородским делением","Городской округ, городской округ с внутригородским делением",18715000,Без изменений,2010,2025,2025,Рубль,Январь-декабрь,CD
Y48423007,Всего по обследуемым видам экономической деятельности,Волгоградская область,Муниципальное образование верхнего уровня,город Урюпинск,18725000,"Городской округ, городской округ с внутригородским делением","Городской округ, городской округ с внутригородским делением",18725000,Без изменений,2010,2025,2025,Рубль,Январь-декабрь,CD
Y48423007,Всего по обследуемым видам экономической деятельности,Волгоградская область,Муниципальное образование верхнего уровня,город Фролово,18728000,"Городской округ, городской округ с внутригородским делением","Городской округ, городской округ с внутригородским делением",18728000,Без изменений,2010,2025,2025,Рубль,Январь-декабрь,CD
Y48423007,Всего по обследуемым видам экономической деятельности,Вологодская область,Муниципальное образование верхнего уровня,Муниципальные округа Вологодской области,19500000,Муниципальный округ,Муниципальный округ,CD,CD,CD,CD,2025,Рубль,Январь-декабрь,CD
Y48423007,Всего по обследуемым видам экономической деятельности,Вологодская область,Муниципальное образование верхнего уровня,Бабаевский муниципальный округ,19505000,Муниципальный округ,Муниципальный округ,19505000,Изменен тип и название,2023,2025,2025,Рубль,Январь-декабрь,CD
Y48423007,Всего по обследуемым видам экономической деятельности,Вологодская область,Муниципальное образование верхнего уровня,Бабушкинский муниципальный округ,19508000,Муниципальный округ,Муниципальный округ,19508000,Изменен тип и название,2023,2025,2025,Рубль,Январь-декабрь,CD
Y48423007,Всего по обследуемым видам экономической деятельности,Вологодская область,Муниципальное образование верхнего уровня,Белозерский муниципальный округ,19510000,Муниципальный округ,Муниципальный округ,19510000,Изменен тип и название,2023,2025,2025,Рубль,Январь-декабрь,CD
Y48423007,Всего по обследуемым видам экономической деятельности,Вологодская область,Муниципальное образование верхнего уровня,Вашкинский муниципальный округ,19512000,Муниципальный округ,Муниципальный округ,19512000,Изменен тип и название,2024,2025,2025,Рубль,Январь-декабрь,CD
Y48423007,Всего по обследуемым видам экономической деятельности,Вологодская область,Муниципальное образование верхнего уровня,Великоустюгский муниципальный округ,19514000,Муниципальный округ,Муниципальный округ,19514000,Изменен тип и название,2023,2025,2025,Рубль,Январь-декабрь,CD
Y48423007,Всего по обследуемым видам экономической деятельности,Вологодская область,Муниципальное образование верхнего уровня,Верховажский муниципальный округ,19516000,Муниципальный округ,Муниципальный округ,19516000,Изменен тип и название,2023,2025,2025,Рубль,Январь-декабрь,CD
Y48423007,Всего по обследуемым видам экономической деятельности,Вологодская область,Муниципальное образование верхнего уровня,Вожегодский муниципальный округ,19518000,Муниципальный округ,Муниципальный округ,19518000,Изменен тип и название,2023,2025,2025,Рубль,Январь-декабрь,CD
Y48423007,Всего по обследуемым видам экономической деятельности,Вологодская область,Муниципальное образование верхнего уровня,Вологодский муниципальный округ,19520000,Муниципальный округ,Муниципальный округ,19520000,Изменен тип и название,2023,2025,2025,Рубль,Январь-декабрь,CD
Y48423007,Всего по обследуемым видам экономической деятельности,Вологодская область,Муниципальное образование верхнего уровня,Грязовецкий муниципальный округ,19524000,Муниципальный округ,Муниципальный округ,19524000,Изменен тип и название,2023,2025,2025,Рубль,Январь-декабрь,CD
Y48423007,Всего по обследуемым видам экономической деятельности,Вологодская область,Муниципальное образование верхнего уровня,Кадуйский муниципальный округ,19526000,Муниципальный округ,Муниципальный округ,19526000,Изменен тип и название,2023,2025,2025,Рубль,Январь-декабрь,CD
Y48423007,Всего по обследуемым видам экономической деятельности,Вологодская область,Муниципальное образование верхнего уровня,Кирилловский муниципальный округ,19528000,Муниципальный округ,Муниципальный округ,19528000,Изменен тип и название,2024,2025,2025,Рубль,Январь-декабрь,CD
Y48423007,Всего по обследуемым видам экономической деятельности,Вологодская область,Муниципальное образование верхнего уровня,Кичменгско-Городецкий муниципальный округ,19530000,Муниципальный округ,Муниципальный округ,19530000,Изменен тип и название,2023,2025,2025,Рубль,Январь-декабрь,CD
Y48423007,Всего по обследуемым видам экономической деятельности,Вологодская область,Муниципальное образование верхнего уровня,Междуреченский муниципальный округ,19532000,Муниципальный округ,Муниципальный округ,19532000,Изменен тип и название,2023,2025,2025,Рубль,Январь-декабрь,CD
Y48423007,Всего по обследуемым видам экономической деятельности,Вологодская область,Муниципальное образование верхнего уровня,Никольский муниципальный округ,19534000,Муниципальный округ,Муниципальный округ,19534000,Изменен тип и название,2024,2025,2025,Рубль,Январь-декабрь,CD
Y48423007,Всего по обследуемым видам экономической деятельности,Вологодская область,Муниципальное образование верхнего уровня,Нюксенский муниципальный округ,19536000,Муниципальный округ,Муниципальный округ,19536000,Изменен тип и название,2023,2025,2025,Рубль,Январь-декабрь,CD
Y48423007,Всего по обследуемым видам экономической деятельности,Вологодская область,Муниципальное образование верхнего уровня,Сокольский муниципальный округ,19538000,Муниципальный округ,Муниципальный округ,19538000,Изменен тип и название,2023,2025,2025,Рубль,Январь-декабрь,CD
Y48423007,Всего по обследуемым видам экономической деятельности,Вологодская область,Муниципальное образование верхнего уровня,Сямженский муниципальный округ,19540000,Муниципальный округ,Муниципальный округ,19540000,Изменен тип и название,2023,2025,2025,Рубль,Январь-декабрь,CD
Y48423007,Всего по обследуемым видам экономической деятельности,Вологодская область,Муниципальное образование верхнего уровня,Тарногский муниципальный округ,19542000,Муниципальный округ,Муниципальный округ,19542000,Изменен тип и название,2023,2025,2025,Рубль,Январь-декабрь,CD
Y48423007,Всего по обследуемым видам экономической деятельности,Вологодская область,Муниципальное образование верхнего уровня,Тотемский муниципальный округ,19546000,Муниципальный округ,Муниципальный округ,19546000,Изменен тип и название,2023,2025,2025,Рубль,Январь-декабрь,CD
Y48423007,Всего по обследуемым видам экономической деятельности,Вологодская область,Муниципальное образование верхнего уровня,Усть-Кубинский муниципальный округ,19548000,Муниципальный округ,Муниципальный округ,19548000,Изменен тип и название,2023,2025,2025,Рубль,Январь-декабрь,CD
Y48423007,Всего по обследуемым видам экономической деятельности,Вологодская область,Муниципальное образование верхнего уровня,Устюженский муниципальный округ,19550000,Муниципальный округ,Муниципальный округ,19550000,Изменен тип и название,2023,2025,2025,Рубль,Январь-декабрь,CD
Y48423007,Всего по обследуемым видам экономической деятельности,Вологодская область,Муниципальное образование верхнего уровня,Харовский муниципальный округ,19552000,Муниципальный округ,Муниципальный округ,19552000,Изменен тип и название,2023,2025,2025,Рубль,Январь-декабрь,CD
Y48423007,Всего по обследуемым видам экономической деятельности,Вологодская область,Муниципальное образование верхнего уровня,Чагодощенский муниципальный округ,19554000,Муниципальный округ,Муниципальный округ,19554000,Изменен тип и название,2023,2025,2025,Рубль,Январь-декабрь,CD
Y48423007,Всего по обследуемым видам экономической деятельности,Вологодская область,Муниципальное образование верхнего уровня,Муниципальные районы Вологодской области,19600000,Муниципальный район,Муниципальный район,CD,CD,CD,CD,2025,Рубль,Январь-декабрь,CD
Y48423007,Всего по обследуемым видам экономической деятельности,Вологодская область,Муниципальное образование верхнего уровня,Вытегорский муниципальный район,19622000,Муниципальный район,Муниципальный район,19522000,Изменен тип и название,2010,2025,2025,Рубль,Январь-декабрь,CD
Y48423007,Всего по обследуемым видам экономической деятельности,Вологодская область,Муниципальное образование верхнего уровня,Череповецкий муниципальный район,19656000,Муниципальный район,Муниципальный район,19556000,Изменен тип и название,2010,2025,2025,Рубль,Январь-декабрь,CD
Y48423007,Всего по обследуемым видам экономической деятельности,Вологодская область,Муниципальное образование верхнего уровня,Шекснинский муниципальный район,19658000,Муниципальный район,Муниципальный район,19558000,Изменен тип и название,2010,2025,2025,Рубль,Январь-декабрь,CD
Y48423007,Всего по обследуемым видам экономической деятельности,Вологодская область,Муниципальное образование верхнего уровня,Городские округа Вологодской области,19700000,"Городской округ, городской округ с внутригородским делением","Городской округ, городской округ с внутригородским делением",CD,CD,CD,CD,2025,Рубль,Январь-декабрь,CD
Y48423007,Всего по обследуемым видам экономической деятельности,Вологодская область,Муниципальное образование верхнего уровня,город Вологда,19701000,"Городской округ, городской округ с внутригородским делением","Городской округ, городской округ с внутригородским делением",19701000,Изменен тип и название,2010,2025,2025,Рубль,Январь-декабрь,CD
Y48423007,Всего по обследуемым видам экономической деятельности,Вологодская область,Муниципальное образование верхнего уровня,город Череповец,19730000,"Городской округ, городской округ с внутригородским делением","Городской округ, городской округ с внутригородским делением",19730000,Изменен тип и название,2010,2010,2025,Рубль,Январь-декабрь,CD
Y48423007,Всего по обследуемым видам экономической деятельности,Воронежская область,Муниципальное образование верхнего уровня,Аннинский муниципальный район,20602000,Муниципальный район,Муниципальный район,20602000,Без изменений,2010,2025,2025,Рубль,Январь-декабрь,CD
Y48423007,Всего по обследуемым видам экономической деятельности,Воронежская область,Муниципальное образование верхнего уровня,Бобровский муниципальный район,20604000,Муниципальный район,Муниципальный район,20604000,Без изменений,2010,2025,2025,Рубль,Январь-декабрь,CD
Y48423007,Всего по обследуемым видам экономической деятельности,Воронежская область,Муниципальное образование верхнего уровня,Богучарский муниципальный район,20605000,Муниципальный район,Муниципальный район,20605000,Без изменений,2010,2025,2025,Рубль,Январь-декабрь,CD
Y48423007,Всего по обследуемым видам экономической деятельности,Воронежская область,Муниципальное образование верхнего уровня,Бутурлиновский муниципальный район,20608000,Муниципальный район,Муниципальный район,20608000,Без изменений,2010,2025,2025,Рубль,Январь-декабрь,CD
Y48423007,Всего по обследуемым видам экономической деятельности,Воронежская область,Муниципальное образование верхнего уровня,Верхнемамонский муниципальный район,20610000,Муниципальный район,Муниципальный район,20610000,Без изменений,2010,2025,2025,Рубль,Январь-декабрь,CD
Y48423007,Всего по обследуемым видам экономической деятельности,Воронежская область,Муниципальное образование верхнего уровня,Верхнехавский муниципальный район,20611000,Муниципальный район,Муниципальный район,20611000,Без изменений,2010,2025,2025,Рубль,Январь-декабрь,CD
Y48423007,Всего по обследуемым видам экономической деятельности,Воронежская область,Муниципальное образование верхнего уровня,Воробьёвский муниципальный район,20612000,Муниципальный район,Муниципальный район,20612000,Без изменений,2010,2025,2025,Рубль,Январь-декабрь,CD
Y48423007,Всего по обследуемым видам экономической деятельности,Воронежская область,Муниципальное образование верхнего уровня,Грибановский муниципальный район,20613000,Муниципальный район,Муниципальный район,20613000,Без изменений,2010,2025,2025,Рубль,Январь-декабрь,CD
Y48423007,Всего по обследуемым видам экономической деятельности,Воронежская область,Муниципальное образование верхнего уровня,Калачеевский муниципальный район,20615000,Муниципальный район,Муниципальный район,20615000,Без изменений,2010,2025,2025,Рубль,Январь-декабрь,CD
Y48423007,Всего по обследуемым видам экономической деятельности,Воронежская область,Муниципальное образование верхнего уровня,Каменский муниципальный район,20617000,Муниципальный район,Муниципальный район,20617000,Без изменений,2010,2025,2025,Рубль,Январь-декабрь,CD
Y48423007,Всего по обследуемым видам экономической деятельности,Воронежская область,Муниципальное образование верхнего уровня,Кантемировский муниципальный район,20619000,Муниципальный район,Муниципальный район,20619000,Без изменений,2010,2025,2025,Рубль,Январь-декабрь,CD
Y48423007,Всего по обследуемым видам экономической деятельности,Воронежская область,Муниципальное образование верхнего уровня,Каширский муниципальный район,20620000,Муниципальный район,Муниципальный район,20620000,Без изменений,2010,2025,2025,Рубль,Январь-декабрь,CD
Y48423007,Всего по обследуемым видам экономической деятельности,Воронежская область,Муниципальное образование верхнего уровня,Лискинский муниципальный район,20621000,Муниципальный район,Муниципальный район,20621000,Без изменений,2010,2025,2025,Рубль,Январь-декабрь,CD
Y48423007,Всего по обследуемым видам экономической деятельности,Воронежская область,Муниципальное образование верхнего уровня,Нижнедевицкий муниципальный район,20623000,Муниципальный район,Муниципальный район,20623000,Без изменений,2010,2025,2025,Рубль,Январь-декабрь,CD
Y48423007,Всего по обследуемым видам экономической деятельности,Воронежская область,Муниципальное образование верхнего уровня,Новоусманский муниципальный район,20625000,Муниципальный район,Муниципальный район,20625000,Без изменений,2010,2025,2025,Рубль,Январь-декабрь,CD
Y48423007,Всего по обследуемым видам экономической деятельности,Воронежская область,Муниципальное образование верхнего уровня,Новохопёрский муниципальный район,20627000,Муниципальный район,Муниципальный район,20627000,Без изменений,2010,2025,2025,Рубль,Январь-декабрь,CD
Y48423007,Всего по обследуемым видам экономической деятельности,Воронежская область,Муниципальное образование верхнего уровня,Ольховатский муниципальный район,20629000,Муниципальный район,Муниципальный район,20629000,Без изменений,2010,2025,2025,Рубль,Январь-декабрь,CD
Y48423007,Всего по обследуемым видам экономической деятельности,Воронежская область,Муниципальное образование верхнего уровня,Острогожский муниципальный район,20631000,Муниципальный район,Муниципальный район,20631000,Без изменений,2010,2025,2025,Рубль,Январь-декабрь,CD
Y48423007,Всего по обследуемым видам экономической деятельности,Воронежская область,Муниципальное образование верхнего уровня,Павловский муниципальный район,20633000,Муниципальный район,Муниципальный район,20633000,Без изменений,2010,2025,2025,Рубль,Январь-декабрь,CD
Y48423007,Всего по обследуемым видам экономической деятельности,Воронежская область,Муниципальное образование верхнего уровня,Панинский муниципальный район,20635000,Муниципальный район,Муниципальный район,20635000,Без изменений,2010,2025,2025,Рубль,Январь-декабрь,CD
Y48423007,Всего по обследуемым видам экономической деятельности,Воронежская область,Муниципальное образование верхнего уровня,Петропавловский муниципальный район,20637000,Муниципальный район,Муниципальный район,20637000,Без изменений,2010,2025,2025,Рубль,Январь-декабрь,CD
Y48423007,Всего по обследуемым видам экономической деятельности,Воронежская область,Муниципальное образование верхнего уровня,Поворинский муниципальный район,20639000,Муниципальный район,Муниципальный район,20639000,Без изменений,2010,2025,2025,Рубль,Январь-декабрь,CD
Y48423007,Всего по обследуемым видам экономической деятельности,Воронежская область,Муниципальное образование верхнего уровня,Подгоренский муниципальный район,20641000,Муниципальный район,Муниципальный район,20641000,Без изменений,2010,2025,2025,Рубль,Январь-декабрь,CD
Y48423007,Всего по обследуемым видам экономической деятельности,Воронежская область,Муниципальное образование верхнего уровня,Рамонский муниципальный район,20643000,Муниципальный район,Муниципальный район,20643000,Без изменений,2010,2025,2025,Рубль,Январь-декабрь,CD
Y48423007,Всего по обследуемым видам экономической деятельности,Воронежская область,Муниципальное образование верхнего уровня,Репьёвский муниципальный район,20645000,Муниципальный район,Муниципальный район,20645000,Без изменений,2010,2025,2025,Рубль,Январь-декабрь,CD
Y48423007,Всего по обследуемым видам экономической деятельности,Воронежская область,Муниципальное образование верхнего уровня,Россошанский муниципальный район,20647000,Муниципальный район,Муниципальный район,20647000,Без изменений,2010,2025,2025,Рубль,Январь-декабрь,CD
Y48423007,Всего по обследуемым видам экономической деятельности,Воронежская область,Муниципальное образование верхнего уровня,Семилукский муниципальный район,20649000,Муниципальный район,Муниципальный район,20649000,Без изменений,2010,2025,2025,Рубль,Январь-декабрь,CD
Y48423007,Всего по обследуемым видам экономической деятельности,Воронежская область,Муниципальное образование верхнего уровня,Таловский муниципальный район,20651000,Муниципальный район,Муниципальный район,20651000,Без изменений,2010,2025,2025,Рубль,Январь-декабрь,CD
Y48423007,Всего по обследуемым видам экономической деятельности,Воронежская область,Муниципальное образование верхнего уровня,Терновский муниципальный район,20654000,Муниципальный район,Муниципальный район,20654000,Без изменений,2010,2025,2025,Рубль,Январь-декабрь,CD
Y48423007,Всего по обследуемым видам экономической деятельности,Воронежская область,Муниципальное образование верхнего уровня,Хохольский муниципальный район,20656000,Муниципальный район,Муниципальный район,20656000,Без изменений,2010,2025,2025,Рубль,Январь-декабрь,CD
Y48423007,Всего по обследуемым видам экономической деятельности,Воронежская область,Муниципальное образование верхнего уровня,Эртильский муниципальный район,20658000,Муниципальный район,Муниципальный район,20658000,Без изменений,2010,2025,2025,Рубль,Январь-декабрь,CD
Y48423007,Всего по обследуемым видам экономической деятельности,Воронежская область,Муниципальное образование верхнего уровня,город Воронеж,20701000,"Городской округ, городской округ с внутригородским делением","Городской округ, городской округ с внутригородским делением",20701000,Без изменений,2010,2025,2025,Рубль,Январь-декабрь,CD
Y48423007,Всего по обследуемым видам экономической деятельности,Воронежская область,Муниципальное образование верхнего уровня,Борисоглебский,20710000,"Городской округ, городской округ с внутригородским делением","Городской округ, городской округ с внутригородским делением",20710000,Без изменений,2010,2025,2025,Рубль,Январь-декабрь,CD
Y48423007,Всего по обследуемым видам экономической деятельности,Воронежская область,Муниципальное образование верхнего уровня,город Нововоронеж,20727000,"Городской округ, городской округ с внутригородским делением","Городской округ, городской округ с внутригородским делением",20727000,Без изменений,2010,2025,2025,Рубль,Январь-декабрь,CD
Y48423007,Всего по обследуемым видам экономической деятельности,Нижегородская область,Муниципальное образование верхнего уровня,Ардатовский муниципальный округ,22502000,Муниципальный округ,Муниципальный округ,22502000,Изменен тип и название,2023,2025,2025,Рубль,Январь-декабрь,CD
Y48423007,Всего по обследуемым видам экономической деятельности,Нижегородская область,Муниципальное образование верхнего уровня,Балахнинский муниципальный округ,22505000,Муниципальный округ,Муниципальный округ,22505000,Изменен тип и название,2021,2025,2025,Рубль,Январь-декабрь,CD
Y48423007,Всего по обследуемым видам экономической деятельности,Нижегородская область,Муниципальное образование верхнего уровня,Богородский муниципальный округ,22507000,Муниципальный округ,Муниципальный округ,22507000,Изменен тип и название,2021,2025,2025,Рубль,Январь-декабрь,CD
Y48423007,Всего по обследуемым видам экономической деятельности,Нижегородская область,Муниципальное образование верхнего уровня,Большеболдинский муниципальный округ,22509000,Муниципальный округ,Муниципальный округ,22509000,Изменен тип и название,2023,2025,2025,Рубль,Январь-декабрь,CD
Y48423007,Всего по обследуемым видам экономической деятельности,Нижегородская область,Муниципальное образование верхнего уровня,Большемурашкинский муниципальный округ,22510000,Муниципальный округ,Муниципальный округ,22510000,Изменен тип и название,2023,2025,2025,Рубль,Январь-декабрь,CD
Y48423007,Всего по обследуемым видам экономической деятельности,Нижегородская область,Муниципальное образование верхнего уровня,Бутурлинский муниципальный округ,22512000,Муниципальный округ,Муниципальный округ,22512000,Изменен тип и название,2021,2025,2025,Рубль,Январь-декабрь,CD
Y48423007,Всего по обследуемым видам экономической деятельности,Нижегородская область,Муниципальное образование верхнего уровня,Вадский муниципальный округ,22514000,Муниципальный округ,Муниципальный округ,22514000,Изменен тип и название,2021,2025,2025,Рубль,Январь-декабрь,CD
Y48423007,Всего по обследуемым видам экономической деятельности,Нижегородская область,Муниципальное образование верхнего уровня,Варнавинский муниципальный округ,22515000,Муниципальный округ,Муниципальный округ,22515000,Изменен тип и название,2023,2025,2025,Рубль,Январь-декабрь,CD
Y48423007,Всего по обследуемым видам экономической деятельности,Нижегородская область,Муниципальное образование верхнего уровня,Вачский муниципальный округ,22517000,Муниципальный округ,Муниципальный округ,22517000,Изменен тип и название,2023,2025,2025,Рубль,Январь-декабрь,CD
Y48423007,Всего по обследуемым видам экономической деятельности,Нижегородская область,Муниципальное образование верхнего уровня,Ветлужский муниципальный округ,22518000,Муниципальный округ,Муниципальный округ,22518000,Изменен тип и название,2023,2025,2025,Рубль,Январь-декабрь,CD
Y48423007,Всего по обследуемым видам экономической деятельности,Нижегородская область,Муниципальное образование верхнего уровня,Вознесенский муниципальный округ,22519000,Муниципальный округ,Муниципальный округ,22519000,Изменен тип и название,2023,2025,2025,Рубль,Январь-декабрь,CD
Y48423007,Всего по обследуемым видам экономической деятельности,Нижегородская область,Муниципальное образование верхнего уровня,Володарский муниципальный округ,22520000,Муниципальный округ,Муниципальный округ,22520000,Изменен тип и название,2023,2025,2025,Рубль,Январь-декабрь,CD
Y48423007,Всего по обследуемым видам экономической деятельности,Нижегородская область,Муниципальное образование верхнего уровня,Воскресенский муниципальный округ,22522000,Муниципальный округ,Муниципальный округ,22522000,Изменен тип и название,2023,2025,2025,Рубль,Январь-декабрь,CD
Y48423007,Всего по обследуемым видам экономической деятельности,Нижегородская область,Муниципальное образование верхнего уровня,Гагинский муниципальный округ,22526000,Муниципальный округ,Муниципальный округ,22526000,Изменен тип и название,2023,2025,2025,Рубль,Январь-декабрь,CD
Y48423007,Всего по обследуемым видам экономической деятельности,Нижегородская область,Муниципальное образование верхнего уровня,Городецкий муниципальный округ,22528000,Муниципальный округ,Муниципальный округ,22528000,Изменен тип и название,2023,2025,2025,Рубль,Январь-декабрь,CD
Y48423007,Всего по обследуемым видам экономической деятельности,Нижегородская область,Муниципальное образование верхнего уровня,Дальнеконстантиновский муниципальный округ,22530000,Муниципальный округ,Муниципальный округ,22530000,Изменен тип и название,2023,2025,2025,Рубль,Январь-декабрь,CD
Y48423007,Всего по обследуемым видам экономической деятельности,Нижегородская область,Муниципальное образование верхнего уровня,Дивеевский муниципальный округ,22532000,Муниципальный округ,Муниципальный округ,22532000,Изменен тип и название,2021,2025,2025,Рубль,Январь-декабрь,CD
Y48423007,Всего по обследуемым видам экономической деятельности,Нижегородская область,Муниципальное образование верхнего уровня,Княгининский муниципальный округ,22533000,Муниципальный округ,Муниципальный округ,22533000,Изменен тип и название,2023,2025,2025,Рубль,Январь-декабрь,CD
Y48423007,Всего по обследуемым видам экономической деятельности,Нижегородская область,Муниципальное образование верхнего уровня,Ковернинский муниципальный округ,22534000,Муниципальный округ,Муниципальный округ,22534000,Изменен тип и название,2021,2025,2025,Рубль,Январь-декабрь,CD
Y48423007,Всего по обследуемым видам экономической деятельности,Нижегородская область,Муниципальное образование верхнего уровня,Краснобаковский муниципальный округ,22535000,Муниципальный округ,Муниципальный округ,22535000,Изменен тип и название,2023,2025,2025,Рубль,Январь-декабрь,CD
Y48423007,Всего по обследуемым видам экономической деятельности,Нижегородская область,Муниципальное образование верхнего уровня,Краснооктябрьский муниципальный округ,22536000,Муниципальный округ,Муниципальный округ,22536000,Изменен тип и название,2023,2025,2025,Рубль,Январь-декабрь,CD
Y48423007,Всего по обследуемым видам экономической деятельности,Нижегородская область,Муниципальное образование верхнего уровня,Кстовский муниципальный округ,22537000,Муниципальный округ,Муниципальный округ,22701000,"Изменен тип и название, Объединение",2022,2025,2025,Рубль,Январь-декабрь,CD
Y48423007,Всего по обследуемым видам экономической деятельности,Нижегородская область,Муниципальное образование верхнего уровня,Лукояновский муниципальный округ,22539000,Муниципальный округ,Муниципальный округ,22539000,Изменен тип и название,2023,2025,2025,Рубль,Январь-декабрь,CD
Y48423007,Всего по обследуемым видам экономической деятельности,Нижегородская область,Муниципальное образование верхнего уровня,Лысковский муниципальный округ,22540000,Муниципальный округ,Муниципальный округ,22540000,Изменен тип и название,2021,2025,2025,Рубль,Январь-декабрь,CD
Y48423007,Всего по обследуемым видам экономической деятельности,Нижегородская область,Муниципальное образование верхнего уровня,Павловский муниципальный округ,22542000,Муниципальный округ,Муниципальный округ,22542000,Изменен тип и название,2021,2025,2025,Рубль,Январь-декабрь,CD
Y48423007,Всего по обследуемым видам экономической деятельности,Нижегородская область,Муниципальное образование верхнего уровня,Пильнинский муниципальный округ,22545000,Муниципальный округ,Муниципальный округ,22545000,Изменен тип и название,2023,2025,2025,Рубль,Январь-декабрь,CD
Y48423007,Всего по обследуемым видам экономической деятельности,Нижегородская область,Муниципальное образование верхнего уровня,Починковский муниципальный округ,22546000,Муниципальный округ,Муниципальный округ,22546000,Изменен тип и название,2021,2025,2025,Рубль,Январь-декабрь,CD
Y48423007,Всего по обследуемым видам экономической деятельности,Нижегородская область,Муниципальное образование верхнего уровня,Сергачский муниципальный округ,22548000,Муниципальный округ,Муниципальный округ,22548000,Изменен тип и название,2023,2025,2025,Рубль,Январь-декабрь,CD
Y48423007,Всего по обследуемым видам экономической деятельности,Нижегородская область,Муниципальное образование верхнего уровня,Сеченовский муниципальный округ,22549000,Муниципальный округ,Муниципальный округ,22549000,Изменен тип и название,2023,2025,2025,Рубль,Январь-декабрь,CD
Y48423007,Всего по обследуемым видам экономической деятельности,Нижегородская область,Муниципальное образование верхнего уровня,Сосновский муниципальный округ,22550000,Муниципальный округ,Муниципальный округ,22550000,Изменен тип и название,2023,2025,2025,Рубль,Январь-декабрь,CD
Y48423007,Всего по обследуемым видам экономической деятельности,Нижегородская область,Муниципальное образование верхнего уровня,Спасский муниципальный округ,22551000,Муниципальный округ,Муниципальный округ,22551000,Изменен тип и название,2023,2025,2025,Рубль,Январь-декабрь,CD
Y48423007,Всего по обследуемым видам экономической деятельности,Нижегородская область,Муниципальное образование верхнего уровня,Тонкинский муниципальный округ,22552000,Муниципальный округ,Муниципальный округ,22552000,Изменен тип и название,2023,2025,2025,Рубль,Январь-декабрь,CD
Y48423007,Всего по обследуемым видам экономической деятельности,Нижегородская область,Муниципальное образование верхнего уровня,Тоншаевский муниципальный округ,22553000,Муниципальный округ,Муниципальный округ,22553000,Изменен тип и название,2021,2025,2025,Рубль,Январь-декабрь,CD
Y48423007,Всего по обследуемым видам экономической деятельности,Нижегородская область,Муниципальное образование верхнего уровня,Уренский муниципальный округ,22554000,Муниципальный округ,Муниципальный округ,22554000,Изменен тип и название,2021,2025,2025,Рубль,Январь-декабрь,CD
Y48423007,Всего по обследуемым видам экономической деятельности,Нижегородская область,Муниципальное образование верхнего уровня,Шарангский муниципальный округ,22556000,Муниципальный округ,Муниципальный округ,22556000,Изменен тип и название,2023,2025,2025,Рубль,Январь-декабрь,CD
Y48423007,Всего по обследуемым видам экономической деятельности,Нижегородская область,Муниципальное образование верхнего уровня,Шатковский муниципальный округ,22557000,Муниципальный округ,Муниципальный округ,22557000,Изменен тип и название,2023,2025,2025,Рубль,Январь-декабрь,CD
Y48423007,Всего по обследуемым видам экономической деятельности,Нижегородская область,Муниципальное образование верхнего уровня,город Нижний Новгород,22701000,"Городской округ, городской округ с внутригородским делением","Городской округ, городской округ с внутригородским делением",22701000,"Изменен тип и название, Объединение",2010,2025,2025,Рубль,Январь-декабрь,CD
Y48423007,Всего по обследуемым видам экономической деятельности,Нижегородская область,Муниципальное образование верхнего уровня,город Арзамас,22703000,"Городской округ, городской округ с внутригородским делением","Городской округ, городской округ с внутригородским делением",22703000,Объединение,2010,2025,2025,Рубль,Январь-декабрь,CD
Y48423007,Всего по обследуемым видам экономической деятельности,Нижегородская область,Муниципальное образование верхнего уровня,Город Бор,22712000,"Городской округ, городской округ с внутригородским делением","Городской округ, городской округ с внутригородским делением",22511000,Изменен тип и название,2011,2025,2025,Рубль,Январь-декабрь,CD
Y48423007,Всего по обследуемым видам экономической деятельности,Нижегородская область,Муниципальное образование верхнего уровня,город Выкса,22715000,"Городской округ, городской округ с внутригородским делением","Городской округ, городской округ с внутригородским делением",22715000,Изменен тип и название,2012,2025,2025,Рубль,Январь-декабрь,CD
Y48423007,Всего по обследуемым видам экономической деятельности,Нижегородская область,Муниципальное образование верхнего уровня,Воротынский,22719000,"Городской округ, городской округ с внутригородским делением","Городской округ, городской округ с внутригородским делением",22521000,Изменен тип и название,2020,2025,2025,Рубль,Январь-декабрь,CD
Y48423007,Всего по обследуемым видам экономической деятельности,Нижегородская область,Муниципальное образование верхнего уровня,город Дзержинск,22721000,"Городской округ, городской округ с внутригородским делением","Городской округ, городской округ с внутригородским делением",22721000,Без изменений,2010,2025,2025,Рубль,Январь-декабрь,CD
Y48423007,Всего по обследуемым видам экономической деятельности,Нижегородская область,Муниципальное образование верхнего уровня,город Кулебаки,22727000,"Городской округ, городской округ с внутригородским делением","Городской округ, городской округ с внутригородским делением",22727000,Изменен тип и название,2016,2025,2025,Рубль,Январь-декабрь,CD
Y48423007,Всего по обследуемым видам экономической деятельности,Нижегородская область,Муниципальное образование верхнего уровня,Навашинский,22730000,"Городской округ, городской округ с внутригородским делением","Городской округ, городской округ с внутригородским делением",22541000,Изменен тип и название,2016,2025,2025,Рубль,Январь-декабрь,CD
Y48423007,Всего по обследуемым видам экономической деятельности,Нижегородская область,Муниципальное образование верхнего уровня,Город Первомайск,22734000,"Городской округ, городской округ с внутригородским делением","Городской округ, городской округ с внутригородским делением",22543000,Изменен тип и название,2013,2025,2025,Рубль,Январь-декабрь,CD
Y48423007,Всего по обследуемым видам экономической деятельности,Нижегородская область,Муниципальное образование верхнего уровня,Семеновский,22737000,"Городской округ, городской округ с внутригородским делением","Городской округ, городской округ с внутригородским делением",22547000,Изменен тип и название,2011,2025,2025,Рубль,Январь-декабрь,CD
Y48423007,Всего по обследуемым видам экономической деятельности,Нижегородская область,Муниципальное образование верхнего уровня,Перевозский,22739000,"Городской округ, городской округ с внутригородским делением","Городской округ, городской округ с внутригородским делением",22544000,Изменен тип и название,2018,2025,2025,Рубль,Январь-декабрь,CD
Y48423007,Всего по обследуемым видам экономической деятельности,Нижегородская область,Муниципальное образование верхнего уровня,Сокольский,22749000,"Городской округ, городской округ с внутригородским делением","Городской округ, городской округ с внутригородским делением",22559000,Изменен тип и название,2015,2025,2025,Рубль,Январь-декабрь,CD
Y48423007,Всего по обследуемым видам экономической деятельности,Нижегородская область,Муниципальное образование верхнего уровня,Город Чкаловск,22755000,"Городской округ, городской округ с внутригородским делением","Городской округ, городской округ с внутригородским делением",22555000,Изменен тип и название,2016,2025,2025,Рубль,Январь-декабрь,CD
Y48423007,Всего по обследуемым видам экономической деятельности,Нижегородская область,Муниципальное образование верхнего уровня,Город Шахунья,22758000,"Городской округ, городской округ с внутригородским делением","Городской округ, городской округ с внутригородским делением",22558000,Изменен тип и название,2012,2025,2025,Рубль,Январь-декабрь,CD
Y48423007,Всего по обследуемым видам экономической деятельности,Ивановская область,Муниципальное образование верхнего уровня,Вичугский муниципальный район,24601000,Муниципальный район,Муниципальный район,24501000,Изменен тип и название,2010,2025,2025,Рубль,Январь-декабрь,CD
Y48423007,Всего по обследуемым видам экономической деятельности,Ивановская область,Муниципальное образование верхнего уровня,Верхнеландеховский муниципальный район,24602000,Муниципальный район,Муниципальный район,24502000,Изменен тип и название,2010,2025,2025,Рубль,Январь-декабрь,CD
Y48423007,Всего по обследуемым видам экономической деятельности,Ивановская область,Муниципальное образование верхнего уровня,Гаврилово-Посадский муниципальный район,24603000,Муниципальный район,Муниципальный район,24603000,Без изменений,2010,2025,2025,Рубль,Январь-декабрь,CD
Y48423007,Всего по обследуемым видам экономической деятельности,Ивановская область,Муниципальное образование верхнего уровня,Заволжский муниципальный район,24605000,Муниципальный район,Муниципальный район,24605000,Без изменений,2010,2025,2025,Рубль,Январь-декабрь,CD
Y48423007,Всего по обследуемым видам экономической деятельности,Ивановская область,Муниципальное образование верхнего уровня,Ивановский муниципальный район,24607000,Муниципальный район,Муниципальный район,24507000,Изменен тип и название,2010,2025,2025,Рубль,Январь-декабрь,CD
Y48423007,Всего по обследуемым видам экономической деятельности,Ивановская область,Муниципальное образование верхнего уровня,Ильинский муниципальный район,24609000,Муниципальный район,Муниципальный район,24609000,Без изменений,2010,2025,2025,Рубль,Январь-декабрь,CD
Y48423007,Всего по обследуемым видам экономической деятельности,Ивановская область,Муниципальное образование верхнего уровня,Кинешемский муниципальный район,24611000,Муниципальный район,Муниципальный район,24611000,Без изменений,2010,2025,2025,Рубль,Январь-декабрь,CD
Y48423007,Всего по обследуемым видам экономической деятельности,Ивановская область,Муниципальное образование верхнего уровня,Комсомольский муниципальный район,24613000,Муниципальный район,Муниципальный район,24613000,Без изменений,2010,2025,2025,Рубль,Январь-декабрь,CD
Y48423007,Всего по обследуемым видам экономической деятельности,Ивановская область,Муниципальное образование верхнего уровня,Лежневский муниципальный район,24614000,Муниципальный район,Муниципальный район,24614000,Без изменений,2010,2025,2025,Рубль,Январь-декабрь,CD
Y48423007,Всего по обследуемым видам экономической деятельности,Ивановская область,Муниципальное образование верхнего уровня,Лухский муниципальный район,24615000,Муниципальный район,Муниципальный район,24615000,Без изменений,2010,2025,2025,Рубль,Январь-декабрь,CD
Y48423007,Всего по обследуемым видам экономической деятельности,Ивановская область,Муниципальное образование верхнего уровня,Палехский муниципальный район,24617000,Муниципальный район,Муниципальный район,24517000,Изменен тип и название,2010,2025,2025,Рубль,Январь-декабрь,CD
Y48423007,Всего по обследуемым видам экономической деятельности,Ивановская область,Муниципальное образование верхнего уровня,Пестяковский муниципальный район,24619000,Муниципальный район,Муниципальный район,24619000,Без изменений,2010,2025,2025,Рубль,Январь-декабрь,CD
Y48423007,Всего по обследуемым видам экономической деятельности,Ивановская область,Муниципальное образование верхнего уровня,Приволжский муниципальный район,24620000,Муниципальный район,Муниципальный район,24620000,Без изменений,2010,2025,2025,Рубль,Январь-декабрь,CD
Y48423007,Всего по обследуемым видам экономической деятельности,Ивановская область,Муниципальное образование верхнего уровня,Пучежский муниципальный район,24621000,Муниципальный район,Муниципальный район,24621000,Без изменений,2010,2025,2025,Рубль,Январь-декабрь,CD
Y48423007,Всего по обследуемым видам экономической деятельности,Ивановская область,Муниципальное образование верхнего уровня,Родниковский муниципальный район,24623000,Муниципальный район,Муниципальный район,24623000,Без изменений,2010,2025,2025,Рубль,Январь-декабрь,CD
Y48423007,Всего по обследуемым видам экономической деятельности,Ивановская область,Муниципальное образование верхнего уровня,Савинский муниципальный район,24625000,Муниципальный район,Муниципальный район,24625000,Без изменений,2010,2025,2025,Рубль,Январь-декабрь,CD
Y48423007,Всего по обследуемым видам экономической деятельности,Ивановская область,Муниципальное образование верхнего уровня,Тейковский муниципальный район,24629000,Муниципальный район,Муниципальный район,24629000,Без изменений,2010,2025,2025,Рубль,Январь-декабрь,CD
Y48423007,Всего по обследуемым видам экономической деятельности,Ивановская область,Муниципальное образование верхнего уровня,Фурмановский муниципальный район,24631000,Муниципальный район,Муниципальный район,24631000,Без изменений,2010,2025,2025,Рубль,Январь-декабрь,CD
Y48423007,Всего по обследуемым видам экономической деятельности,Ивановская область,Муниципальное образование верхнего уровня,Шуйский муниципальный район,24633000,Муниципальный район,Муниципальный район,24633000,Без изменений,2010,2025,2025,Рубль,Январь-декабрь,CD
Y48423007,Всего по обследуемым видам экономической деятельности,Ивановская область,Муниципальное образование верхнего уровня,Южский муниципальный район,24635000,Муниципальный район,Муниципальный район,24635000,Без изменений,2010,2025,2025,Рубль,Январь-декабрь,CD
Y48423007,Всего по обследуемым видам экономической деятельности,Ивановская область,Муниципальное образование верхнего уровня,Юрьевецкий муниципальный район,24637000,Муниципальный район,Муниципальный район,24637000,Без изменений,2010,2025,2025,Рубль,Январь-декабрь,CD
Y48423007,Всего по обследуемым видам экономической деятельности,Ивановская область,Муниципальное образование верхнего уровня,Иваново,24701000,"Городской округ, городской округ с внутригородским делением","Городской округ, городской округ с внутригородским делением",24701000,Без изменений,2010,2025,2025,Рубль,Январь-декабрь,CD
Y48423007,Всего по обследуемым видам экономической деятельности,Ивановская область,Муниципальное образование верхнего уровня,Вичуга,24703000,"Городской округ, городской округ с внутригородским делением","Городской округ, городской округ с внутригородским делением",24703000,Без изменений,2010,2025,2025,Рубль,Январь-декабрь,CD
Y48423007,Всего по обследуемым видам экономической деятельности,Ивановская область,Муниципальное образование верхнего уровня,Кинешма,24705000,"Городской округ, городской округ с внутригородским делением","Городской округ, городской округ с внутригородским делением",24705000,Без изменений,2010,2025,2025,Рубль,Январь-декабрь,CD
Y48423007,Всего по обследуемым видам экономической деятельности,Ивановская область,Муниципальное образование верхнего уровня,Кохма,24706000,"Городской округ, городской округ с внутригородским делением","Городской округ, городской округ с внутригородским делением",24706000,Без изменений,2010,2025,2025,Рубль,Январь-декабрь,CD
Y48423007,Всего по обследуемым видам экономической деятельности,Ивановская область,Муниципальное образование верхнего уровня,Тейково,24707000,"Городской округ, городской округ с внутригородским делением","Городской округ, городской округ с внутригородским делением",24707000,Без изменений,2010,2025,2025,Рубль,Январь-декабрь,CD
Y48423007,Всего по обследуемым видам экономической деятельности,Ивановская область,Муниципальное образование верхнего уровня,Шуя,24711000,"Городской округ, городской округ с внутригородским делением","Городской округ, городской округ с внутригородским делением",24711000,Без изменений,2010,2025,2025,Рубль,Январь-декабрь,CD
Y48423007,Всего по обследуемым видам экономической деятельности,Иркутская область,Муниципальное образование верхнего уровня,Усть-Илимский муниципальный округ,25542000,Муниципальный округ,Муниципальный округ,25542000,Изменен тип и название,2025,2025,2025,Рубль,Январь-декабрь,CD
Y48423007,Всего по обследуемым видам экономической деятельности,Иркутская область,Муниципальное образование верхнего уровня,Чунский муниципальный округ,25550000,Муниципальный округ,Муниципальный округ,25550000,Изменен тип и название,2025,2025,2025,Рубль,Январь-декабрь,CD
Y48423007,Всего по обследуемым видам экономической деятельности,Иркутская область,Муниципальное образование верхнего уровня,Балаганский муниципальный район,25601000,Муниципальный район,Муниципальный район,25501000,Изменен тип и название,2010,2025,2025,Рубль,Январь-декабрь,CD
Y48423007,Всего по обследуемым видам экономической деятельности,Иркутская область,Муниципальное образование верхнего уровня,Бодайбинский муниципальный район,25602000,Муниципальный район,Муниципальный район,25602000,Без изменений,2010,2025,2025,Рубль,Январь-декабрь,CD
Y48423007,Всего по обследуемым видам экономической деятельности,Иркутская область,Муниципальное образование верхнего уровня,Братский муниципальный район,25604000,Муниципальный район,Муниципальный район,25604000,Без изменений,2010,2025,2025,Рубль,Январь-декабрь,CD
Y48423007,Всего по обследуемым видам экономической деятельности,Иркутская область,Муниципальное образование верхнего уровня,Аларский муниципальный район,25605000,Муниципальный район,Муниципальный район,25605000,Изменен тип и название,2014,2025,2025,Рубль,Январь-декабрь,CD
Y48423007,Всего по обследуемым видам экономической деятельности,Иркутская область,Муниципальное образование верхнего уровня,Жигаловский муниципальный район,25606000,Муниципальный район,Муниципальный район,25506000,Изменен тип и название,2010,2025,2025,Рубль,Январь-декабрь,CD
Y48423007,Всего по обследуемым видам экономической деятельности,Иркутская область,Муниципальное образование верхнего уровня,Баяндаевский муниципальный район,25607000,Муниципальный район,Муниципальный район,25607000,Изменен тип и название,2014,2025,2025,Рубль,Январь-декабрь,CD
Y48423007,Всего по обследуемым видам экономической деятельности,Иркутская область,Муниципальное образование верхнего уровня,Заларинский муниципальный район,25608000,Муниципальный район,Муниципальный район,25508000,Изменен тип и название,2010,2025,2025,Рубль,Январь-декабрь,CD
Y48423007,Всего по обследуемым видам экономической деятельности,Иркутская область,Муниципальное образование верхнего уровня,Боханский муниципальный район,25609000,Муниципальный район,Муниципальный район,25609000,Изменен тип и название,2014,2025,2025,Рубль,Январь-декабрь,CD
Y48423007,Всего по обследуемым видам экономической деятельности,Иркутская область,Муниципальное образование верхнего уровня,Зиминский муниципальный район,25610000,Муниципальный район,Муниципальный район,25610000,Без изменений,2010,2025,2025,Рубль,Январь-декабрь,CD
Y48423007,Всего по обследуемым видам экономической деятельности,Иркутская область,Муниципальное образование верхнего уровня,Иркутский муниципальный район,25612000,Муниципальный район,Муниципальный район,25512000,Изменен тип и название,2010,2025,2025,Рубль,Январь-декабрь,CD
Y48423007,Всего по обследуемым видам экономической деятельности,Иркутская область,Муниципальное образование верхнего уровня,Казачинско-Ленский муниципальный район,25614000,Муниципальный район,Муниципальный район,25614000,Без изменений,2010,2025,2025,Рубль,Январь-декабрь,CD
Y48423007,Всего по обследуемым видам экономической деятельности,Иркутская область,Муниципальное образование верхнего уровня,Катангский муниципальный район,25616000,Муниципальный район,Муниципальный район,25616000,Без изменений,2010,2025,2025,Рубль,Январь-декабрь,CD
Y48423007,Всего по обследуемым видам экономической деятельности,Иркутская область,Муниципальное образование верхнего уровня,Качугский муниципальный район,25618000,Муниципальный район,Муниципальный район,25518000,Изменен тип и название,2010,2025,2025,Рубль,Январь-декабрь,CD
Y48423007,Всего по обследуемым видам экономической деятельности,Иркутская область,Муниципальное образование верхнего уровня,Киренский муниципальный район,25620000,Муниципальный район,Муниципальный район,25520000,Изменен тип и название,2010,2025,2025,Рубль,Январь-декабрь,CD
Y48423007,Всего по обследуемым видам экономической деятельности,Иркутская область,Муниципальное образование верхнего уровня,Куйтунский муниципальный район,25622000,Муниципальный район,Муниципальный район,25622000,Без изменений,2010,2025,2025,Рубль,Январь-декабрь,CD
Y48423007,Всего по обследуемым видам экономической деятельности,Иркутская область,Муниципальное образование верхнего уровня,Мамско-Чуйский муниципальный район,25624000,Муниципальный район,Муниципальный район,25624000,Без изменений,2010,2025,2025,Рубль,Январь-декабрь,CD
Y48423007,Всего по обследуемым видам экономической деятельности,Иркутская область,Муниципальное образование верхнего уровня,Нижнеилимский муниципальный район,25626000,Муниципальный район,Муниципальный район,25526000,Изменен тип и название,2010,2025,2025,Рубль,Январь-декабрь,CD
Y48423007,Всего по обследуемым видам экономической деятельности,Иркутская область,Муниципальное образование верхнего уровня,Нижнеудинский муниципальный район,25628000,Муниципальный район,Муниципальный район,25628000,Без изменений,2010,2025,2025,Рубль,Январь-декабрь,CD
Y48423007,Всего по обследуемым видам экономической деятельности,Иркутская область,Муниципальное образование верхнего уровня,Нукутский муниципальный район,25629000,Муниципальный район,Муниципальный район,25529000,Изменен тип и название,2014,2025,2025,Рубль,Январь-декабрь,CD
Y48423007,Всего по обследуемым видам экономической деятельности,Иркутская область,Муниципальное образование верхнего уровня,Ольхонский муниципальный район,25630000,Муниципальный район,Муниципальный район,25630000,Без изменений,2010,2025,2025,Рубль,Январь-декабрь,CD
Y48423007,Всего по обследуемым видам экономической деятельности,Иркутская область,Муниципальное образование верхнего уровня,Осинский муниципальный район,25631000,Муниципальный район,Муниципальный район,25631000,Изменен тип и название,2014,2025,2025,Рубль,Январь-декабрь,CD
Y48423007,Всего по обследуемым видам экономической деятельности,Иркутская область,Муниципальное образование верхнего уровня,Слюдянский муниципальный район,25634000,Муниципальный район,Муниципальный район,25634000,Без изменений,2010,2025,2025,Рубль,Январь-декабрь,CD
Y48423007,Всего по обследуемым видам экономической деятельности,Иркутская область,Муниципальное образование верхнего уровня,Тайшетский муниципальный район,25636000,Муниципальный район,Муниципальный район,25536000,Изменен тип и название,2010,2025,2025,Рубль,Январь-декабрь,CD
Y48423007,Всего по обследуемым видам экономической деятельности,Иркутская область,Муниципальное образование верхнего уровня,Тулунский муниципальный район,25638000,Муниципальный район,Муниципальный район,25638000,Без изменений,2010,2025,2025,Рубль,Январь-декабрь,CD
Y48423007,Всего по обследуемым видам экономической деятельности,Иркутская область,Муниципальное образование верхнего уровня,Усольский муниципальный район,25640000,Муниципальный район,Муниципальный район,25640000,Без изменений,2010,2025,2025,Рубль,Январь-декабрь,CD
Y48423007,Всего по обследуемым видам экономической деятельности,Иркутская область,Муниципальное образование верхнего уровня,Усть-Кутский муниципальный район,25644000,Муниципальный район,Муниципальный район,25644000,Без изменений,2010,2025,2025,Рубль,Январь-декабрь,CD
Y48423007,Всего по обследуемым видам экономической деятельности,Иркутская область,Муниципальное образование верхнего уровня,Усть-Удинский муниципальный район,25646000,Муниципальный район,Муниципальный район,25546000,Изменен тип и название,2010,2025,2025,Рубль,Январь-декабрь,CD
Y48423007,Всего по обследуемым видам экономической деятельности,Иркутская область,Муниципальное образование верхнего уровня,Черемховский муниципальный район,25648000,Муниципальный район,Муниципальный район,25648000,Без изменений,2010,2025,2025,Рубль,Январь-декабрь,CD
Y48423007,Всего по обследуемым видам экономической деятельности,Иркутская область,Муниципальное образование верхнего уровня,Шелеховский муниципальный район,25655000,Муниципальный район,Муниципальный район,25655000,Без изменений,2010,2025,2025,Рубль,Январь-декабрь,CD
Y48423007,Всего по обследуемым видам экономической деятельности,Иркутская область,Муниципальное образование верхнего уровня,Эхирит-Булагатский муниципальный район,25657000,Муниципальный район,Муниципальный район,25657000,Изменен тип и название,2014,2025,2025,Рубль,Январь-декабрь,CD
Y48423007,Всего по обследуемым видам экономической деятельности,Иркутская область,Муниципальное образование верхнего уровня,город Иркутск,25701000,"Городской округ, городской округ с внутригородским делением","Городской округ, городской округ с внутригородским делением",25701000,Без изменений,2010,2025,2025,Рубль,Январь-декабрь,CD
Y48423007,Всего по обследуемым видам экономической деятельности,Иркутская область,Муниципальное образование верхнего уровня,Ангарский,25703000,"Городской округ, городской округ с внутригородским делением","Городской округ, городской округ с внутригородским делением",25703000,Изменен тип и название,2015,2025,2025,Рубль,Январь-декабрь,CD
Y48423007,Всего по обследуемым видам экономической деятельности,Иркутская область,Муниципальное образование верхнего уровня,город Братск,25714000,"Городской округ, городской округ с внутригородским делением","Городской округ, городской округ с внутригородским делением",25714000,Без изменений,2010,2025,2025,Рубль,Январь-декабрь,CD
Y48423007,Всего по обследуемым видам экономической деятельности,Иркутская область,Муниципальное образование верхнего уровня,Зиминское,25720000,"Городской округ, городской округ с внутригородским делением","Городской округ, городской округ с внутригородским делением",25720000,Без изменений,2010,2025,2025,Рубль,Январь-декабрь,CD
Y48423007,Всего по обследуемым видам экономической деятельности,Иркутская область,Муниципальное образование верхнего уровня,город Саянск,25726000,"Городской округ, городской округ с внутригородским делением","Городской округ, городской округ с внутригородским делением",25726000,Без изменений,2010,2025,2025,Рубль,Январь-декабрь,CD
Y48423007,Всего по обследуемым видам экономической деятельности,Иркутская область,Муниципальное образование верхнего уровня,город Тулун,25732000,"Городской округ, городской округ с внутригородским делением","Городской округ, городской округ с внутригородским делением",25732000,Без изменений,2010,2025,2025,Рубль,Январь-декабрь,CD
Y48423007,Всего по обследуемым видам экономической деятельности,Иркутская область,Муниципальное образование верхнего уровня,город Усолье-Сибирское,25736000,"Городской округ, городской округ с внутригородским делением","Городской округ, городской округ с внутригородским делением",25736000,Без изменений,2010,2025,2025,Рубль,Январь-декабрь,CD
Y48423007,Всего по обследуемым видам экономической деятельности,Иркутская область,Муниципальное образование верхнего уровня,город Усть-Илимск,25738000,"Городской округ, городской округ с внутригородским делением","Городской округ, городской округ с внутригородским делением",25738000,Без изменений,2010,2025,2025,Рубль,Январь-декабрь,CD
Y48423007,Всего по обследуемым видам экономической деятельности,Иркутская область,Муниципальное образование верхнего уровня,город Черемхово,25745000,"Городской округ, городской округ с внутригородским делением","Городской округ, городской округ с внутригородским делением",25745000,Без изменений,2010,2025,2025,Рубль,Январь-декабрь,CD
Y48423007,Всего по обследуемым видам экономической деятельности,Иркутская область,Муниципальное образование верхнего уровня,город Свирск,25746000,"Городской округ, городской округ с внутригородским делением","Городской округ, городской округ с внутригородским делением",25746000,Без изменений,2010,2025,2025,Рубль,Январь-декабрь,CD
Y48423007,Всего по обследуемым видам экономической деятельности,Республика Ингушетия,Муниципальное образование верхнего уровня,Назрановский муниципальный район,26605000,Муниципальный район,Муниципальный район,26605000,Без изменений,2010,2025,2025,Рубль,Январь-декабрь,CD
Y48423007,Всего по обследуемым видам экономической деятельности,Республика Ингушетия,Муниципальное образование верхнего уровня,Сунженский муниципальный район,26610000,Муниципальный район,Муниципальный район,26610000,Выделение,2010,2025,2025,Рубль,Январь-декабрь,CD
Y48423007,Всего по обследуемым видам экономической деятельности,Республика Ингушетия,Муниципальное образование верхнего уровня,Малгобекский муниципальный район,26615000,Муниципальный район,Муниципальный район,26615000,Без изменений,2010,2025,2025,Рубль,Январь-декабрь,CD
Y48423007,Всего по обследуемым видам экономической деятельности,Республика Ингушетия,Муниципальное образование верхнего уровня,Джейрахский муниципальный район,26620000,Муниципальный район,Муниципальный район,26620000,Без изменений,2010,2025,2025,Рубль,Январь-декабрь,CD
Y48423007,Всего по обследуемым видам экономической деятельности,Республика Ингушетия,Муниципальное образование верхнего уровня,Городские округа Республики Ингушетии,26700000,"Городской округ, городской округ с внутригородским делением","Городской округ, городской округ с внутригородским делением",CD,CD,CD,CD,2025,Рубль,Январь-декабрь,CD
Y48423007,Всего по обследуемым видам экономической деятельности,Республика Ингушетия,Муниципальное образование верхнего уровня,город Магас,26701000,"Городской округ, городской округ с внутригородским делением","Городской округ, городской округ с внутригородским делением",26701000,Без изменений,2010,2025,2025,Рубль,Январь-декабрь,CD
Y48423007,Всего по обследуемым видам экономической деятельности,Республика Ингушетия,Муниципальное образование верхнего уровня,город Назрань,26706000,"Городской округ, городской округ с внутригородским делением","Городской округ, городской округ с внутригородским делением",26706000,Без изменений,2010,2025,2025,Рубль,Январь-декабрь,CD
Y48423007,Всего по обследуемым видам экономической деятельности,Республика Ингушетия,Муниципальное образование верхнего уровня,город Карабулак,26710000,"Городской округ, городской округ с внутригородским делением","Городской округ, городской округ с внутригородским делением",26710000,Без изменений,2010,2025,2025,Рубль,Январь-декабрь,CD
Y48423007,Всего по обследуемым видам экономической деятельности,Республика Ингушетия,Муниципальное образование верхнего уровня,город Малгобек,26715000,"Городской округ, городской округ с внутригородским делением","Городской округ, городской округ с внутригородским делением",26715000,Без изменений,2010,2025,2025,Рубль,Январь-декабрь,CD
Y48423007,Всего по обследуемым видам экономической деятельности,Республика Ингушетия,Муниципальное образование верхнего уровня,город Сунжа,26720000,"Городской округ, городской округ с внутригородским делением","Городской округ, городской округ с внутригородским делением",26720000,Образован выделением,2017,2025,2025,Рубль,Январь-декабрь,CD
Y48423007,Всего по обследуемым видам экономической деятельности,Калининградская область,Муниципальное образование верхнего уровня,Багратионовский,27503000,Муниципальный округ,Муниципальный округ,27503000,Изменен тип и название,2022,2025,2025,Рубль,Январь-декабрь,CD
Y48423007,Всего по обследуемым видам экономической деятельности,Калининградская область,Муниципальное образование верхнего уровня,Гвардейский,27506000,Муниципальный округ,Муниципальный округ,27506000,Изменен тип и название,2022,2025,2025,Рубль,Январь-декабрь,CD
Y48423007,Всего по обследуемым видам экономической деятельности,Калининградская область,Муниципальное образование верхнего уровня,Гурьевский,27507000,Муниципальный округ,Муниципальный округ,27507000,Изменен тип и название,2022,2025,2025,Рубль,Январь-декабрь,CD
Y48423007,Всего по обследуемым видам экономической деятельности,Калининградская область,Муниципальное образование верхнего уровня,Зеленоградский,27510000,Муниципальный округ,Муниципальный округ,27510000,Изменен тип и название,2022,2025,2025,Рубль,Январь-декабрь,CD
Y48423007,Всего по обследуемым видам экономической деятельности,Калининградская область,Муниципальное образование верхнего уровня,Краснознаменский,27513000,Муниципальный округ,Муниципальный округ,27513000,Изменен тип и название,2022,2025,2025,Рубль,Январь-декабрь,CD
Y48423007,Всего по обследуемым видам экономической деятельности,Калининградская область,Муниципальное образование верхнего уровня,Неманский,27514000,Муниципальный округ,Муниципальный округ,27514000,Изменен тип и название,2022,2025,2025,Рубль,Январь-декабрь,CD
Y48423007,Всего по обследуемым видам экономической деятельности,Калининградская область,Муниципальное образование верхнего уровня,Нестеровский,27515000,Муниципальный округ,Муниципальный округ,27515000,Изменен тип и название,2022,2025,2025,Рубль,Январь-декабрь,CD
Y48423007,Всего по обследуемым видам экономической деятельности,Калининградская область,Муниципальное образование верхнего уровня,Озерский,27516000,Муниципальный округ,Муниципальный округ,27516000,Изменен тип и название,2022,2025,2025,Рубль,Январь-декабрь,CD
Y48423007,Всего по обследуемым видам экономической деятельности,Калининградская область,Муниципальное образование верхнего уровня,Полесский,27518000,Муниципальный округ,Муниципальный округ,27518000,Изменен тип и название,2022,2025,2025,Рубль,Январь-декабрь,CD
Y48423007,Всего по обследуемым видам экономической деятельности,Калининградская область,Муниципальное образование верхнего уровня,Правдинский,27519000,Муниципальный округ,Муниципальный округ,27519000,Изменен тип и название,2022,2025,2025,Рубль,Январь-декабрь,CD
Y48423007,Всего по обследуемым видам экономической деятельности,Калининградская область,Муниципальное образование верхнего уровня,Славский,27527000,Муниципальный округ,Муниципальный округ,27527000,Изменен тип и название,2022,2025,2025,Рубль,Январь-декабрь,CD
Y48423007,Всего по обследуемым видам экономической деятельности,Калининградская область,Муниципальное образование верхнего уровня,Черняховский,27539000,Муниципальный округ,Муниципальный округ,27539000,Изменен тип и название,2022,2025,2025,Рубль,Январь-декабрь,CD
Y48423007,Всего по обследуемым видам экономической деятельности,Калининградская область,Муниципальное образование верхнего уровня,город Калининград,27701000,"Городской округ, городской округ с внутригородским делением","Городской округ, городской округ с внутригородским делением",27701000,Без изменений,2010,2025,2025,Рубль,Январь-декабрь,CD
Y48423007,Всего по обследуемым видам экономической деятельности,Калининградская область,Муниципальное образование верхнего уровня,Балтийский,27705000,"Городской округ, городской округ с внутригородским делением","Городской округ, городской округ с внутригородским делением",27705000,Изменен тип и название,"2010, 2019","2012, 9999",2025,Рубль,Январь-декабрь,CD
Y48423007,Всего по обследуемым видам экономической деятельности,Калининградская область,Муниципальное образование верхнего уровня,Гусевский,27709000,"Городской округ, городской округ с внутригородским делением","Городской округ, городской округ с внутригородским делением",27709000,Без изменений,2010,2025,2025,Рубль,Январь-декабрь,CD
Y48423007,Всего по обследуемым видам экономической деятельности,Калининградская область,Муниципальное образование верхнего уровня,Ладушкинский,27711000,"Городской округ, городской округ с внутригородским делением","Городской округ, городской округ с внутригородским делением",27711000,Без изменений,2010,2025,2025,Рубль,Январь-декабрь,CD
Y48423007,Всего по обследуемым видам экономической деятельности,Калининградская область,Муниципальное образование верхнего уровня,Мамоновский,27712000,"Городской округ, городской округ с внутригородским делением","Городской округ, городской округ с внутригородским делением",27712000,Без изменений,2010,2025,2025,Рубль,Январь-декабрь,CD
Y48423007,Всего по обследуемым видам экономической деятельности,Калининградская область,Муниципальное образование верхнего уровня,Пионерский,27717000,"Городской округ, городской округ с внутригородским делением","Городской округ, городской округ с внутригородским делением",27717000,Без изменений,2010,2025,2025,Рубль,Январь-декабрь,CD
Y48423007,Всего по обследуемым видам экономической деятельности,Калининградская область,Муниципальное образование верхнего уровня,Светловский,27725000,"Городской округ, городской округ с внутригородским делением","Городской округ, городской округ с внутригородским делением",27725000,Без изменений,2010,2025,2025,Рубль,Январь-декабрь,CD
Y48423007,Всего по обследуемым видам экономической деятельности,Калининградская область,Муниципальное образование верхнего уровня,Советский,27730000,"Городской округ, городской округ с внутригородским делением","Городской округ, городской округ с внутригородским делением",27730000,Без изменений,2010,2025,2025,Рубль,Январь-декабрь,CD
Y48423007,Всего по обследуемым видам экономической деятельности,Калининградская область,Муниципальное образование верхнего уровня,Светлогорский,27734000,"Городской округ, городской округ с внутригородским делением","Городской округ, городской округ с внутригородским делением",27734000,Изменен тип и название,2019,2025,2025,Рубль,Январь-декабрь,CD
Y48423007,Всего по обследуемым видам экономической деятельности,Калининградская область,Муниципальное образование верхнего уровня,Янтарный,27740000,"Городской округ, городской округ с внутригородским делением","Городской округ, городской округ с внутригородским делением",27740000,Без изменений,2010,2025,2025,Рубль,Январь-декабрь,CD
Y48423007,Всего по обследуемым видам экономической деятельности,Тверская область,Муниципальное образование верхнего уровня,Андреапольский,28502000,Муниципальный округ,Муниципальный округ,28502000,Изменен тип и название,2020,2025,2025,Рубль,Январь-декабрь,CD
Y48423007,Всего по обследуемым видам экономической деятельности,Тверская область,Муниципальное образование верхнего уровня,Бежецкий,28504000,Муниципальный округ,Муниципальный округ,28504000,Изменен тип и название,2024,2025,2025,Рубль,Январь-декабрь,CD
Y48423007,Всего по обследуемым видам экономической деятельности,Тверская область,Муниципальное образование верхнего уровня,Бельский,28506000,Муниципальный округ,Муниципальный округ,28506000,Изменен тип и название,2023,2025,2025,Рубль,Январь-декабрь,CD
Y48423007,Всего по обследуемым видам экономической деятельности,Тверская область,Муниципальное образование верхнего уровня,Бологовский,28508000,Муниципальный округ,Муниципальный округ,28508000,Изменен тип и название,2024,2025,2025,Рубль,Январь-декабрь,CD
Y48423007,Всего по обследуемым видам экономической деятельности,Тверская область,Муниципальное образование верхнего уровня,Весьегонский,28510000,Муниципальный округ,Муниципальный округ,28510000,Изменен тип и название,2020,2025,2025,Рубль,Январь-декабрь,CD
Y48423007,Всего по обследуемым видам экономической деятельности,Тверская область,Муниципальное образование верхнего уровня,Вышневолоцкий,28512000,Муниципальный округ,Муниципальный округ,28512000,"Изменен тип и название, Объединение",2025,2025,2025,Рубль,Январь-декабрь,CD
Y48423007,Всего по обследуемым видам экономической деятельности,Тверская область,Муниципальное образование верхнего уровня,Жарковский,28514000,Муниципальный округ,Муниципальный округ,28514000,Изменен тип и название,2023,2025,2025,Рубль,Январь-декабрь,CD
Y48423007,Всего по обследуемым видам экономической деятельности,Тверская область,Муниципальное образование верхнего уровня,Западнодвинский,28516000,Муниципальный округ,Муниципальный округ,28516000,Изменен тип и название,2021,2025,2025,Рубль,Январь-декабрь,CD
Y48423007,Всего по обследуемым видам экономической деятельности,Тверская область,Муниципальное образование верхнего уровня,Зубцовский,28518000,Муниципальный округ,Муниципальный округ,28518000,Изменен тип и название,2023,2025,2025,Рубль,Январь-декабрь,CD
Y48423007,Всего по обследуемым видам экономической деятельности,Тверская область,Муниципальное образование верхнего уровня,Калининский,28520000,Муниципальный округ,Муниципальный округ,28520000,Изменен тип и название,2024,2025,2025,Рубль,Январь-декабрь,CD
Y48423007,Всего по обследуемым видам экономической деятельности,Тверская область,Муниципальное образование верхнего уровня,Калязинский,28522000,Муниципальный округ,Муниципальный округ,28522000,Изменен тип и название,2024,2025,2025,Рубль,Январь-декабрь,CD
Y48423007,Всего по обследуемым видам экономической деятельности,Тверская область,Муниципальное образование верхнего уровня,Кашинский,28524000,Муниципальный округ,Муниципальный округ,28524000,Изменен тип и название,2025,2025,2025,Рубль,Январь-декабрь,CD
Y48423007,Всего по обследуемым видам экономической деятельности,Тверская область,Муниципальное образование верхнего уровня,Кесовогорский,28526000,Муниципальный округ,Муниципальный округ,28526000,Изменен тип и название,2023,2025,2025,Рубль,Январь-декабрь,CD
Y48423007,Всего по обследуемым видам экономической деятельности,Тверская область,Муниципальное образование верхнего уровня,Кимрский,28528000,Муниципальный округ,Муниципальный округ,28528000,Объединение,2023,2025,2025,Рубль,Январь-декабрь,CD
Y48423007,Всего по обследуемым видам экономической деятельности,Тверская область,Муниципальное образование верхнего уровня,Конаковский,28530000,Муниципальный округ,Муниципальный округ,28530000,Изменен тип и название,2024,2025,2025,Рубль,Январь-декабрь,CD
Y48423007,Всего по обследуемым видам экономической деятельности,Тверская область,Муниципальное образование верхнего уровня,Краснохолмский,28532000,Муниципальный округ,Муниципальный округ,28532000,Изменен тип и название,2021,2025,2025,Рубль,Январь-декабрь,CD
Y48423007,Всего по обследуемым видам экономической деятельности,Тверская область,Муниципальное образование верхнего уровня,Кувшиновский,28534000,Муниципальный округ,Муниципальный округ,28534000,Изменен тип и название,2024,2025,2025,Рубль,Январь-декабрь,CD
Y48423007,Всего по обследуемым видам экономической деятельности,Тверская область,Муниципальное образование верхнего уровня,Лесной,28536000,Муниципальный округ,Муниципальный округ,28536000,Изменен тип и название,2021,2025,2025,Рубль,Январь-декабрь,CD
Y48423007,Всего по обследуемым видам экономической деятельности,Тверская область,Муниципальное образование верхнего уровня,Лихославльский,28538000,Муниципальный округ,Муниципальный округ,28538000,Изменен тип и название,2022,2025,2025,Рубль,Январь-декабрь,CD
Y48423007,Всего по обследуемым видам экономической деятельности,Тверская область,Муниципальное образование верхнего уровня,Максатихинский,28540000,Муниципальный округ,Муниципальный округ,28540000,Изменен тип и название,2023,2025,2025,Рубль,Январь-декабрь,CD
Y48423007,Всего по обследуемым видам экономической деятельности,Тверская область,Муниципальное образование верхнего уровня,Молоковский,28542000,Муниципальный округ,Муниципальный округ,28542000,Изменен тип и название,2022,2025,2025,Рубль,Январь-декабрь,CD
Y48423007,Всего по обследуемым видам экономической деятельности,Тверская область,Муниципальное образование верхнего уровня,Нелидовский,28543000,Муниципальный округ,Муниципальный округ,28543000,Изменен тип и название,2025,2025,2025,Рубль,Январь-декабрь,CD
Y48423007,Всего по обследуемым видам экономической деятельности,Тверская область,Муниципальное образование верхнего уровня,Оленинский,28544000,Муниципальный округ,Муниципальный округ,28544000,Изменен тип и название,2021,2025,2025,Рубль,Январь-декабрь,CD
Y48423007,Всего по обследуемым видам экономической деятельности,Тверская область,Муниципальное образование верхнего уровня,Осташковский,28545000,Муниципальный округ,Муниципальный округ,28545000,Изменен тип и название,2025,2025,2025,Рубль,Январь-декабрь,CD
Y48423007,Всего по обследуемым видам экономической деятельности,Тверская область,Муниципальное образование верхнего уровня,Пеновский,28546000,Муниципальный округ,Муниципальный округ,28546000,Изменен тип и название,2021,2025,2025,Рубль,Январь-декабрь,CD
Y48423007,Всего по обследуемым видам экономической деятельности,Тверская область,Муниципальное образование верхнего уровня,Рамешковский,28547000,Муниципальный округ,Муниципальный округ,28547000,Изменен тип и название,2022,2025,2025,Рубль,Январь-декабрь,CD
Y48423007,Всего по обследуемым видам экономической деятельности,Тверская область,Муниципальное образование верхнего уровня,Ржевский,28548000,Муниципальный округ,Муниципальный округ,28548000,Объединение,2023,2025,2025,Рубль,Январь-декабрь,CD
Y48423007,Всего по обследуемым видам экономической деятельности,Тверская область,Муниципальное образование верхнего уровня,Сандовский,28549000,Муниципальный округ,Муниципальный округ,28549000,Изменен тип и название,2021,2025,2025,Рубль,Январь-декабрь,CD
Y48423007,Всего по обследуемым видам экономической деятельности,Тверская область,Муниципальное образование верхнего уровня,Селижаровский,28550000,Муниципальный округ,Муниципальный округ,28550000,Изменен тип и название,2021,2025,2025,Рубль,Январь-декабрь,CD
Y48423007,Всего по обследуемым видам экономической деятельности,Тверская область,Муниципальное образование верхнего уровня,Сонковский,28551000,Муниципальный округ,Муниципальный округ,28551000,Изменен тип и название,2023,2025,2025,Рубль,Январь-декабрь,CD
Y48423007,Всего по обследуемым видам экономической деятельности,Тверская область,Муниципальное образование верхнего уровня,Спировский,28552000,Муниципальный округ,Муниципальный округ,28552000,Изменен тип и название,2022,2025,2025,Рубль,Январь-декабрь,CD
Y48423007,Всего по обследуемым видам экономической деятельности,Тверская область,Муниципальное образование верхнего уровня,Старицкий,28553000,Муниципальный округ,Муниципальный округ,28553000,Изменен тип и название,2023,2025,2025,Рубль,Январь-декабрь,CD
Y48423007,Всего по обследуемым видам экономической деятельности,Тверская область,Муниципальное образование верхнего уровня,Торопецкий,28555000,Муниципальный округ,Муниципальный округ,28555000,Изменен тип и название,2024,2025,2025,Рубль,Январь-декабрь,CD
Y48423007,Всего по обследуемым видам экономической деятельности,Тверская область,Муниципальное образование верхнего уровня,Удомельский,28556000,Муниципальный округ,Муниципальный округ,28556000,Изменен тип и название,2025,2025,2025,Рубль,Январь-декабрь,CD
Y48423007,Всего по обследуемым видам экономической деятельности,Тверская область,Муниципальное образование верхнего уровня,Фировский,28557000,Муниципальный округ,Муниципальный округ,28557000,Изменен тип и название,2024,2025,2025,Рубль,Январь-декабрь,CD
Y48423007,Всего по обследуемым видам экономической деятельности,Тверская область,Муниципальное образование верхнего уровня,Торжокский муниципальный район,28654000,Муниципальный район,Муниципальный район,28554000,Изменен тип и название,2010,2025,2025,Рубль,Январь-декабрь,CD
Y48423007,Всего по обследуемым видам экономической деятельности,Тверская область,Муниципальное образование верхнего уровня,город Тверь,28701000,"Городской округ, городской округ с внутригородским делением","Городской округ, городской округ с внутригородским делением",28701000,Без изменений,2010,2025,2025,Рубль,Январь-декабрь,CD
Y48423007,Всего по обследуемым видам экономической деятельности,Тверская область,Муниципальное образование верхнего уровня,город Торжок,28750000,"Городской округ, городской округ с внутригородским делением","Городской округ, городской округ с внутригородским делением",28750000,Без изменений,2010,2025,2025,Рубль,Январь-декабрь,CD
Y48423007,Всего по обследуемым видам экономической деятельности,Калужская область,Муниципальное образование верхнего уровня,Бабынинский муниципальный район,29602000,Муниципальный район,Муниципальный район,29502000,Изменен тип и название,2010,2025,2025,Рубль,Январь-декабрь,CD
Y48423007,Всего по обследуемым видам экономической деятельности,Калужская область,Муниципальное образование верхнего уровня,Барятинский муниципальный район,29604000,Муниципальный район,Муниципальный район,29504000,Изменен тип и название,2010,2025,2025,Рубль,Январь-декабрь,CD
Y48423007,Всего по обследуемым видам экономической деятельности,Калужская область,Муниципальное образование верхнего уровня,Боровский муниципальный район,29606000,Муниципальный район,Муниципальный район,29506000,Изменен тип и название,2010,2025,2025,Рубль,Январь-декабрь,CD
Y48423007,Всего по обследуемым видам экономической деятельности,Калужская область,Муниципальное образование верхнего уровня,Дзержинский муниципальный район,29608000,Муниципальный район,Муниципальный район,29508000,Изменен тип и название,2010,2025,2025,Рубль,Январь-декабрь,CD
Y48423007,Всего по обследуемым видам экономической деятельности,Калужская область,Муниципальное образование верхнего уровня,Думиничский муниципальный район,29610000,Муниципальный район,Муниципальный район,29510000,Изменен тип и название,2010,2025,2025,Рубль,Январь-декабрь,CD
Y48423007,Всего по обследуемым видам экономической деятельности,Калужская область,Муниципальное образование верхнего уровня,Жиздринский муниципальный район,29612000,Муниципальный район,Муниципальный район,29512000,Изменен тип и название,2010,2025,2025,Рубль,Январь-декабрь,CD
Y48423007,Всего по обследуемым видам экономической деятельности,Калужская область,Муниципальное образование верхнего уровня,Жуковский муниципальный район,29613000,Муниципальный район,Муниципальный район,29513000,Изменен тип и название,2010,2025,2025,Рубль,Январь-декабрь,CD
Y48423007,Всего по обследуемым видам экономической деятельности,Калужская область,Муниципальное образование верхнего уровня,Кировский муниципальный район,29614000,Муниципальный район,Муниципальный район,29514000,Изменен тип и название,2010,2025,2025,Рубль,Январь-декабрь,CD
Y48423007,Всего по обследуемым видам экономической деятельности,Калужская область,Муниципальное образование верхнего уровня,Износковский муниципальный район,29615000,Муниципальный район,Муниципальный район,29515000,Изменен тип и название,2010,2025,2025,Рубль,Январь-декабрь,CD
Y48423007,Всего по обследуемым видам экономической деятельности,Калужская область,Муниципальное образование верхнего уровня,Козельский муниципальный район,29616000,Муниципальный район,Муниципальный район,29516000,Изменен тип и название,2010,2025,2025,Рубль,Январь-декабрь,CD
Y48423007,Всего по обследуемым видам экономической деятельности,Калужская область,Муниципальное образование верхнего уровня,Куйбышевский муниципальный район,29618000,Муниципальный район,Муниципальный район,29618000,Без изменений,2010,2025,2025,Рубль,Январь-декабрь,CD
Y48423007,Всего по обследуемым видам экономической деятельности,Калужская область,Муниципальное образование верхнего уровня,Людиновский муниципальный район,29620000,Муниципальный район,Муниципальный район,29520000,Изменен тип и название,2010,2025,2025,Рубль,Январь-декабрь,CD
Y48423007,Всего по обследуемым видам экономической деятельности,Калужская область,Муниципальное образование верхнего уровня,Малоярославецкий муниципальный район,29623000,Муниципальный район,Муниципальный район,29523000,Изменен тип и название,2010,2025,2025,Рубль,Январь-декабрь,CD
Y48423007,Всего по обследуемым видам экономической деятельности,Калужская область,Муниципальное образование верхнего уровня,Медынский муниципальный район,29625000,Муниципальный район,Муниципальный район,29525000,Изменен тип и название,2010,2025,2025,Рубль,Январь-декабрь,CD
Y48423007,Всего по обследуемым видам экономической деятельности,Калужская область,Муниципальное образование верхнего уровня,Мещовский муниципальный район,29627000,Муниципальный район,Муниципальный район,29527000,Изменен тип и название,2010,2025,2025,Рубль,Январь-декабрь,CD
Y48423007,Всего по обследуемым видам экономической деятельности,Калужская область,Муниципальное образование верхнего уровня,Мосальский муниципальный район,29629000,Муниципальный район,Муниципальный район,29529000,Изменен тип и название,2010,2025,2025,Рубль,Январь-декабрь,CD
Y48423007,Всего по обследуемым видам экономической деятельности,Калужская область,Муниципальное образование верхнего уровня,Перемышльский муниципальный район,29632000,Муниципальный район,Муниципальный район,29532000,Изменен тип и название,2010,2025,2025,Рубль,Январь-декабрь,CD
Y48423007,Всего по обследуемым видам экономической деятельности,Калужская область,Муниципальное образование верхнего уровня,Спас-Деменский муниципальный район,29634000,Муниципальный район,Муниципальный район,29534000,Изменен тип и название,2010,2025,2025,Рубль,Январь-декабрь,CD
Y48423007,Всего по обследуемым видам экономической деятельности,Калужская область,Муниципальное образование верхнего уровня,Сухиничский муниципальный район,29636000,Муниципальный район,Муниципальный район,29536000,Изменен тип и название,2010,2025,2025,Рубль,Январь-декабрь,CD
Y48423007,Всего по обследуемым видам экономической деятельности,Калужская область,Муниципальное образование верхнего уровня,Тарусский муниципальный район,29638000,Муниципальный район,Муниципальный район,29538000,Изменен тип и название,2010,2025,2025,Рубль,Январь-декабрь,CD
Y48423007,Всего по обследуемым видам экономической деятельности,Калужская область,Муниципальное образование верхнего уровня,Ульяновский муниципальный район,29642000,Муниципальный район,Муниципальный район,29542000,Изменен тип и название,2010,2025,2025,Рубль,Январь-декабрь,CD
Y48423007,Всего по обследуемым видам экономической деятельности,Калужская область,Муниципальное образование верхнего уровня,Ферзиковский муниципальный район,29644000,Муниципальный район,Муниципальный район,29544000,Изменен тип и название,2010,2025,2025,Рубль,Январь-декабрь,CD
Y48423007,Всего по обследуемым видам экономической деятельности,Калужская область,Муниципальное образование верхнего уровня,Хвастовичский муниципальный район,29646000,Муниципальный район,Муниципальный район,29546000,Изменен тип и название,2010,2025,2025,Рубль,Январь-декабрь,CD
Y48423007,Всего по обследуемым видам экономической деятельности,Калужская область,Муниципальное образование верхнего уровня,Юхновский муниципальный район,29650000,Муниципальный район,Муниципальный район,29550000,Изменен тип и название,2010,2025,2025,Рубль,Январь-декабрь,CD
Y48423007,Всего по обследуемым видам экономической деятельности,Калужская область,Муниципальное образование верхнего уровня,город Калуга,29701000,"Городской округ, городской округ с внутригородским делением","Городской округ, городской округ с внутригородским делением",29701000,Без изменений,2010,2025,2025,Рубль,Январь-декабрь,CD
Y48423007,Всего по обследуемым видам экономической деятельности,Калужская область,Муниципальное образование верхнего уровня,город Обнинск,29715000,"Городской округ, городской округ с внутригородским делением","Городской округ, городской округ с внутригородским делением",29715000,Присоединение,2010,2025,2025,Рубль,Январь-декабрь,CD
Y48423007,Всего по обследуемым видам экономической деятельности,Камчатский край,Муниципальное образование верхнего уровня,Алеутский муниципальный округ,30501000,Муниципальный округ,Муниципальный округ,30501000,Изменен тип и название,2021,2025,2025,Рубль,Январь-декабрь,CD
Y48423007,Всего по обследуемым видам экономической деятельности,Камчатский край,Муниципальное образование верхнего уровня,Быстринский муниципальный округ,30504000,Муниципальный округ,Муниципальный округ,30504000,Изменен тип и название,2025,2025,2025,Рубль,Январь-декабрь,CD
Y48423007,Всего по обследуемым видам экономической деятельности,Камчатский край,Муниципальное образование верхнего уровня,Мильковский муниципальный округ,30510000,Муниципальный округ,Муниципальный округ,30510000,Изменен тип и название,2024,2025,2025,Рубль,Январь-декабрь,CD
Y48423007,Всего по обследуемым видам экономической деятельности,Камчатский край,Муниципальное образование верхнего уровня,Усть-Камчатский муниципальный округ,30519000,Муниципальный округ,Муниципальный округ,30519000,Изменен тип и название,2025,2025,2025,Рубль,Январь-декабрь,CD
Y48423007,Всего по обследуемым видам экономической деятельности,Камчатский край,Муниципальное образование верхнего уровня,Тигильский муниципальный округ,30532000,Муниципальный округ,Муниципальный округ,30845000,Изменен тип и название,2025,2025,2025,Рубль,Январь-декабрь,CD
Y48423007,Всего по обследуемым видам экономической деятельности,Камчатский край,Муниципальное образование верхнего уровня,Елизовский муниципальный район,30607000,Муниципальный район,Муниципальный район,30607000,Без изменений,2010,2025,2025,Рубль,Январь-декабрь,CD
Y48423007,Всего по обследуемым видам экономической деятельности,Камчатский край,Муниципальное образование верхнего уровня,Соболевский муниципальный район,30613000,Муниципальный район,Муниципальный район,30613000,Без изменений,2010,2025,2025,Рубль,Январь-декабрь,CD
Y48423007,Всего по обследуемым видам экономической деятельности,Камчатский край,Муниципальное образование верхнего уровня,Усть-Большерецкий муниципальный район,30616000,Муниципальный район,Муниципальный район,30516000,Изменен тип и название,2010,2025,2025,Рубль,Январь-декабрь,CD
Y48423007,Всего по обследуемым видам экономической деятельности,Камчатский край,Муниципальное образование верхнего уровня,Петропавловск-Камчатский,30701000,"Городской округ, городской округ с внутригородским делением","Городской округ, городской округ с внутригородским делением",30701000,Без изменений,2010,2025,2025,Рубль,Январь-декабрь,CD
Y48423007,Всего по обследуемым видам экономической деятельности,Камчатский край,Муниципальное образование верхнего уровня,Карагинский муниципальный район,30824000,Муниципальный район,Муниципальный район,30824000,Без изменений,2010,2025,2025,Рубль,Январь-декабрь,CD
Y48423007,Всего по обследуемым видам экономической деятельности,Камчатский край,Муниципальное образование верхнего уровня,Олюторский муниципальный район,30827000,Муниципальный район,Муниципальный район,30827000,Без изменений,2010,2025,2025,Рубль,Январь-декабрь,CD
Y48423007,Всего по обследуемым видам экономической деятельности,Камчатский край,Муниципальное образование верхнего уровня,Пенжинский муниципальный район,30829000,Муниципальный район,Муниципальный район,30829000,Без изменений,2010,2025,2025,Рубль,Январь-декабрь,CD
Y48423007,Всего по обследуемым видам экономической деятельности,Камчатский край,Муниципальное образование верхнего уровня,поселок Палана,30851000,"Городской округ, городской округ с внутригородским делением","Городской округ, городской округ с внутригородским делением",30851000,Без изменений,2010,2025,2025,Рубль,Январь-декабрь,CD
Y48423007,Всего по обследуемым видам экономической деятельности,Кемеровская область,Муниципальное образование верхнего уровня,Беловский муниципальный округ,32501000,Муниципальный округ,Муниципальный округ,32501000,Изменен тип и название,2022,2025,2025,Рубль,Январь-декабрь,CD
Y48423007,Всего по обследуемым видам экономической деятельности,Кемеровская область,Муниципальное образование верхнего уровня,Гурьевский муниципальный округ,32502000,Муниципальный округ,Муниципальный округ,32502000,Изменен тип и название,2020,2025,2025,Рубль,Январь-декабрь,CD
Y48423007,Всего по обследуемым видам экономической деятельности,Кемеровская область,Муниципальное образование верхнего уровня,Ижморский муниципальный округ,32504000,Муниципальный округ,Муниципальный округ,32504000,Изменен тип и название,2020,2025,2025,Рубль,Январь-декабрь,CD
Y48423007,Всего по обследуемым видам экономической деятельности,Кемеровская область,Муниципальное образование верхнего уровня,Кемеровский муниципальный округ,32507000,Муниципальный округ,Муниципальный округ,32507000,Изменен тип и название,2020,2025,2025,Рубль,Январь-декабрь,CD
Y48423007,Всего по обследуемым видам экономической деятельности,Кемеровская область,Муниципальное образование верхнего уровня,Крапивинский муниципальный округ,32510000,Муниципальный округ,Муниципальный округ,32510000,Изменен тип и название,2020,2025,2025,Рубль,Январь-декабрь,CD
Y48423007,Всего по обследуемым видам экономической деятельности,Кемеровская область,Муниципальное образование верхнего уровня,Ленинск-Кузнецкий муниципальный округ,32514000,Муниципальный округ,Муниципальный округ,32514000,"Изменен тип и название, Объединение",2025,2025,2025,Рубль,Январь-декабрь,CD
Y48423007,Всего по обследуемым видам экономической деятельности,Кемеровская область,Муниципальное образование верхнего уровня,Мариинский муниципальный округ,32516000,Муниципальный округ,Муниципальный округ,32516000,Изменен тип и название,2022,2025,2025,Рубль,Январь-декабрь,CD
Y48423007,Всего по обследуемым видам экономической деятельности,Кемеровская область,Муниципальное образование верхнего уровня,Междуреченский муниципальный округ,32517000,Муниципальный округ,Муниципальный округ,32517000,Изменен тип и название,2025,2025,2025,Рубль,Январь-декабрь,CD
Y48423007,Всего по обследуемым видам экономической деятельности,Кемеровская область,Муниципальное образование верхнего уровня,Новокузнецкий муниципальный округ,32519000,Муниципальный округ,Муниципальный округ,32519000,Изменен тип и название,2023,2025,2025,Рубль,Январь-декабрь,CD
Y48423007,Всего по обследуемым видам экономической деятельности,Кемеровская область,Муниципальное образование верхнего уровня,Прокопьевский муниципальный округ,32522000,Муниципальный округ,Муниципальный округ,32522000,"Изменен тип и название, Объединение",2023,2025,2025,Рубль,Январь-декабрь,CD
Y48423007,Всего по обследуемым видам экономической деятельности,Кемеровская область,Муниципальное образование верхнего уровня,Промышленновский муниципальный округ,32525000,Муниципальный округ,Муниципальный округ,32525000,Изменен тип и название,2020,2025,2025,Рубль,Январь-декабрь,CD
Y48423007,Всего по обследуемым видам экономической деятельности,Кемеровская область,Муниципальное образование верхнего уровня,Тисульский муниципальный округ,32528000,Муниципальный округ,Муниципальный округ,32528000,Изменен тип и название,2021,2025,2025,Рубль,Январь-декабрь,CD
Y48423007,Всего по обследуемым видам экономической деятельности,Кемеровская область,Муниципальное образование верхнего уровня,Топкинский муниципальный округ,32531000,Муниципальный округ,Муниципальный округ,32531000,Изменен тип и название,2020,2025,2025,Рубль,Январь-декабрь,CD
Y48423007,Всего по обследуемым видам экономической деятельности,Кемеровская область,Муниципальное образование верхнего уровня,Тяжинский муниципальный округ,32534000,Муниципальный округ,Муниципальный округ,32534000,Изменен тип и название,2020,2025,2025,Рубль,Январь-декабрь,CD
Y48423007,Всего по обследуемым видам экономической деятельности,Кемеровская область,Муниципальное образование верхнего уровня,Чебулинский муниципальный округ,32537000,Муниципальный округ,Муниципальный округ,32537000,Изменен тип и название,2020,2025,2025,Рубль,Январь-декабрь,CD
Y48423007,Всего по обследуемым видам экономической деятельности,Кемеровская область,Муниципальное образование верхнего уровня,Юргинский муниципальный округ,32540000,Муниципальный округ,Муниципальный округ,32540000,Изменен тип и название,2020,2025,2025,Рубль,Январь-декабрь,CD
Y48423007,Всего по обследуемым видам экономической деятельности,Кемеровская область,Муниципальное образование верхнего уровня,Яйский муниципальный округ,32543000,Муниципальный округ,Муниципальный округ,32543000,Изменен тип и название,2020,2025,2025,Рубль,Январь-декабрь,CD
Y48423007,Всего по обследуемым видам экономической деятельности,Кемеровская область,Муниципальное образование верхнего уровня,Яшкинский муниципальный округ,32546000,Муниципальный округ,Муниципальный округ,32546000,Изменен тип и название,2020,2025,2025,Рубль,Январь-декабрь,CD
Y48423007,Всего по обследуемым видам экономической деятельности,Кемеровская область,Муниципальное образование верхнего уровня,Таштагольский муниципальный район,32627000,Муниципальный район,Муниципальный район,32527000,Изменен тип и название,2010,2025,2025,Рубль,Январь-декабрь,CD
Y48423007,Всего по обследуемым видам экономической деятельности,Кемеровская область,Муниципальное образование верхнего уровня,Кемеровский,32701000,"Городской округ, городской округ с внутригородским делением","Городской округ, городской округ с внутригородским делением",32701000,Без изменений,2010,2025,2025,Рубль,Январь-декабрь,CD
Y48423007,Всего по обследуемым видам экономической деятельности,Кемеровская область,Муниципальное образование верхнего уровня,Анжеро-Судженский,32704000,"Городской округ, городской округ с внутригородским делением","Городской округ, городской округ с внутригородским делением",32704000,Без изменений,2010,2025,2025,Рубль,Январь-декабрь,CD
Y48423007,Всего по обследуемым видам экономической деятельности,Кемеровская область,Муниципальное образование верхнего уровня,Беловский,32707000,"Городской округ, городской округ с внутригородским делением","Городской округ, городской округ с внутригородским делением",32707000,Без изменений,2010,2025,2025,Рубль,Январь-декабрь,CD
Y48423007,Всего по обследуемым видам экономической деятельности,Кемеровская область,Муниципальное образование верхнего уровня,Березовский,32710000,"Городской округ, городской округ с внутригородским делением","Городской округ, городской округ с внутригородским делением",32710000,Без изменений,2010,2025,2025,Рубль,Январь-декабрь,CD
Y48423007,Всего по обследуемым видам экономической деятельности,Кемеровская область,Муниципальное образование верхнего уровня,Калтанский,32715000,"Городской округ, городской округ с внутригородским делением","Городской округ, городской округ с внутригородским делением",32715000,Без изменений,2010,2025,2025,Рубль,Январь-декабрь,CD
Y48423007,Всего по обследуемым видам экономической деятельности,Кемеровская область,Муниципальное образование верхнего уровня,Киселевский,32716000,"Городской округ, городской округ с внутригородским делением","Городской округ, городской округ с внутригородским делением",32716000,Без изменений,2010,2025,2025,Рубль,Январь-декабрь,CD
Y48423007,Всего по обследуемым видам экономической деятельности,Кемеровская область,Муниципальное образование верхнего уровня,Мысковский,32728000,"Городской округ, городской округ с внутригородским делением","Городской округ, городской округ с внутригородским делением",32728000,Без изменений,2010,2025,2025,Рубль,Январь-декабрь,CD
Y48423007,Всего по обследуемым видам экономической деятельности,Кемеровская область,Муниципальное образование верхнего уровня,Новокузнецкий,32731000,"Городской округ, городской округ с внутригородским делением","Городской округ, городской округ с внутригородским делением",32731000,Без изменений,2010,2025,2025,Рубль,Январь-декабрь,CD
Y48423007,Всего по обследуемым видам экономической деятельности,Кемеровская область,Муниципальное образование верхнего уровня,Осинниковский,32734000,"Городской округ, городской округ с внутригородским делением","Городской округ, городской округ с внутригородским делением",32734000,Без изменений,2010,2025,2025,Рубль,Январь-декабрь,CD
Y48423007,Всего по обследуемым видам экономической деятельности,Кемеровская область,Муниципальное образование верхнего уровня,Прокопьевский,32737000,"Городской округ, городской округ с внутригородским делением","Городской округ, городской округ с внутригородским делением",32737000,Без изменений,2010,2025,2025,Рубль,Январь-декабрь,CD
Y48423007,Всего по обследуемым видам экономической деятельности,Кемеровская область,Муниципальное образование верхнего уровня,Тайгинский,32740000,"Городской округ, городской округ с внутригородским делением","Городской округ, городской округ с внутригородским делением",32740000,Без изменений,2010,2025,2025,Рубль,Январь-декабрь,CD
Y48423007,Всего по обследуемым видам экономической деятельности,Кемеровская область,Муниципальное образование верхнего уровня,Юргинский,32749000,"Городской округ, городской округ с внутригородским делением","Городской округ, городской округ с внутригородским делением",32749000,Без изменений,2010,2025,2025,Рубль,Январь-декабрь,CD
Y48423007,Всего по обследуемым видам экономической деятельности,Кировская область,Муниципальное образование верхнего уровня,Арбажский,33502000,Муниципальный округ,Муниципальный округ,33502000,Изменен тип и название,2021,2025,2025,Рубль,Январь-декабрь,CD
Y48423007,Всего по обследуемым видам экономической деятельности,Кировская область,Муниципальное образование верхнего уровня,Афанасьевский,33503000,Муниципальный округ,Муниципальный округ,33503000,Изменен тип и название,2023,2025,2025,Рубль,Январь-декабрь,CD
Y48423007,Всего по обследуемым видам экономической деятельности,Кировская область,Муниципальное образование верхнего уровня,Богородский,33506000,Муниципальный округ,Муниципальный округ,33506000,Изменен тип и название,2021,2025,2025,Рубль,Январь-декабрь,CD
Y48423007,Всего по обследуемым видам экономической деятельности,Кировская область,Муниципальное образование верхнего уровня,Верхнекамский,33507000,Муниципальный округ,Муниципальный округ,33507000,Изменен тип и название,2022,2025,2025,Рубль,Январь-декабрь,CD
Y48423007,Всего по обследуемым видам экономической деятельности,Кировская область,Муниципальное образование верхнего уровня,Кикнурский,33516000,Муниципальный округ,Муниципальный округ,33516000,Изменен тип и название,2021,2025,2025,Рубль,Январь-декабрь,CD
Y48423007,Всего по обследуемым видам экономической деятельности,Кировская область,Муниципальное образование верхнего уровня,Лебяжский,33521000,Муниципальный округ,Муниципальный округ,33521000,Изменен тип и название,2022,2025,2025,Рубль,Январь-декабрь,CD
Y48423007,Всего по обследуемым видам экономической деятельности,Кировская область,Муниципальное образование верхнего уровня,Лузский,33522000,Муниципальный округ,Муниципальный округ,33522000,Изменен тип и название,2022,2025,2025,Рубль,Январь-декабрь,CD
Y48423007,Всего по обследуемым видам экономической деятельности,Кировская область,Муниципальное образование верхнего уровня,Мурашинский,33524000,Муниципальный округ,Муниципальный округ,33524000,Изменен тип и название,2022,2025,2025,Рубль,Январь-декабрь,CD
Y48423007,Всего по обследуемым видам экономической деятельности,Кировская область,Муниципальное образование верхнего уровня,Немский,33526000,Муниципальный округ,Муниципальный округ,33526000,Изменен тип и название,2022,2025,2025,Рубль,Январь-декабрь,CD
Y48423007,Всего по обследуемым видам экономической деятельности,Кировская область,Муниципальное образование верхнего уровня,Опаринский,33529000,Муниципальный округ,Муниципальный округ,33529000,Изменен тип и название,2022,2025,2025,Рубль,Январь-декабрь,CD
Y48423007,Всего по обследуемым видам экономической деятельности,Кировская область,Муниципальное образование верхнего уровня,Пижанский,33531000,Муниципальный округ,Муниципальный округ,33531000,Изменен тип и название,2022,2025,2025,Рубль,Январь-декабрь,CD
Y48423007,Всего по обследуемым видам экономической деятельности,Кировская область,Муниципальное образование верхнего уровня,Санчурский,33533000,Муниципальный округ,Муниципальный округ,33533000,Изменен тип и название,2021,2025,2025,Рубль,Январь-декабрь,CD
Y48423007,Всего по обследуемым видам экономической деятельности,Кировская область,Муниципальное образование верхнего уровня,Свечинский,33534000,Муниципальный округ,Муниципальный округ,33534000,Изменен тип и название,2021,2025,2025,Рубль,Январь-декабрь,CD
Y48423007,Всего по обследуемым видам экономической деятельности,Кировская область,Муниципальное образование верхнего уровня,Унинский,33540000,Муниципальный округ,Муниципальный округ,33540000,Изменен тип и название,2022,2025,2025,Рубль,Январь-декабрь,CD
Y48423007,Всего по обследуемым видам экономической деятельности,Кировская область,Муниципальное образование верхнего уровня,Фаленский,33543000,Муниципальный округ,Муниципальный округ,33543000,Изменен тип и название,2021,2025,2025,Рубль,Январь-декабрь,CD
Y48423007,Всего по обследуемым видам экономической деятельности,Кировская область,Муниципальное образование верхнего уровня,Белохолуницкий муниципальный район,33605000,Муниципальный район,Муниципальный район,33605000,Без изменений,2010,2025,2025,Рубль,Январь-декабрь,CD
Y48423007,Всего по обследуемым видам экономической деятельности,Кировская область,Муниципальное образование верхнего уровня,Верхошижемский муниципальный район,33608000,Муниципальный район,Муниципальный район,33608000,Без изменений,2010,2025,2025,Рубль,Январь-декабрь,CD
Y48423007,Всего по обследуемым видам экономической деятельности,Кировская область,Муниципальное образование верхнего уровня,Вятскополянский муниципальный район,33610000,Муниципальный район,Муниципальный район,33610000,Без изменений,2010,2025,2025,Рубль,Январь-декабрь,CD
Y48423007,Всего по обследуемым видам экономической деятельности,Кировская область,Муниципальное образование верхнего уровня,Даровской муниципальный район,33612000,Муниципальный район,Муниципальный район,33512000,Изменен тип и название,2010,2025,2025,Рубль,Январь-декабрь,CD
Y48423007,Всего по обследуемым видам экономической деятельности,Кировская область,Муниципальное образование верхнего уровня,Зуевский муниципальный район,33614000,Муниципальный район,Муниципальный район,33614000,Без изменений,2010,2025,2025,Рубль,Январь-декабрь,CD
Y48423007,Всего по обследуемым видам экономической деятельности,Кировская область,Муниципальное образование верхнего уровня,Кильмезский муниципальный район,33617000,Муниципальный район,Муниципальный район,33617000,Без изменений,2010,2025,2025,Рубль,Январь-декабрь,CD
Y48423007,Всего по обследуемым видам экономической деятельности,Кировская область,Муниципальное образование верхнего уровня,Кирово-Чепецкий муниципальный район,33618000,Муниципальный район,Муниципальный район,33618000,Без изменений,2010,2025,2025,Рубль,Январь-декабрь,CD
Y48423007,Всего по обследуемым видам экономической деятельности,Кировская область,Муниципальное образование верхнего уровня,Котельничский муниципальный район,33619000,Муниципальный район,Муниципальный район,33619000,Без изменений,2010,2025,2025,Рубль,Январь-декабрь,CD
Y48423007,Всего по обследуемым видам экономической деятельности,Кировская область,Муниципальное образование верхнего уровня,Куменский муниципальный район,33620000,Муниципальный район,Муниципальный район,33620000,Без изменений,2010,2025,2025,Рубль,Январь-декабрь,CD
Y48423007,Всего по обследуемым видам экономической деятельности,Кировская область,Муниципальное образование верхнего уровня,Малмыжский муниципальный район,33623000,Муниципальный район,Муниципальный район,33623000,Без изменений,2010,2025,2025,Рубль,Январь-декабрь,CD
Y48423007,Всего по обследуемым видам экономической деятельности,Кировская область,Муниципальное образование верхнего уровня,Нагорский муниципальный район,33625000,Муниципальный район,Муниципальный район,33625000,Без изменений,2010,2025,2025,Рубль,Январь-декабрь,CD
Y48423007,Всего по обследуемым видам экономической деятельности,Кировская область,Муниципальное образование верхнего уровня,Нолинский муниципальный район,33627000,Муниципальный район,Муниципальный район,33627000,Без изменений,2010,2025,2025,Рубль,Январь-декабрь,CD
Y48423007,Всего по обследуемым видам экономической деятельности,Кировская область,Муниципальное образование верхнего уровня,Омутнинский муниципальный район,33628000,Муниципальный район,Муниципальный район,33628000,Без изменений,2010,2025,2025,Рубль,Январь-декабрь,CD
Y48423007,Всего по обследуемым видам экономической деятельности,Кировская область,Муниципальное образование верхнего уровня,Оричевский муниципальный район,33630000,Муниципальный район,Муниципальный район,33530000,Изменен тип и название,2010,2025,2025,Рубль,Январь-декабрь,CD
Y48423007,Всего по обследуемым видам экономической деятельности,Кировская область,Муниципальное образование верхнего уровня,Подосиновский муниципальный район,33632000,Муниципальный район,Муниципальный район,33632000,Без изменений,2010,2025,2025,Рубль,Январь-декабрь,CD
Y48423007,Всего по обследуемым видам экономической деятельности,Кировская область,Муниципальное образование верхнего уровня,Слободской муниципальный район,33635000,Муниципальный район,Муниципальный район,33635000,Без изменений,2010,2025,2025,Рубль,Январь-декабрь,CD
Y48423007,Всего по обследуемым видам экономической деятельности,Кировская область,Муниципальное образование верхнего уровня,Советский муниципальный район,33636000,Муниципальный район,Муниципальный район,33636000,Без изменений,2010,2025,2025,Рубль,Январь-декабрь,CD
Y48423007,Всего по обследуемым видам экономической деятельности,Кировская область,Муниципальное образование верхнего уровня,Сунский муниципальный район,33637000,Муниципальный район,Муниципальный район,33637000,Без изменений,2010,2025,2025,Рубль,Январь-декабрь,CD
Y48423007,Всего по обследуемым видам экономической деятельности,Кировская область,Муниципальное образование верхнего уровня,Тужинский муниципальный район,33638000,Муниципальный район,Муниципальный район,33538000,Изменен тип и название,2010,2025,2025,Рубль,Январь-декабрь,CD
Y48423007,Всего по обследуемым видам экономической деятельности,Кировская область,Муниципальное образование верхнего уровня,Уржумский муниципальный район,33641000,Муниципальный район,Муниципальный район,33641000,Без изменений,2010,2025,2025,Рубль,Январь-декабрь,CD
Y48423007,Всего по обследуемым видам экономической деятельности,Кировская область,Муниципальное образование верхнего уровня,Орловский муниципальный район,33645000,Муниципальный район,Муниципальный район,33545000,Изменен тип и название,2010,2025,2025,Рубль,Январь-декабрь,CD
Y48423007,Всего по обследуемым видам экономической деятельности,Кировская область,Муниципальное образование верхнего уровня,Шабалинский муниципальный район,33647000,Муниципальный район,Муниципальный район,33647000,Без изменений,2010,2025,2025,Рубль,Январь-декабрь,CD
Y48423007,Всего по обследуемым видам экономической деятельности,Кировская область,Муниципальное образование верхнего уровня,Юрьянский муниципальный район,33649000,Муниципальный район,Муниципальный район,33649000,Без изменений,2010,2025,2025,Рубль,Январь-декабрь,CD
Y48423007,Всего по обследуемым видам экономической деятельности,Кировская область,Муниципальное образование верхнего уровня,Яранский муниципальный район,33650000,Муниципальный район,Муниципальный район,33650000,Без изменений,2010,2025,2025,Рубль,Январь-декабрь,CD
Y48423007,Всего по обследуемым видам экономической деятельности,Кировская область,Муниципальное образование верхнего уровня,город Киров,33701000,"Городской округ, городской округ с внутригородским делением","Городской округ, городской округ с внутригородским делением",33701000,Без изменений,2010,2025,2025,Рубль,Январь-декабрь,CD
Y48423007,Всего по обследуемым видам экономической деятельности,Кировская область,Муниципальное образование верхнего уровня,город Вятские Поляны,33704000,"Городской округ, городской округ с внутригородским делением","Городской округ, городской округ с внутригородским делением",33704000,Без изменений,2010,2025,2025,Рубль,Январь-декабрь,CD
Y48423007,Всего по обследуемым видам экономической деятельности,Кировская область,Муниципальное образование верхнего уровня,город Кирово-Чепецк,33707000,"Городской округ, городской округ с внутригородским делением","Городской округ, городской округ с внутригородским делением",33707000,Без изменений,2010,2025,2025,Рубль,Январь-декабрь,CD
Y48423007,Всего по обследуемым видам экономической деятельности,Кировская область,Муниципальное образование верхнего уровня,город Котельнич,33710000,"Городской округ, городской округ с внутригородским делением","Городской округ, городской округ с внутригородским делением",33710000,Без изменений,2010,2025,2025,Рубль,Январь-декабрь,CD
Y48423007,Всего по обследуемым видам экономической деятельности,Кировская область,Муниципальное образование верхнего уровня,город Слободской,33713000,"Городской округ, городской округ с внутригородским делением","Городской округ, городской округ с внутригородским делением",33713000,Без изменений,2010,2025,2025,Рубль,Январь-декабрь,CD
Y48423007,Всего по обследуемым видам экономической деятельности,Костромская область,Муниципальное образование верхнего уровня,Антроповский муниципальный округ,34502000,Муниципальный округ,Муниципальный округ,34502000,Изменен тип и название,2025,2025,2025,Рубль,Январь-декабрь,CD
Y48423007,Всего по обследуемым видам экономической деятельности,Костромская область,Муниципальное образование верхнего уровня,Кадыйский муниципальный округ,34510000,Муниципальный округ,Муниципальный округ,34510000,Изменен тип и название,2025,2025,2025,Рубль,Январь-декабрь,CD
Y48423007,Всего по обследуемым видам экономической деятельности,Костромская область,Муниципальное образование верхнего уровня,Кологривский муниципальный округ,34512000,Муниципальный округ,Муниципальный округ,34512000,Изменен тип и название,2022,2025,2025,Рубль,Январь-декабрь,CD
Y48423007,Всего по обследуемым видам экономической деятельности,Костромская область,Муниципальное образование верхнего уровня,Макарьевский муниципальный округ,34518000,Муниципальный округ,Муниципальный округ,34518000,Изменен тип и название,2025,2025,2025,Рубль,Январь-декабрь,CD
Y48423007,Всего по обследуемым видам экономической деятельности,Костромская область,Муниципальное образование верхнего уровня,Мантуровский муниципальный округ,34520000,Муниципальный округ,Муниципальный округ,34520000,"Изменен тип и название, Объединение",2024,2025,2025,Рубль,Январь-декабрь,CD
Y48423007,Всего по обследуемым видам экономической деятельности,Костромская область,Муниципальное образование верхнего уровня,Межевской муниципальный округ,34522000,Муниципальный округ,Муниципальный округ,34522000,Изменен тип и название,2022,2025,2025,Рубль,Январь-декабрь,CD
Y48423007,Всего по обследуемым видам экономической деятельности,Костромская область,Муниципальное образование верхнего уровня,Нейский муниципальный округ,34524000,Муниципальный округ,Муниципальный округ,34524000,Изменен тип и название,2022,2025,2025,Рубль,Январь-декабрь,CD
Y48423007,Всего по обследуемым видам экономической деятельности,Костромская область,Муниципальное образование верхнего уровня,Октябрьский муниципальный округ,34528000,Муниципальный округ,Муниципальный округ,34528000,Изменен тип и название,2025,2025,2025,Рубль,Январь-декабрь,CD
Y48423007,Всего по обследуемым видам экономической деятельности,Костромская область,Муниципальное образование верхнего уровня,Островский муниципальный округ,34530000,Муниципальный округ,Муниципальный округ,34530000,Изменен тип и название,2024,2025,2025,Рубль,Январь-декабрь,CD
Y48423007,Всего по обследуемым видам экономической деятельности,Костромская область,Муниципальное образование верхнего уровня,Павинский муниципальный округ,34532000,Муниципальный округ,Муниципальный округ,34532000,Изменен тип и название,2024,2025,2025,Рубль,Январь-декабрь,CD
Y48423007,Всего по обследуемым видам экономической деятельности,Костромская область,Муниципальное образование верхнего уровня,Парфеньевский муниципальный округ,34534000,Муниципальный округ,Муниципальный округ,34534000,Изменен тип и название,2022,2025,2025,Рубль,Январь-декабрь,CD
Y48423007,Всего по обследуемым видам экономической деятельности,Костромская область,Муниципальное образование верхнего уровня,Поназыревский муниципальный округ,34536000,Муниципальный округ,Муниципальный округ,34536000,Изменен тип и название,2023,2025,2025,Рубль,Январь-декабрь,CD
Y48423007,Всего по обследуемым видам экономической деятельности,Костромская область,Муниципальное образование верхнего уровня,Пыщугский муниципальный округ,34538000,Муниципальный округ,Муниципальный округ,34538000,Изменен тип и название,2023,2025,2025,Рубль,Январь-декабрь,CD
Y48423007,Всего по обследуемым видам экономической деятельности,Костромская область,Муниципальное образование верхнего уровня,Солигаличский муниципальный округ,34540000,Муниципальный округ,Муниципальный округ,34540000,Изменен тип и название,2024,2025,2025,Рубль,Январь-декабрь,CD
Y48423007,Всего по обследуемым видам экономической деятельности,Костромская область,Муниципальное образование верхнего уровня,Буйский муниципальный район,34604000,Муниципальный район,Муниципальный район,34504000,Изменен тип и название,2010,2025,2025,Рубль,Январь-декабрь,CD
Y48423007,Всего по обследуемым видам экономической деятельности,Костромская область,Муниципальное образование верхнего уровня,Вохомский муниципальный район,34606000,Муниципальный район,Муниципальный район,34506000,Изменен тип и название,2010,2025,2025,Рубль,Январь-декабрь,CD
Y48423007,Всего по обследуемым видам экономической деятельности,Костромская область,Муниципальное образование верхнего уровня,Галичский муниципальный район,34608000,Муниципальный район,Муниципальный район,34508000,Изменен тип и название,2010,2025,2025,Рубль,Январь-декабрь,CD
Y48423007,Всего по обследуемым видам экономической деятельности,Костромская область,Муниципальное образование верхнего уровня,Костромской муниципальный район,34614000,Муниципальный район,Муниципальный район,34614000,Без изменений,2010,2025,2025,Рубль,Январь-декабрь,CD
Y48423007,Всего по обследуемым видам экономической деятельности,Костромская область,Муниципальное образование верхнего уровня,Красносельский муниципальный район,34616000,Муниципальный район,Муниципальный район,34516000,Изменен тип и название,2010,2025,2025,Рубль,Январь-декабрь,CD
Y48423007,Всего по обследуемым видам экономической деятельности,Костромская область,Муниципальное образование верхнего уровня,Муниципальный район город Нерехта и Нерехтский район,34626000,Муниципальный район,Муниципальный район,34626000,Без изменений,2010,2025,2025,Рубль,Январь-декабрь,CD
Y48423007,Всего по обследуемым видам экономической деятельности,Костромская область,Муниципальное образование верхнего уровня,Судиславский муниципальный район,34642000,Муниципальный район,Муниципальный район,34542000,Изменен тип и название,2010,2025,2025,Рубль,Январь-декабрь,CD
Y48423007,Всего по обследуемым видам экономической деятельности,Костромская область,Муниципальное образование верхнего уровня,Сусанинский муниципальный район,34644000,Муниципальный район,Муниципальный район,34544000,Изменен тип и название,2010,2025,2025,Рубль,Январь-декабрь,CD
Y48423007,Всего по обследуемым видам экономической деятельности,Костромская область,Муниципальное образование верхнего уровня,Чухломский муниципальный район,34646000,Муниципальный район,Муниципальный район,34546000,Изменен тип и название,2010,2025,2025,Рубль,Январь-декабрь,CD
Y48423007,Всего по обследуемым видам экономической деятельности,Костромская область,Муниципальное образование верхнего уровня,Шарьинский муниципальный район,34648000,Муниципальный район,Муниципальный район,34548000,Изменен тип и название,2010,2025,2025,Рубль,Январь-декабрь,CD
Y48423007,Всего по обследуемым видам экономической деятельности,Костромская область,Муниципальное образование верхнего уровня,город Кострома,34701000,"Городской округ, городской округ с внутригородским делением","Городской округ, городской округ с внутригородским делением",34701000,Без изменений,2010,2025,2025,Рубль,Январь-декабрь,CD
Y48423007,Всего по обследуемым видам экономической деятельности,Костромская область,Муниципальное образование верхнего уровня,город Буй,34705000,"Городской округ, городской округ с внутригородским делением","Городской округ, городской округ с внутригородским делением",34705000,Без изменений,2010,2025,2025,Рубль,Январь-декабрь,CD
Y48423007,Всего по обследуемым видам экономической деятельности,Костромская область,Муниципальное образование верхнего уровня,город Волгореченск,34706000,"Городской округ, городской округ с внутригородским делением","Городской округ, городской округ с внутригородским делением",34706000,Без изменений,2010,2025,2025,Рубль,Январь-декабрь,CD
Y48423007,Всего по обследуемым видам экономической деятельности,Костромская область,Муниципальное образование верхнего уровня,город Галич,34708000,"Городской округ, городской округ с внутригородским делением","Городской округ, городской округ с внутригородским делением",34708000,Без изменений,2010,2025,2025,Рубль,Январь-декабрь,CD
Y48423007,Всего по обследуемым видам экономической деятельности,Костромская область,Муниципальное образование верхнего уровня,город Шарья,34730000,"Городской округ, городской округ с внутригородским делением","Городской округ, городской округ с внутригородским делением",34730000,Без изменений,2010,2025,2025,Рубль,Январь-декабрь,CD
Y48423007,Всего по обследуемым видам экономической деятельности,Республика Крым,Муниципальное образование верхнего уровня,Бахчисарайский муниципальный район,35604000,Муниципальный район,Муниципальный район,35604000,Без изменений,2010,2025,2025,Рубль,Январь-декабрь,CD
Y48423007,Всего по обследуемым видам экономической деятельности,Республика Крым,Муниципальное образование верхнего уровня,Белогорский муниципальный район,35607000,Муниципальный район,Муниципальный район,35607000,Без изменений,2010,2025,2025,Рубль,Январь-декабрь,CD
Y48423007,Всего по обследуемым видам экономической деятельности,Республика Крым,Муниципальное образование верхнего уровня,Джанкойский муниципальный район,35611000,Муниципальный район,Муниципальный район,35611000,Без изменений,2010,2025,2025,Рубль,Январь-декабрь,CD
Y48423007,Всего по обследуемым видам экономической деятельности,Республика Крым,Муниципальное образование верхнего уровня,Кировский муниципальный район,35616000,Муниципальный район,Муниципальный район,35616000,Без изменений,2010,2025,2025,Рубль,Январь-декабрь,CD
Y48423007,Всего по обследуемым видам экономической деятельности,Республика Крым,Муниципальное образование верхнего уровня,Красногвардейский муниципальный район,35620000,Муниципальный район,Муниципальный район,35620000,Без изменений,2010,2025,2025,Рубль,Январь-декабрь,CD
Y48423007,Всего по обследуемым видам экономической деятельности,Республика Крым,Муниципальное образование верхнего уровня,Красноперекопский муниципальный район,35623000,Муниципальный район,Муниципальный район,35623000,Без изменений,2010,2025,2025,Рубль,Январь-декабрь,CD
Y48423007,Всего по обследуемым видам экономической деятельности,Республика Крым,Муниципальное образование верхнего уровня,Ленинский муниципальный район,35627000,Муниципальный район,Муниципальный район,35627000,Без изменений,2010,2025,2025,Рубль,Январь-декабрь,CD
Y48423007,Всего по обследуемым видам экономической деятельности,Республика Крым,Муниципальное образование верхнего уровня,Нижнегорский муниципальный район,35631000,Муниципальный район,Муниципальный район,35631000,Без изменений,2010,2025,2025,Рубль,Январь-декабрь,CD
Y48423007,Всего по обследуемым видам экономической деятельности,Республика Крым,Муниципальное образование верхнего уровня,Первомайский муниципальный район,35635000,Муниципальный район,Муниципальный район,35635000,Без изменений,2010,2025,2025,Рубль,Январь-декабрь,CD
Y48423007,Всего по обследуемым видам экономической деятельности,Республика Крым,Муниципальное образование верхнего уровня,Раздольненский муниципальный район,35639000,Муниципальный район,Муниципальный район,35639000,Без изменений,2010,2025,2025,Рубль,Январь-декабрь,CD
Y48423007,Всего по обследуемым видам экономической деятельности,Республика Крым,Муниципальное образование верхнего уровня,Сакский муниципальный район,35643000,Муниципальный район,Муниципальный район,35643000,Без изменений,2010,2025,2025,Рубль,Январь-декабрь,CD
Y48423007,Всего по обследуемым видам экономической деятельности,Республика Крым,Муниципальное образование верхнего уровня,Симферопольский муниципальный район,35647000,Муниципальный район,Муниципальный район,35647000,Без изменений,2010,2025,2025,Рубль,Январь-декабрь,CD
Y48423007,Всего по обследуемым видам экономической деятельности,Республика Крым,Муниципальное образование верхнего уровня,Советский муниципальный район,35652000,Муниципальный район,Муниципальный район,35652000,Без изменений,2010,2025,2025,Рубль,Январь-декабрь,CD
Y48423007,Всего по обследуемым видам экономической деятельности,Республика Крым,Муниципальное образование верхнего уровня,Черноморский муниципальный район,35656000,Муниципальный район,Муниципальный район,35656000,Без изменений,2010,2025,2025,Рубль,Январь-декабрь,CD
Y48423007,Всего по обследуемым видам экономической деятельности,Республика Крым,Муниципальное образование верхнего уровня,Симферополь,35701000,"Городской округ, городской округ с внутригородским делением","Городской округ, городской округ с внутригородским делением",35701000,Без изменений,2010,2025,2025,Рубль,Январь-декабрь,CD
Y48423007,Всего по обследуемым видам экономической деятельности,Республика Крым,Муниципальное образование верхнего уровня,Алушта,35703000,"Городской округ, городской округ с внутригородским делением","Городской округ, городской округ с внутригородским делением",35503000,Изменен тип и название,2010,2025,2025,Рубль,Январь-декабрь,CD
Y48423007,Всего по обследуемым видам экономической деятельности,Республика Крым,Муниципальное образование верхнего уровня,Армянск,35706000,"Городской округ, городской округ с внутригородским делением","Городской округ, городской округ с внутригородским делением",35506000,Изменен тип и название,2010,2025,2025,Рубль,Январь-декабрь,CD
Y48423007,Всего по обследуемым видам экономической деятельности,Республика Крым,Муниципальное образование верхнего уровня,Джанкой,35709000,"Городской округ, городской округ с внутригородским делением","Городской округ, городской округ с внутригородским делением",35709000,Без изменений,2010,2025,2025,Рубль,Январь-декабрь,CD
Y48423007,Всего по обследуемым видам экономической деятельности,Республика Крым,Муниципальное образование верхнего уровня,Евпатория,35712000,"Городской округ, городской округ с внутригородским делением","Городской округ, городской округ с внутригородским делением",35712000,Без изменений,2010,2025,2025,Рубль,Январь-декабрь,CD
Y48423007,Всего по обследуемым видам экономической деятельности,Республика Крым,Муниципальное образование верхнего уровня,Керчь,35715000,"Городской округ, городской округ с внутригородским делением","Городской округ, городской округ с внутригородским делением",35715000,Без изменений,2010,2025,2025,Рубль,Январь-декабрь,CD
Y48423007,Всего по обследуемым видам экономической деятельности,Республика Крым,Муниципальное образование верхнего уровня,Красноперекопск,35718000,"Городской округ, городской округ с внутригородским делением","Городской округ, городской округ с внутригородским делением",35718000,Без изменений,2010,2025,2025,Рубль,Январь-декабрь,CD
Y48423007,Всего по обследуемым видам экономической деятельности,Республика Крым,Муниципальное образование верхнего уровня,Саки,35721000,"Городской округ, городской округ с внутригородским делением","Городской округ, городской округ с внутригородским делением",35721000,Без изменений,2010,2025,2025,Рубль,Январь-декабрь,CD
Y48423007,Всего по обследуемым видам экономической деятельности,Республика Крым,Муниципальное образование верхнего уровня,Судак,35723000,"Городской округ, городской округ с внутригородским делением","Городской округ, городской округ с внутригородским делением",35523000,Изменен тип и название,2010,2025,2025,Рубль,Январь-декабрь,CD
Y48423007,Всего по обследуемым видам экономической деятельности,Республика Крым,Муниципальное образование верхнего уровня,Феодосия,35726000,"Городской округ, городской округ с внутригородским делением","Городской округ, городской округ с внутригородским делением",35526000,Изменен тип и название,2010,2025,2025,Рубль,Январь-декабрь,CD
Y48423007,Всего по обследуемым видам экономической деятельности,Республика Крым,Муниципальное образование верхнего уровня,Ялта,35729000,"Городской округ, городской округ с внутригородским делением","Городской округ, городской округ с внутригородским делением",35529000,Изменен тип и название,2010,2025,2025,Рубль,Январь-декабрь,CD
Y48423007,Всего по обследуемым видам экономической деятельности,Самарская область,Муниципальное образование верхнего уровня,Алексеевский муниципальный район,36602000,Муниципальный район,Муниципальный район,36602000,Без изменений,2010,2025,2025,Рубль,Январь-декабрь,CD
Y48423007,Всего по обследуемым видам экономической деятельности,Самарская область,Муниципальное образование верхнего уровня,Безенчукский муниципальный район,36604000,Муниципальный район,Муниципальный район,36604000,Без изменений,2010,2025,2025,Рубль,Январь-декабрь,CD
Y48423007,Всего по обследуемым видам экономической деятельности,Самарская область,Муниципальное образование верхнего уровня,Богатовский муниципальный район,36606000,Муниципальный район,Муниципальный район,36606000,Без изменений,2010,2025,2025,Рубль,Январь-декабрь,CD
Y48423007,Всего по обследуемым видам экономической деятельности,Самарская область,Муниципальное образование верхнего уровня,Большеглушицкий муниципальный район,36608000,Муниципальный район,Муниципальный район,36608000,Без изменений,2010,2025,2025,Рубль,Январь-декабрь,CD
Y48423007,Всего по обследуемым видам экономической деятельности,Самарская область,Муниципальное образование верхнего уровня,Большечерниговский муниципальный район,36610000,Муниципальный район,Муниципальный район,36610000,Без изменений,2010,2025,2025,Рубль,Январь-декабрь,CD
Y48423007,Всего по обследуемым видам экономической деятельности,Самарская область,Муниципальное образование верхнего уровня,Борский муниципальный район,36612000,Муниципальный район,Муниципальный район,36612000,Без изменений,2010,2025,2025,Рубль,Январь-декабрь,CD
Y48423007,Всего по обследуемым видам экономической деятельности,Самарская область,Муниципальное образование верхнего уровня,Волжский муниципальный район,36614000,Муниципальный район,Муниципальный район,36614000,Без изменений,2010,2025,2025,Рубль,Январь-декабрь,CD
Y48423007,Всего по обследуемым видам экономической деятельности,Самарская область,Муниципальное образование верхнего уровня,Елховский муниципальный район,36615000,Муниципальный район,Муниципальный район,36615000,Без изменений,2010,2025,2025,Рубль,Январь-декабрь,CD
Y48423007,Всего по обследуемым видам экономической деятельности,Самарская область,Муниципальное образование верхнего уровня,Исаклинский муниципальный район,36616000,Муниципальный район,Муниципальный район,36616000,Без изменений,2010,2025,2025,Рубль,Январь-декабрь,CD
Y48423007,Всего по обследуемым видам экономической деятельности,Самарская область,Муниципальное образование верхнего уровня,Камышлинский муниципальный район,36617000,Муниципальный район,Муниципальный район,36617000,Без изменений,2010,2025,2025,Рубль,Январь-декабрь,CD
Y48423007,Всего по обследуемым видам экономической деятельности,Самарская область,Муниципальное образование верхнего уровня,Кинельский муниципальный район,36618000,Муниципальный район,Муниципальный район,36618000,Без изменений,2010,2025,2025,Рубль,Январь-декабрь,CD
Y48423007,Всего по обследуемым видам экономической деятельности,Самарская область,Муниципальное образование верхнего уровня,Кинель-Черкасский муниципальный район,36620000,Муниципальный район,Муниципальный район,36620000,Без изменений,2010,2025,2025,Рубль,Январь-декабрь,CD
Y48423007,Всего по обследуемым видам экономической деятельности,Самарская область,Муниципальное образование верхнего уровня,Клявлинский муниципальный район,36622000,Муниципальный район,Муниципальный район,36622000,Без изменений,2010,2025,2025,Рубль,Январь-декабрь,CD
Y48423007,Всего по обследуемым видам экономической деятельности,Самарская область,Муниципальное образование верхнего уровня,Кошкинский муниципальный район,36624000,Муниципальный район,Муниципальный район,36624000,Без изменений,2010,2025,2025,Рубль,Январь-декабрь,CD
Y48423007,Всего по обследуемым видам экономической деятельности,Самарская область,Муниципальное образование верхнего уровня,Красноармейский муниципальный район,36626000,Муниципальный район,Муниципальный район,36626000,Без изменений,2010,2025,2025,Рубль,Январь-декабрь,CD
Y48423007,Всего по обследуемым видам экономической деятельности,Самарская область,Муниципальное образование верхнего уровня,Красноярский муниципальный район,36628000,Муниципальный район,Муниципальный район,36628000,Без изменений,2010,2025,2025,Рубль,Январь-декабрь,CD
Y48423007,Всего по обследуемым видам экономической деятельности,Самарская область,Муниципальное образование верхнего уровня,Нефтегорский муниципальный район,36630000,Муниципальный район,Муниципальный район,36630000,Без изменений,2010,2025,2025,Рубль,Январь-декабрь,CD
Y48423007,Всего по обследуемым видам экономической деятельности,Самарская область,Муниципальное образование верхнего уровня,Пестравский муниципальный район,36632000,Муниципальный район,Муниципальный район,36632000,Без изменений,2010,2025,2025,Рубль,Январь-декабрь,CD
Y48423007,Всего по обследуемым видам экономической деятельности,Самарская область,Муниципальное образование верхнего уровня,Похвистневский муниципальный район,36634000,Муниципальный район,Муниципальный район,36634000,Без изменений,2010,2025,2025,Рубль,Январь-декабрь,CD
Y48423007,Всего по обследуемым видам экономической деятельности,Самарская область,Муниципальное образование верхнего уровня,Приволжский муниципальный район,36636000,Муниципальный район,Муниципальный район,36636000,Без изменений,2010,2025,2025,Рубль,Январь-декабрь,CD
Y48423007,Всего по обследуемым видам экономической деятельности,Самарская область,Муниципальное образование верхнего уровня,Сергиевский муниципальный район,36638000,Муниципальный район,Муниципальный район,36638000,Без изменений,2010,2025,2025,Рубль,Январь-декабрь,CD
Y48423007,Всего по обследуемым видам экономической деятельности,Самарская область,Муниципальное образование верхнего уровня,Ставропольский муниципальный район,36640000,Муниципальный район,Муниципальный район,36640000,Без изменений,2010,2025,2025,Рубль,Январь-декабрь,CD
Y48423007,Всего по обследуемым видам экономической деятельности,Самарская область,Муниципальное образование верхнего уровня,Сызранский муниципальный район,36642000,Муниципальный район,Муниципальный район,36642000,Без изменений,2010,2025,2025,Рубль,Январь-декабрь,CD
Y48423007,Всего по обследуемым видам экономической деятельности,Самарская область,Муниципальное образование верхнего уровня,Хворостянский муниципальный район,36644000,Муниципальный район,Муниципальный район,36644000,Без изменений,2010,2025,2025,Рубль,Январь-декабрь,CD
Y48423007,Всего по обследуемым видам экономической деятельности,Самарская область,Муниципальное образование верхнего уровня,Челно-Вершинский муниципальный район,36646000,Муниципальный район,Муниципальный район,36646000,Без изменений,2010,2025,2025,Рубль,Январь-декабрь,CD
Y48423007,Всего по обследуемым видам экономической деятельности,Самарская область,Муниципальное образование верхнего уровня,Шенталинский муниципальный район,36648000,Муниципальный район,Муниципальный район,36648000,Без изменений,2010,2025,2025,Рубль,Январь-декабрь,CD
Y48423007,Всего по обследуемым видам экономической деятельности,Самарская область,Муниципальное образование верхнего уровня,Шигонский муниципальный район,36650000,Муниципальный район,Муниципальный район,36650000,Без изменений,2010,2025,2025,Рубль,Январь-декабрь,CD
Y48423007,Всего по обследуемым видам экономической деятельности,Самарская область,Муниципальное образование верхнего уровня,Самара,36701000,"Городской округ, городской округ с внутригородским делением","Городской округ, городской округ с внутригородским делением",36701000,Без изменений,2010,2025,2025,Рубль,Январь-декабрь,CD
Y48423007,Всего по обследуемым видам экономической деятельности,Самарская область,Муниципальное образование верхнего уровня,Жигулевск,36704000,"Городской округ, городской округ с внутригородским делением","Городской округ, городской округ с внутригородским делением",36704000,Без изменений,2010,2025,2025,Рубль,Январь-декабрь,CD
Y48423007,Всего по обследуемым видам экономической деятельности,Самарская область,Муниципальное образование верхнего уровня,Кинель,36708000,"Городской округ, городской округ с внутригородским делением","Городской округ, городской округ с внутригородским делением",36708000,Без изменений,2010,2025,2025,Рубль,Январь-декабрь,CD
Y48423007,Всего по обследуемым видам экономической деятельности,Самарская область,Муниципальное образование верхнего уровня,Новокуйбышевск,36713000,"Городской округ, городской округ с внутригородским делением","Городской округ, городской округ с внутригородским делением",36713000,Без изменений,2010,2025,2025,Рубль,Январь-декабрь,CD
Y48423007,Всего по обследуемым видам экономической деятельности,Самарская область,Муниципальное образование верхнего уровня,Октябрьск,36718000,"Городской округ, городской округ с внутригородским делением","Городской округ, городской округ с внутригородским делением",36718000,Без изменений,2010,2025,2025,Рубль,Январь-декабрь,CD
Y48423007,Всего по обследуемым видам экономической деятельности,Самарская область,Муниципальное образование верхнего уровня,Отрадный,36724000,"Городской округ, городской округ с внутригородским делением","Городской округ, городской округ с внутригородским делением",36724000,Без изменений,2010,2025,2025,Рубль,Январь-декабрь,CD
Y48423007,Всего по обследуемым видам экономической деятельности,Самарская область,Муниципальное образование верхнего уровня,Похвистнево,36727000,"Городской округ, городской округ с внутригородским делением","Городской округ, городской округ с внутригородским делением",36727000,Без изменений,2010,2025,2025,Рубль,Январь-декабрь,CD
Y48423007,Всего по обследуемым видам экономической деятельности,Самарская область,Муниципальное образование верхнего уровня,Сызрань,36735000,"Городской округ, городской округ с внутригородским делением","Городской округ, городской округ с внутригородским делением",36735000,Без изменений,2010,2025,2025,Рубль,Январь-декабрь,CD
Y48423007,Всего по обследуемым видам экономической деятельности,Самарская область,Муниципальное образование верхнего уровня,Тольятти,36740000,"Городской округ, городской округ с внутригородским делением","Городской округ, городской округ с внутригородским делением",36740000,Без изменений,2010,2025,2025,Рубль,Январь-декабрь,CD
Y48423007,Всего по обследуемым видам экономической деятельности,Самарская область,Муниципальное образование верхнего уровня,Чапаевск,36750000,"Городской округ, городской округ с внутригородским делением","Городской округ, городской округ с внутригородским делением",36750000,Без изменений,2010,2025,2025,Рубль,Январь-декабрь,CD
Y48423007,Всего по обследуемым видам экономической деятельности,Курганская область,Муниципальное образование верхнего уровня,Альменевский муниципальный округ,37502000,Муниципальный округ,Муниципальный округ,37502000,Изменен тип и название,2022,2025,2025,Рубль,Январь-декабрь,CD
Y48423007,Всего по обследуемым видам экономической деятельности,Курганская область,Муниципальное образование верхнего уровня,Белозерский муниципальный округ,37504000,Муниципальный округ,Муниципальный округ,37504000,Изменен тип и название,2023,2025,2025,Рубль,Январь-декабрь,CD
Y48423007,Всего по обследуемым видам экономической деятельности,Курганская область,Муниципальное образование верхнего уровня,Варгашинский муниципальный округ,37506000,Муниципальный округ,Муниципальный округ,37506000,Изменен тип и название,2024,2025,2025,Рубль,Январь-декабрь,CD
Y48423007,Всего по обследуемым видам экономической деятельности,Курганская область,Муниципальное образование верхнего уровня,Далматовский муниципальный округ,37508000,Муниципальный округ,Муниципальный округ,37508000,Изменен тип и название,2024,2025,2025,Рубль,Январь-декабрь,CD
Y48423007,Всего по обследуемым видам экономической деятельности,Курганская область,Муниципальное образование верхнего уровня,Звериноголовский муниципальный округ,37509000,Муниципальный округ,Муниципальный округ,37509000,Изменен тип и название,2023,2025,2025,Рубль,Январь-декабрь,CD
Y48423007,Всего по обследуемым видам экономической деятельности,Курганская область,Муниципальное образование верхнего уровня,Каргапольский муниципальный округ,37510000,Муниципальный округ,Муниципальный округ,37510000,Изменен тип и название,2023,2025,2025,Рубль,Январь-декабрь,CD
Y48423007,Всего по обследуемым видам экономической деятельности,Курганская область,Муниципальное образование верхнего уровня,Катайский муниципальный округ,37512000,Муниципальный округ,Муниципальный округ,37512000,Изменен тип и название,2024,2025,2025,Рубль,Январь-декабрь,CD
Y48423007,Всего по обследуемым видам экономической деятельности,Курганская область,Муниципальное образование верхнего уровня,Кетовский муниципальный округ,37514000,Муниципальный округ,Муниципальный округ,37514000,Изменен тип и название,2023,2025,2025,Рубль,Январь-декабрь,CD
Y48423007,Всего по обследуемым видам экономической деятельности,Курганская область,Муниципальное образование верхнего уровня,Куртамышский муниципальный округ,37516000,Муниципальный округ,Муниципальный округ,37516000,Изменен тип и название,2022,2025,2025,Рубль,Январь-декабрь,CD
Y48423007,Всего по обследуемым видам экономической деятельности,Курганская область,Муниципальное образование верхнего уровня,Лебяжьевский муниципальный округ,37518000,Муниципальный округ,Муниципальный округ,37518000,Изменен тип и название,2022,2025,2025,Рубль,Январь-декабрь,CD
Y48423007,Всего по обследуемым видам экономической деятельности,Курганская область,Муниципальное образование верхнего уровня,Макушинский муниципальный округ,37520000,Муниципальный округ,Муниципальный округ,37520000,Изменен тип и название,2021,2025,2025,Рубль,Январь-декабрь,CD
Y48423007,Всего по обследуемым видам экономической деятельности,Курганская область,Муниципальное образование верхнего уровня,Мишкинский муниципальный округ,37522000,Муниципальный округ,Муниципальный округ,37522000,Изменен тип и название,2023,2025,2025,Рубль,Январь-декабрь,CD
Y48423007,Всего по обследуемым видам экономической деятельности,Курганская область,Муниципальное образование верхнего уровня,Мокроусовский муниципальный округ,37524000,Муниципальный округ,Муниципальный округ,37524000,Изменен тип и название,2023,2025,2025,Рубль,Январь-декабрь,CD
Y48423007,Всего по обследуемым видам экономической деятельности,Курганская область,Муниципальное образование верхнего уровня,Петуховский муниципальный округ,37526000,Муниципальный округ,Муниципальный округ,37526000,Изменен тип и название,2022,2025,2025,Рубль,Январь-декабрь,CD
Y48423007,Всего по обследуемым видам экономической деятельности,Курганская область,Муниципальное образование верхнего уровня,Половинский муниципальный округ,37528000,Муниципальный округ,Муниципальный округ,37528000,Изменен тип и название,2023,2025,2025,Рубль,Январь-декабрь,CD
Y48423007,Всего по обследуемым видам экономической деятельности,Курганская область,Муниципальное образование верхнего уровня,Притобольный муниципальный округ,37530000,Муниципальный округ,Муниципальный округ,37530000,Изменен тип и название,2024,2025,2025,Рубль,Январь-декабрь,CD
Y48423007,Всего по обследуемым видам экономической деятельности,Курганская область,Муниципальное образование верхнего уровня,Сафакулевский муниципальный округ,37532000,Муниципальный округ,Муниципальный округ,37532000,Изменен тип и название,2023,2025,2025,Рубль,Январь-декабрь,CD
Y48423007,Всего по обследуемым видам экономической деятельности,Курганская область,Муниципальное образование верхнего уровня,Целинный муниципальный округ,37534000,Муниципальный округ,Муниципальный округ,37534000,Изменен тип и название,2022,2025,2025,Рубль,Январь-декабрь,CD
Y48423007,Всего по обследуемым видам экономической деятельности,Курганская область,Муниципальное образование верхнего уровня,Частоозерский муниципальный округ,37536000,Муниципальный округ,Муниципальный округ,37536000,Изменен тип и название,2023,2025,2025,Рубль,Январь-декабрь,CD
Y48423007,Всего по обследуемым видам экономической деятельности,Курганская область,Муниципальное образование верхнего уровня,Шадринский муниципальный округ,37538000,Муниципальный округ,Муниципальный округ,37538000,Изменен тип и название,2023,2025,2025,Рубль,Январь-декабрь,CD
Y48423007,Всего по обследуемым видам экономической деятельности,Курганская область,Муниципальное образование верхнего уровня,Шатровский муниципальный округ,37540000,Муниципальный округ,Муниципальный округ,37540000,Изменен тип и название,2022,2025,2025,Рубль,Январь-декабрь,CD
Y48423007,Всего по обследуемым видам экономической деятельности,Курганская область,Муниципальное образование верхнего уровня,Шумихинский муниципальный округ,37542000,Муниципальный округ,Муниципальный округ,37542000,Изменен тип и название,2021,2025,2025,Рубль,Январь-декабрь,CD
Y48423007,Всего по обследуемым видам экономической деятельности,Курганская область,Муниципальное образование верхнего уровня,Щучанский муниципальный округ,37544000,Муниципальный округ,Муниципальный округ,37544000,Изменен тип и название,2023,2025,2025,Рубль,Январь-декабрь,CD
Y48423007,Всего по обследуемым видам экономической деятельности,Курганская область,Муниципальное образование верхнего уровня,Юргамышский муниципальный округ,37546000,Муниципальный округ,Муниципальный округ,37546000,Изменен тип и название,2023,2025,2025,Рубль,Январь-декабрь,CD
Y48423007,Всего по обследуемым видам экономической деятельности,Курганская область,Муниципальное образование верхнего уровня,город Курган,37701000,"Городской округ, городской округ с внутригородским делением","Городской округ, городской округ с внутригородским делением",37701000,Без изменений,2010,2025,2025,Рубль,Январь-декабрь,CD
Y48423007,Всего по обследуемым видам экономической деятельности,Курганская область,Муниципальное образование верхнего уровня,город Шадринск,37705000,"Городской округ, городской округ с внутригородским делением","Городской округ, городской округ с внутригородским делением",37705000,Без изменений,2010,2025,2025,Рубль,Январь-декабрь,CD
Y48423007,Всего по обследуемым видам экономической деятельности,Курская область,Муниципальное образование верхнего уровня,Беловский муниципальный район,38602000,Муниципальный район,Муниципальный район,38602000,Без изменений,2010,2025,2025,Рубль,Январь-декабрь,CD
Y48423007,Всего по обследуемым видам экономической деятельности,Курская область,Муниципальное образование верхнего уровня,Большесолдатский муниципальный район,38603000,Муниципальный район,Муниципальный район,38603000,Без изменений,2010,2025,2025,Рубль,Январь-декабрь,CD
Y48423007,Всего по обследуемым видам экономической деятельности,Курская область,Муниципальное образование верхнего уровня,Глушковский муниципальный район,38604000,Муниципальный район,Муниципальный район,38604000,Без изменений,2010,2025,2025,Рубль,Январь-декабрь,CD
Y48423007,Всего по обследуемым видам экономической деятельности,Курская область,Муниципальное образование верхнего уровня,Горшеченский муниципальный район,38606000,Муниципальный район,Муниципальный район,38606000,Без изменений,2010,2025,2025,Рубль,Январь-декабрь,CD
Y48423007,Всего по обследуемым видам экономической деятельности,Курская область,Муниципальное образование верхнего уровня,Дмитриевский муниципальный район,38608000,Муниципальный район,Муниципальный район,38608000,Без изменений,2010,2025,2025,Рубль,Январь-декабрь,CD
Y48423007,Всего по обследуемым видам экономической деятельности,Курская область,Муниципальное образование верхнего уровня,Железногорский муниципальный район,38610000,Муниципальный район,Муниципальный район,38610000,Без изменений,2010,2025,2025,Рубль,Январь-декабрь,CD
Y48423007,Всего по обследуемым видам экономической деятельности,Курская область,Муниципальное образование верхнего уровня,Золотухинский муниципальный район,38612000,Муниципальный район,Муниципальный район,38612000,Без изменений,2010,2025,2025,Рубль,Январь-декабрь,CD
Y48423007,Всего по обследуемым видам экономической деятельности,Курская область,Муниципальное образование верхнего уровня,Касторенский муниципальный район,38614000,Муниципальный район,Муниципальный район,38614000,Без изменений,2010,2025,2025,Рубль,Январь-декабрь,CD
Y48423007,Всего по обследуемым видам экономической деятельности,Курская область,Муниципальное образование верхнего уровня,Конышевский муниципальный район,38616000,Муниципальный район,Муниципальный район,38616000,Без изменений,2010,2025,2025,Рубль,Январь-декабрь,CD
Y48423007,Всего по обследуемым видам экономической деятельности,Курская область,Муниципальное образование верхнего уровня,Кореневский муниципальный район,38618000,Муниципальный район,Муниципальный район,38618000,Без изменений,2010,2025,2025,Рубль,Январь-декабрь,CD
Y48423007,Всего по обследуемым видам экономической деятельности,Курская область,Муниципальное образование верхнего уровня,Курский муниципальный район,38620000,Муниципальный район,Муниципальный район,38620000,Без изменений,2010,2025,2025,Рубль,Январь-декабрь,CD
Y48423007,Всего по обследуемым видам экономической деятельности,Курская область,Муниципальное образование верхнего уровня,Курчатовский муниципальный район,38621000,Муниципальный район,Муниципальный район,38621000,Без изменений,2010,2025,2025,Рубль,Январь-декабрь,CD
Y48423007,Всего по обследуемым видам экономической деятельности,Курская область,Муниципальное образование верхнего уровня,Льговский муниципальный район,38622000,Муниципальный район,Муниципальный район,38622000,Без изменений,2010,2025,2025,Рубль,Январь-декабрь,CD
Y48423007,Всего по обследуемым видам экономической деятельности,Курская область,Муниципальное образование верхнего уровня,Мантуровский муниципальный район,38623000,Муниципальный район,Муниципальный район,38623000,Без изменений,2010,2025,2025,Рубль,Январь-декабрь,CD
Y48423007,Всего по обследуемым видам экономической деятельности,Курская область,Муниципальное образование верхнего уровня,Медвенский муниципальный район,38624000,Муниципальный район,Муниципальный район,38624000,Без изменений,2010,2025,2025,Рубль,Январь-декабрь,CD
Y48423007,Всего по обследуемым видам экономической деятельности,Курская область,Муниципальное образование верхнего уровня,Обоянский муниципальный район,38626000,Муниципальный район,Муниципальный район,38626000,Без изменений,2010,2025,2025,Рубль,Январь-декабрь,CD
Y48423007,Всего по обследуемым видам экономической деятельности,Курская область,Муниципальное образование верхнего уровня,Октябрьский муниципальный район,38628000,Муниципальный район,Муниципальный район,38628000,Без изменений,2010,2025,2025,Рубль,Январь-декабрь,CD
Y48423007,Всего по обследуемым видам экономической деятельности,Курская область,Муниципальное образование верхнего уровня,Поныровский муниципальный район,38630000,Муниципальный район,Муниципальный район,38630000,Без изменений,2010,2025,2025,Рубль,Январь-декабрь,CD
Y48423007,Всего по обследуемым видам экономической деятельности,Курская область,Муниципальное образование верхнего уровня,Пристенский муниципальный район,38632000,Муниципальный район,Муниципальный район,38632000,Без изменений,2010,2025,2025,Рубль,Январь-декабрь,CD
Y48423007,Всего по обследуемым видам экономической деятельности,Курская область,Муниципальное образование верхнего уровня,Рыльский муниципальный район,38634000,Муниципальный район,Муниципальный район,38634000,Без изменений,2010,2025,2025,Рубль,Январь-декабрь,CD
Y48423007,Всего по обследуемым видам экономической деятельности,Курская область,Муниципальное образование верхнего уровня,Советский муниципальный район,38636000,Муниципальный район,Муниципальный район,38636000,Без изменений,2010,2025,2025,Рубль,Январь-декабрь,CD
Y48423007,Всего по обследуемым видам экономической деятельности,Курская область,Муниципальное образование верхнего уровня,Солнцевский муниципальный район,38638000,Муниципальный район,Муниципальный район,38638000,Без изменений,2010,2025,2025,Рубль,Январь-декабрь,CD
Y48423007,Всего по обследуемым видам экономической деятельности,Курская область,Муниципальное образование верхнего уровня,Суджанский муниципальный район,38640000,Муниципальный район,Муниципальный район,38640000,Без изменений,2010,2025,2025,Рубль,Январь-декабрь,CD
Y48423007,Всего по обследуемым видам экономической деятельности,Курская область,Муниципальное образование верхнего уровня,Тимский муниципальный район,38642000,Муниципальный район,Муниципальный район,38642000,Без изменений,2010,2025,2025,Рубль,Январь-декабрь,CD
Y48423007,Всего по обследуемым видам экономической деятельности,Курская область,Муниципальное образование верхнего уровня,Фатежский муниципальный район,38644000,Муниципальный район,Муниципальный район,38644000,Без изменений,2010,2025,2025,Рубль,Январь-декабрь,CD
Y48423007,Всего по обследуемым видам экономической деятельности,Курская область,Муниципальное образование верхнего уровня,Хомутовский муниципальный район,38646000,Муниципальный район,Муниципальный район,38646000,Без изменений,2010,2025,2025,Рубль,Январь-декабрь,CD
Y48423007,Всего по обследуемым видам экономической деятельности,Курская область,Муниципальное образование верхнего уровня,Черемисиновский муниципальный район,38648000,Муниципальный район,Муниципальный район,38648000,Без изменений,2010,2025,2025,Рубль,Январь-декабрь,CD
Y48423007,Всего по обследуемым видам экономической деятельности,Курская область,Муниципальное образование верхнего уровня,Щигровский муниципальный район,38650000,Муниципальный район,Муниципальный район,38650000,Без изменений,2010,2025,2025,Рубль,Январь-декабрь,CD
Y48423007,Всего по обследуемым видам экономической деятельности,Курская область,Муниципальное образование верхнего уровня,город Курск,38701000,"Городской округ, городской округ с внутригородским делением","Городской округ, городской округ с внутригородским делением",38701000,Без изменений,2010,2025,2025,Рубль,Январь-декабрь,CD
Y48423007,Всего по обследуемым видам экономической деятельности,Курская область,Муниципальное образование верхнего уровня,город Железногорск,38705000,"Городской округ, городской округ с внутригородским делением","Городской округ, городской округ с внутригородским делением",38705000,Без изменений,2010,2025,2025,Рубль,Январь-декабрь,CD
Y48423007,Всего по обследуемым видам экономической деятельности,Курская область,Муниципальное образование верхнего уровня,город Курчатов,38708000,"Городской округ, городской округ с внутригородским делением","Городской округ, городской округ с внутригородским делением",38708000,Без изменений,2010,2025,2025,Рубль,Январь-декабрь,CD
Y48423007,Всего по обследуемым видам экономической деятельности,Курская область,Муниципальное образование верхнего уровня,город Льгов,38710000,"Городской округ, городской округ с внутригородским делением","Городской округ, городской округ с внутригородским делением",38710000,Без изменений,2010,2025,2025,Рубль,Январь-декабрь,CD
Y48423007,Всего по обследуемым видам экономической деятельности,Курская область,Муниципальное образование верхнего уровня,город Щигры,38715000,"Городской округ, городской округ с внутригородским делением","Городской округ, городской округ с внутригородским делением",38715000,Без изменений,2010,2025,2025,Рубль,Январь-декабрь,CD
Y48423007,Всего по обследуемым видам экономической деятельности,Санкт-Петербург,Субъект РФ,Муниципальные образования города федерального значения Санкт-Петербурга,40000000,Внутригородская территория города федерального значения,Субъект РФ,CD,CD,CD,CD,2025,Рубль,Январь-декабрь,mun_type в исходных данных не соответствует oktmo
Y48423007,Всего по обследуемым видам экономической деятельности,Санкт-Петербург,Муниципальное образование верхнего уровня,муниципальный округ Коломна,40301000,Внутригородская территория города федерального значения,Внутригородская территория города федерального значения,40301000,Без изменений,2010,2025,2025,Рубль,Январь-декабрь,CD
Y48423007,Всего по обследуемым видам экономической деятельности,Санкт-Петербург,Муниципальное образование верхнего уровня,муниципальный округ Сенной округ,40302000,Внутригородская территория города федерального значения,Внутригородская территория города федерального значения,40302000,Без изменений,2010,2025,2025,Рубль,Январь-декабрь,CD
Y48423007,Всего по обследуемым видам экономической деятельности,Санкт-Петербург,Муниципальное образование верхнего уровня,муниципальный округ Адмиралтейский округ,40303000,Внутригородская территория города федерального значения,Внутригородская территория города федерального значения,40303000,Без изменений,2010,2025,2025,Рубль,Январь-декабрь,CD
Y48423007,Всего по обследуемым видам экономической деятельности,Санкт-Петербург,Муниципальное образование верхнего уровня,муниципальный округ Семеновский,40304000,Внутригородская территория города федерального значения,Внутригородская территория города федерального значения,40304000,Без изменений,2010,2025,2025,Рубль,Январь-декабрь,CD
Y48423007,Всего по обследуемым видам экономической деятельности,Санкт-Петербург,Муниципальное образование верхнего уровня,муниципальный округ Измайловское,40305000,Внутригородская территория города федерального значения,Внутригородская территория города федерального значения,40305000,Без изменений,2010,2025,2025,Рубль,Январь-декабрь,CD
Y48423007,Всего по обследуемым видам экономической деятельности,Санкт-Петербург,Муниципальное образование верхнего уровня,муниципальный округ Екатерингофский,40306000,Внутригородская территория города федерального значения,Внутригородская территория города федерального значения,40306000,Без изменений,2010,2025,2025,Рубль,Январь-декабрь,CD
Y48423007,Всего по обследуемым видам экономической деятельности,Санкт-Петербург,Муниципальное образование верхнего уровня,муниципальный округ № 7,40307000,Внутригородская территория города федерального значения,Внутригородская территория города федерального значения,40307000,Без изменений,2010,2025,2025,Рубль,Январь-декабрь,CD
Y48423007,Всего по обследуемым видам экономической деятельности,Санкт-Петербург,Муниципальное образование верхнего уровня,муниципальный округ Васильевский,40308000,Внутригородская территория города федерального значения,Внутригородская территория города федерального значения,40308000,Без изменений,2010,2025,2025,Рубль,Январь-декабрь,CD
Y48423007,Всего по обследуемым видам экономической деятельности,Санкт-Петербург,Муниципальное образование верхнего уровня,муниципальный округ Гавань,40309000,Внутригородская территория города федерального значения,Внутригородская территория города федерального значения,40309000,Без изменений,2010,2025,2025,Рубль,Январь-декабрь,CD
Y48423007,Всего по обследуемым видам экономической деятельности,Санкт-Петербург,Муниципальное образование верхнего уровня,муниципальный округ Морской,40310000,Внутригородская территория города федерального значения,Внутригородская территория города федерального значения,40310000,Без изменений,2010,2025,2025,Рубль,Январь-декабрь,CD
Y48423007,Всего по обследуемым видам экономической деятельности,Санкт-Петербург,Муниципальное образование верхнего уровня,муниципальный округ Остров Декабристов,40311000,Внутригородская территория города федерального значения,Внутригородская территория города федерального значения,40311000,Без изменений,2010,2025,2025,Рубль,Январь-декабрь,CD
Y48423007,Всего по обследуемым видам экономической деятельности,Санкт-Петербург,Муниципальное образование верхнего уровня,поселок Левашово,40312000,Внутригородская территория города федерального значения,Внутригородская территория города федерального значения,40312000,Без изменений,2010,2025,2025,Рубль,Январь-декабрь,CD
Y48423007,Всего по обследуемым видам экономической деятельности,Санкт-Петербург,Муниципальное образование верхнего уровня,поселок Парголово,40313000,Внутригородская территория города федерального значения,Внутригородская территория города федерального значения,40313000,Без изменений,2010,2025,2025,Рубль,Январь-декабрь,CD
Y48423007,Всего по обследуемым видам экономической деятельности,Санкт-Петербург,Муниципальное образование верхнего уровня,муниципальный округ Сампсониевское,40314000,Внутригородская территория города федерального значения,Внутригородская территория города федерального значения,40314000,Без изменений,2010,2025,2025,Рубль,Январь-декабрь,CD
Y48423007,Всего по обследуемым видам экономической деятельности,Санкт-Петербург,Муниципальное образование верхнего уровня,муниципальный округ Светлановское,40315000,Внутригородская территория города федерального значения,Внутригородская территория города федерального значения,40315000,Без изменений,2010,2025,2025,Рубль,Январь-декабрь,CD
Y48423007,Всего по обследуемым видам экономической деятельности,Санкт-Петербург,Муниципальное образование верхнего уровня,муниципальный округ Сосновское,40316000,Внутригородская территория города федерального значения,Внутригородская территория города федерального значения,40316000,Без изменений,2010,2025,2025,Рубль,Январь-декабрь,CD
Y48423007,Всего по обследуемым видам экономической деятельности,Санкт-Петербург,Муниципальное образование верхнего уровня,муниципальный округ Суздальское,40317000,Внутригородская территория города федерального значения,Внутригородская территория города федерального значения,40317000,Без изменений,2010,2025,2025,Рубль,Январь-декабрь,CD
Y48423007,Всего по обследуемым видам экономической деятельности,Санкт-Петербург,Муниципальное образование верхнего уровня,муниципальный округ Сергиевское,40318000,Внутригородская территория города федерального значения,Внутригородская территория города федерального значения,40318000,Без изменений,2010,2025,2025,Рубль,Январь-декабрь,CD
Y48423007,Всего по обследуемым видам экономической деятельности,Санкт-Петербург,Муниципальное образование верхнего уровня,муниципальный округ Шувалово-Озерки,40319000,Внутригородская территория города федерального значения,Внутригородская территория города федерального значения,40319000,Без изменений,2010,2025,2025,Рубль,Январь-декабрь,CD
Y48423007,Всего по обследуемым видам экономической деятельности,Санкт-Петербург,Муниципальное образование верхнего уровня,поселок Лисий Нос,40320000,Внутригородская территория города федерального значения,Внутригородская территория города федерального значения,40320000,Без изменений,2010,2025,2025,Рубль,Январь-декабрь,CD
Y48423007,Всего по обследуемым видам экономической деятельности,Санкт-Петербург,Муниципальное образование верхнего уровня,муниципальный округ Лахта-Ольгино,40321000,Внутригородская территория города федерального значения,Внутригородская территория города федерального значения,40321000,Без изменений,2010,2025,2025,Рубль,Январь-декабрь,CD
Y48423007,Всего по обследуемым видам экономической деятельности,Санкт-Петербург,Муниципальное образование верхнего уровня,муниципальный округ № 65,40322000,Внутригородская территория города федерального значения,Внутригородская территория города федерального значения,40322000,Без изменений,2010,2025,2025,Рубль,Январь-декабрь,CD
Y48423007,Всего по обследуемым видам экономической деятельности,Санкт-Петербург,Муниципальное образование верхнего уровня,муниципальный округ Ланское,40323000,Внутригородская территория города федерального значения,Внутригородская территория города федерального значения,40323000,Без изменений,2010,2025,2025,Рубль,Январь-декабрь,CD
Y48423007,Всего по обследуемым видам экономической деятельности,Санкт-Петербург,Муниципальное образование верхнего уровня,муниципальный округ Комендантский аэродром,40324000,Внутригородская территория города федерального значения,Внутригородская территория города федерального значения,40324000,Без изменений,2010,2025,2025,Рубль,Январь-декабрь,CD
Y48423007,Всего по обследуемым видам экономической деятельности,Санкт-Петербург,Муниципальное образование верхнего уровня,муниципальный округ Озеро Долгое,40325000,Внутригородская территория города федерального значения,Внутригородская территория города федерального значения,40325000,Без изменений,2010,2025,2025,Рубль,Январь-декабрь,CD
Y48423007,Всего по обследуемым видам экономической деятельности,Санкт-Петербург,Муниципальное образование верхнего уровня,муниципальный округ Юнтолово,40326000,Внутригородская территория города федерального значения,Внутригородская территория города федерального значения,40326000,Без изменений,2010,2025,2025,Рубль,Январь-декабрь,CD
Y48423007,Всего по обследуемым видам экономической деятельности,Санкт-Петербург,Муниципальное образование верхнего уровня,муниципальный округ Коломяги,40327000,Внутригородская территория города федерального значения,Внутригородская территория города федерального значения,40327000,Без изменений,2010,2025,2025,Рубль,Январь-декабрь,CD
Y48423007,Всего по обследуемым видам экономической деятельности,Санкт-Петербург,Муниципальное образование верхнего уровня,муниципальный округ Гражданка,40328000,Внутригородская территория города федерального значения,Внутригородская территория города федерального значения,40328000,Без изменений,2010,2025,2025,Рубль,Январь-декабрь,CD
Y48423007,Всего по обследуемым видам экономической деятельности,Санкт-Петербург,Муниципальное образование верхнего уровня,муниципальный округ Академическое,40329000,Внутригородская территория города федерального значения,Внутригородская территория города федерального значения,40329000,Без изменений,2010,2025,2025,Рубль,Январь-декабрь,CD
Y48423007,Всего по обследуемым видам экономической деятельности,Санкт-Петербург,Муниципальное образование верхнего уровня,муниципальный округ Финляндский округ,40330000,Внутригородская территория города федерального значения,Внутригородская территория города федерального значения,40330000,Без изменений,2010,2025,2025,Рубль,Январь-декабрь,CD
Y48423007,Всего по обследуемым видам экономической деятельности,Санкт-Петербург,Муниципальное образование верхнего уровня,муниципальный округ № 21,40331000,Внутригородская территория города федерального значения,Внутригородская территория города федерального значения,40331000,Без изменений,2010,2025,2025,Рубль,Январь-декабрь,CD
Y48423007,Всего по обследуемым видам экономической деятельности,Санкт-Петербург,Муниципальное образование верхнего уровня,муниципальный округ Пискаревка,40332000,Внутригородская территория города федерального значения,Внутригородская территория города федерального значения,40332000,Без изменений,2010,2025,2025,Рубль,Январь-декабрь,CD
Y48423007,Всего по обследуемым видам экономической деятельности,Санкт-Петербург,Муниципальное образование верхнего уровня,муниципальный округ Северный,40333000,Внутригородская территория города федерального значения,Внутригородская территория города федерального значения,40333000,Без изменений,2010,2025,2025,Рубль,Январь-декабрь,CD
Y48423007,Всего по обследуемым видам экономической деятельности,Санкт-Петербург,Муниципальное образование верхнего уровня,муниципальный округ Прометей,40334000,Внутригородская территория города федерального значения,Внутригородская территория города федерального значения,40334000,Без изменений,2010,2025,2025,Рубль,Январь-декабрь,CD
Y48423007,Всего по обследуемым видам экономической деятельности,Санкт-Петербург,Муниципальное образование верхнего уровня,муниципальный округ Княжево,40335000,Внутригородская территория города федерального значения,Внутригородская территория города федерального значения,40335000,Без изменений,2010,2025,2025,Рубль,Январь-декабрь,CD
Y48423007,Всего по обследуемым видам экономической деятельности,Санкт-Петербург,Муниципальное образование верхнего уровня,муниципальный округ Ульянка,40336000,Внутригородская территория города федерального значения,Внутригородская территория города федерального значения,40336000,Без изменений,2010,2025,2025,Рубль,Январь-декабрь,CD
Y48423007,Всего по обследуемым видам экономической деятельности,Санкт-Петербург,Муниципальное образование верхнего уровня,муниципальный округ Дачное,40337000,Внутригородская территория города федерального значения,Внутригородская территория города федерального значения,40337000,Без изменений,2010,2025,2025,Рубль,Январь-декабрь,CD
Y48423007,Всего по обследуемым видам экономической деятельности,Санкт-Петербург,Муниципальное образование верхнего уровня,муниципальный округ Автово,40338000,Внутригородская территория города федерального значения,Внутригородская территория города федерального значения,40338000,Без изменений,2010,2025,2025,Рубль,Январь-декабрь,CD
Y48423007,Всего по обследуемым видам экономической деятельности,Санкт-Петербург,Муниципальное образование верхнего уровня,муниципальный округ Нарвский округ,40339000,Внутригородская территория города федерального значения,Внутригородская территория города федерального значения,40339000,Без изменений,2010,2025,2025,Рубль,Январь-декабрь,CD
Y48423007,Всего по обследуемым видам экономической деятельности,Санкт-Петербург,Муниципальное образование верхнего уровня,муниципальный округ Красненькая речка,40340000,Внутригородская территория города федерального значения,Внутригородская территория города федерального значения,40340000,Без изменений,2010,2025,2025,Рубль,Январь-декабрь,CD
Y48423007,Всего по обследуемым видам экономической деятельности,Санкт-Петербург,Муниципальное образование верхнего уровня,муниципальный округ Морские ворота,40341000,Внутригородская территория города федерального значения,Внутригородская территория города федерального значения,40341000,Без изменений,2010,2025,2025,Рубль,Январь-декабрь,CD
Y48423007,Всего по обследуемым видам экономической деятельности,Санкт-Петербург,Муниципальное образование верхнего уровня,город Колпино,40342000,Внутригородская территория города федерального значения,Внутригородская территория города федерального значения,40342000,Без изменений,2010,2025,2025,Рубль,Январь-декабрь,CD
Y48423007,Всего по обследуемым видам экономической деятельности,Санкт-Петербург,Муниципальное образование верхнего уровня,поселок Металлострой,40343000,Внутригородская территория города федерального значения,Внутригородская территория города федерального значения,40343000,Без изменений,2010,2025,2025,Рубль,Январь-декабрь,CD
Y48423007,Всего по обследуемым видам экономической деятельности,Санкт-Петербург,Муниципальное образование верхнего уровня,поселок Петро-Славянка,40344000,Внутригородская территория города федерального значения,Внутригородская территория города федерального значения,40344000,Без изменений,2010,2025,2025,Рубль,Январь-декабрь,CD
Y48423007,Всего по обследуемым видам экономической деятельности,Санкт-Петербург,Муниципальное образование верхнего уровня,поселок Понтонный,40345000,Внутригородская территория города федерального значения,Внутригородская территория города федерального значения,40345000,Без изменений,2010,2025,2025,Рубль,Январь-декабрь,CD
Y48423007,Всего по обследуемым видам экономической деятельности,Санкт-Петербург,Муниципальное образование верхнего уровня,поселок Саперный,40346000,Внутригородская территория города федерального значения,Внутригородская территория города федерального значения,40346000,Без изменений,2010,2025,2025,Рубль,Январь-декабрь,CD
Y48423007,Всего по обследуемым видам экономической деятельности,Санкт-Петербург,Муниципальное образование верхнего уровня,поселок Усть-Ижора,40347000,Внутригородская территория города федерального значения,Внутригородская территория города федерального значения,40347000,Без изменений,2010,2025,2025,Рубль,Январь-декабрь,CD
Y48423007,Всего по обследуемым видам экономической деятельности,Санкт-Петербург,Муниципальное образование верхнего уровня,муниципальный округ Полюстрово,40348000,Внутригородская территория города федерального значения,Внутригородская территория города федерального значения,40348000,Без изменений,2010,2025,2025,Рубль,Январь-декабрь,CD
Y48423007,Всего по обследуемым видам экономической деятельности,Санкт-Петербург,Муниципальное образование верхнего уровня,муниципальный округ Большая Охта,40349000,Внутригородская территория города федерального значения,Внутригородская территория города федерального значения,40349000,Без изменений,2010,2025,2025,Рубль,Январь-декабрь,CD
Y48423007,Всего по обследуемым видам экономической деятельности,Санкт-Петербург,Муниципальное образование верхнего уровня,муниципальный округ Малая Охта,40350000,Внутригородская территория города федерального значения,Внутригородская территория города федерального значения,40350000,Без изменений,2010,2025,2025,Рубль,Январь-декабрь,CD
Y48423007,Всего по обследуемым видам экономической деятельности,Санкт-Петербург,Муниципальное образование верхнего уровня,муниципальный округ Пороховые,40351000,Внутригородская территория города федерального значения,Внутригородская территория города федерального значения,40351000,Без изменений,2010,2025,2025,Рубль,Январь-декабрь,CD
Y48423007,Всего по обследуемым видам экономической деятельности,Санкт-Петербург,Муниципальное образование верхнего уровня,муниципальный округ Ржевка,40352000,Внутригородская территория города федерального значения,Внутригородская территория города федерального значения,40352000,Без изменений,2010,2025,2025,Рубль,Январь-декабрь,CD
Y48423007,Всего по обследуемым видам экономической деятельности,Санкт-Петербург,Муниципальное образование верхнего уровня,город Красное Село,40353000,Внутригородская территория города федерального значения,Внутригородская территория города федерального значения,40353000,Без изменений,2010,2025,2025,Рубль,Январь-декабрь,CD
Y48423007,Всего по обследуемым видам экономической деятельности,Санкт-Петербург,Муниципальное образование верхнего уровня,муниципальный округ Юго-Запад,40354000,Внутригородская территория города федерального значения,Внутригородская территория города федерального значения,40354000,Без изменений,2010,2025,2025,Рубль,Январь-декабрь,CD
Y48423007,Всего по обследуемым видам экономической деятельности,Санкт-Петербург,Муниципальное образование верхнего уровня,муниципальный округ Южно-Приморский,40355000,Внутригородская территория города федерального значения,Внутригородская территория города федерального значения,40355000,Без изменений,2010,2025,2025,Рубль,Январь-декабрь,CD
Y48423007,Всего по обследуемым видам экономической деятельности,Санкт-Петербург,Муниципальное образование верхнего уровня,муниципальный округ Сосновая поляна,40356000,Внутригородская территория города федерального значения,Внутригородская территория города федерального значения,40356000,Без изменений,2010,2025,2025,Рубль,Январь-декабрь,CD
Y48423007,Всего по обследуемым видам экономической деятельности,Санкт-Петербург,Муниципальное образование верхнего уровня,муниципальный округ Урицк,40357000,Внутригородская территория города федерального значения,Внутригородская территория города федерального значения,40357000,Без изменений,2010,2025,2025,Рубль,Январь-декабрь,CD
Y48423007,Всего по обследуемым видам экономической деятельности,Санкт-Петербург,Муниципальное образование верхнего уровня,муниципальный округ Константиновское,40358000,Внутригородская территория города федерального значения,Внутригородская территория города федерального значения,40358000,Без изменений,2010,2025,2025,Рубль,Январь-декабрь,CD
Y48423007,Всего по обследуемым видам экономической деятельности,Санкт-Петербург,Муниципальное образование верхнего уровня,муниципальный округ Горелово,40359000,Внутригородская территория города федерального значения,Внутригородская территория города федерального значения,40359000,Без изменений,2010,2025,2025,Рубль,Январь-декабрь,CD
Y48423007,Всего по обследуемым видам экономической деятельности,Санкт-Петербург,Муниципальное образование верхнего уровня,город Кронштадт,40360000,Внутригородская территория города федерального значения,Внутригородская территория города федерального значения,40360000,Без изменений,2010,2025,2025,Рубль,Январь-декабрь,CD
Y48423007,Всего по обследуемым видам экономической деятельности,Санкт-Петербург,Муниципальное образование верхнего уровня,город Зеленогорск,40361000,Внутригородская территория города федерального значения,Внутригородская территория города федерального значения,40361000,Без изменений,2010,2025,2025,Рубль,Январь-декабрь,CD
Y48423007,Всего по обследуемым видам экономической деятельности,Санкт-Петербург,Муниципальное образование верхнего уровня,город Сестрорецк,40362000,Внутригородская территория города федерального значения,Внутригородская территория города федерального значения,40362000,Без изменений,2010,2025,2025,Рубль,Январь-декабрь,CD
Y48423007,Всего по обследуемым видам экономической деятельности,Санкт-Петербург,Муниципальное образование верхнего уровня,поселок Белоостров,40363000,Внутригородская территория города федерального значения,Внутригородская территория города федерального значения,40363000,Без изменений,2010,2025,2025,Рубль,Январь-декабрь,CD
Y48423007,Всего по обследуемым видам экономической деятельности,Санкт-Петербург,Муниципальное образование верхнего уровня,поселок Комарово,40364000,Внутригородская территория города федерального значения,Внутригородская территория города федерального значения,40364000,Без изменений,2010,2025,2025,Рубль,Январь-декабрь,CD
Y48423007,Всего по обследуемым видам экономической деятельности,Санкт-Петербург,Муниципальное образование верхнего уровня,поселок Молодежное,40365000,Внутригородская территория города федерального значения,Внутригородская территория города федерального значения,40365000,Без изменений,2010,2025,2025,Рубль,Январь-декабрь,CD
Y48423007,Всего по обследуемым видам экономической деятельности,Санкт-Петербург,Муниципальное образование верхнего уровня,поселок Песочный,40366000,Внутригородская территория города федерального значения,Внутригородская территория города федерального значения,40366000,Без изменений,2010,2025,2025,Рубль,Январь-декабрь,CD
Y48423007,Всего по обследуемым видам экономической деятельности,Санкт-Петербург,Муниципальное образование верхнего уровня,поселок Репино,40367000,Внутригородская территория города федерального значения,Внутригородская территория города федерального значения,40367000,Без изменений,2010,2025,2025,Рубль,Январь-декабрь,CD
Y48423007,Всего по обследуемым видам экономической деятельности,Санкт-Петербург,Муниципальное образование верхнего уровня,поселок Серово,40368000,Внутригородская территория города федерального значения,Внутригородская территория города федерального значения,40368000,Без изменений,2010,2025,2025,Рубль,Январь-декабрь,CD
Y48423007,Всего по обследуемым видам экономической деятельности,Санкт-Петербург,Муниципальное образование верхнего уровня,поселок Смолячково,40369000,Внутригородская территория города федерального значения,Внутригородская территория города федерального значения,40369000,Без изменений,2010,2025,2025,Рубль,Январь-декабрь,CD
Y48423007,Всего по обследуемым видам экономической деятельности,Санкт-Петербург,Муниципальное образование верхнего уровня,поселок Солнечное,40370000,Внутригородская территория города федерального значения,Внутригородская территория города федерального значения,40370000,Без изменений,2010,2025,2025,Рубль,Январь-декабрь,CD
Y48423007,Всего по обследуемым видам экономической деятельности,Санкт-Петербург,Муниципальное образование верхнего уровня,поселок Ушково,40371000,Внутригородская территория города федерального значения,Внутригородская территория города федерального значения,40371000,Без изменений,2010,2025,2025,Рубль,Январь-декабрь,CD
Y48423007,Всего по обследуемым видам экономической деятельности,Санкт-Петербург,Муниципальное образование верхнего уровня,город Ломоносов,40372000,Внутригородская территория города федерального значения,Внутригородская территория города федерального значения,40372000,Без изменений,2010,2025,2025,Рубль,Январь-декабрь,CD
Y48423007,Всего по обследуемым видам экономической деятельности,Санкт-Петербург,Муниципальное образование верхнего уровня,муниципальный округ Московская застава,40373000,Внутригородская территория города федерального значения,Внутригородская территория города федерального значения,40373000,Без изменений,2010,2025,2025,Рубль,Январь-декабрь,CD
Y48423007,Всего по обследуемым видам экономической деятельности,Санкт-Петербург,Муниципальное образование верхнего уровня,муниципальный округ Гагаринское,40374000,Внутригородская территория города федерального значения,Внутригородская территория города федерального значения,40374000,Без изменений,2010,2025,2025,Рубль,Январь-декабрь,CD
Y48423007,Всего по обследуемым видам экономической деятельности,Санкт-Петербург,Муниципальное образование верхнего уровня,муниципальный округ Новоизмайловское,40375000,Внутригородская территория города федерального значения,Внутригородская территория города федерального значения,40375000,Без изменений,2010,2025,2025,Рубль,Январь-декабрь,CD
Y48423007,Всего по обследуемым видам экономической деятельности,Санкт-Петербург,Муниципальное образование верхнего уровня,муниципальный округ Пулковский меридиан,40376000,Внутригородская территория города федерального значения,Внутригородская территория города федерального значения,40376000,Без изменений,2010,2025,2025,Рубль,Январь-декабрь,CD
Y48423007,Всего по обследуемым видам экономической деятельности,Санкт-Петербург,Муниципальное образование верхнего уровня,муниципальный округ Звездное,40377000,Внутригородская территория города федерального значения,Внутригородская территория города федерального значения,40377000,Без изменений,2010,2025,2025,Рубль,Январь-декабрь,CD
Y48423007,Всего по обследуемым видам экономической деятельности,Санкт-Петербург,Муниципальное образование верхнего уровня,муниципальный округ Невская застава,40378000,Внутригородская территория города федерального значения,Внутригородская территория города федерального значения,40378000,Без изменений,2010,2025,2025,Рубль,Январь-декабрь,CD
Y48423007,Всего по обследуемым видам экономической деятельности,Санкт-Петербург,Муниципальное образование верхнего уровня,муниципальный округ Ивановский,40379000,Внутригородская территория города федерального значения,Внутригородская территория города федерального значения,40379000,Без изменений,2010,2025,2025,Рубль,Январь-декабрь,CD
Y48423007,Всего по обследуемым видам экономической деятельности,Санкт-Петербург,Муниципальное образование верхнего уровня,муниципальный округ Обуховский,40380000,Внутригородская территория города федерального значения,Внутригородская территория города федерального значения,40380000,Без изменений,2010,2025,2025,Рубль,Январь-декабрь,CD
Y48423007,Всего по обследуемым видам экономической деятельности,Санкт-Петербург,Муниципальное образование верхнего уровня,муниципальный округ Рыбацкое,40381000,Внутригородская территория города федерального значения,Внутригородская территория города федерального значения,40381000,Без изменений,2010,2025,2025,Рубль,Январь-декабрь,CD
Y48423007,Всего по обследуемым видам экономической деятельности,Санкт-Петербург,Муниципальное образование верхнего уровня,муниципальный округ Народный,40382000,Внутригородская территория города федерального значения,Внутригородская территория города федерального значения,40382000,Без изменений,2010,2025,2025,Рубль,Январь-декабрь,CD
Y48423007,Всего по обследуемым видам экономической деятельности,Санкт-Петербург,Муниципальное образование верхнего уровня,муниципальный округ № 54,40383000,Внутригородская территория города федерального значения,Внутригородская территория города федерального значения,40383000,Без изменений,2010,2025,2025,Рубль,Январь-декабрь,CD
Y48423007,Всего по обследуемым видам экономической деятельности,Санкт-Петербург,Муниципальное образование верхнего уровня,муниципальный округ Невский округ,40384000,Внутригородская территория города федерального значения,Внутригородская территория города федерального значения,40384000,Без изменений,2010,2025,2025,Рубль,Январь-декабрь,CD
Y48423007,Всего по обследуемым видам экономической деятельности,Санкт-Петербург,Муниципальное образование верхнего уровня,муниципальный округ Оккервиль,40385000,Внутригородская территория города федерального значения,Внутригородская территория города федерального значения,40385000,Без изменений,2010,2025,2025,Рубль,Январь-декабрь,CD
Y48423007,Всего по обследуемым видам экономической деятельности,Санкт-Петербург,Муниципальное образование верхнего уровня,муниципальный округ Правобережный,40386000,Внутригородская территория города федерального значения,Внутригородская территория города федерального значения,40386000,Без изменений,2010,2025,2025,Рубль,Январь-декабрь,CD
Y48423007,Всего по обследуемым видам экономической деятельности,Санкт-Петербург,Муниципальное образование верхнего уровня,город Павловск,40387000,Внутригородская территория города федерального значения,Внутригородская территория города федерального значения,40387000,Без изменений,2010,2025,2025,Рубль,Январь-декабрь,CD
Y48423007,Всего по обследуемым видам экономической деятельности,Санкт-Петербург,Муниципальное образование верхнего уровня,поселок Тярлево,40388000,Внутригородская территория города федерального значения,Внутригородская территория города федерального значения,40388000,Без изменений,2010,2025,2025,Рубль,Январь-декабрь,CD
Y48423007,Всего по обследуемым видам экономической деятельности,Санкт-Петербург,Муниципальное образование верхнего уровня,муниципальный округ Введенский,40389000,Внутригородская территория города федерального значения,Внутригородская территория города федерального значения,40389000,Без изменений,2010,2025,2025,Рубль,Январь-декабрь,CD
Y48423007,Всего по обследуемым видам экономической деятельности,Санкт-Петербург,Муниципальное образование верхнего уровня,муниципальный округ Кронверкское,40390000,Внутригородская территория города федерального значения,Внутригородская территория города федерального значения,40390000,Без изменений,2010,2025,2025,Рубль,Январь-декабрь,CD
Y48423007,Всего по обследуемым видам экономической деятельности,Санкт-Петербург,Муниципальное образование верхнего уровня,муниципальный округ Посадский,40391000,Внутригородская территория города федерального значения,Внутригородская территория города федерального значения,40391000,Без изменений,2010,2025,2025,Рубль,Январь-декабрь,CD
Y48423007,Всего по обследуемым видам экономической деятельности,Санкт-Петербург,Муниципальное образование верхнего уровня,муниципальный округ Аптекарский остров,40392000,Внутригородская территория города федерального значения,Внутригородская территория города федерального значения,40392000,Без изменений,2010,2025,2025,Рубль,Январь-декабрь,CD
Y48423007,Всего по обследуемым видам экономической деятельности,Санкт-Петербург,Муниципальное образование верхнего уровня,муниципальный округ округ Петровский,40393000,Внутригородская территория города федерального значения,Внутригородская территория города федерального значения,40393000,Без изменений,2010,2025,2025,Рубль,Январь-декабрь,CD
Y48423007,Всего по обследуемым видам экономической деятельности,Санкт-Петербург,Муниципальное образование верхнего уровня,муниципальный округ Чкаловское,40394000,Внутригородская территория города федерального значения,Внутригородская территория города федерального значения,40394000,Без изменений,2010,2025,2025,Рубль,Январь-декабрь,CD
Y48423007,Всего по обследуемым видам экономической деятельности,Санкт-Петербург,Муниципальное образование верхнего уровня,город Петергоф,40395000,Внутригородская территория города федерального значения,Внутригородская территория города федерального значения,40395000,Без изменений,2010,2025,2025,Рубль,Январь-декабрь,CD
Y48423007,Всего по обследуемым видам экономической деятельности,Санкт-Петербург,Муниципальное образование верхнего уровня,поселок Стрельна,40396000,Внутригородская территория города федерального значения,Внутригородская территория города федерального значения,40396000,Без изменений,2010,2025,2025,Рубль,Январь-декабрь,CD
Y48423007,Всего по обследуемым видам экономической деятельности,Санкт-Петербург,Муниципальное образование верхнего уровня,город Пушкин,40397000,Внутригородская территория города федерального значения,Внутригородская территория города федерального значения,40397000,Без изменений,2010,2025,2025,Рубль,Январь-декабрь,CD
Y48423007,Всего по обследуемым видам экономической деятельности,Санкт-Петербург,Муниципальное образование верхнего уровня,поселок Александровская,40398000,Внутригородская территория города федерального значения,Внутригородская территория города федерального значения,40398000,Без изменений,2010,2025,2025,Рубль,Январь-декабрь,CD
Y48423007,Всего по обследуемым видам экономической деятельности,Санкт-Петербург,Муниципальное образование верхнего уровня,поселок Шушары,40901000,Внутригородская территория города федерального значения,Внутригородская территория города федерального значения,40901000,Без изменений,2010,2025,2025,Рубль,Январь-декабрь,CD
Y48423007,Всего по обследуемым видам экономической деятельности,Санкт-Петербург,Муниципальное образование верхнего уровня,муниципальный округ Волковское,40902000,Внутригородская территория города федерального значения,Внутригородская территория города федерального значения,40902000,Без изменений,2010,2025,2025,Рубль,Январь-декабрь,CD
Y48423007,Всего по обследуемым видам экономической деятельности,Санкт-Петербург,Муниципальное образование верхнего уровня,муниципальный округ Николаевский,40903000,Внутригородская территория города федерального значения,Внутригородская территория города федерального значения,40903000,Без изменений,2010,2025,2025,Рубль,Январь-декабрь,CD
Y48423007,Всего по обследуемым видам экономической деятельности,Санкт-Петербург,Муниципальное образование верхнего уровня,муниципальный округ Купчино,40904000,Внутригородская территория города федерального значения,Внутригородская территория города федерального значения,40904000,Без изменений,2010,2025,2025,Рубль,Январь-декабрь,CD
Y48423007,Всего по обследуемым видам экономической деятельности,Санкт-Петербург,Муниципальное образование верхнего уровня,муниципальный округ Георгиевский,40905000,Внутригородская территория города федерального значения,Внутригородская территория города федерального значения,40905000,Без изменений,2010,2025,2025,Рубль,Январь-декабрь,CD
Y48423007,Всего по обследуемым видам экономической деятельности,Санкт-Петербург,Муниципальное образование верхнего уровня,муниципальный округ Александровский,40906000,Внутригородская территория города федерального значения,Внутригородская территория города федерального значения,40906000,Без изменений,2010,2025,2025,Рубль,Январь-декабрь,CD
Y48423007,Всего по обследуемым видам экономической деятельности,Санкт-Петербург,Муниципальное образование верхнего уровня,муниципальный округ Балканский,40907000,Внутригородская территория города федерального значения,Внутригородская территория города федерального значения,40907000,Без изменений,2010,2025,2025,Рубль,Январь-декабрь,CD
Y48423007,Всего по обследуемым видам экономической деятельности,Санкт-Петербург,Муниципальное образование верхнего уровня,муниципальный округ Дворцовый округ,40908000,Внутригородская территория города федерального значения,Внутригородская территория города федерального значения,40908000,Без изменений,2010,2025,2025,Рубль,Январь-декабрь,CD
Y48423007,Всего по обследуемым видам экономической деятельности,Санкт-Петербург,Муниципальное образование верхнего уровня,муниципальный округ № 78,40909000,Внутригородская территория города федерального значения,Внутригородская территория города федерального значения,40909000,Без изменений,2010,2025,2025,Рубль,Январь-декабрь,CD
Y48423007,Всего по обследуемым видам экономической деятельности,Санкт-Петербург,Муниципальное образование верхнего уровня,муниципальный округ Литейный округ,40910000,Внутригородская территория города федерального значения,Внутригородская территория города федерального значения,40910000,Без изменений,2010,2025,2025,Рубль,Январь-декабрь,CD
Y48423007,Всего по обследуемым видам экономической деятельности,Санкт-Петербург,Муниципальное образование верхнего уровня,муниципальный округ Смольнинское,40911000,Внутригородская территория города федерального значения,Внутригородская территория города федерального значения,40911000,Без изменений,2010,2025,2025,Рубль,Январь-декабрь,CD
Y48423007,Всего по обследуемым видам экономической деятельности,Санкт-Петербург,Муниципальное образование верхнего уровня,муниципальный округ Лиговка-Ямская,40912000,Внутригородская территория города федерального значения,Внутригородская территория города федерального значения,40912000,Без изменений,2010,2025,2025,Рубль,Январь-декабрь,CD
Y48423007,Всего по обследуемым видам экономической деятельности,Санкт-Петербург,Муниципальное образование верхнего уровня,муниципальный округ Владимирский округ,40913000,Внутригородская территория города федерального значения,Внутригородская территория города федерального значения,40913000,Без изменений,2010,2025,2025,Рубль,Январь-декабрь,CD
Y48423007,Всего по обследуемым видам экономической деятельности,Ленинградская область,Муниципальное образование верхнего уровня,Гатчинский муниципальный округ,41518000,Муниципальный округ,Муниципальный округ,41518000,Изменен тип и название,2025,2025,2025,Рубль,Январь-декабрь,CD
Y48423007,Всего по обследуемым видам экономической деятельности,Ленинградская область,Муниципальное образование верхнего уровня,Бокситогорский муниципальный район,41603000,Муниципальный район,Муниципальный район,41603000,Без изменений,2010,2025,2025,Рубль,Январь-декабрь,CD
Y48423007,Всего по обследуемым видам экономической деятельности,Ленинградская область,Муниципальное образование верхнего уровня,Волосовский муниципальный район,41606000,Муниципальный район,Муниципальный район,41606000,Без изменений,2010,2025,2025,Рубль,Январь-декабрь,CD
Y48423007,Всего по обследуемым видам экономической деятельности,Ленинградская область,Муниципальное образование верхнего уровня,Волховский муниципальный район,41609000,Муниципальный район,Муниципальный район,41609000,Без изменений,2010,2025,2025,Рубль,Январь-декабрь,CD
Y48423007,Всего по обследуемым видам экономической деятельности,Ленинградская область,Муниципальное образование верхнего уровня,Всеволожский муниципальный район,41612000,Муниципальный район,Муниципальный район,41612000,Без изменений,2010,2025,2025,Рубль,Январь-декабрь,CD
Y48423007,Всего по обследуемым видам экономической деятельности,Ленинградская область,Муниципальное образование верхнего уровня,Выборгский муниципальный район,41615000,Муниципальный район,Муниципальный район,41615000,Без изменений,2010,2025,2025,Рубль,Январь-декабрь,CD
Y48423007,Всего по обследуемым видам экономической деятельности,Ленинградская область,Муниципальное образование верхнего уровня,Кингисеппский муниципальный район,41621000,Муниципальный район,Муниципальный район,41621000,Без изменений,2010,2025,2025,Рубль,Январь-декабрь,CD
Y48423007,Всего по обследуемым видам экономической деятельности,Ленинградская область,Муниципальное образование верхнего уровня,Киришский муниципальный район,41624000,Муниципальный район,Муниципальный район,41624000,Без изменений,2010,2025,2025,Рубль,Январь-декабрь,CD
Y48423007,Всего по обследуемым видам экономической деятельности,Ленинградская область,Муниципальное образование верхнего уровня,Кировский муниципальный район,41625000,Муниципальный район,Муниципальный район,41625000,Без изменений,2010,2025,2025,Рубль,Январь-декабрь,CD
Y48423007,Всего по обследуемым видам экономической деятельности,Ленинградская область,Муниципальное образование верхнего уровня,Лодейнопольский муниципальный район,41627000,Муниципальный район,Муниципальный район,41627000,Без изменений,2010,2025,2025,Рубль,Январь-декабрь,CD
Y48423007,Всего по обследуемым видам экономической деятельности,Ленинградская область,Муниципальное образование верхнего уровня,Ломоносовский муниципальный район,41630000,Муниципальный район,Муниципальный район,41630000,Без изменений,2010,2025,2025,Рубль,Январь-декабрь,CD
Y48423007,Всего по обследуемым видам экономической деятельности,Ленинградская область,Муниципальное образование верхнего уровня,Лужский муниципальный район,41633000,Муниципальный район,Муниципальный район,41633000,Без изменений,2010,2025,2025,Рубль,Январь-декабрь,CD
Y48423007,Всего по обследуемым видам экономической деятельности,Ленинградская область,Муниципальное образование верхнего уровня,Подпорожский муниципальный район,41636000,Муниципальный район,Муниципальный район,41636000,Без изменений,2010,2025,2025,Рубль,Январь-декабрь,CD
Y48423007,Всего по обследуемым видам экономической деятельности,Ленинградская область,Муниципальное образование верхнего уровня,Приозерский муниципальный район,41639000,Муниципальный район,Муниципальный район,41639000,Без изменений,2010,2025,2025,Рубль,Январь-декабрь,CD
Y48423007,Всего по обследуемым видам экономической деятельности,Ленинградская область,Муниципальное образование верхнего уровня,Сланцевский муниципальный район,41642000,Муниципальный район,Муниципальный район,41642000,Без изменений,2010,2025,2025,Рубль,Январь-декабрь,CD
Y48423007,Всего по обследуемым видам экономической деятельности,Ленинградская область,Муниципальное образование верхнего уровня,Тихвинский муниципальный район,41645000,Муниципальный район,Муниципальный район,41645000,Без изменений,2010,2025,2025,Рубль,Январь-декабрь,CD
Y48423007,Всего по обследуемым видам экономической деятельности,Ленинградская область,Муниципальное образование верхнего уровня,Тосненский муниципальный район,41648000,Муниципальный район,Муниципальный район,41648000,Без изменений,2010,2025,2025,Рубль,Январь-декабрь,CD
Y48423007,Всего по обследуемым видам экономической деятельности,Ленинградская область,Муниципальное образование верхнего уровня,Сосновоборский,41754000,"Городской округ, городской округ с внутригородским делением","Городской округ, городской округ с внутригородским делением",41754000,Без изменений,2010,2025,2025,Рубль,Январь-декабрь,CD
Y48423007,Всего по обследуемым видам экономической деятельности,Липецкая область,Муниципальное образование верхнего уровня,Воловский муниципальный округ,42503000,Муниципальный округ,Муниципальный округ,42503000,Изменен тип и название,2024,2025,2025,Рубль,Январь-декабрь,CD
Y48423007,Всего по обследуемым видам экономической деятельности,Липецкая область,Муниципальное образование верхнего уровня,Добровский муниципальный округ,42515000,Муниципальный округ,Муниципальный округ,42515000,Изменен тип и название,2024,2025,2025,Рубль,Январь-декабрь,CD
Y48423007,Всего по обследуемым видам экономической деятельности,Липецкая область,Муниципальное образование верхнего уровня,Измалковский муниципальный округ,42527000,Муниципальный округ,Муниципальный округ,42527000,Изменен тип и название,2024,2025,2025,Рубль,Январь-декабрь,CD
Y48423007,Всего по обследуемым видам экономической деятельности,Липецкая область,Муниципальное образование верхнего уровня,Липецкий муниципальный округ,42540000,Муниципальный округ,Муниципальный округ,42540000,Изменен тип и название,2025,2025,2025,Рубль,Январь-декабрь,CD
Y48423007,Всего по обследуемым видам экономической деятельности,Липецкая область,Муниципальное образование верхнего уровня,Становлянский муниципальный округ,42542000,Муниципальный округ,Муниципальный округ,42542000,Изменен тип и название,2024,2025,2025,Рубль,Январь-декабрь,CD
Y48423007,Всего по обследуемым видам экономической деятельности,Липецкая область,Муниципальное образование верхнего уровня,Грязинский муниципальный район,42606000,Муниципальный район,Муниципальный район,42506000,Изменен тип и название,2010,2025,2025,Рубль,Январь-декабрь,CD
Y48423007,Всего по обследуемым видам экономической деятельности,Липецкая область,Муниципальное образование верхнего уровня,Данковский муниципальный район,42609000,Муниципальный район,Муниципальный район,42509000,Изменен тип и название,2010,2025,2025,Рубль,Январь-декабрь,CD
Y48423007,Всего по обследуемым видам экономической деятельности,Липецкая область,Муниципальное образование верхнего уровня,Добринский муниципальный район,42612000,Муниципальный район,Муниципальный район,42512000,Изменен тип и название,2010,2025,2025,Рубль,Январь-декабрь,CD
Y48423007,Всего по обследуемым видам экономической деятельности,Липецкая область,Муниципальное образование верхнего уровня,Долгоруковский муниципальный район,42618000,Муниципальный район,Муниципальный район,42518000,Изменен тип и название,2010,2025,2025,Рубль,Январь-декабрь,CD
Y48423007,Всего по обследуемым видам экономической деятельности,Липецкая область,Муниципальное образование верхнего уровня,Елецкий муниципальный район,42621000,Муниципальный район,Муниципальный район,42521000,Изменен тип и название,2010,2025,2025,Рубль,Январь-декабрь,CD
Y48423007,Всего по обследуемым видам экономической деятельности,Липецкая область,Муниципальное образование верхнего уровня,Задонский муниципальный район,42624000,Муниципальный район,Муниципальный район,42524000,Изменен тип и название,2010,2025,2025,Рубль,Январь-декабрь,CD
Y48423007,Всего по обследуемым видам экономической деятельности,Липецкая область,Муниципальное образование верхнего уровня,Краснинский муниципальный район,42630000,Муниципальный район,Муниципальный район,42530000,Изменен тип и название,2010,2025,2025,Рубль,Январь-декабрь,CD
Y48423007,Всего по обследуемым видам экономической деятельности,Липецкая область,Муниципальное образование верхнего уровня,Лебедянский муниципальный район,42633000,Муниципальный район,Муниципальный район,42533000,Изменен тип и название,2010,2025,2025,Рубль,Январь-декабрь,CD
Y48423007,Всего по обследуемым видам экономической деятельности,Липецкая область,Муниципальное образование верхнего уровня,Лев-Толстовский муниципальный район,42636000,Муниципальный район,Муниципальный район,42636000,Без изменений,2010,2025,2025,Рубль,Январь-декабрь,CD
Y48423007,Всего по обследуемым видам экономической деятельности,Липецкая область,Муниципальное образование верхнего уровня,Тербунский муниципальный район,42645000,Муниципальный район,Муниципальный район,42545000,Изменен тип и название,2010,2025,2025,Рубль,Январь-декабрь,CD
Y48423007,Всего по обследуемым видам экономической деятельности,Липецкая область,Муниципальное образование верхнего уровня,Усманский муниципальный район,42648000,Муниципальный район,Муниципальный район,42548000,Изменен тип и название,2010,2025,2025,Рубль,Январь-декабрь,CD
Y48423007,Всего по обследуемым видам экономической деятельности,Липецкая область,Муниципальное образование верхнего уровня,Хлевенский муниципальный район,42652000,Муниципальный район,Муниципальный район,42552000,Изменен тип и название,2010,2025,2025,Рубль,Январь-декабрь,CD
Y48423007,Всего по обследуемым видам экономической деятельности,Липецкая область,Муниципальное образование верхнего уровня,Чаплыгинский муниципальный район,42656000,Муниципальный район,Муниципальный район,42556000,Изменен тип и название,2010,2025,2025,Рубль,Январь-декабрь,CD
Y48423007,Всего по обследуемым видам экономической деятельности,Липецкая область,Муниципальное образование верхнего уровня,город Липецк,42701000,"Городской округ, городской округ с внутригородским делением","Городской округ, городской округ с внутригородским делением",42701000,Без изменений,2010,2025,2025,Рубль,Январь-декабрь,CD
Y48423007,Всего по обследуемым видам экономической деятельности,Липецкая область,Муниципальное образование верхнего уровня,город Елец,42715000,"Городской округ, городской округ с внутригородским делением","Городской округ, городской округ с внутригородским делением",42715000,Без изменений,2010,2025,2025,Рубль,Январь-декабрь,CD
Y48423007,Всего по обследуемым видам экономической деятельности,Магаданская область,Муниципальное образование верхнего уровня,Ольский,44502000,Муниципальный округ,Муниципальный округ,44502000,Изменен тип и название,2023,2025,2025,Рубль,Январь-декабрь,CD
Y48423007,Всего по обследуемым видам экономической деятельности,Магаданская область,Муниципальное образование верхнего уровня,Омсукчанский,44504000,Муниципальный округ,Муниципальный округ,44504000,Изменен тип и название,2023,2025,2025,Рубль,Январь-декабрь,CD
Y48423007,Всего по обследуемым видам экономической деятельности,Магаданская область,Муниципальное образование верхнего уровня,Северо-Эвенский,44507000,Муниципальный округ,Муниципальный округ,44507000,Изменен тип и название,2023,2025,2025,Рубль,Январь-декабрь,CD
Y48423007,Всего по обследуемым видам экономической деятельности,Магаданская область,Муниципальное образование верхнего уровня,Среднеканский,44510000,Муниципальный округ,Муниципальный округ,44510000,Изменен тип и название,2023,2025,2025,Рубль,Январь-декабрь,CD
Y48423007,Всего по обследуемым видам экономической деятельности,Магаданская область,Муниципальное образование верхнего уровня,Сусуманский,44513000,Муниципальный округ,Муниципальный округ,44513000,Изменен тип и название,2023,2025,2025,Рубль,Январь-декабрь,CD
Y48423007,Всего по обследуемым видам экономической деятельности,Магаданская область,Муниципальное образование верхнего уровня,Тенькинский,44516000,Муниципальный округ,Муниципальный округ,44516000,Изменен тип и название,2023,2025,2025,Рубль,Январь-декабрь,CD
Y48423007,Всего по обследуемым видам экономической деятельности,Магаданская область,Муниципальное образование верхнего уровня,Хасынский,44519000,Муниципальный округ,Муниципальный округ,44519000,Изменен тип и название,2023,2025,2025,Рубль,Январь-декабрь,CD
Y48423007,Всего по обследуемым видам экономической деятельности,Магаданская область,Муниципальное образование верхнего уровня,Ягоднинский,44522000,Муниципальный округ,Муниципальный округ,44522000,Изменен тип и название,2023,2025,2025,Рубль,Январь-декабрь,CD
Y48423007,Всего по обследуемым видам экономической деятельности,Магаданская область,Муниципальное образование верхнего уровня,город Магадан,44701000,"Городской округ, городской округ с внутригородским делением","Городской округ, городской округ с внутригородским делением",44701000,Без изменений,2010,2025,2025,Рубль,Январь-декабрь,CD
Y48423007,Всего по обследуемым видам экономической деятельности,Москва,Субъект РФ,Муниципальные образования города Москвы (столицы Российской Федерации города федерального значения),45000000,Внутригородская территория города федерального значения,Субъект РФ,CD,CD,CD,CD,2025,Рубль,Январь-декабрь,mun_type в исходных данных не соответствует oktmo
Y48423007,Всего по обследуемым видам экономической деятельности,Москва,Муниципальное образование верхнего уровня,муниципальный округ Богородское,45301000,Внутригородская территория города федерального значения,Внутригородская территория города федерального значения,45301000,Изменен тип и название,2010,2013,2025,Рубль,Январь-декабрь,CD
Y48423007,Всего по обследуемым видам экономической деятельности,Москва,Муниципальное образование верхнего уровня,муниципальный округ Вешняки,45302000,Внутригородская территория города федерального значения,Внутригородская территория города федерального значения,45302000,Изменен тип и название,2010,2013,2025,Рубль,Январь-декабрь,CD
Y48423007,Всего по обследуемым видам экономической деятельности,Москва,Муниципальное образование верхнего уровня,муниципальный округ Восточное Измайлово,45303000,Внутригородская территория города федерального значения,Внутригородская территория города федерального значения,45303000,Изменен тип и название,2010,2013,2025,Рубль,Январь-декабрь,CD
Y48423007,Всего по обследуемым видам экономической деятельности,Москва,Муниципальное образование верхнего уровня,муниципальный округ Восточный,45304000,Внутригородская территория города федерального значения,Внутригородская территория города федерального значения,45304000,Изменен тип и название,2010,2013,2025,Рубль,Январь-декабрь,CD
Y48423007,Всего по обследуемым видам экономической деятельности,Москва,Муниципальное образование верхнего уровня,муниципальный округ Гольяново,45305000,Внутригородская территория города федерального значения,Внутригородская территория города федерального значения,45305000,Изменен тип и название,2010,2013,2025,Рубль,Январь-декабрь,CD
Y48423007,Всего по обследуемым видам экономической деятельности,Москва,Муниципальное образование верхнего уровня,муниципальный округ Ивановское,45306000,Внутригородская территория города федерального значения,Внутригородская территория города федерального значения,45306000,Изменен тип и название,2010,2013,2025,Рубль,Январь-декабрь,CD
Y48423007,Всего по обследуемым видам экономической деятельности,Москва,Муниципальное образование верхнего уровня,муниципальный округ Измайлово,45307000,Внутригородская территория города федерального значения,Внутригородская территория города федерального значения,45307000,Изменен тип и название,2010,2013,2025,Рубль,Январь-декабрь,CD
Y48423007,Всего по обследуемым видам экономической деятельности,Москва,Муниципальное образование верхнего уровня,муниципальный округ Косино-Ухтомский,45308000,Внутригородская территория города федерального значения,Внутригородская территория города федерального значения,45308000,Изменен тип и название,2010,2013,2025,Рубль,Январь-декабрь,CD
Y48423007,Всего по обследуемым видам экономической деятельности,Москва,Муниципальное образование верхнего уровня,муниципальный округ Новогиреево,45309000,Внутригородская территория города федерального значения,Внутригородская территория города федерального значения,45309000,Изменен тип и название,2010,2013,2025,Рубль,Январь-декабрь,CD
Y48423007,Всего по обследуемым видам экономической деятельности,Москва,Муниципальное образование верхнего уровня,муниципальный округ Новокосино,45310000,Внутригородская территория города федерального значения,Внутригородская территория города федерального значения,45310000,Изменен тип и название,2010,2013,2025,Рубль,Январь-декабрь,CD
Y48423007,Всего по обследуемым видам экономической деятельности,Москва,Муниципальное образование верхнего уровня,муниципальный округ Метрогородок,45311000,Внутригородская территория города федерального значения,Внутригородская территория города федерального значения,45311000,Изменен тип и название,2010,2013,2025,Рубль,Январь-декабрь,CD
Y48423007,Всего по обследуемым видам экономической деятельности,Москва,Муниципальное образование верхнего уровня,муниципальный округ Перово,45312000,Внутригородская территория города федерального значения,Внутригородская территория города федерального значения,45312000,Изменен тип и название,2010,2013,2025,Рубль,Январь-декабрь,CD
Y48423007,Всего по обследуемым видам экономической деятельности,Москва,Муниципальное образование верхнего уровня,муниципальный округ Северное Измайлово,45313000,Внутригородская территория города федерального значения,Внутригородская территория города федерального значения,45313000,Изменен тип и название,2010,2013,2025,Рубль,Январь-декабрь,CD
Y48423007,Всего по обследуемым видам экономической деятельности,Москва,Муниципальное образование верхнего уровня,муниципальный округ Соколиная гора,45314000,Внутригородская территория города федерального значения,Внутригородская территория города федерального значения,45314000,Изменен тип и название,2010,2013,2025,Рубль,Январь-декабрь,CD
Y48423007,Всего по обследуемым видам экономической деятельности,Москва,Муниципальное образование верхнего уровня,муниципальный округ Сокольники,45315000,Внутригородская территория города федерального значения,Внутригородская территория города федерального значения,45315000,Изменен тип и название,2010,2013,2025,Рубль,Январь-декабрь,CD
Y48423007,Всего по обследуемым видам экономической деятельности,Москва,Муниципальное образование верхнего уровня,муниципальный округ Преображенское,45316000,Внутригородская территория города федерального значения,Внутригородская территория города федерального значения,45316000,Изменен тип и название,2010,2013,2025,Рубль,Январь-декабрь,CD
Y48423007,Всего по обследуемым видам экономической деятельности,Москва,Муниципальное образование верхнего уровня,муниципальный округ Дорогомилово,45318000,Внутригородская территория города федерального значения,Внутригородская территория города федерального значения,45318000,Изменен тип и название,2010,2013,2025,Рубль,Январь-декабрь,CD
Y48423007,Всего по обследуемым видам экономической деятельности,Москва,Муниципальное образование верхнего уровня,муниципальный округ Крылатское,45319000,Внутригородская территория города федерального значения,Внутригородская территория города федерального значения,45319000,Изменен тип и название,2010,2013,2025,Рубль,Январь-декабрь,CD
Y48423007,Всего по обследуемым видам экономической деятельности,Москва,Муниципальное образование верхнего уровня,муниципальный округ Кунцево,45320000,Внутригородская территория города федерального значения,Внутригородская территория города федерального значения,45320000,Изменен тип и название,2010,2013,2025,Рубль,Январь-декабрь,CD
Y48423007,Всего по обследуемым видам экономической деятельности,Москва,Муниципальное образование верхнего уровня,муниципальный округ Можайский,45321000,Внутригородская территория города федерального значения,Внутригородская территория города федерального значения,45321000,Изменен тип и название,2010,2013,2025,Рубль,Январь-декабрь,CD
Y48423007,Всего по обследуемым видам экономической деятельности,Москва,Муниципальное образование верхнего уровня,муниципальный округ Ново-Переделкино,45322000,Внутригородская территория города федерального значения,Внутригородская территория города федерального значения,45322000,Изменен тип и название,2010,2013,2025,Рубль,Январь-декабрь,CD
Y48423007,Всего по обследуемым видам экономической деятельности,Москва,Муниципальное образование верхнего уровня,муниципальный округ Очаково-Матвеевское,45323000,Внутригородская территория города федерального значения,Внутригородская территория города федерального значения,45323000,Изменен тип и название,2010,2013,2025,Рубль,Январь-декабрь,CD
Y48423007,Всего по обследуемым видам экономической деятельности,Москва,Муниципальное образование верхнего уровня,муниципальный округ Проспект Вернадского,45324000,Внутригородская территория города федерального значения,Внутригородская территория города федерального значения,45324000,Изменен тип и название,2010,2013,2025,Рубль,Январь-декабрь,CD
Y48423007,Всего по обследуемым видам экономической деятельности,Москва,Муниципальное образование верхнего уровня,муниципальный округ Раменки,45325000,Внутригородская территория города федерального значения,Внутригородская территория города федерального значения,45325000,Изменен тип и название,2010,2013,2025,Рубль,Январь-декабрь,CD
Y48423007,Всего по обследуемым видам экономической деятельности,Москва,Муниципальное образование верхнего уровня,муниципальный округ Солнцево,45326000,Внутригородская территория города федерального значения,Внутригородская территория города федерального значения,45326000,Изменен тип и название,2010,2013,2025,Рубль,Январь-декабрь,CD
Y48423007,Всего по обследуемым видам экономической деятельности,Москва,Муниципальное образование верхнего уровня,муниципальный округ Тропарево-Никулино,45327000,Внутригородская территория города федерального значения,Внутригородская территория города федерального значения,45327000,Изменен тип и название,2010,2013,2025,Рубль,Январь-декабрь,CD
Y48423007,Всего по обследуемым видам экономической деятельности,Москва,Муниципальное образование верхнего уровня,муниципальный округ Филевский парк,45328000,Внутригородская территория города федерального значения,Внутригородская территория города федерального значения,45328000,Изменен тип и название,2010,2013,2025,Рубль,Январь-декабрь,CD
Y48423007,Всего по обследуемым видам экономической деятельности,Москва,Муниципальное образование верхнего уровня,муниципальный округ Фили-Давыдково,45329000,Внутригородская территория города федерального значения,Внутригородская территория города федерального значения,45329000,Изменен тип и название,2010,2013,2025,Рубль,Январь-декабрь,CD
Y48423007,Всего по обследуемым видам экономической деятельности,Москва,Муниципальное образование верхнего уровня,муниципальный округ Крюково,45330000,Внутригородская территория города федерального значения,Внутригородская территория города федерального значения,45330000,Изменен тип и название,2010,2013,2025,Рубль,Январь-декабрь,CD
Y48423007,Всего по обследуемым видам экономической деятельности,Москва,Муниципальное образование верхнего уровня,муниципальный округ Матушкино,45331000,Внутригородская территория города федерального значения,Внутригородская территория города федерального значения,45331000,Изменен тип и название,2010,2013,2025,Рубль,Январь-декабрь,CD
Y48423007,Всего по обследуемым видам экономической деятельности,Москва,Муниципальное образование верхнего уровня,муниципальный округ Силино,45332000,Внутригородская территория города федерального значения,Внутригородская территория города федерального значения,45332000,Изменен тип и название,2010,2013,2025,Рубль,Январь-декабрь,CD
Y48423007,Всего по обследуемым видам экономической деятельности,Москва,Муниципальное образование верхнего уровня,муниципальный округ Аэропорт,45333000,Внутригородская территория города федерального значения,Внутригородская территория города федерального значения,45333000,Изменен тип и название,2010,2013,2025,Рубль,Январь-декабрь,CD
Y48423007,Всего по обследуемым видам экономической деятельности,Москва,Муниципальное образование верхнего уровня,муниципальный округ Беговой,45334000,Внутригородская территория города федерального значения,Внутригородская территория города федерального значения,45334000,Изменен тип и название,2010,2013,2025,Рубль,Январь-декабрь,CD
Y48423007,Всего по обследуемым видам экономической деятельности,Москва,Муниципальное образование верхнего уровня,муниципальный округ Бескудниковский,45335000,Внутригородская территория города федерального значения,Внутригородская территория города федерального значения,45335000,Изменен тип и название,2010,2013,2025,Рубль,Январь-декабрь,CD
Y48423007,Всего по обследуемым видам экономической деятельности,Москва,Муниципальное образование верхнего уровня,муниципальный округ Войковский,45336000,Внутригородская территория города федерального значения,Внутригородская территория города федерального значения,45336000,Изменен тип и название,2010,2013,2025,Рубль,Январь-декабрь,CD
Y48423007,Всего по обследуемым видам экономической деятельности,Москва,Муниципальное образование верхнего уровня,муниципальный округ Восточное Дегунино,45337000,Внутригородская территория города федерального значения,Внутригородская территория города федерального значения,45337000,Изменен тип и название,2010,2013,2025,Рубль,Январь-декабрь,CD
Y48423007,Всего по обследуемым видам экономической деятельности,Москва,Муниципальное образование верхнего уровня,муниципальный округ Головинский,45338000,Внутригородская территория города федерального значения,Внутригородская территория города федерального значения,45338000,Изменен тип и название,2010,2013,2025,Рубль,Январь-декабрь,CD
Y48423007,Всего по обследуемым видам экономической деятельности,Москва,Муниципальное образование верхнего уровня,муниципальный округ Дмитровский,45339000,Внутригородская территория города федерального значения,Внутригородская территория города федерального значения,45339000,Изменен тип и название,2010,2016,2025,Рубль,Январь-декабрь,CD
Y48423007,Всего по обследуемым видам экономической деятельности,Москва,Муниципальное образование верхнего уровня,муниципальный округ Западное Дегунино,45340000,Внутригородская территория города федерального значения,Внутригородская территория города федерального значения,45340000,Изменен тип и название,2010,2013,2025,Рубль,Январь-декабрь,CD
Y48423007,Всего по обследуемым видам экономической деятельности,Москва,Муниципальное образование верхнего уровня,муниципальный округ Коптево,45341000,Внутригородская территория города федерального значения,Внутригородская территория города федерального значения,45341000,Изменен тип и название,2010,2013,2025,Рубль,Январь-декабрь,CD
Y48423007,Всего по обследуемым видам экономической деятельности,Москва,Муниципальное образование верхнего уровня,муниципальный округ Левобережный,45342000,Внутригородская территория города федерального значения,Внутригородская территория города федерального значения,45342000,Изменен тип и название,2010,2013,2025,Рубль,Январь-декабрь,CD
Y48423007,Всего по обследуемым видам экономической деятельности,Москва,Муниципальное образование верхнего уровня,муниципальный округ Молжаниновский,45343000,Внутригородская территория города федерального значения,Внутригородская территория города федерального значения,45343000,Изменен тип и название,2010,2013,2025,Рубль,Январь-декабрь,CD
Y48423007,Всего по обследуемым видам экономической деятельности,Москва,Муниципальное образование верхнего уровня,муниципальный округ Савеловский,45344000,Внутригородская территория города федерального значения,Внутригородская территория города федерального значения,45344000,Изменен тип и название,2010,2013,2025,Рубль,Январь-декабрь,CD
Y48423007,Всего по обследуемым видам экономической деятельности,Москва,Муниципальное образование верхнего уровня,муниципальный округ Сокол,45345000,Внутригородская территория города федерального значения,Внутригородская территория города федерального значения,45345000,Изменен тип и название,2010,2013,2025,Рубль,Январь-декабрь,CD
Y48423007,Всего по обследуемым видам экономической деятельности,Москва,Муниципальное образование верхнего уровня,муниципальный округ Тимирязевский,45346000,Внутригородская территория города федерального значения,Внутригородская территория города федерального значения,45346000,Изменен тип и название,2010,2013,2025,Рубль,Январь-декабрь,CD
Y48423007,Всего по обследуемым видам экономической деятельности,Москва,Муниципальное образование верхнего уровня,муниципальный округ Ховрино,45347000,Внутригородская территория города федерального значения,Внутригородская территория города федерального значения,45347000,Изменен тип и название,2010,2013,2025,Рубль,Январь-декабрь,CD
Y48423007,Всего по обследуемым видам экономической деятельности,Москва,Муниципальное образование верхнего уровня,муниципальный округ Хорошевский,45348000,Внутригородская территория города федерального значения,Внутригородская территория города федерального значения,45348000,Изменен тип и название,2010,2013,2025,Рубль,Январь-декабрь,CD
Y48423007,Всего по обследуемым видам экономической деятельности,Москва,Муниципальное образование верхнего уровня,муниципальный округ Алексеевский,45349000,Внутригородская территория города федерального значения,Внутригородская территория города федерального значения,45349000,Изменен тип и название,2010,2013,2025,Рубль,Январь-декабрь,CD
Y48423007,Всего по обследуемым видам экономической деятельности,Москва,Муниципальное образование верхнего уровня,муниципальный округ Алтуфьевский,45350000,Внутригородская территория города федерального значения,Внутригородская территория города федерального значения,45350000,Изменен тип и название,2010,2013,2025,Рубль,Январь-декабрь,CD
Y48423007,Всего по обследуемым видам экономической деятельности,Москва,Муниципальное образование верхнего уровня,муниципальный округ Бабушкинский,45351000,Внутригородская территория города федерального значения,Внутригородская территория города федерального значения,45351000,Изменен тип и название,2010,2013,2025,Рубль,Январь-декабрь,CD
Y48423007,Всего по обследуемым видам экономической деятельности,Москва,Муниципальное образование верхнего уровня,муниципальный округ Бибирево,45352000,Внутригородская территория города федерального значения,Внутригородская территория города федерального значения,45352000,Изменен тип и название,2010,2013,2025,Рубль,Январь-декабрь,CD
Y48423007,Всего по обследуемым видам экономической деятельности,Москва,Муниципальное образование верхнего уровня,муниципальный округ Бутырский,45353000,Внутригородская территория города федерального значения,Внутригородская территория города федерального значения,45353000,Изменен тип и название,2010,2013,2025,Рубль,Январь-декабрь,CD
Y48423007,Всего по обследуемым видам экономической деятельности,Москва,Муниципальное образование верхнего уровня,муниципальный округ Лианозово,45354000,Внутригородская территория города федерального значения,Внутригородская территория города федерального значения,45354000,Изменен тип и название,2010,2013,2025,Рубль,Январь-декабрь,CD
Y48423007,Всего по обследуемым видам экономической деятельности,Москва,Муниципальное образование верхнего уровня,муниципальный округ Лосиноостровский,45355000,Внутригородская территория города федерального значения,Внутригородская территория города федерального значения,45355000,Изменен тип и название,2010,2013,2025,Рубль,Январь-декабрь,CD
Y48423007,Всего по обследуемым видам экономической деятельности,Москва,Муниципальное образование верхнего уровня,муниципальный округ Марфино,45356000,Внутригородская территория города федерального значения,Внутригородская территория города федерального значения,45356000,Изменен тип и название,2010,2013,2025,Рубль,Январь-декабрь,CD
Y48423007,Всего по обследуемым видам экономической деятельности,Москва,Муниципальное образование верхнего уровня,муниципальный округ Марьина роща,45357000,Внутригородская территория города федерального значения,Внутригородская территория города федерального значения,45357000,Изменен тип и название,2010,2013,2025,Рубль,Январь-декабрь,CD
Y48423007,Всего по обследуемым видам экономической деятельности,Москва,Муниципальное образование верхнего уровня,муниципальный округ Останкинский,45358000,Внутригородская территория города федерального значения,Внутригородская территория города федерального значения,45358000,Изменен тип и название,2010,2013,2025,Рубль,Январь-декабрь,CD
Y48423007,Всего по обследуемым видам экономической деятельности,Москва,Муниципальное образование верхнего уровня,муниципальный округ Отрадное,45359000,Внутригородская территория города федерального значения,Внутригородская территория города федерального значения,45359000,Изменен тип и название,2010,2013,2025,Рубль,Январь-декабрь,CD
Y48423007,Всего по обследуемым видам экономической деятельности,Москва,Муниципальное образование верхнего уровня,муниципальный округ Ростокино,45360000,Внутригородская территория города федерального значения,Внутригородская территория города федерального значения,45360000,Изменен тип и название,2010,2013,2025,Рубль,Январь-декабрь,CD
Y48423007,Всего по обследуемым видам экономической деятельности,Москва,Муниципальное образование верхнего уровня,муниципальный округ Свиблово,45361000,Внутригородская территория города федерального значения,Внутригородская территория города федерального значения,45361000,Изменен тип и название,2010,2013,2025,Рубль,Январь-декабрь,CD
Y48423007,Всего по обследуемым видам экономической деятельности,Москва,Муниципальное образование верхнего уровня,муниципальный округ Северное Медведково,45362000,Внутригородская территория города федерального значения,Внутригородская территория города федерального значения,45362000,Изменен тип и название,2010,2013,2025,Рубль,Январь-декабрь,CD
Y48423007,Всего по обследуемым видам экономической деятельности,Москва,Муниципальное образование верхнего уровня,муниципальный округ Северный,45363000,Внутригородская территория города федерального значения,Внутригородская территория города федерального значения,45363000,Изменен тип и название,2010,2013,2025,Рубль,Январь-декабрь,CD
Y48423007,Всего по обследуемым видам экономической деятельности,Москва,Муниципальное образование верхнего уровня,муниципальный округ Южное Медведково,45364000,Внутригородская территория города федерального значения,Внутригородская территория города федерального значения,45364000,Изменен тип и название,2010,2013,2025,Рубль,Январь-декабрь,CD
Y48423007,Всего по обследуемым видам экономической деятельности,Москва,Муниципальное образование верхнего уровня,муниципальный округ Ярославский,45365000,Внутригородская территория города федерального значения,Внутригородская территория города федерального значения,45365000,Изменен тип и название,2010,2013,2025,Рубль,Январь-декабрь,CD
Y48423007,Всего по обследуемым видам экономической деятельности,Москва,Муниципальное образование верхнего уровня,муниципальный округ Куркино,45366000,Внутригородская территория города федерального значения,Внутригородская территория города федерального значения,45366000,Изменен тип и название,2010,2013,2025,Рубль,Январь-декабрь,CD
Y48423007,Всего по обследуемым видам экономической деятельности,Москва,Муниципальное образование верхнего уровня,муниципальный округ Митино,45367000,Внутригородская территория города федерального значения,Внутригородская территория города федерального значения,45367000,Изменен тип и название,2010,2013,2025,Рубль,Январь-декабрь,CD
Y48423007,Всего по обследуемым видам экономической деятельности,Москва,Муниципальное образование верхнего уровня,муниципальный округ Покровское-Стрешнево,45368000,Внутригородская территория города федерального значения,Внутригородская территория города федерального значения,45368000,Изменен тип и название,2010,2013,2025,Рубль,Январь-декабрь,CD
Y48423007,Всего по обследуемым видам экономической деятельности,Москва,Муниципальное образование верхнего уровня,муниципальный округ Северное Тушино,45369000,Внутригородская территория города федерального значения,Внутригородская территория города федерального значения,45369000,Изменен тип и название,2010,2013,2025,Рубль,Январь-декабрь,CD
Y48423007,Всего по обследуемым видам экономической деятельности,Москва,Муниципальное образование верхнего уровня,муниципальный округ Строгино,45370000,Внутригородская территория города федерального значения,Внутригородская территория города федерального значения,45370000,Изменен тип и название,2010,2013,2025,Рубль,Январь-декабрь,CD
Y48423007,Всего по обследуемым видам экономической деятельности,Москва,Муниципальное образование верхнего уровня,муниципальный округ Хорошево-Мневники,45371000,Внутригородская территория города федерального значения,Внутригородская территория города федерального значения,45371000,Изменен тип и название,2010,2013,2025,Рубль,Январь-декабрь,CD
Y48423007,Всего по обследуемым видам экономической деятельности,Москва,Муниципальное образование верхнего уровня,муниципальный округ Щукино,45372000,Внутригородская территория города федерального значения,Внутригородская территория города федерального значения,45372000,Изменен тип и название,2010,2013,2025,Рубль,Январь-декабрь,CD
Y48423007,Всего по обследуемым видам экономической деятельности,Москва,Муниципальное образование верхнего уровня,муниципальный округ Южное Тушино,45373000,Внутригородская территория города федерального значения,Внутригородская территория города федерального значения,45373000,Изменен тип и название,2010,2013,2025,Рубль,Январь-декабрь,CD
Y48423007,Всего по обследуемым видам экономической деятельности,Москва,Муниципальное образование верхнего уровня,муниципальный округ Арбат,45374000,Внутригородская территория города федерального значения,Внутригородская территория города федерального значения,45374000,Изменен тип и название,2010,2013,2025,Рубль,Январь-декабрь,CD
Y48423007,Всего по обследуемым видам экономической деятельности,Москва,Муниципальное образование верхнего уровня,муниципальный округ Басманный,45375000,Внутригородская территория города федерального значения,Внутригородская территория города федерального значения,45375000,Изменен тип и название,2010,2013,2025,Рубль,Январь-декабрь,CD
Y48423007,Всего по обследуемым видам экономической деятельности,Москва,Муниципальное образование верхнего уровня,муниципальный округ Замоскворечье,45376000,Внутригородская территория города федерального значения,Внутригородская территория города федерального значения,45376000,Изменен тип и название,2010,2013,2025,Рубль,Январь-декабрь,CD
Y48423007,Всего по обследуемым видам экономической деятельности,Москва,Муниципальное образование верхнего уровня,муниципальный округ Савелки,45377000,Внутригородская территория города федерального значения,Внутригородская территория города федерального значения,45377000,Изменен тип и название,2010,2013,2025,Рубль,Январь-декабрь,CD
Y48423007,Всего по обследуемым видам экономической деятельности,Москва,Муниципальное образование верхнего уровня,муниципальный округ Красносельский,45378000,Внутригородская территория города федерального значения,Внутригородская территория города федерального значения,45378000,Изменен тип и название,2010,2013,2025,Рубль,Январь-декабрь,CD
Y48423007,Всего по обследуемым видам экономической деятельности,Москва,Муниципальное образование верхнего уровня,муниципальный округ Мещанский,45379000,Внутригородская территория города федерального значения,Внутригородская территория города федерального значения,45379000,Изменен тип и название,2010,2013,2025,Рубль,Январь-декабрь,CD
Y48423007,Всего по обследуемым видам экономической деятельности,Москва,Муниципальное образование верхнего уровня,муниципальный округ Пресненский,45380000,Внутригородская территория города федерального значения,Внутригородская территория города федерального значения,45380000,Изменен тип и название,2010,2013,2025,Рубль,Январь-декабрь,CD
Y48423007,Всего по обследуемым видам экономической деятельности,Москва,Муниципальное образование верхнего уровня,муниципальный округ Таганский,45381000,Внутригородская территория города федерального значения,Внутригородская территория города федерального значения,45381000,Изменен тип и название,2010,2013,2025,Рубль,Январь-декабрь,CD
Y48423007,Всего по обследуемым видам экономической деятельности,Москва,Муниципальное образование верхнего уровня,муниципальный округ Тверской,45382000,Внутригородская территория города федерального значения,Внутригородская территория города федерального значения,45382000,Изменен тип и название,2010,2013,2025,Рубль,Январь-декабрь,CD
Y48423007,Всего по обследуемым видам экономической деятельности,Москва,Муниципальное образование верхнего уровня,муниципальный округ Хамовники,45383000,Внутригородская территория города федерального значения,Внутригородская территория города федерального значения,45383000,Изменен тип и название,2010,2013,2025,Рубль,Январь-декабрь,CD
Y48423007,Всего по обследуемым видам экономической деятельности,Москва,Муниципальное образование верхнего уровня,муниципальный округ Якиманка,45384000,Внутригородская территория города федерального значения,Внутригородская территория города федерального значения,45384000,Изменен тип и название,2010,2013,2025,Рубль,Январь-декабрь,CD
Y48423007,Всего по обследуемым видам экономической деятельности,Москва,Муниципальное образование верхнего уровня,муниципальный округ Выхино-Жулебино,45385000,Внутригородская территория города федерального значения,Внутригородская территория города федерального значения,45385000,Изменен тип и название,2010,2013,2025,Рубль,Январь-декабрь,CD
Y48423007,Всего по обследуемым видам экономической деятельности,Москва,Муниципальное образование верхнего уровня,муниципальный округ Капотня,45386000,Внутригородская территория города федерального значения,Внутригородская территория города федерального значения,45386000,Изменен тип и название,2010,2013,2025,Рубль,Январь-декабрь,CD
Y48423007,Всего по обследуемым видам экономической деятельности,Москва,Муниципальное образование верхнего уровня,муниципальный округ Кузьминки,45387000,Внутригородская территория города федерального значения,Внутригородская территория города федерального значения,45387000,Изменен тип и название,2010,2013,2025,Рубль,Январь-декабрь,CD
Y48423007,Всего по обследуемым видам экономической деятельности,Москва,Муниципальное образование верхнего уровня,муниципальный округ Лефортово,45388000,Внутригородская территория города федерального значения,Внутригородская территория города федерального значения,45388000,Изменен тип и название,2010,2013,2025,Рубль,Январь-декабрь,CD
Y48423007,Всего по обследуемым видам экономической деятельности,Москва,Муниципальное образование верхнего уровня,муниципальный округ Люблино,45389000,Внутригородская территория города федерального значения,Внутригородская территория города федерального значения,45389000,Изменен тип и название,2010,2013,2025,Рубль,Январь-декабрь,CD
Y48423007,Всего по обследуемым видам экономической деятельности,Москва,Муниципальное образование верхнего уровня,муниципальный округ Марьино,45390000,Внутригородская территория города федерального значения,Внутригородская территория города федерального значения,45390000,Изменен тип и название,2010,2013,2025,Рубль,Январь-декабрь,CD
Y48423007,Всего по обследуемым видам экономической деятельности,Москва,Муниципальное образование верхнего уровня,муниципальный округ Некрасовка,45391000,Внутригородская территория города федерального значения,Внутригородская территория города федерального значения,45391000,Изменен тип и название,2010,2013,2025,Рубль,Январь-декабрь,CD
Y48423007,Всего по обследуемым видам экономической деятельности,Москва,Муниципальное образование верхнего уровня,муниципальный округ Нижегородский,45392000,Внутригородская территория города федерального значения,Внутригородская территория города федерального значения,45392000,Изменен тип и название,2010,2013,2025,Рубль,Январь-декабрь,CD
Y48423007,Всего по обследуемым видам экономической деятельности,Москва,Муниципальное образование верхнего уровня,муниципальный округ Печатники,45393000,Внутригородская территория города федерального значения,Внутригородская территория города федерального значения,45393000,Изменен тип и название,2010,2013,2025,Рубль,Январь-декабрь,CD
Y48423007,Всего по обследуемым видам экономической деятельности,Москва,Муниципальное образование верхнего уровня,муниципальный округ Рязанский,45394000,Внутригородская территория города федерального значения,Внутригородская территория города федерального значения,45394000,Изменен тип и название,2010,2013,2025,Рубль,Январь-декабрь,CD
Y48423007,Всего по обследуемым видам экономической деятельности,Москва,Муниципальное образование верхнего уровня,муниципальный округ Текстильщики,45395000,Внутригородская территория города федерального значения,Внутригородская территория города федерального значения,45395000,Изменен тип и название,2010,2013,2025,Рубль,Январь-декабрь,CD
Y48423007,Всего по обследуемым видам экономической деятельности,Москва,Муниципальное образование верхнего уровня,муниципальный округ Южнопортовый,45396000,Внутригородская территория города федерального значения,Внутригородская территория города федерального значения,45396000,Изменен тип и название,2010,2013,2025,Рубль,Январь-декабрь,CD
Y48423007,Всего по обследуемым видам экономической деятельности,Москва,Муниципальное образование верхнего уровня,муниципальный округ Академический,45397000,Внутригородская территория города федерального значения,Внутригородская территория города федерального значения,45397000,Изменен тип и название,2010,2013,2025,Рубль,Январь-декабрь,CD
Y48423007,Всего по обследуемым видам экономической деятельности,Москва,Муниципальное образование верхнего уровня,муниципальный округ Гагаринский,45398000,Внутригородская территория города федерального значения,Внутригородская территория города федерального значения,45398000,Изменен тип и название,2010,2013,2025,Рубль,Январь-декабрь,CD
Y48423007,Всего по обследуемым видам экономической деятельности,Москва,Муниципальное образование верхнего уровня,муниципальный округ Зюзино,45901000,Внутригородская территория города федерального значения,Внутригородская территория города федерального значения,45901000,Изменен тип и название,2010,2013,2025,Рубль,Январь-декабрь,CD
Y48423007,Всего по обследуемым видам экономической деятельности,Москва,Муниципальное образование верхнего уровня,муниципальный округ Коньково,45902000,Внутригородская территория города федерального значения,Внутригородская территория города федерального значения,45902000,Изменен тип и название,2010,2013,2025,Рубль,Январь-декабрь,CD
Y48423007,Всего по обследуемым видам экономической деятельности,Москва,Муниципальное образование верхнего уровня,муниципальный округ Котловка,45903000,Внутригородская территория города федерального значения,Внутригородская территория города федерального значения,45903000,Изменен тип и название,2010,2013,2025,Рубль,Январь-декабрь,CD
Y48423007,Всего по обследуемым видам экономической деятельности,Москва,Муниципальное образование верхнего уровня,муниципальный округ Ломоносовский,45904000,Внутригородская территория города федерального значения,Внутригородская территория города федерального значения,45904000,Изменен тип и название,2010,2013,2025,Рубль,Январь-декабрь,CD
Y48423007,Всего по обследуемым видам экономической деятельности,Москва,Муниципальное образование верхнего уровня,муниципальный округ Обручевский,45905000,Внутригородская территория города федерального значения,Внутригородская территория города федерального значения,45905000,Изменен тип и название,2010,2013,2025,Рубль,Январь-декабрь,CD
Y48423007,Всего по обследуемым видам экономической деятельности,Москва,Муниципальное образование верхнего уровня,муниципальный округ Северное Бутово,45906000,Внутригородская территория города федерального значения,Внутригородская территория города федерального значения,45906000,Изменен тип и название,2010,2013,2025,Рубль,Январь-декабрь,CD
Y48423007,Всего по обследуемым видам экономической деятельности,Москва,Муниципальное образование верхнего уровня,муниципальный округ Теплый Стан,45907000,Внутригородская территория города федерального значения,Внутригородская территория города федерального значения,45907000,Изменен тип и название,2010,2013,2025,Рубль,Январь-декабрь,CD
Y48423007,Всего по обследуемым видам экономической деятельности,Москва,Муниципальное образование верхнего уровня,муниципальный округ Черемушки,45908000,Внутригородская территория города федерального значения,Внутригородская территория города федерального значения,45908000,Изменен тип и название,2010,2013,2025,Рубль,Январь-декабрь,CD
Y48423007,Всего по обследуемым видам экономической деятельности,Москва,Муниципальное образование верхнего уровня,муниципальный округ Южное Бутово,45909000,Внутригородская территория города федерального значения,Внутригородская территория города федерального значения,45909000,Изменен тип и название,2010,2013,2025,Рубль,Январь-декабрь,CD
Y48423007,Всего по обследуемым видам экономической деятельности,Москва,Муниципальное образование верхнего уровня,муниципальный округ Ясенево,45910000,Внутригородская территория города федерального значения,Внутригородская территория города федерального значения,45910000,Изменен тип и название,2010,2013,2025,Рубль,Январь-декабрь,CD
Y48423007,Всего по обследуемым видам экономической деятельности,Москва,Муниципальное образование верхнего уровня,муниципальный округ Бирюлево Восточное,45911000,Внутригородская территория города федерального значения,Внутригородская территория города федерального значения,45911000,Изменен тип и название,2010,2013,2025,Рубль,Январь-декабрь,CD
Y48423007,Всего по обследуемым видам экономической деятельности,Москва,Муниципальное образование верхнего уровня,муниципальный округ Бирюлево Западное,45912000,Внутригородская территория города федерального значения,Внутригородская территория города федерального значения,45912000,Изменен тип и название,2010,2013,2025,Рубль,Январь-декабрь,CD
Y48423007,Всего по обследуемым видам экономической деятельности,Москва,Муниципальное образование верхнего уровня,муниципальный округ Братеево,45913000,Внутригородская территория города федерального значения,Внутригородская территория города федерального значения,45913000,Изменен тип и название,2010,2013,2025,Рубль,Январь-декабрь,CD
Y48423007,Всего по обследуемым видам экономической деятельности,Москва,Муниципальное образование верхнего уровня,муниципальный округ Даниловский,45914000,Внутригородская территория города федерального значения,Внутригородская территория города федерального значения,45914000,Изменен тип и название,2010,2014,2025,Рубль,Январь-декабрь,CD
Y48423007,Всего по обследуемым видам экономической деятельности,Москва,Муниципальное образование верхнего уровня,муниципальный округ Донской,45915000,Внутригородская территория города федерального значения,Внутригородская территория города федерального значения,45915000,Изменен тип и название,2010,2013,2025,Рубль,Январь-декабрь,CD
Y48423007,Всего по обследуемым видам экономической деятельности,Москва,Муниципальное образование верхнего уровня,муниципальный округ Зябликово,45916000,Внутригородская территория города федерального значения,Внутригородская территория города федерального значения,45916000,Изменен тип и название,2010,2013,2025,Рубль,Январь-декабрь,CD
Y48423007,Всего по обследуемым видам экономической деятельности,Москва,Муниципальное образование верхнего уровня,муниципальный округ Москворечье-Сабурово,45917000,Внутригородская территория города федерального значения,Внутригородская территория города федерального значения,45917000,Изменен тип и название,2010,2013,2025,Рубль,Январь-декабрь,CD
Y48423007,Всего по обследуемым видам экономической деятельности,Москва,Муниципальное образование верхнего уровня,муниципальный округ Нагатино-Садовники,45918000,Внутригородская территория города федерального значения,Внутригородская территория города федерального значения,45918000,Изменен тип и название,2010,2013,2025,Рубль,Январь-декабрь,CD
Y48423007,Всего по обследуемым видам экономической деятельности,Москва,Муниципальное образование верхнего уровня,муниципальный округ Нагатинский затон,45919000,Внутригородская территория города федерального значения,Внутригородская территория города федерального значения,45919000,Изменен тип и название,2010,2013,2025,Рубль,Январь-декабрь,CD
Y48423007,Всего по обследуемым видам экономической деятельности,Москва,Муниципальное образование верхнего уровня,муниципальный округ Нагорный,45920000,Внутригородская территория города федерального значения,Внутригородская территория города федерального значения,45920000,Изменен тип и название,2010,2013,2025,Рубль,Январь-декабрь,CD
Y48423007,Всего по обследуемым видам экономической деятельности,Москва,Муниципальное образование верхнего уровня,муниципальный округ Орехово-Борисово Северное,45921000,Внутригородская территория города федерального значения,Внутригородская территория города федерального значения,45921000,Изменен тип и название,2010,2013,2025,Рубль,Январь-декабрь,CD
Y48423007,Всего по обследуемым видам экономической деятельности,Москва,Муниципальное образование верхнего уровня,муниципальный округ Орехово-Борисово Южное,45922000,Внутригородская территория города федерального значения,Внутригородская территория города федерального значения,45922000,Изменен тип и название,2010,2013,2025,Рубль,Январь-декабрь,CD
Y48423007,Всего по обследуемым видам экономической деятельности,Москва,Муниципальное образование верхнего уровня,муниципальный округ Царицыно,45923000,Внутригородская территория города федерального значения,Внутригородская территория города федерального значения,45923000,Изменен тип и название,2010,2013,2025,Рубль,Январь-декабрь,CD
Y48423007,Всего по обследуемым видам экономической деятельности,Москва,Муниципальное образование верхнего уровня,муниципальный округ Чертаново Северное,45924000,Внутригородская территория города федерального значения,Внутригородская территория города федерального значения,45924000,Изменен тип и название,2010,2013,2025,Рубль,Январь-декабрь,CD
Y48423007,Всего по обследуемым видам экономической деятельности,Москва,Муниципальное образование верхнего уровня,муниципальный округ Чертаново Центральное,45925000,Внутригородская территория города федерального значения,Внутригородская территория города федерального значения,45925000,Изменен тип и название,2010,2013,2025,Рубль,Январь-декабрь,CD
Y48423007,Всего по обследуемым видам экономической деятельности,Москва,Муниципальное образование верхнего уровня,муниципальный округ Чертаново Южное,45926000,Внутригородская территория города федерального значения,Внутригородская территория города федерального значения,45926000,Изменен тип и название,2010,2013,2025,Рубль,Январь-декабрь,CD
Y48423007,Всего по обследуемым видам экономической деятельности,Москва,Муниципальное образование верхнего уровня,муниципальный округ Старое Крюково,45927000,Внутригородская территория города федерального значения,Внутригородская территория города федерального значения,45927000,Изменен тип и название,2010,2013,2025,Рубль,Январь-декабрь,CD
Y48423007,Всего по обследуемым видам экономической деятельности,Москва,Муниципальное образование верхнего уровня,городской округ Троицк,45931000,Внутригородская территория города федерального значения,Внутригородская территория города федерального значения,45931000,Изменен тип и название,2012,2025,2025,Рубль,Январь-декабрь,CD
Y48423007,Всего по обследуемым видам экономической деятельности,Москва,Муниципальное образование верхнего уровня,Муниципальный округ Внуково,45941000,Внутригородская территория города федерального значения,Внутригородская территория города федерального значения,45941000,Изменен тип и название,2010,2013,2025,Рубль,Январь-декабрь,CD
Y48423007,Всего по обследуемым видам экономической деятельности,Москва,Муниципальное образование верхнего уровня,Муниципальный округ Вороново,45943000,Внутригородская территория города федерального значения,Внутригородская территория города федерального значения,45943000,Изменен тип и название,2010,2013,2025,Рубль,Январь-декабрь,CD
Y48423007,Всего по обследуемым видам экономической деятельности,Москва,Муниципальное образование верхнего уровня,Муниципальный округ Краснопахорский,45948000,Внутригородская территория города федерального значения,Внутригородская территория города федерального значения,45948000,Изменен тип и название,2010,2013,2025,Рубль,Январь-декабрь,CD
Y48423007,Всего по обследуемым видам экономической деятельности,Москва,Муниципальное образование верхнего уровня,Муниципальный округ Филимонковский,45959000,Внутригородская территория города федерального значения,Внутригородская территория города федерального значения,45959000,Изменен тип и название,2010,2013,2025,Рубль,Январь-декабрь,CD
Y48423007,Всего по обследуемым видам экономической деятельности,Московская область,Муниципальное образование верхнего уровня,Волоколамский муниципальный округ,46508000,Муниципальный округ,Муниципальный округ,46508000,Изменен тип и название,2025,2025,2025,Рубль,Январь-декабрь,CD
Y48423007,Всего по обследуемым видам экономической деятельности,Московская область,Муниципальное образование верхнего уровня,Дмитровский муниципальный округ,46515000,Муниципальный округ,Муниципальный округ,46515000,Изменен тип и название,2025,2025,2025,Рубль,Январь-декабрь,CD
Y48423007,Всего по обследуемым видам экономической деятельности,Московская область,Муниципальное образование верхнего уровня,муниципальный округ Егорьевск,46522000,Муниципальный округ,Муниципальный округ,46522000,Изменен тип и название,2025,2025,2025,Рубль,Январь-декабрь,CD
Y48423007,Всего по обследуемым видам экономической деятельности,Московская область,Муниципальное образование верхнего уровня,муниципальный округ Зарайск,46529000,Муниципальный округ,Муниципальный округ,46529000,Изменен тип и название,2025,2025,2025,Рубль,Январь-декабрь,CD
Y48423007,Всего по обследуемым видам экономической деятельности,Московская область,Муниципальное образование верхнего уровня,муниципальный округ Истра,46533000,Муниципальный округ,Муниципальный округ,46533000,Изменен тип и название,2025,2025,2025,Рубль,Январь-декабрь,CD
Y48423007,Всего по обследуемым видам экономической деятельности,Московская область,Муниципальное образование верхнего уровня,Можайский муниципальный округ,46545000,Муниципальный округ,Муниципальный округ,46545000,Изменен тип и название,2025,2025,2025,Рубль,Январь-декабрь,CD
Y48423007,Всего по обследуемым видам экономической деятельности,Московская область,Муниципальное образование верхнего уровня,муниципальный округ Луховицы,46547000,Муниципальный округ,Муниципальный округ,46547000,Изменен тип и название,2025,2025,2025,Рубль,Январь-декабрь,CD
Y48423007,Всего по обследуемым видам экономической деятельности,Московская область,Муниципальное образование верхнего уровня,муниципальный округ Лотошино,46552000,Муниципальный округ,Муниципальный округ,46552000,Изменен тип и название,2025,2025,2025,Рубль,Январь-декабрь,CD
Y48423007,Всего по обследуемым видам экономической деятельности,Московская область,Муниципальное образование верхнего уровня,Рузский муниципальный округ,46566000,Муниципальный округ,Муниципальный округ,46566000,Изменен тип и название,2025,2025,2025,Рубль,Январь-декабрь,CD
Y48423007,Всего по обследуемым видам экономической деятельности,Московская область,Муниципальное образование верхнего уровня,Раменский муниципальный округ,46568000,Муниципальный округ,Муниципальный округ,46568000,"Изменен тип и название, Выделение",2025,2025,2025,Рубль,Январь-декабрь,CD
Y48423007,Всего по обследуемым видам экономической деятельности,Московская область,Муниципальное образование верхнего уровня,муниципальный округ Серебряные Пруды,46572000,Муниципальный округ,Муниципальный округ,46572000,Изменен тип и название,2025,2025,2025,Рубль,Январь-декабрь,CD
Y48423007,Всего по обследуемым видам экономической деятельности,Московская область,Муниципальное образование верхнего уровня,муниципальный округ Чехов,46584000,Муниципальный округ,Муниципальный округ,46584000,Изменен тип и название,2025,2025,2025,Рубль,Январь-декабрь,CD
Y48423007,Всего по обследуемым видам экономической деятельности,Московская область,Муниципальное образование верхнего уровня,муниципальный округ Шатура,46586000,Муниципальный округ,Муниципальный округ,46586000,"Изменен тип и название, Объединение",2025,2025,2025,Рубль,Январь-декабрь,CD
Y48423007,Всего по обследуемым видам экономической деятельности,Московская область,Муниципальное образование верхнего уровня,муниципальный округ Шаховская,46587000,Муниципальный округ,Муниципальный округ,46587000,Изменен тип и название,2025,2025,2025,Рубль,Январь-декабрь,CD
Y48423007,Всего по обследуемым видам экономической деятельности,Московская область,Муниципальное образование верхнего уровня,Балашиха,46704000,"Городской округ, городской округ с внутригородским делением","Городской округ, городской округ с внутригородским делением",46704000,Объединение,2010,2025,2025,Рубль,Январь-декабрь,CD
Y48423007,Всего по обследуемым видам экономической деятельности,Московская область,Муниципальное образование верхнего уровня,Бронницы,46705000,"Городской округ, городской округ с внутригородским делением","Городской округ, городской округ с внутригородским делением",46705000,Без изменений,2010,2025,2025,Рубль,Январь-декабрь,CD
Y48423007,Всего по обследуемым видам экономической деятельности,Московская область,Муниципальное образование верхнего уровня,Ленинский,46707000,"Городской округ, городской округ с внутригородским делением","Городской округ, городской округ с внутригородским делением",46707000,"Изменен тип и название, Выделение",2021,2025,2025,Рубль,Январь-декабрь,CD
Y48423007,Всего по обследуемым видам экономической деятельности,Московская область,Муниципальное образование верхнего уровня,Домодедово,46709000,"Городской округ, городской округ с внутригородским делением","Городской округ, городской округ с внутригородским делением",46709000,Без изменений,2010,2025,2025,Рубль,Январь-декабрь,CD
Y48423007,Всего по обследуемым видам экономической деятельности,Московская область,Муниципальное образование верхнего уровня,Воскресенск,46710000,"Городской округ, городской округ с внутригородским делением","Городской округ, городской округ с внутригородским делением",46710000,Изменен тип и название,2020,2025,2025,Рубль,Январь-декабрь,CD
Y48423007,Всего по обследуемым видам экономической деятельности,Московская область,Муниципальное образование верхнего уровня,Дзержинский,46711000,"Городской округ, городской округ с внутригородским делением","Городской округ, городской округ с внутригородским делением",46748000,"Изменен тип и название, Присоединение, Объединение",2010,2025,2025,Рубль,Январь-декабрь,CD
Y48423007,Всего по обследуемым видам экономической деятельности,Московская область,Муниципальное образование верхнего уровня,Долгопрудный,46716000,"Городской округ, городской округ с внутригородским делением","Городской округ, городской округ с внутригородским делением",46716000,Без изменений,2010,2025,2025,Рубль,Январь-декабрь,CD
Y48423007,Всего по обследуемым видам экономической деятельности,Московская область,Муниципальное образование верхнего уровня,Дубна,46718000,"Городской округ, городской округ с внутригородским делением","Городской округ, городской округ с внутригородским делением",46718000,Без изменений,2010,2025,2025,Рубль,Январь-декабрь,CD
Y48423007,Всего по обследуемым видам экономической деятельности,Московская область,Муниципальное образование верхнего уровня,Жуковский,46725000,"Городской округ, городской округ с внутригородским делением","Городской округ, городской округ с внутригородским делением",46725000,Без изменений,2010,2025,2025,Рубль,Январь-декабрь,CD
Y48423007,Всего по обследуемым видам экономической деятельности,Московская область,Муниципальное образование верхнего уровня,Сергиево-Посадский,46728000,"Городской округ, городской округ с внутригородским делением","Городской округ, городской округ с внутригородским делением",46728000,Изменен тип и название,2020,2025,2025,Рубль,Январь-декабрь,CD
Y48423007,Всего по обследуемым видам экономической деятельности,Московская область,Муниципальное образование верхнего уровня,Королёв,46734000,"Городской округ, городской округ с внутригородским делением","Городской округ, городской округ с внутригородским делением",46734000,Объединение,2010,2025,2025,Рубль,Январь-декабрь,CD
Y48423007,Всего по обследуемым видам экономической деятельности,Московская область,Муниципальное образование верхнего уровня,Кашира,46735000,"Городской округ, городской округ с внутригородским делением","Городской округ, городской округ с внутригородским делением",46735000,Изменен тип и название,2016,2025,2025,Рубль,Январь-декабрь,CD
Y48423007,Всего по обследуемым видам экономической деятельности,Московская область,Муниципальное образование верхнего уровня,Клин,46737000,"Городской округ, городской округ с внутригородским делением","Городской округ, городской округ с внутригородским делением",46737000,Изменен тип и название,2019,2025,2025,Рубль,Январь-декабрь,CD
Y48423007,Всего по обследуемым видам экономической деятельности,Московская область,Муниципальное образование верхнего уровня,Коломна,46738000,"Городской округ, городской округ с внутригородским делением","Городской округ, городской округ с внутригородским делением",46738000,"Изменен тип и название, Объединение",2010,2025,2025,Рубль,Январь-декабрь,CD
Y48423007,Всего по обследуемым видам экономической деятельности,Московская область,Муниципальное образование верхнего уровня,Котельники,46739000,"Городской округ, городской округ с внутригородским делением","Городской округ, городской округ с внутригородским делением",46739000,Без изменений,2010,2025,2025,Рубль,Январь-декабрь,CD
Y48423007,Всего по обследуемым видам экономической деятельности,Московская область,Муниципальное образование верхнего уровня,Лобня,46740000,"Городской округ, городской округ с внутригородским делением","Городской округ, городской округ с внутригородским делением",46740000,Без изменений,2010,2025,2025,Рубль,Январь-декабрь,CD
Y48423007,Всего по обследуемым видам экономической деятельности,Московская область,Муниципальное образование верхнего уровня,Лыткарино,46741000,"Городской округ, городской округ с внутригородским делением","Городской округ, городской округ с внутригородским делением",46741000,Без изменений,2010,2025,2025,Рубль,Январь-декабрь,CD
Y48423007,Всего по обследуемым видам экономической деятельности,Московская область,Муниципальное образование верхнего уровня,Лосино-Петровский,46742000,"Городской округ, городской округ с внутригородским делением","Городской округ, городской округ с внутригородским делением",46742000,Присоединение,2010,2025,2025,Рубль,Январь-декабрь,CD
Y48423007,Всего по обследуемым видам экономической деятельности,Московская область,Муниципальное образование верхнего уровня,Красногорск,46744000,"Городской округ, городской округ с внутригородским делением","Городской округ, городской округ с внутригородским делением",46744000,Изменен тип и название,2018,2025,2025,Рубль,Январь-декабрь,CD
Y48423007,Всего по обследуемым видам экономической деятельности,Московская область,Муниципальное образование верхнего уровня,Мытищи,46746000,"Городской округ, городской округ с внутригородским делением","Городской округ, городской округ с внутригородским делением",46746000,Изменен тип и название,2016,2025,2025,Рубль,Январь-декабрь,CD
Y48423007,Всего по обследуемым видам экономической деятельности,Московская область,Муниципальное образование верхнего уровня,Люберцы,46748000,"Городской округ, городской округ с внутригородским делением","Городской округ, городской округ с внутригородским делением",46748000,"Изменен тип и название, Присоединение, Объединение",2018,2025,2025,Рубль,Январь-декабрь,CD
Y48423007,Всего по обследуемым видам экономической деятельности,Московская область,Муниципальное образование верхнего уровня,Наро-Фоминский,46750000,"Городской округ, городской округ с внутригородским делением","Городской округ, городской округ с внутригородским делением",46750000,Выделение,2010,2025,2025,Рубль,Январь-декабрь,CD
Y48423007,Всего по обследуемым видам экономической деятельности,Московская область,Муниципальное образование верхнего уровня,Богородский,46751000,"Городской округ, городской округ с внутригородским делением","Городской округ, городской округ с внутригородским делением",46751000,"Изменен тип и название, Выделение",2019,2025,2025,Рубль,Январь-декабрь,CD
Y48423007,Всего по обследуемым видам экономической деятельности,Московская область,Муниципальное образование верхнего уровня,Одинцовский,46755000,"Городской округ, городской округ с внутригородским делением","Городской округ, городской округ с внутригородским делением",46755000,Объединение,2020,2025,2025,Рубль,Январь-декабрь,CD
Y48423007,Всего по обследуемым видам экономической деятельности,Московская область,Муниципальное образование верхнего уровня,Орехово-Зуевский,46757000,"Городской округ, городской округ с внутригородским делением","Городской округ, городской округ с внутригородским делением",46757000,Объединение,2010,2025,2025,Рубль,Январь-декабрь,CD
Y48423007,Всего по обследуемым видам экономической деятельности,Московская область,Муниципальное образование верхнего уровня,Пушкинский,46758000,"Городской округ, городской округ с внутригородским делением","Городской округ, городской округ с внутригородским делением",46758000,Объединение,2022,2025,2025,Рубль,Январь-декабрь,CD
Y48423007,Всего по обследуемым видам экономической деятельности,Московская область,Муниципальное образование верхнего уровня,Павлово-Посадский,46759000,"Городской округ, городской округ с внутригородским делением","Городской округ, городской округ с внутригородским делением",46759000,Объединение,2018,2025,2025,Рубль,Январь-декабрь,CD
Y48423007,Всего по обследуемым видам экономической деятельности,Московская область,Муниципальное образование верхнего уровня,Подольск,46760000,"Городской округ, городской округ с внутригородским делением","Городской округ, городской округ с внутригородским делением",46760000,"Изменен тип и название, Объединение",2010,2025,2025,Рубль,Январь-декабрь,CD
Y48423007,Всего по обследуемым видам экономической деятельности,Московская область,Муниципальное образование верхнего уровня,Реутов,46764000,"Городской округ, городской округ с внутригородским делением","Городской округ, городской округ с внутригородским делением",46764000,Без изменений,2010,2025,2025,Рубль,Январь-декабрь,CD
Y48423007,Всего по обследуемым видам экономической деятельности,Московская область,Муниципальное образование верхнего уровня,Серпухов,46770000,"Городской округ, городской округ с внутригородским делением","Городской округ, городской округ с внутригородским делением",46770000,Объединение,2010,2025,2025,Рубль,Январь-декабрь,CD
Y48423007,Всего по обследуемым видам экономической деятельности,Московская область,Муниципальное образование верхнего уровня,Солнечногорск,46771000,"Городской округ, городской округ с внутригородским делением","Городской округ, городской округ с внутригородским делением",46771000,"Изменен тип и название, Выделение",2020,2025,2025,Рубль,Январь-декабрь,CD
Y48423007,Всего по обследуемым видам экономической деятельности,Московская область,Муниципальное образование верхнего уровня,Ступино,46776000,"Городской округ, городской округ с внутригородским делением","Городской округ, городской округ с внутригородским делением",46776000,Изменен тип и название,2018,2025,2025,Рубль,Январь-декабрь,CD
Y48423007,Всего по обследуемым видам экономической деятельности,Московская область,Муниципальное образование верхнего уровня,Талдомский,46778000,"Городской округ, городской округ с внутригородским делением","Городской округ, городской округ с внутригородским делением",46778000,Изменен тип и название,2019,2025,2025,Рубль,Январь-декабрь,CD
Y48423007,Всего по обследуемым видам экономической деятельности,Московская область,Муниципальное образование верхнего уровня,Фрязино,46780000,"Городской округ, городской округ с внутригородским делением","Городской округ, городской округ с внутригородским делением",46780000,Без изменений,2010,2025,2025,Рубль,Январь-декабрь,CD
Y48423007,Всего по обследуемым видам экономической деятельности,Московская область,Муниципальное образование верхнего уровня,Черноголовка,46781000,"Городской округ, городской округ с внутригородским делением","Городской округ, городской округ с внутригородским делением",46781000,Без изменений,2010,2025,2025,Рубль,Январь-декабрь,CD
Y48423007,Всего по обследуемым видам экономической деятельности,Московская область,Муниципальное образование верхнего уровня,Химки,46783000,"Городской округ, городской округ с внутригородским делением","Городской округ, городской округ с внутригородским делением",46783000,Присоединение,2010,2025,2025,Рубль,Январь-декабрь,CD
Y48423007,Всего по обследуемым видам экономической деятельности,Московская область,Муниципальное образование верхнего уровня,Щёлково,46788000,"Городской округ, городской округ с внутригородским делением","Городской округ, городской округ с внутригородским делением",46788000,"Изменен тип и название, Выделение",2020,2025,2025,Рубль,Январь-декабрь,CD
Y48423007,Всего по обследуемым видам экономической деятельности,Московская область,Муниципальное образование верхнего уровня,Электросталь,46790000,"Городской округ, городской округ с внутригородским делением","Городской округ, городской округ с внутригородским делением",46790000,Без изменений,2010,2025,2025,Рубль,Январь-декабрь,CD
Y48423007,Всего по обследуемым видам экономической деятельности,Мурманская область,Муниципальное образование верхнего уровня,Печенгский муниципальный округ,47515000,Муниципальный округ,Муниципальный округ,47515000,Изменен тип и название,2021,2025,2025,Рубль,Январь-декабрь,CD
Y48423007,Всего по обследуемым видам экономической деятельности,Мурманская область,Муниципальное образование верхнего уровня,Ковдорский муниципальный округ,47517000,Муниципальный округ,Муниципальный округ,47517000,Изменен тип и название,2022,2025,2025,Рубль,Январь-декабрь,CD
Y48423007,Всего по обследуемым видам экономической деятельности,Мурманская область,Муниципальное образование верхнего уровня,город Апатиты,47519000,Муниципальный округ,Муниципальный округ,47519000,Изменен тип и название,2022,2025,2025,Рубль,Январь-декабрь,CD
Y48423007,Всего по обследуемым видам экономической деятельности,Мурманская область,Муниципальное образование верхнего уровня,город Кировск,47522000,Муниципальный округ,Муниципальный округ,47522000,Изменен тип и название,2022,2025,2025,Рубль,Январь-декабрь,CD
Y48423007,Всего по обследуемым видам экономической деятельности,Мурманская область,Муниципальное образование верхнего уровня,город Мончегорск,47524000,Муниципальный округ,Муниципальный округ,47524000,Изменен тип и название,2022,2025,2025,Рубль,Январь-декабрь,CD
Y48423007,Всего по обследуемым видам экономической деятельности,Мурманская область,Муниципальное образование верхнего уровня,город Оленегорск,47526000,Муниципальный округ,Муниципальный округ,47526000,Изменен тип и название,2022,2025,2025,Рубль,Январь-декабрь,CD
Y48423007,Всего по обследуемым видам экономической деятельности,Мурманская область,Муниципальное образование верхнего уровня,город Полярные Зори,47528000,Муниципальный округ,Муниципальный округ,47528000,Изменен тип и название,2022,2025,2025,Рубль,Январь-декабрь,CD
Y48423007,Всего по обследуемым видам экономической деятельности,Мурманская область,Муниципальное образование верхнего уровня,Кольский муниципальный район,47605000,Муниципальный район,Муниципальный район,47536000,Изменен тип и название,2010,2025,2025,Рубль,Январь-декабрь,CD
Y48423007,Всего по обследуемым видам экономической деятельности,Мурманская область,Муниципальное образование верхнего уровня,Кандалакшский муниципальный район,47608000,Муниципальный район,Муниципальный район,47530000,Изменен тип и название,2010,2025,2025,Рубль,Январь-декабрь,CD
Y48423007,Всего по обследуемым видам экономической деятельности,Мурманская область,Муниципальное образование верхнего уровня,Ловозерский муниципальный район,47610000,Муниципальный район,Муниципальный район,47534000,Изменен тип и название,2010,2025,2025,Рубль,Январь-декабрь,CD
Y48423007,Всего по обследуемым видам экономической деятельности,Мурманская область,Муниципальное образование верхнего уровня,Терский муниципальный район,47620000,Муниципальный район,Муниципальный район,47532000,Изменен тип и название,2010,2025,2025,Рубль,Январь-декабрь,CD
Y48423007,Всего по обследуемым видам экономической деятельности,Мурманская область,Муниципальное образование верхнего уровня,город-герой Мурманск,47701000,"Городской округ, городской округ с внутригородским делением","Городской округ, городской округ с внутригородским делением",47701000,Без изменений,2010,2025,2025,Рубль,Январь-декабрь,CD
Y48423007,Всего по обследуемым видам экономической деятельности,Новгородская область,Муниципальное образование верхнего уровня,Батецкий,49503000,Муниципальный округ,Муниципальный округ,49503000,Изменен тип и название,2025,2025,2025,Рубль,Январь-декабрь,CD
Y48423007,Всего по обследуемым видам экономической деятельности,Новгородская область,Муниципальное образование верхнего уровня,Волотовский,49510000,Муниципальный округ,Муниципальный округ,49510000,Изменен тип и название,2021,2025,2025,Рубль,Январь-декабрь,CD
Y48423007,Всего по обследуемым видам экономической деятельности,Новгородская область,Муниципальное образование верхнего уровня,Демянский,49512000,Муниципальный округ,Муниципальный округ,49512000,Изменен тип и название,2024,2025,2025,Рубль,Январь-декабрь,CD
Y48423007,Всего по обследуемым видам экономической деятельности,Новгородская область,Муниципальное образование верхнего уровня,Крестецкий,49514000,Муниципальный округ,Муниципальный округ,49514000,Изменен тип и название,2024,2025,2025,Рубль,Январь-декабрь,CD
Y48423007,Всего по обследуемым видам экономической деятельности,Новгородская область,Муниципальное образование верхнего уровня,Марёвский,49523000,Муниципальный округ,Муниципальный округ,49523000,Изменен тип и название,2021,2025,2025,Рубль,Январь-декабрь,CD
Y48423007,Всего по обследуемым видам экономической деятельности,Новгородская область,Муниципальное образование верхнего уровня,Мошенской,49524000,Муниципальный округ,Муниципальный округ,49524000,Изменен тип и название,2024,2025,2025,Рубль,Январь-декабрь,CD
Y48423007,Всего по обследуемым видам экономической деятельности,Новгородская область,Муниципальное образование верхнего уровня,Пестовский,49532000,Муниципальный округ,Муниципальный округ,49532000,Изменен тип и название,2024,2025,2025,Рубль,Январь-декабрь,CD
Y48423007,Всего по обследуемым видам экономической деятельности,Новгородская область,Муниципальное образование верхнего уровня,Солецкий,49538000,Муниципальный округ,Муниципальный округ,49538000,Изменен тип и название,2021,2025,2025,Рубль,Январь-декабрь,CD
Y48423007,Всего по обследуемым видам экономической деятельности,Новгородская область,Муниципальное образование верхнего уровня,Хвойнинский,49545000,Муниципальный округ,Муниципальный округ,49545000,Изменен тип и название,2021,2025,2025,Рубль,Январь-декабрь,CD
Y48423007,Всего по обследуемым видам экономической деятельности,Новгородская область,Муниципальное образование верхнего уровня,Холмский,49547000,Муниципальный округ,Муниципальный округ,49547000,Изменен тип и название,2025,2025,2025,Рубль,Январь-декабрь,CD
Y48423007,Всего по обследуемым видам экономической деятельности,Новгородская область,Муниципальное образование верхнего уровня,Боровичский муниципальный район,49606000,Муниципальный район,Муниципальный район,49506000,Изменен тип и название,2010,2025,2025,Рубль,Январь-декабрь,CD
Y48423007,Всего по обследуемым видам экономической деятельности,Новгородская область,Муниципальное образование верхнего уровня,Валдайский муниципальный район,49608000,Муниципальный район,Муниципальный район,49508000,Изменен тип и название,2010,2025,2025,Рубль,Январь-декабрь,CD
Y48423007,Всего по обследуемым видам экономической деятельности,Новгородская область,Муниципальное образование верхнего уровня,Любытинский муниципальный район,49616000,Муниципальный район,Муниципальный район,49516000,Изменен тип и название,2010,2025,2025,Рубль,Январь-декабрь,CD
Y48423007,Всего по обследуемым видам экономической деятельности,Новгородская область,Муниципальное образование верхнего уровня,Маловишерский муниципальный район,49620000,Муниципальный район,Муниципальный район,49520000,Изменен тип и название,2010,2025,2025,Рубль,Январь-декабрь,CD
Y48423007,Всего по обследуемым видам экономической деятельности,Новгородская область,Муниципальное образование верхнего уровня,Новгородский муниципальный район,49625000,Муниципальный район,Муниципальный район,49525000,Изменен тип и название,2010,2025,2025,Рубль,Январь-декабрь,CD
Y48423007,Всего по обследуемым видам экономической деятельности,Новгородская область,Муниципальное образование верхнего уровня,Окуловский муниципальный район,49628000,Муниципальный район,Муниципальный район,49528000,Изменен тип и название,2010,2025,2025,Рубль,Январь-декабрь,CD
Y48423007,Всего по обследуемым видам экономической деятельности,Новгородская область,Муниципальное образование верхнего уровня,Парфинский муниципальный район,49630000,Муниципальный район,Муниципальный район,49530000,Изменен тип и название,2010,2025,2025,Рубль,Январь-декабрь,CD
Y48423007,Всего по обследуемым видам экономической деятельности,Новгородская область,Муниципальное образование верхнего уровня,Поддорский муниципальный район,49634000,Муниципальный район,Муниципальный район,49534000,Изменен тип и название,2010,2025,2025,Рубль,Январь-декабрь,CD
Y48423007,Всего по обследуемым видам экономической деятельности,Новгородская область,Муниципальное образование верхнего уровня,Старорусский муниципальный район,49639000,Муниципальный район,Муниципальный район,49539000,Изменен тип и название,2010,2025,2025,Рубль,Январь-декабрь,CD
Y48423007,Всего по обследуемым видам экономической деятельности,Новгородская область,Муниципальное образование верхнего уровня,Чудовский муниципальный район,49650000,Муниципальный район,Муниципальный район,49550000,Изменен тип и название,2010,2025,2025,Рубль,Январь-декабрь,CD
Y48423007,Всего по обследуемым видам экономической деятельности,Новгородская область,Муниципальное образование верхнего уровня,Шимский муниципальный район,49655000,Муниципальный район,Муниципальный район,49555000,Изменен тип и название,2010,2025,2025,Рубль,Январь-декабрь,CD
Y48423007,Всего по обследуемым видам экономической деятельности,Новгородская область,Муниципальное образование верхнего уровня,Великий Новгород,49701000,"Городской округ, городской округ с внутригородским делением","Городской округ, городской округ с внутригородским делением",49701000,Без изменений,2010,2025,2025,Рубль,Январь-декабрь,CD
Y48423007,Всего по обследуемым видам экономической деятельности,Новосибирская область,Муниципальное образование верхнего уровня,Муниципальные округа Новосибирской области,50500000,Муниципальный округ,Муниципальный округ,CD,CD,CD,CD,2025,Рубль,Январь-декабрь,CD
Y48423007,Всего по обследуемым видам экономической деятельности,Новосибирская область,Муниципальное образование верхнего уровня,Карасукский муниципальный округ,50517000,Муниципальный округ,Муниципальный округ,50517000,Изменен тип и название,2025,2025,2025,Рубль,Январь-декабрь,CD
Y48423007,Всего по обследуемым видам экономической деятельности,Новосибирская область,Муниципальное образование верхнего уровня,Маслянинский муниципальный округ,50536000,Муниципальный округ,Муниципальный округ,50536000,Изменен тип и название,2025,2025,2025,Рубль,Январь-декабрь,CD
Y48423007,Всего по обследуемым видам экономической деятельности,Новосибирская область,Муниципальное образование верхнего уровня,Татарский муниципальный округ,50550000,Муниципальный округ,Муниципальный округ,50550000,Изменен тип и название,2025,2025,2025,Рубль,Январь-декабрь,CD
Y48423007,Всего по обследуемым видам экономической деятельности,Новосибирская область,Муниципальное образование верхнего уровня,Баганский муниципальный район,50603000,Муниципальный район,Муниципальный район,50603000,Без изменений,2010,2025,2025,Рубль,Январь-декабрь,CD
Y48423007,Всего по обследуемым видам экономической деятельности,Новосибирская область,Муниципальное образование верхнего уровня,Барабинский муниципальный район,50604000,Муниципальный район,Муниципальный район,50604000,Без изменений,2010,2025,2025,Рубль,Январь-декабрь,CD
Y48423007,Всего по обследуемым видам экономической деятельности,Новосибирская область,Муниципальное образование верхнего уровня,Болотнинский муниципальный район,50606000,Муниципальный район,Муниципальный район,50606000,Без изменений,2010,2025,2025,Рубль,Январь-декабрь,CD
Y48423007,Всего по обследуемым видам экономической деятельности,Новосибирская область,Муниципальное образование верхнего уровня,Венгеровский муниципальный район,50608000,Муниципальный район,Муниципальный район,50508000,Изменен тип и название,2010,2025,2025,Рубль,Январь-декабрь,CD
Y48423007,Всего по обследуемым видам экономической деятельности,Новосибирская область,Муниципальное образование верхнего уровня,Доволенский муниципальный район,50610000,Муниципальный район,Муниципальный район,50510000,Изменен тип и название,2010,2025,2025,Рубль,Январь-декабрь,CD
Y48423007,Всего по обследуемым видам экономической деятельности,Новосибирская область,Муниципальное образование верхнего уровня,Здвинский муниципальный район,50613000,Муниципальный район,Муниципальный район,50613000,Без изменений,2010,2025,2025,Рубль,Январь-декабрь,CD
Y48423007,Всего по обследуемым видам экономической деятельности,Новосибирская область,Муниципальное образование верхнего уровня,Искитимский муниципальный район,50615000,Муниципальный район,Муниципальный район,50615000,Без изменений,2010,2025,2025,Рубль,Январь-декабрь,CD
Y48423007,Всего по обследуемым видам экономической деятельности,Новосибирская область,Муниципальное образование верхнего уровня,Каргатский муниципальный район,50619000,Муниципальный район,Муниципальный район,50619000,Без изменений,2010,2025,2025,Рубль,Январь-декабрь,CD
Y48423007,Всего по обследуемым видам экономической деятельности,Новосибирская область,Муниципальное образование верхнего уровня,Колыванский муниципальный район,50621000,Муниципальный район,Муниципальный район,50621000,Без изменений,2010,2025,2025,Рубль,Январь-декабрь,CD
Y48423007,Всего по обследуемым видам экономической деятельности,Новосибирская область,Муниципальное образование верхнего уровня,Коченевский муниципальный район,50623000,Муниципальный район,Муниципальный район,50623000,Без изменений,2010,2025,2025,Рубль,Январь-декабрь,CD
Y48423007,Всего по обследуемым видам экономической деятельности,Новосибирская область,Муниципальное образование верхнего уровня,Кочковский муниципальный район,50625000,Муниципальный район,Муниципальный район,50625000,Без изменений,2010,2025,2025,Рубль,Январь-декабрь,CD
Y48423007,Всего по обследуемым видам экономической деятельности,Новосибирская область,Муниципальное образование верхнего уровня,Краснозерский муниципальный район,50627000,Муниципальный район,Муниципальный район,50627000,Без изменений,2010,2025,2025,Рубль,Январь-декабрь,CD
Y48423007,Всего по обследуемым видам экономической деятельности,Новосибирская область,Муниципальное образование верхнего уровня,Куйбышевский муниципальный район,50630000,Муниципальный район,Муниципальный район,50630000,Без изменений,2010,2025,2025,Рубль,Январь-декабрь,CD
Y48423007,Всего по обследуемым видам экономической деятельности,Новосибирская область,Муниципальное образование верхнего уровня,Купинский муниципальный район,50632000,Муниципальный район,Муниципальный район,50632000,Без изменений,2010,2025,2025,Рубль,Январь-декабрь,CD
Y48423007,Всего по обследуемым видам экономической деятельности,Новосибирская область,Муниципальное образование верхнего уровня,Кыштовский муниципальный район,50634000,Муниципальный район,Муниципальный район,50634000,Без изменений,2010,2025,2025,Рубль,Январь-декабрь,CD
Y48423007,Всего по обследуемым видам экономической деятельности,Новосибирская область,Муниципальное образование верхнего уровня,Мошковский муниципальный район,50638000,Муниципальный район,Муниципальный район,50638000,Без изменений,2010,2025,2025,Рубль,Январь-декабрь,CD
Y48423007,Всего по обследуемым видам экономической деятельности,Новосибирская область,Муниципальное образование верхнего уровня,Новосибирский муниципальный район,50640000,Муниципальный район,Муниципальный район,50640000,Без изменений,2010,2025,2025,Рубль,Январь-декабрь,CD
Y48423007,Всего по обследуемым видам экономической деятельности,Новосибирская область,Муниципальное образование верхнего уровня,Ордынский муниципальный район,50642000,Муниципальный район,Муниципальный район,50642000,Без изменений,2010,2025,2025,Рубль,Январь-декабрь,CD
Y48423007,Всего по обследуемым видам экономической деятельности,Новосибирская область,Муниципальное образование верхнего уровня,Северный муниципальный район,50644000,Муниципальный район,Муниципальный район,50544000,Изменен тип и название,2010,2025,2025,Рубль,Январь-декабрь,CD
Y48423007,Всего по обследуемым видам экономической деятельности,Новосибирская область,Муниципальное образование верхнего уровня,Сузунский муниципальный район,50648000,Муниципальный район,Муниципальный район,50548000,Изменен тип и название,2010,2025,2025,Рубль,Январь-декабрь,CD
Y48423007,Всего по обследуемым видам экономической деятельности,Новосибирская область,Муниципальное образование верхнего уровня,Тогучинский муниципальный район,50652000,Муниципальный район,Муниципальный район,50652000,Без изменений,2010,2025,2025,Рубль,Январь-декабрь,CD
Y48423007,Всего по обследуемым видам экономической деятельности,Новосибирская область,Муниципальное образование верхнего уровня,Убинский муниципальный район,50654000,Муниципальный район,Муниципальный район,50554000,Изменен тип и название,2010,2025,2025,Рубль,Январь-декабрь,CD
Y48423007,Всего по обследуемым видам экономической деятельности,Новосибирская область,Муниципальное образование верхнего уровня,Усть-Таркский муниципальный район,50655000,Муниципальный район,Муниципальный район,50655000,Без изменений,2010,2025,2025,Рубль,Январь-декабрь,CD
Y48423007,Всего по обследуемым видам экономической деятельности,Новосибирская область,Муниципальное образование верхнего уровня,Чановский муниципальный район,50656000,Муниципальный район,Муниципальный район,50556000,Изменен тип и название,2010,2025,2025,Рубль,Январь-декабрь,CD
Y48423007,Всего по обследуемым видам экономической деятельности,Новосибирская область,Муниципальное образование верхнего уровня,Черепановский муниципальный район,50657000,Муниципальный район,Муниципальный район,50657000,Без изменений,2010,2025,2025,Рубль,Январь-декабрь,CD
Y48423007,Всего по обследуемым видам экономической деятельности,Новосибирская область,Муниципальное образование верхнего уровня,Чистоозерный муниципальный район,50658000,Муниципальный район,Муниципальный район,50658000,Без изменений,2010,2025,2025,Рубль,Январь-декабрь,CD
Y48423007,Всего по обследуемым видам экономической деятельности,Новосибирская область,Муниципальное образование верхнего уровня,Чулымский муниципальный район,50659000,Муниципальный район,Муниципальный район,50659000,Без изменений,2010,2025,2025,Рубль,Январь-декабрь,CD
Y48423007,Всего по обследуемым видам экономической деятельности,Новосибирская область,Муниципальное образование верхнего уровня,Городские округа Новосибирской области,50700000,"Городской округ, городской округ с внутригородским делением","Городской округ, городской округ с внутригородским делением",CD,CD,CD,CD,2025,Рубль,Январь-декабрь,CD
Y48423007,Всего по обследуемым видам экономической деятельности,Новосибирская область,Муниципальное образование верхнего уровня,город Новосибирск,50701000,"Городской округ, городской округ с внутригородским делением","Городской округ, городской округ с внутригородским делением",50701000,Без изменений,2010,2025,2025,Рубль,Январь-декабрь,CD
Y48423007,Всего по обследуемым видам экономической деятельности,Новосибирская область,Муниципальное образование верхнего уровня,город Бердск,50708000,"Городской округ, городской округ с внутригородским делением","Городской округ, городской округ с внутригородским делением",50708000,Без изменений,2010,2025,2025,Рубль,Январь-декабрь,CD
Y48423007,Всего по обследуемым видам экономической деятельности,Новосибирская область,Муниципальное образование верхнего уровня,город Искитим,50712000,"Городской округ, городской округ с внутригородским делением","Городской округ, городской округ с внутригородским делением",50712000,Без изменений,2010,2025,2025,Рубль,Январь-декабрь,CD
Y48423007,Всего по обследуемым видам экономической деятельности,Новосибирская область,Муниципальное образование верхнего уровня,город Обь,50717000,"Городской округ, городской округ с внутригородским делением","Городской округ, городской округ с внутригородским делением",50717000,Без изменений,2010,2025,2025,Рубль,Январь-декабрь,CD
Y48423007,Всего по обследуемым видам экономической деятельности,Новосибирская область,Муниципальное образование верхнего уровня,рабочий поселок Кольцово,50740000,"Городской округ, городской округ с внутригородским делением","Городской округ, городской округ с внутригородским делением",50740000,Без изменений,2010,2025,2025,Рубль,Январь-декабрь,CD
Y48423007,Всего по обследуемым видам экономической деятельности,Омская область,Муниципальное образование верхнего уровня,Азовский немецкий национальный муниципальный район,52601000,Муниципальный район,Муниципальный район,52501000,Изменен тип и название,2010,2025,2025,Рубль,Январь-декабрь,CD
Y48423007,Всего по обследуемым видам экономической деятельности,Омская область,Муниципальное образование верхнего уровня,Большереченский муниципальный район,52603000,Муниципальный район,Муниципальный район,52503000,Изменен тип и название,2010,2025,2025,Рубль,Январь-декабрь,CD
Y48423007,Всего по обследуемым видам экономической деятельности,Омская область,Муниципальное образование верхнего уровня,Большеуковский муниципальный район,52606000,Муниципальный район,Муниципальный район,52506000,Изменен тип и название,2010,2025,2025,Рубль,Январь-декабрь,CD
Y48423007,Всего по обследуемым видам экономической деятельности,Омская область,Муниципальное образование верхнего уровня,Горьковский муниципальный район,52609000,Муниципальный район,Муниципальный район,52509000,Изменен тип и название,2010,2025,2025,Рубль,Январь-декабрь,CD
Y48423007,Всего по обследуемым видам экономической деятельности,Омская область,Муниципальное образование верхнего уровня,Знаменский муниципальный район,52612000,Муниципальный район,Муниципальный район,52612000,Без изменений,2010,2025,2025,Рубль,Январь-декабрь,CD
Y48423007,Всего по обследуемым видам экономической деятельности,Омская область,Муниципальное образование верхнего уровня,Исилькульский муниципальный район,52615000,Муниципальный район,Муниципальный район,52515000,Изменен тип и название,2010,2025,2025,Рубль,Январь-декабрь,CD
Y48423007,Всего по обследуемым видам экономической деятельности,Омская область,Муниципальное образование верхнего уровня,Калачинский муниципальный район,52618000,Муниципальный район,Муниципальный район,52518000,Изменен тип и название,2010,2025,2025,Рубль,Январь-декабрь,CD
Y48423007,Всего по обследуемым видам экономической деятельности,Омская область,Муниципальное образование верхнего уровня,Колосовский муниципальный район,52621000,Муниципальный район,Муниципальный район,52521000,Изменен тип и название,2010,2025,2025,Рубль,Январь-декабрь,CD
Y48423007,Всего по обследуемым видам экономической деятельности,Омская область,Муниципальное образование верхнего уровня,Кормиловский муниципальный район,52623000,Муниципальный район,Муниципальный район,52523000,Изменен тип и название,2010,2025,2025,Рубль,Январь-декабрь,CD
Y48423007,Всего по обследуемым видам экономической деятельности,Омская область,Муниципальное образование верхнего уровня,Крутинский муниципальный район,52626000,Муниципальный район,Муниципальный район,52526000,Изменен тип и название,2010,2025,2025,Рубль,Январь-декабрь,CD
Y48423007,Всего по обследуемым видам экономической деятельности,Омская область,Муниципальное образование верхнего уровня,Любинский муниципальный район,52629000,Муниципальный район,Муниципальный район,52529000,Изменен тип и название,2010,2025,2025,Рубль,Январь-декабрь,CD
Y48423007,Всего по обследуемым видам экономической деятельности,Омская область,Муниципальное образование верхнего уровня,Марьяновский муниципальный район,52630000,Муниципальный район,Муниципальный район,52530000,Изменен тип и название,2010,2025,2025,Рубль,Январь-декабрь,CD
Y48423007,Всего по обследуемым видам экономической деятельности,Омская область,Муниципальное образование верхнего уровня,Москаленский муниципальный район,52632000,Муниципальный район,Муниципальный район,52532000,Изменен тип и название,2010,2025,2025,Рубль,Январь-декабрь,CD
Y48423007,Всего по обследуемым видам экономической деятельности,Омская область,Муниципальное образование верхнего уровня,Муромцевский муниципальный район,52634000,Муниципальный район,Муниципальный район,52634000,Без изменений,2010,2025,2025,Рубль,Январь-декабрь,CD
Y48423007,Всего по обследуемым видам экономической деятельности,Омская область,Муниципальное образование верхнего уровня,Называевский муниципальный район,52636000,Муниципальный район,Муниципальный район,52536000,Изменен тип и название,2010,2025,2025,Рубль,Январь-декабрь,CD
Y48423007,Всего по обследуемым видам экономической деятельности,Омская область,Муниципальное образование верхнего уровня,Нижнеомский муниципальный район,52639000,Муниципальный район,Муниципальный район,52539000,Изменен тип и название,2010,2025,2025,Рубль,Январь-декабрь,CD
Y48423007,Всего по обследуемым видам экономической деятельности,Омская область,Муниципальное образование верхнего уровня,Нововаршавский муниципальный район,52641000,Муниципальный район,Муниципальный район,52541000,Изменен тип и название,2010,2025,2025,Рубль,Январь-декабрь,CD
Y48423007,Всего по обследуемым видам экономической деятельности,Омская область,Муниципальное образование верхнего уровня,Одесский муниципальный район,52642000,Муниципальный район,Муниципальный район,52542000,Изменен тип и название,2010,2025,2025,Рубль,Январь-декабрь,CD
Y48423007,Всего по обследуемым видам экономической деятельности,Омская область,Муниципальное образование верхнего уровня,Оконешниковский муниципальный район,52643000,Муниципальный район,Муниципальный район,52543000,Изменен тип и название,2010,2025,2025,Рубль,Январь-декабрь,CD
Y48423007,Всего по обследуемым видам экономической деятельности,Омская область,Муниципальное образование верхнего уровня,Омский муниципальный район,52644000,Муниципальный район,Муниципальный район,52644000,Без изменений,2010,2025,2025,Рубль,Январь-декабрь,CD
Y48423007,Всего по обследуемым видам экономической деятельности,Омская область,Муниципальное образование верхнего уровня,Павлоградский муниципальный район,52646000,Муниципальный район,Муниципальный район,52546000,Изменен тип и название,2010,2025,2025,Рубль,Январь-декабрь,CD
Y48423007,Всего по обследуемым видам экономической деятельности,Омская область,Муниципальное образование верхнего уровня,Полтавский муниципальный район,52648000,Муниципальный район,Муниципальный район,52548000,Изменен тип и название,2010,2025,2025,Рубль,Январь-декабрь,CD
Y48423007,Всего по обследуемым видам экономической деятельности,Омская область,Муниципальное образование верхнего уровня,Русско-Полянский муниципальный район,52650000,Муниципальный район,Муниципальный район,52650000,Без изменений,2010,2025,2025,Рубль,Январь-декабрь,CD
Y48423007,Всего по обследуемым видам экономической деятельности,Омская область,Муниципальное образование верхнего уровня,Саргатский муниципальный район,52651000,Муниципальный район,Муниципальный район,52551000,Изменен тип и название,2010,2025,2025,Рубль,Январь-декабрь,CD
Y48423007,Всего по обследуемым видам экономической деятельности,Омская область,Муниципальное образование верхнего уровня,Седельниковский муниципальный район,52652000,Муниципальный район,Муниципальный район,52552000,Изменен тип и название,2010,2025,2025,Рубль,Январь-декабрь,CD
Y48423007,Всего по обследуемым видам экономической деятельности,Омская область,Муниципальное образование верхнего уровня,Таврический муниципальный район,52653000,Муниципальный район,Муниципальный район,52553000,Изменен тип и название,2010,2025,2025,Рубль,Январь-декабрь,CD
Y48423007,Всего по обследуемым видам экономической деятельности,Омская область,Муниципальное образование верхнего уровня,Тарский муниципальный район,52654000,Муниципальный район,Муниципальный район,52554000,Изменен тип и название,2010,2025,2025,Рубль,Январь-декабрь,CD
Y48423007,Всего по обследуемым видам экономической деятельности,Омская область,Муниципальное образование верхнего уровня,Тевризский муниципальный район,52655000,Муниципальный район,Муниципальный район,52555000,Изменен тип и название,2010,2025,2025,Рубль,Январь-декабрь,CD
Y48423007,Всего по обследуемым видам экономической деятельности,Омская область,Муниципальное образование верхнего уровня,Тюкалинский муниципальный район,52656000,Муниципальный район,Муниципальный район,52556000,Изменен тип и название,2010,2025,2025,Рубль,Январь-декабрь,CD
Y48423007,Всего по обследуемым видам экономической деятельности,Омская область,Муниципальное образование верхнего уровня,Усть-Ишимский муниципальный район,52657000,Муниципальный район,Муниципальный район,52557000,Изменен тип и название,2010,2025,2025,Рубль,Январь-декабрь,CD
Y48423007,Всего по обследуемым видам экономической деятельности,Омская область,Муниципальное образование верхнего уровня,Черлакский муниципальный район,52658000,Муниципальный район,Муниципальный район,52658000,Без изменений,2010,2025,2025,Рубль,Январь-декабрь,CD
Y48423007,Всего по обследуемым видам экономической деятельности,Омская область,Муниципальное образование верхнего уровня,Шербакульский муниципальный район,52659000,Муниципальный район,Муниципальный район,52559000,Изменен тип и название,2010,2025,2025,Рубль,Январь-декабрь,CD
Y48423007,Всего по обследуемым видам экономической деятельности,Омская область,Муниципальное образование верхнего уровня,город Омск,52701000,"Городской округ, городской округ с внутригородским делением","Городской округ, городской округ с внутригородским делением",52701000,Без изменений,2010,2025,2025,Рубль,Январь-декабрь,CD
Y48423007,Всего по обследуемым видам экономической деятельности,Оренбургская область,Муниципальное образование верхнего уровня,Абдулинский,53502000,Муниципальный округ,Муниципальный округ,53502000,Изменен тип и название,2025,2025,2025,Рубль,Январь-декабрь,CD
Y48423007,Всего по обследуемым видам экономической деятельности,Оренбургская область,Муниципальное образование верхнего уровня,Гайский,53503000,Муниципальный округ,Муниципальный округ,53503000,Изменен тип и название,2025,2025,2025,Рубль,Январь-декабрь,CD
Y48423007,Всего по обследуемым видам экономической деятельности,Оренбургская область,Муниципальное образование верхнего уровня,Кувандыкский,53504000,Муниципальный округ,Муниципальный округ,53504000,Изменен тип и название,2025,2025,2025,Рубль,Январь-декабрь,CD
Y48423007,Всего по обследуемым видам экономической деятельности,Оренбургская область,Муниципальное образование верхнего уровня,Соль-Илецкий,53505000,Муниципальный округ,Муниципальный округ,53505000,Изменен тип и название,2025,2025,2025,Рубль,Январь-декабрь,CD
Y48423007,Всего по обследуемым видам экономической деятельности,Оренбургская область,Муниципальное образование верхнего уровня,Сорочинский,53506000,Муниципальный округ,Муниципальный округ,53506000,Изменен тип и название,2025,2025,2025,Рубль,Январь-декабрь,CD
Y48423007,Всего по обследуемым видам экономической деятельности,Оренбургская область,Муниципальное образование верхнего уровня,Ясненский,53507000,Муниципальный округ,Муниципальный округ,53507000,Изменен тип и название,2025,2025,2025,Рубль,Январь-декабрь,CD
Y48423007,Всего по обследуемым видам экономической деятельности,Оренбургская область,Муниципальное образование верхнего уровня,Адамовский муниципальный район,53604000,Муниципальный район,Муниципальный район,53604000,Без изменений,2010,2025,2025,Рубль,Январь-декабрь,CD
Y48423007,Всего по обследуемым видам экономической деятельности,Оренбургская область,Муниципальное образование верхнего уровня,Акбулакский муниципальный район,53605000,Муниципальный район,Муниципальный район,53605000,Без изменений,2010,2025,2025,Рубль,Январь-декабрь,CD
Y48423007,Всего по обследуемым видам экономической деятельности,Оренбургская область,Муниципальное образование верхнего уровня,Александровский муниципальный район,53606000,Муниципальный район,Муниципальный район,53606000,Без изменений,2010,2025,2025,Рубль,Январь-декабрь,CD
Y48423007,Всего по обследуемым видам экономической деятельности,Оренбургская область,Муниципальное образование верхнего уровня,Асекеевский муниципальный район,53607000,Муниципальный район,Муниципальный район,53607000,Без изменений,2010,2025,2025,Рубль,Январь-декабрь,CD
Y48423007,Всего по обследуемым видам экономической деятельности,Оренбургская область,Муниципальное образование верхнего уровня,Беляевский муниципальный район,53610000,Муниципальный район,Муниципальный район,53610000,Без изменений,2010,2025,2025,Рубль,Январь-декабрь,CD
Y48423007,Всего по обследуемым видам экономической деятельности,Оренбургская область,Муниципальное образование верхнего уровня,Бугурусланский муниципальный район,53611000,Муниципальный район,Муниципальный район,53611000,Без изменений,2010,2025,2025,Рубль,Январь-декабрь,CD
Y48423007,Всего по обследуемым видам экономической деятельности,Оренбургская область,Муниципальное образование верхнего уровня,Бузулукский муниципальный район,53612000,Муниципальный район,Муниципальный район,53612000,Без изменений,2010,2025,2025,Рубль,Январь-декабрь,CD
Y48423007,Всего по обследуемым видам экономической деятельности,Оренбургская область,Муниципальное образование верхнего уровня,Грачёвский муниципальный район,53615000,Муниципальный район,Муниципальный район,53615000,Без изменений,2010,2025,2025,Рубль,Январь-декабрь,CD
Y48423007,Всего по обследуемым видам экономической деятельности,Оренбургская область,Муниципальное образование верхнего уровня,Домбаровский муниципальный район,53617000,Муниципальный район,Муниципальный район,53617000,Без изменений,2010,2025,2025,Рубль,Январь-декабрь,CD
Y48423007,Всего по обследуемым видам экономической деятельности,Оренбургская область,Муниципальное образование верхнего уровня,Илекский муниципальный район,53619000,Муниципальный район,Муниципальный район,53619000,Без изменений,2010,2025,2025,Рубль,Январь-декабрь,CD
Y48423007,Всего по обследуемым видам экономической деятельности,Оренбургская область,Муниципальное образование верхнего уровня,Кваркенский муниципальный район,53622000,Муниципальный район,Муниципальный район,53622000,Без изменений,2010,2025,2025,Рубль,Январь-декабрь,CD
Y48423007,Всего по обследуемым видам экономической деятельности,Оренбургская область,Муниципальное образование верхнего уровня,Красногвардейский муниципальный район,53623000,Муниципальный район,Муниципальный район,53623000,Без изменений,2010,2025,2025,Рубль,Январь-декабрь,CD
Y48423007,Всего по обследуемым видам экономической деятельности,Оренбургская область,Муниципальное образование верхнего уровня,Курманаевский муниципальный район,53625000,Муниципальный район,Муниципальный район,53625000,Без изменений,2010,2025,2025,Рубль,Январь-декабрь,CD
Y48423007,Всего по обследуемым видам экономической деятельности,Оренбургская область,Муниципальное образование верхнего уровня,Матвеевский муниципальный район,53627000,Муниципальный район,Муниципальный район,53627000,Без изменений,2010,2025,2025,Рубль,Январь-декабрь,CD
Y48423007,Всего по обследуемым видам экономической деятельности,Оренбургская область,Муниципальное образование верхнего уровня,Новоорский муниципальный район,53630000,Муниципальный район,Муниципальный район,53630000,Без изменений,2010,2025,2025,Рубль,Январь-декабрь,CD
Y48423007,Всего по обследуемым видам экономической деятельности,Оренбургская область,Муниципальное образование верхнего уровня,Новосергиевский муниципальный район,53631000,Муниципальный район,Муниципальный район,53631000,Без изменений,2010,2025,2025,Рубль,Январь-декабрь,CD
Y48423007,Всего по обследуемым видам экономической деятельности,Оренбургская область,Муниципальное образование верхнего уровня,Октябрьский муниципальный район,53633000,Муниципальный район,Муниципальный район,53633000,Без изменений,2010,2025,2025,Рубль,Январь-декабрь,CD
Y48423007,Всего по обследуемым видам экономической деятельности,Оренбургская область,Муниципальное образование верхнего уровня,Оренбургский муниципальный район,53634000,Муниципальный район,Муниципальный район,53634000,Без изменений,2010,2025,2025,Рубль,Январь-декабрь,CD
Y48423007,Всего по обследуемым видам экономической деятельности,Оренбургская область,Муниципальное образование верхнего уровня,Первомайский муниципальный район,53636000,Муниципальный район,Муниципальный район,53636000,Без изменений,2010,2025,2025,Рубль,Январь-декабрь,CD
Y48423007,Всего по обследуемым видам экономической деятельности,Оренбургская область,Муниципальное образование верхнего уровня,Переволоцкий муниципальный район,53637000,Муниципальный район,Муниципальный район,53637000,Без изменений,2010,2025,2025,Рубль,Январь-декабрь,CD
Y48423007,Всего по обследуемым видам экономической деятельности,Оренбургская область,Муниципальное образование верхнего уровня,Пономарёвский муниципальный район,53638000,Муниципальный район,Муниципальный район,53638000,Без изменений,2010,2025,2025,Рубль,Январь-декабрь,CD
Y48423007,Всего по обследуемым видам экономической деятельности,Оренбургская область,Муниципальное образование верхнего уровня,Сакмарский муниципальный район,53640000,Муниципальный район,Муниципальный район,53640000,Без изменений,2010,2025,2025,Рубль,Январь-декабрь,CD
Y48423007,Всего по обследуемым видам экономической деятельности,Оренбургская область,Муниципальное образование верхнего уровня,Саракташский муниципальный район,53641000,Муниципальный район,Муниципальный район,53641000,Без изменений,2010,2025,2025,Рубль,Январь-декабрь,CD
Y48423007,Всего по обследуемым видам экономической деятельности,Оренбургская область,Муниципальное образование верхнего уровня,Светлинский муниципальный район,53642000,Муниципальный район,Муниципальный район,53642000,Без изменений,2010,2025,2025,Рубль,Январь-декабрь,CD
Y48423007,Всего по обследуемым видам экономической деятельности,Оренбургская область,Муниципальное образование верхнего уровня,Северный муниципальный район,53643000,Муниципальный район,Муниципальный район,53643000,Без изменений,2010,2025,2025,Рубль,Январь-декабрь,CD
Y48423007,Всего по обследуемым видам экономической деятельности,Оренбургская область,Муниципальное образование верхнего уровня,Ташлинский муниципальный район,53651000,Муниципальный район,Муниципальный район,53651000,Без изменений,2010,2025,2025,Рубль,Январь-декабрь,CD
Y48423007,Всего по обследуемым видам экономической деятельности,Оренбургская область,Муниципальное образование верхнего уровня,Тоцкий муниципальный район,53652000,Муниципальный район,Муниципальный район,53652000,Без изменений,2010,2025,2025,Рубль,Январь-декабрь,CD
Y48423007,Всего по обследуемым видам экономической деятельности,Оренбургская область,Муниципальное образование верхнего уровня,Тюльганский муниципальный район,53653000,Муниципальный район,Муниципальный район,53653000,Без изменений,2010,2025,2025,Рубль,Январь-декабрь,CD
Y48423007,Всего по обследуемым видам экономической деятельности,Оренбургская область,Муниципальное образование верхнего уровня,Шарлыкский муниципальный район,53656000,Муниципальный район,Муниципальный район,53656000,Без изменений,2010,2025,2025,Рубль,Январь-декабрь,CD
Y48423007,Всего по обследуемым видам экономической деятельности,Оренбургская область,Муниципальное образование верхнего уровня,город Оренбург,53701000,"Городской округ, городской округ с внутригородским делением","Городской округ, городской округ с внутригородским делением",53701000,Без изменений,2010,2025,2025,Рубль,Январь-декабрь,CD
Y48423007,Всего по обследуемым видам экономической деятельности,Оренбургская область,Муниципальное образование верхнего уровня,город Бугуруслан,53708000,"Городской округ, городской округ с внутригородским делением","Городской округ, городской округ с внутригородским делением",53708000,Без изменений,2010,2025,2025,Рубль,Январь-декабрь,CD
Y48423007,Всего по обследуемым видам экономической деятельности,Оренбургская область,Муниципальное образование верхнего уровня,город Бузулук,53712000,"Городской округ, городской округ с внутригородским делением","Городской округ, городской округ с внутригородским делением",53712000,Без изменений,2010,2025,2025,Рубль,Январь-декабрь,CD
Y48423007,Всего по обследуемым видам экономической деятельности,Оренбургская область,Муниципальное образование верхнего уровня,город Медногорск,53715000,"Городской округ, городской округ с внутригородским делением","Городской округ, городской округ с внутригородским делением",53715000,Без изменений,2010,2025,2025,Рубль,Январь-декабрь,CD
Y48423007,Всего по обследуемым видам экономической деятельности,Оренбургская область,Муниципальное образование верхнего уровня,город Новотроицк,53720000,"Городской округ, городской округ с внутригородским делением","Городской округ, городской округ с внутригородским делением",53720000,Без изменений,2010,2025,2025,Рубль,Январь-декабрь,CD
Y48423007,Всего по обследуемым видам экономической деятельности,Оренбургская область,Муниципальное образование верхнего уровня,город Орск,53723000,"Городской округ, городской округ с внутригородским делением","Городской округ, городской округ с внутригородским делением",53723000,Без изменений,2010,2025,2025,Рубль,Январь-декабрь,CD
Y48423007,Всего по обследуемым видам экономической деятельности,Орловская область,Муниципальное образование верхнего уровня,Орловский,54501000,Муниципальный округ,Муниципальный округ,54501000,Изменен тип и название,2022,2025,2025,Рубль,Январь-декабрь,CD
Y48423007,Всего по обследуемым видам экономической деятельности,Орловская область,Муниципальное образование верхнего уровня,Болховский муниципальный район,54604000,Муниципальный район,Муниципальный район,54604000,Без изменений,2010,2025,2025,Рубль,Январь-декабрь,CD
Y48423007,Всего по обследуемым видам экономической деятельности,Орловская область,Муниципальное образование верхнего уровня,Верховский муниципальный район,54608000,Муниципальный район,Муниципальный район,54608000,Без изменений,2010,2025,2025,Рубль,Январь-декабрь,CD
Y48423007,Всего по обследуемым видам экономической деятельности,Орловская область,Муниципальное образование верхнего уровня,Глазуновский муниципальный район,54610000,Муниципальный район,Муниципальный район,54610000,Без изменений,2010,2025,2025,Рубль,Январь-декабрь,CD
Y48423007,Всего по обследуемым видам экономической деятельности,Орловская область,Муниципальное образование верхнего уровня,Дмитровский муниципальный район,54612000,Муниципальный район,Муниципальный район,54612000,Без изменений,2010,2025,2025,Рубль,Январь-декабрь,CD
Y48423007,Всего по обследуемым видам экономической деятельности,Орловская область,Муниципальное образование верхнего уровня,Должанский муниципальный район,54615000,Муниципальный район,Муниципальный район,54615000,Без изменений,2010,2025,2025,Рубль,Январь-декабрь,CD
Y48423007,Всего по обследуемым видам экономической деятельности,Орловская область,Муниципальное образование верхнего уровня,Залегощенский муниципальный район,54618000,Муниципальный район,Муниципальный район,54618000,Без изменений,2010,2025,2025,Рубль,Январь-декабрь,CD
Y48423007,Всего по обследуемым видам экономической деятельности,Орловская область,Муниципальное образование верхнего уровня,Знаменский муниципальный район,54620000,Муниципальный район,Муниципальный район,54620000,Без изменений,2010,2025,2025,Рубль,Январь-декабрь,CD
Y48423007,Всего по обследуемым видам экономической деятельности,Орловская область,Муниципальное образование верхнего уровня,Колпнянский муниципальный район,54623000,Муниципальный район,Муниципальный район,54623000,Без изменений,2010,2025,2025,Рубль,Январь-декабрь,CD
Y48423007,Всего по обследуемым видам экономической деятельности,Орловская область,Муниципальное образование верхнего уровня,Краснозоренский муниципальный район,54624000,Муниципальный район,Муниципальный район,54624000,Без изменений,2010,2025,2025,Рубль,Январь-декабрь,CD
Y48423007,Всего по обследуемым видам экономической деятельности,Орловская область,Муниципальное образование верхнего уровня,Кромской муниципальный район,54625000,Муниципальный район,Муниципальный район,54625000,Без изменений,2010,2025,2025,Рубль,Январь-декабрь,CD
Y48423007,Всего по обследуемым видам экономической деятельности,Орловская область,Муниципальное образование верхнего уровня,Корсаковский муниципальный район,54626000,Муниципальный район,Муниципальный район,54626000,Без изменений,2010,2025,2025,Рубль,Январь-декабрь,CD
Y48423007,Всего по обследуемым видам экономической деятельности,Орловская область,Муниципальное образование верхнего уровня,Ливенский муниципальный район,54629000,Муниципальный район,Муниципальный район,54629000,Без изменений,2010,2025,2025,Рубль,Январь-декабрь,CD
Y48423007,Всего по обследуемым видам экономической деятельности,Орловская область,Муниципальное образование верхнего уровня,Малоархангельский муниципальный район,54632000,Муниципальный район,Муниципальный район,54632000,Без изменений,2010,2025,2025,Рубль,Январь-декабрь,CD
Y48423007,Всего по обследуемым видам экономической деятельности,Орловская область,Муниципальное образование верхнего уровня,Мценский муниципальный район,54636000,Муниципальный район,Муниципальный район,54636000,Без изменений,2010,2025,2025,Рубль,Январь-декабрь,CD
Y48423007,Всего по обследуемым видам экономической деятельности,Орловская область,Муниципальное образование верхнего уровня,Новодеревеньковский муниципальный район,54639000,Муниципальный район,Муниципальный район,54639000,Без изменений,2010,2025,2025,Рубль,Январь-декабрь,CD
Y48423007,Всего по обследуемым видам экономической деятельности,Орловская область,Муниципальное образование верхнего уровня,Новосильский муниципальный район,54643000,Муниципальный район,Муниципальный район,54643000,Без изменений,2010,2025,2025,Рубль,Январь-декабрь,CD
Y48423007,Всего по обследуемым видам экономической деятельности,Орловская область,Муниципальное образование верхнего уровня,Покровский муниципальный район,54650000,Муниципальный район,Муниципальный район,54650000,Без изменений,2010,2025,2025,Рубль,Январь-декабрь,CD
Y48423007,Всего по обследуемым видам экономической деятельности,Орловская область,Муниципальное образование верхнего уровня,Свердловский муниципальный район,54652000,Муниципальный район,Муниципальный район,54652000,Без изменений,2010,2025,2025,Рубль,Январь-декабрь,CD
Y48423007,Всего по обследуемым видам экономической деятельности,Орловская область,Муниципальное образование верхнего уровня,Сосковский муниципальный район,54653000,Муниципальный район,Муниципальный район,54653000,Без изменений,2010,2025,2025,Рубль,Январь-декабрь,CD
Y48423007,Всего по обследуемым видам экономической деятельности,Орловская область,Муниципальное образование верхнего уровня,Троснянский муниципальный район,54654000,Муниципальный район,Муниципальный район,54654000,Без изменений,2010,2025,2025,Рубль,Январь-декабрь,CD
Y48423007,Всего по обследуемым видам экономической деятельности,Орловская область,Муниципальное образование верхнего уровня,Урицкий муниципальный район,54655000,Муниципальный район,Муниципальный район,54655000,Без изменений,2010,2025,2025,Рубль,Январь-декабрь,CD
Y48423007,Всего по обследуемым видам экономической деятельности,Орловская область,Муниципальное образование верхнего уровня,Хотынецкий муниципальный район,54657000,Муниципальный район,Муниципальный район,54657000,Без изменений,2010,2025,2025,Рубль,Январь-декабрь,CD
Y48423007,Всего по обследуемым видам экономической деятельности,Орловская область,Муниципальное образование верхнего уровня,Шаблыкинский муниципальный район,54659000,Муниципальный район,Муниципальный район,54659000,Без изменений,2010,2025,2025,Рубль,Январь-декабрь,CD
Y48423007,Всего по обследуемым видам экономической деятельности,Орловская область,Муниципальное образование верхнего уровня,город Орёл,54701000,"Городской округ, городской округ с внутригородским делением","Городской округ, городской округ с внутригородским делением",54701000,Без изменений,2010,2025,2025,Рубль,Январь-декабрь,CD
Y48423007,Всего по обследуемым видам экономической деятельности,Орловская область,Муниципальное образование верхнего уровня,город Ливны,54705000,"Городской округ, городской округ с внутригородским делением","Городской округ, городской округ с внутригородским делением",54705000,Без изменений,2010,2025,2025,Рубль,Январь-декабрь,CD
Y48423007,Всего по обследуемым видам экономической деятельности,Орловская область,Муниципальное образование верхнего уровня,город Мценск,54710000,"Городской округ, городской округ с внутригородским делением","Городской округ, городской округ с внутригородским делением",54710000,Без изменений,2010,2025,2025,Рубль,Январь-декабрь,CD
Y48423007,Всего по обследуемым видам экономической деятельности,Пензенская область,Муниципальное образование верхнего уровня,Башмаковский муниципальный район,56603000,Муниципальный район,Муниципальный район,56603000,Без изменений,2010,2025,2025,Рубль,Январь-декабрь,CD
Y48423007,Всего по обследуемым видам экономической деятельности,Пензенская область,Муниципальное образование верхнего уровня,Спасский муниципальный район,56606000,Муниципальный район,Муниципальный район,56606000,Без изменений,2010,2025,2025,Рубль,Январь-декабрь,CD
Y48423007,Всего по обследуемым видам экономической деятельности,Пензенская область,Муниципальное образование верхнего уровня,Бековский муниципальный район,56609000,Муниципальный район,Муниципальный район,56609000,Без изменений,2010,2025,2025,Рубль,Январь-декабрь,CD
Y48423007,Всего по обследуемым видам экономической деятельности,Пензенская область,Муниципальное образование верхнего уровня,Белинский муниципальный район,56612000,Муниципальный район,Муниципальный район,56612000,Без изменений,2010,2025,2025,Рубль,Январь-декабрь,CD
Y48423007,Всего по обследуемым видам экономической деятельности,Пензенская область,Муниципальное образование верхнего уровня,Бессоновский муниципальный район,56613000,Муниципальный район,Муниципальный район,56613000,Без изменений,2010,2025,2025,Рубль,Январь-декабрь,CD
Y48423007,Всего по обследуемым видам экономической деятельности,Пензенская область,Муниципальное образование верхнего уровня,Вадинский муниципальный район,56615000,Муниципальный район,Муниципальный район,56615000,Без изменений,2010,2025,2025,Рубль,Январь-декабрь,CD
Y48423007,Всего по обследуемым видам экономической деятельности,Пензенская область,Муниципальное образование верхнего уровня,Городищенский муниципальный район,56618000,Муниципальный район,Муниципальный район,56618000,Без изменений,2010,2025,2025,Рубль,Январь-декабрь,CD
Y48423007,Всего по обследуемым видам экономической деятельности,Пензенская область,Муниципальное образование верхнего уровня,Земетчинский муниципальный район,56623000,Муниципальный район,Муниципальный район,56623000,Без изменений,2010,2025,2025,Рубль,Январь-декабрь,CD
Y48423007,Всего по обследуемым видам экономической деятельности,Пензенская область,Муниципальное образование верхнего уровня,Иссинский муниципальный район,56626000,Муниципальный район,Муниципальный район,56626000,Без изменений,2010,2025,2025,Рубль,Январь-декабрь,CD
Y48423007,Всего по обследуемым видам экономической деятельности,Пензенская область,Муниципальное образование верхнего уровня,Каменский муниципальный район,56629000,Муниципальный район,Муниципальный район,56629000,Без изменений,2010,2025,2025,Рубль,Январь-декабрь,CD
Y48423007,Всего по обследуемым видам экономической деятельности,Пензенская область,Муниципальное образование верхнего уровня,Камешкирский муниципальный район,56631000,Муниципальный район,Муниципальный район,56631000,Без изменений,2010,2025,2025,Рубль,Январь-декабрь,CD
Y48423007,Всего по обследуемым видам экономической деятельности,Пензенская область,Муниципальное образование верхнего уровня,Колышлейский муниципальный район,56633000,Муниципальный район,Муниципальный район,56633000,Без изменений,2010,2025,2025,Рубль,Январь-декабрь,CD
Y48423007,Всего по обследуемым видам экономической деятельности,Пензенская область,Муниципальное образование верхнего уровня,Кузнецкий муниципальный район,56640000,Муниципальный район,Муниципальный район,56640000,Без изменений,2010,2025,2025,Рубль,Январь-декабрь,CD
Y48423007,Всего по обследуемым видам экономической деятельности,Пензенская область,Муниципальное образование верхнего уровня,Лопатинский муниципальный район,56642000,Муниципальный район,Муниципальный район,56642000,Без изменений,2010,2025,2025,Рубль,Январь-декабрь,CD
Y48423007,Всего по обследуемым видам экономической деятельности,Пензенская область,Муниципальное образование верхнего уровня,Лунинский муниципальный район,56643000,Муниципальный район,Муниципальный район,56643000,Без изменений,2010,2025,2025,Рубль,Январь-декабрь,CD
Y48423007,Всего по обследуемым видам экономической деятельности,Пензенская область,Муниципальное образование верхнего уровня,Малосердобинский муниципальный район,56644000,Муниципальный район,Муниципальный район,56644000,Без изменений,2010,2025,2025,Рубль,Январь-декабрь,CD
Y48423007,Всего по обследуемым видам экономической деятельности,Пензенская область,Муниципальное образование верхнего уровня,Мокшанский муниципальный район,56645000,Муниципальный район,Муниципальный район,56645000,Без изменений,2010,2025,2025,Рубль,Январь-декабрь,CD
Y48423007,Всего по обследуемым видам экономической деятельности,Пензенская область,Муниципальное образование верхнего уровня,Наровчатский муниципальный район,56647000,Муниципальный район,Муниципальный район,56647000,Без изменений,2010,2025,2025,Рубль,Январь-декабрь,CD
Y48423007,Всего по обследуемым видам экономической деятельности,Пензенская область,Муниципальное образование верхнего уровня,Неверкинский муниципальный район,56649000,Муниципальный район,Муниципальный район,56649000,Без изменений,2010,2025,2025,Рубль,Январь-декабрь,CD
Y48423007,Всего по обследуемым видам экономической деятельности,Пензенская область,Муниципальное образование верхнего уровня,Нижнеломовский муниципальный район,56651000,Муниципальный район,Муниципальный район,56651000,Без изменений,2010,2025,2025,Рубль,Январь-декабрь,CD
Y48423007,Всего по обследуемым видам экономической деятельности,Пензенская область,Муниципальное образование верхнего уровня,Никольский муниципальный район,56653000,Муниципальный район,Муниципальный район,56653000,Без изменений,2010,2025,2025,Рубль,Январь-декабрь,CD
Y48423007,Всего по обследуемым видам экономической деятельности,Пензенская область,Муниципальное образование верхнего уровня,Пачелмский муниципальный район,56654000,Муниципальный район,Муниципальный район,56654000,Без изменений,2010,2025,2025,Рубль,Январь-декабрь,CD
Y48423007,Всего по обследуемым видам экономической деятельности,Пензенская область,Муниципальное образование верхнего уровня,Пензенский муниципальный район,56655000,Муниципальный район,Муниципальный район,56655000,Без изменений,2010,2025,2025,Рубль,Январь-декабрь,CD
Y48423007,Всего по обследуемым видам экономической деятельности,Пензенская область,Муниципальное образование верхнего уровня,Сердобский муниципальный район,56656000,Муниципальный район,Муниципальный район,56656000,Без изменений,2010,2025,2025,Рубль,Январь-декабрь,CD
Y48423007,Всего по обследуемым видам экономической деятельности,Пензенская область,Муниципальное образование верхнего уровня,Сосновоборский муниципальный район,56657000,Муниципальный район,Муниципальный район,56657000,Без изменений,2010,2025,2025,Рубль,Январь-декабрь,CD
Y48423007,Всего по обследуемым видам экономической деятельности,Пензенская область,Муниципальное образование верхнего уровня,Тамалинский муниципальный район,56658000,Муниципальный район,Муниципальный район,56658000,Без изменений,2010,2025,2025,Рубль,Январь-декабрь,CD
Y48423007,Всего по обследуемым видам экономической деятельности,Пензенская область,Муниципальное образование верхнего уровня,Шемышейский муниципальный район,56659000,Муниципальный район,Муниципальный район,56659000,Без изменений,2010,2025,2025,Рубль,Январь-декабрь,CD
Y48423007,Всего по обследуемым видам экономической деятельности,Пензенская область,Муниципальное образование верхнего уровня,город Пенза,56701000,"Городской округ, городской округ с внутригородским делением","Городской округ, городской округ с внутригородским делением",56701000,Без изменений,2010,2025,2025,Рубль,Январь-декабрь,CD
Y48423007,Всего по обследуемым видам экономической деятельности,Пензенская область,Муниципальное образование верхнего уровня,город Кузнецк,56705000,"Городской округ, городской округ с внутригородским делением","Городской округ, городской округ с внутригородским делением",56705000,Без изменений,2010,2025,2025,Рубль,Январь-декабрь,CD
Y48423007,Всего по обследуемым видам экономической деятельности,Пермский край,Муниципальное образование верхнего уровня,Александровский муниципальный округ,57502000,Муниципальный округ,Муниципальный округ,57502000,Изменен тип и название,2020,2025,2025,Рубль,Январь-декабрь,CD
Y48423007,Всего по обследуемым видам экономической деятельности,Пермский край,Муниципальное образование верхнего уровня,Бардымский муниципальный округ,57503000,Муниципальный округ,Муниципальный округ,57503000,Изменен тип и название,2021,2025,2025,Рубль,Январь-декабрь,CD
Y48423007,Всего по обследуемым видам экономической деятельности,Пермский край,Муниципальное образование верхнего уровня,Муниципальный округ город Березники,57504000,Муниципальный округ,Муниципальный округ,57504000,Объединение,2025,2025,2025,Рубль,Январь-декабрь,CD
Y48423007,Всего по обследуемым видам экономической деятельности,Пермский край,Муниципальное образование верхнего уровня,Березовский муниципальный округ,57506000,Муниципальный округ,Муниципальный округ,57506000,Изменен тип и название,2020,2025,2025,Рубль,Январь-декабрь,CD
Y48423007,Всего по обследуемым видам экономической деятельности,Пермский край,Муниципальное образование верхнего уровня,Большесосновский муниципальный округ,57508000,Муниципальный округ,Муниципальный округ,57508000,Изменен тип и название,2022,2025,2025,Рубль,Январь-декабрь,CD
Y48423007,Всего по обследуемым видам экономической деятельности,Пермский край,Муниципальное образование верхнего уровня,Верещагинский муниципальный округ,57512000,Муниципальный округ,Муниципальный округ,57512000,Объединение,2025,2025,2025,Рубль,Январь-декабрь,CD
Y48423007,Всего по обследуемым видам экономической деятельности,Пермский край,Муниципальное образование верхнего уровня,Гайнский муниципальный округ,57513000,Муниципальный округ,Муниципальный округ,57513000,Изменен тип и название,2020,2025,2025,Рубль,Январь-декабрь,CD
Y48423007,Всего по обследуемым видам экономической деятельности,Пермский край,Муниципальное образование верхнего уровня,Горнозаводский муниципальный округ,57514000,Муниципальный округ,Муниципальный округ,57514000,Объединение,2025,2025,2025,Рубль,Январь-декабрь,CD
Y48423007,Всего по обследуемым видам экономической деятельности,Пермский край,Муниципальное образование верхнего уровня,Губахинский муниципальный округ,57516000,Муниципальный округ,Муниципальный округ,57516000,"Изменен тип и название, Объединение",2023,2025,2025,Рубль,Январь-декабрь,CD
Y48423007,Всего по обследуемым видам экономической деятельности,Пермский край,Муниципальное образование верхнего уровня,Добрянский муниципальный округ,57517000,Муниципальный округ,Муниципальный округ,57517000,Объединение,2025,2025,2025,Рубль,Январь-декабрь,CD
Y48423007,Всего по обследуемым видам экономической деятельности,Пермский край,Муниципальное образование верхнего уровня,Еловский муниципальный округ,57518000,Муниципальный округ,Муниципальный округ,57518000,Изменен тип и название,2021,2025,2025,Рубль,Январь-декабрь,CD
Y48423007,Всего по обследуемым видам экономической деятельности,Пермский край,Муниципальное образование верхнего уровня,Ильинский муниципальный округ,57520000,Муниципальный округ,Муниципальный округ,57520000,Объединение,2025,2025,2025,Рубль,Январь-декабрь,CD
Y48423007,Всего по обследуемым видам экономической деятельности,Пермский край,Муниципальное образование верхнего уровня,Карагайский муниципальный округ,57522000,Муниципальный округ,Муниципальный округ,57522000,Изменен тип и название,2021,2025,2025,Рубль,Январь-декабрь,CD
Y48423007,Всего по обследуемым видам экономической деятельности,Пермский край,Муниципальное образование верхнего уровня,Кизеловский муниципальный округ,57523000,Муниципальный округ,Муниципальный округ,57523000,Объединение,2025,2025,2025,Рубль,Январь-декабрь,CD
Y48423007,Всего по обследуемым видам экономической деятельности,Пермский край,Муниципальное образование верхнего уровня,Кишертский муниципальный округ,57524000,Муниципальный округ,Муниципальный округ,57524000,Изменен тип и название,2021,2025,2025,Рубль,Январь-декабрь,CD
Y48423007,Всего по обследуемым видам экономической деятельности,Пермский край,Муниципальное образование верхнего уровня,Косинский муниципальный округ,57525000,Муниципальный округ,Муниципальный округ,57525000,Изменен тип и название,2020,2025,2025,Рубль,Январь-декабрь,CD
Y48423007,Всего по обследуемым видам экономической деятельности,Пермский край,Муниципальное образование верхнего уровня,Кочевский муниципальный округ,57526000,Муниципальный округ,Муниципальный округ,57526000,Изменен тип и название,2020,2025,2025,Рубль,Январь-декабрь,CD
Y48423007,Всего по обследуемым видам экономической деятельности,Пермский край,Муниципальное образование верхнего уровня,Красновишерский муниципальный округ,57527000,Муниципальный округ,Муниципальный округ,57527000,Объединение,2025,2025,2025,Рубль,Январь-декабрь,CD
Y48423007,Всего по обследуемым видам экономической деятельности,Пермский край,Муниципальное образование верхнего уровня,Кудымкарский муниципальный округ,57528000,Муниципальный округ,Муниципальный округ,57528000,"Изменен тип и название, Объединение",2020,2025,2025,Рубль,Январь-декабрь,CD
Y48423007,Всего по обследуемым видам экономической деятельности,Пермский край,Муниципальное образование верхнего уровня,Куединский муниципальный округ,57529000,Муниципальный округ,Муниципальный округ,57529000,Изменен тип и название,2021,2025,2025,Рубль,Январь-декабрь,CD
Y48423007,Всего по обследуемым видам экономической деятельности,Пермский край,Муниципальное образование верхнего уровня,Кунгурский муниципальный округ,57530000,Муниципальный округ,Муниципальный округ,57530000,Объединение,2022,2025,2025,Рубль,Январь-декабрь,CD
Y48423007,Всего по обследуемым видам экономической деятельности,Пермский край,Муниципальное образование верхнего уровня,Краснокамский муниципальный округ,57531000,Муниципальный округ,Муниципальный округ,57531000,Объединение,2025,2025,2025,Рубль,Январь-декабрь,CD
Y48423007,Всего по обследуемым видам экономической деятельности,Пермский край,Муниципальное образование верхнего уровня,Лысьвенский муниципальный округ,57532000,Муниципальный округ,Муниципальный округ,57532000,Объединение,2025,2025,2025,Рубль,Январь-декабрь,CD
Y48423007,Всего по обследуемым видам экономической деятельности,Пермский край,Муниципальное образование верхнего уровня,Нытвенский муниципальный округ,57534000,Муниципальный округ,Муниципальный округ,57534000,Объединение,2025,2025,2025,Рубль,Январь-декабрь,CD
Y48423007,Всего по обследуемым видам экономической деятельности,Пермский край,Муниципальное образование верхнего уровня,Октябрьский муниципальный округ,57536000,Муниципальный округ,Муниципальный округ,57536000,Объединение,2025,2025,2025,Рубль,Январь-декабрь,CD
Y48423007,Всего по обследуемым видам экономической деятельности,Пермский край,Муниципальное образование верхнего уровня,Ординский муниципальный округ,57538000,Муниципальный округ,Муниципальный округ,57538000,Изменен тип и название,2020,2025,2025,Рубль,Январь-декабрь,CD
Y48423007,Всего по обследуемым видам экономической деятельности,Пермский край,Муниципальное образование верхнего уровня,Осинский муниципальный округ,57540000,Муниципальный округ,Муниципальный округ,57540000,Объединение,2025,2025,2025,Рубль,Январь-декабрь,CD
Y48423007,Всего по обследуемым видам экономической деятельности,Пермский край,Муниципальное образование верхнего уровня,Оханский муниципальный округ,57542000,Муниципальный округ,Муниципальный округ,57542000,Объединение,2025,2025,2025,Рубль,Январь-декабрь,CD
Y48423007,Всего по обследуемым видам экономической деятельности,Пермский край,Муниципальное образование верхнего уровня,Очерский муниципальный округ,57544000,Муниципальный округ,Муниципальный округ,57544000,Объединение,2025,2025,2025,Рубль,Январь-декабрь,CD
Y48423007,Всего по обследуемым видам экономической деятельности,Пермский край,Муниципальное образование верхнего уровня,Пермский муниципальный округ,57546000,Муниципальный округ,Муниципальный округ,57546000,Изменен тип и название,2023,2025,2025,Рубль,Январь-декабрь,CD
Y48423007,Всего по обследуемым видам экономической деятельности,Пермский край,Муниципальное образование верхнего уровня,Сивинский муниципальный округ,57548000,Муниципальный округ,Муниципальный округ,57548000,Изменен тип и название,2021,2025,2025,Рубль,Январь-декабрь,CD
Y48423007,Всего по обследуемым видам экономической деятельности,Пермский край,Муниципальное образование верхнего уровня,Соликамский муниципальный округ,57550000,Муниципальный округ,Муниципальный округ,57550000,Объединение,2025,2025,2025,Рубль,Январь-декабрь,CD
Y48423007,Всего по обследуемым видам экономической деятельности,Пермский край,Муниципальное образование верхнего уровня,Суксунский муниципальный округ,57551000,Муниципальный округ,Муниципальный округ,57551000,Объединение,2025,2025,2025,Рубль,Январь-декабрь,CD
Y48423007,Всего по обследуемым видам экономической деятельности,Пермский край,Муниципальное образование верхнего уровня,Уинский муниципальный округ,57552000,Муниципальный округ,Муниципальный округ,57552000,Изменен тип и название,2020,2025,2025,Рубль,Январь-декабрь,CD
Y48423007,Всего по обследуемым видам экономической деятельности,Пермский край,Муниципальное образование верхнего уровня,Частинский муниципальный округ,57555000,Муниципальный округ,Муниципальный округ,57555000,Изменен тип и название,2021,2025,2025,Рубль,Январь-декабрь,CD
Y48423007,Всего по обследуемым видам экономической деятельности,Пермский край,Муниципальное образование верхнего уровня,Чердынский муниципальный округ,57556000,Муниципальный округ,Муниципальный округ,57556000,Объединение,2025,2025,2025,Рубль,Январь-декабрь,CD
Y48423007,Всего по обследуемым видам экономической деятельности,Пермский край,Муниципальное образование верхнего уровня,Чернушинский муниципальный округ,57557000,Муниципальный округ,Муниципальный округ,57557000,Объединение,2025,2025,2025,Рубль,Январь-декабрь,CD
Y48423007,Всего по обследуемым видам экономической деятельности,Пермский край,Муниципальное образование верхнего уровня,Чусовской муниципальный округ,57558000,Муниципальный округ,Муниципальный округ,57558000,Объединение,2025,2025,2025,Рубль,Январь-декабрь,CD
Y48423007,Всего по обследуемым видам экономической деятельности,Пермский край,Муниципальное образование верхнего уровня,Юрлинский муниципальный округ,57559000,Муниципальный округ,Муниципальный округ,57559000,Изменен тип и название,2020,2025,2025,Рубль,Январь-декабрь,CD
Y48423007,Всего по обследуемым видам экономической деятельности,Пермский край,Муниципальное образование верхнего уровня,Юсьвинский муниципальный округ,57560000,Муниципальный округ,Муниципальный округ,57560000,Изменен тип и название,2020,2025,2025,Рубль,Январь-декабрь,CD
Y48423007,Всего по обследуемым видам экономической деятельности,Пермский край,Муниципальное образование верхнего уровня,Пермский,57701000,"Городской округ, городской округ с внутригородским делением","Городской округ, городской округ с внутригородским делением",57701000,Без изменений,2010,2025,2025,Рубль,Январь-декабрь,CD
Y48423007,Всего по обследуемым видам экономической деятельности,Пермский край,Муниципальное образование верхнего уровня,Чайковский,57735000,"Городской округ, городской округ с внутригородским делением","Городской округ, городской округ с внутригородским делением",57735000,Изменен тип и название,2019,2025,2025,Рубль,Январь-декабрь,CD
Y48423007,Всего по обследуемым видам экономической деятельности,Псковская область,Муниципальное образование верхнего уровня,Бежаницкий,58504000,Муниципальный округ,Муниципальный округ,58504000,Изменен тип и название,2025,2025,2025,Рубль,Январь-декабрь,CD
Y48423007,Всего по обследуемым видам экономической деятельности,Псковская область,Муниципальное образование верхнего уровня,Дновский,58512000,Муниципальный округ,Муниципальный округ,58512000,Изменен тип и название,2025,2025,2025,Рубль,Январь-декабрь,CD
Y48423007,Всего по обследуемым видам экономической деятельности,Псковская область,Муниципальное образование верхнего уровня,Красногородский,58514000,Муниципальный округ,Муниципальный округ,58514000,Изменен тип и название,2024,2025,2025,Рубль,Январь-декабрь,CD
Y48423007,Всего по обследуемым видам экономической деятельности,Псковская область,Муниципальное образование верхнего уровня,Локнянский,58518000,Муниципальный округ,Муниципальный округ,58518000,Изменен тип и название,2024,2025,2025,Рубль,Январь-декабрь,CD
Y48423007,Всего по обследуемым видам экономической деятельности,Псковская область,Муниципальное образование верхнего уровня,Невельский,58520000,Муниципальный округ,Муниципальный округ,58520000,Изменен тип и название,2024,2025,2025,Рубль,Январь-декабрь,CD
Y48423007,Всего по обследуемым видам экономической деятельности,Псковская область,Муниципальное образование верхнего уровня,Новоржевский,58523000,Муниципальный округ,Муниципальный округ,58523000,Изменен тип и название,2024,2025,2025,Рубль,Январь-декабрь,CD
Y48423007,Всего по обследуемым видам экономической деятельности,Псковская область,Муниципальное образование верхнего уровня,Опочецкий,58529000,Муниципальный округ,Муниципальный округ,58529000,Изменен тип и название,2024,2025,2025,Рубль,Январь-декабрь,CD
Y48423007,Всего по обследуемым видам экономической деятельности,Псковская область,Муниципальное образование верхнего уровня,Печорский,58540000,Муниципальный округ,Муниципальный округ,58540000,Изменен тип и название,2024,2025,2025,Рубль,Январь-декабрь,CD
Y48423007,Всего по обследуемым видам экономической деятельности,Псковская область,Муниципальное образование верхнего уровня,Плюсский,58543000,Муниципальный округ,Муниципальный округ,58543000,Изменен тип и название,2025,2025,2025,Рубль,Январь-декабрь,CD
Y48423007,Всего по обследуемым видам экономической деятельности,Псковская область,Муниципальное образование верхнего уровня,Порховский,58547000,Муниципальный округ,Муниципальный округ,58547000,Изменен тип и название,2025,2025,2025,Рубль,Январь-декабрь,CD
Y48423007,Всего по обследуемым видам экономической деятельности,Псковская область,Муниципальное образование верхнего уровня,Пыталовский,58553000,Муниципальный округ,Муниципальный округ,58553000,Изменен тип и название,2024,2025,2025,Рубль,Январь-декабрь,CD
Y48423007,Всего по обследуемым видам экономической деятельности,Псковская область,Муниципальное образование верхнего уровня,Струго-Красненский,58556000,Муниципальный округ,Муниципальный округ,58556000,Изменен тип и название,2024,2025,2025,Рубль,Январь-декабрь,CD
Y48423007,Всего по обследуемым видам экономической деятельности,Псковская область,Муниципальное образование верхнего уровня,Усвятский,58558000,Муниципальный округ,Муниципальный округ,58558000,Изменен тип и название,2025,2025,2025,Рубль,Январь-декабрь,CD
Y48423007,Всего по обследуемым видам экономической деятельности,Псковская область,Муниципальное образование верхнего уровня,Великолукский муниципальный район,58606000,Муниципальный район,Муниципальный район,58506000,Изменен тип и название,2010,2025,2025,Рубль,Январь-декабрь,CD
Y48423007,Всего по обследуемым видам экономической деятельности,Псковская область,Муниципальное образование верхнего уровня,Гдовский муниципальный район,58608000,Муниципальный район,Муниципальный район,58508000,Изменен тип и название,2010,2025,2025,Рубль,Январь-декабрь,CD
Y48423007,Всего по обследуемым видам экономической деятельности,Псковская область,Муниципальное образование верхнего уровня,Дедовичский муниципальный район,58610000,Муниципальный район,Муниципальный район,58510000,Изменен тип и название,2010,2025,2025,Рубль,Январь-декабрь,CD
Y48423007,Всего по обследуемым видам экономической деятельности,Псковская область,Муниципальное образование верхнего уровня,Куньинский муниципальный район,58616000,Муниципальный район,Муниципальный район,58516000,Изменен тип и название,2010,2025,2025,Рубль,Январь-декабрь,CD
Y48423007,Всего по обследуемым видам экономической деятельности,Псковская область,Муниципальное образование верхнего уровня,Новосокольнический муниципальный район,58626000,Муниципальный район,Муниципальный район,58526000,Изменен тип и название,2010,2025,2025,Рубль,Январь-декабрь,CD
Y48423007,Всего по обследуемым видам экономической деятельности,Псковская область,Муниципальное образование верхнего уровня,Островский муниципальный район,58633000,Муниципальный район,Муниципальный район,58533000,Изменен тип и название,2010,2025,2025,Рубль,Январь-декабрь,CD
Y48423007,Всего по обследуемым видам экономической деятельности,Псковская область,Муниципальное образование верхнего уровня,Палкинский муниципальный район,58637000,Муниципальный район,Муниципальный район,58537000,Изменен тип и название,2010,2025,2025,Рубль,Январь-декабрь,CD
Y48423007,Всего по обследуемым видам экономической деятельности,Псковская область,Муниципальное образование верхнего уровня,Псковский муниципальный район,58649000,Муниципальный район,Муниципальный район,58549000,Изменен тип и название,2010,2025,2025,Рубль,Январь-декабрь,CD
Y48423007,Всего по обследуемым видам экономической деятельности,Псковская область,Муниципальное образование верхнего уровня,Пустошкинский муниципальный район,58650000,Муниципальный район,Муниципальный район,58550000,Изменен тип и название,2010,2025,2025,Рубль,Январь-декабрь,CD
Y48423007,Всего по обследуемым видам экономической деятельности,Псковская область,Муниципальное образование верхнего уровня,Пушкиногорский муниципальный район,58651000,Муниципальный район,Муниципальный район,58551000,Изменен тип и название,2010,2025,2025,Рубль,Январь-декабрь,CD
Y48423007,Всего по обследуемым видам экономической деятельности,Псковская область,Муниципальное образование верхнего уровня,Себежский муниципальный район,58654000,Муниципальный район,Муниципальный район,58554000,Изменен тип и название,2010,2025,2025,Рубль,Январь-декабрь,CD
Y48423007,Всего по обследуемым видам экономической деятельности,Псковская область,Муниципальное образование верхнего уровня,город Псков,58701000,"Городской округ, городской округ с внутригородским делением","Городской округ, городской округ с внутригородским делением",58701000,Без изменений,2010,2025,2025,Рубль,Январь-декабрь,CD
Y48423007,Всего по обследуемым видам экономической деятельности,Псковская область,Муниципальное образование верхнего уровня,город Великие Луки,58710000,"Городской округ, городской округ с внутригородским делением","Городской округ, городской округ с внутригородским делением",58710000,Без изменений,2010,2025,2025,Рубль,Январь-декабрь,CD
Y48423007,Всего по обследуемым видам экономической деятельности,Ростовская область,Муниципальное образование верхнего уровня,Азовский муниципальный район,60601000,Муниципальный район,Муниципальный район,60601000,Без изменений,2010,2025,2025,Рубль,Январь-декабрь,CD
Y48423007,Всего по обследуемым видам экономической деятельности,Ростовская область,Муниципальное образование верхнего уровня,Аксайский муниципальный район,60602000,Муниципальный район,Муниципальный район,60602000,Без изменений,2010,2025,2025,Рубль,Январь-декабрь,CD
Y48423007,Всего по обследуемым видам экономической деятельности,Ростовская область,Муниципальное образование верхнего уровня,Багаевский муниципальный район,60605000,Муниципальный район,Муниципальный район,60605000,Без изменений,2010,2025,2025,Рубль,Январь-декабрь,CD
Y48423007,Всего по обследуемым видам экономической деятельности,Ростовская область,Муниципальное образование верхнего уровня,Белокалитвинский муниципальный район,60606000,Муниципальный район,Муниципальный район,60606000,Без изменений,2010,2025,2025,Рубль,Январь-декабрь,CD
Y48423007,Всего по обследуемым видам экономической деятельности,Ростовская область,Муниципальное образование верхнего уровня,Боковский муниципальный район,60607000,Муниципальный район,Муниципальный район,60607000,Без изменений,2010,2025,2025,Рубль,Январь-декабрь,CD
Y48423007,Всего по обследуемым видам экономической деятельности,Ростовская область,Муниципальное образование верхнего уровня,Верхнедонской муниципальный район,60608000,Муниципальный район,Муниципальный район,60608000,Без изменений,2010,2025,2025,Рубль,Январь-декабрь,CD
Y48423007,Всего по обследуемым видам экономической деятельности,Ростовская область,Муниципальное образование верхнего уровня,Веселовский муниципальный район,60609000,Муниципальный район,Муниципальный район,60609000,Без изменений,2010,2025,2025,Рубль,Январь-декабрь,CD
Y48423007,Всего по обследуемым видам экономической деятельности,Ростовская область,Муниципальное образование верхнего уровня,Волгодонской муниципальный район,60612000,Муниципальный район,Муниципальный район,60612000,Без изменений,2010,2025,2025,Рубль,Январь-декабрь,CD
Y48423007,Всего по обследуемым видам экономической деятельности,Ростовская область,Муниципальное образование верхнего уровня,Дубовский муниципальный район,60613000,Муниципальный район,Муниципальный район,60613000,Без изменений,2010,2025,2025,Рубль,Январь-декабрь,CD
Y48423007,Всего по обследуемым видам экономической деятельности,Ростовская область,Муниципальное образование верхнего уровня,Егорлыкский муниципальный район,60615000,Муниципальный район,Муниципальный район,60615000,Без изменений,2010,2025,2025,Рубль,Январь-декабрь,CD
Y48423007,Всего по обследуемым видам экономической деятельности,Ростовская область,Муниципальное образование верхнего уровня,Заветинский муниципальный район,60617000,Муниципальный район,Муниципальный район,60617000,Без изменений,2010,2025,2025,Рубль,Январь-декабрь,CD
Y48423007,Всего по обследуемым видам экономической деятельности,Ростовская область,Муниципальное образование верхнего уровня,Зерноградский муниципальный район,60618000,Муниципальный район,Муниципальный район,60618000,Без изменений,2010,2025,2025,Рубль,Январь-декабрь,CD
Y48423007,Всего по обследуемым видам экономической деятельности,Ростовская область,Муниципальное образование верхнего уровня,Зимовниковский муниципальный район,60619000,Муниципальный район,Муниципальный район,60619000,Без изменений,2010,2025,2025,Рубль,Январь-декабрь,CD
Y48423007,Всего по обследуемым видам экономической деятельности,Ростовская область,Муниципальное образование верхнего уровня,Кагальницкий муниципальный район,60622000,Муниципальный район,Муниципальный район,60622000,Без изменений,2010,2025,2025,Рубль,Январь-декабрь,CD
Y48423007,Всего по обследуемым видам экономической деятельности,Ростовская область,Муниципальное образование верхнего уровня,Каменский муниципальный район,60623000,Муниципальный район,Муниципальный район,60623000,Без изменений,2010,2025,2025,Рубль,Январь-декабрь,CD
Y48423007,Всего по обследуемым видам экономической деятельности,Ростовская область,Муниципальное образование верхнего уровня,Кашарский муниципальный район,60624000,Муниципальный район,Муниципальный район,60624000,Без изменений,2010,2025,2025,Рубль,Январь-декабрь,CD
Y48423007,Всего по обследуемым видам экономической деятельности,Ростовская область,Муниципальное образование верхнего уровня,Константиновский муниципальный район,60625000,Муниципальный район,Муниципальный район,60625000,Без изменений,2010,2025,2025,Рубль,Январь-декабрь,CD
Y48423007,Всего по обследуемым видам экономической деятельности,Ростовская область,Муниципальное образование верхнего уровня,Красносулинский муниципальный район,60626000,Муниципальный район,Муниципальный район,60626000,Без изменений,2010,2025,2025,Рубль,Январь-декабрь,CD
Y48423007,Всего по обследуемым видам экономической деятельности,Ростовская область,Муниципальное образование верхнего уровня,Куйбышевский муниципальный район,60627000,Муниципальный район,Муниципальный район,60627000,Без изменений,2010,2025,2025,Рубль,Январь-декабрь,CD
Y48423007,Всего по обследуемым видам экономической деятельности,Ростовская область,Муниципальное образование верхнего уровня,Мартыновский муниципальный район,60630000,Муниципальный район,Муниципальный район,60630000,Без изменений,2010,2025,2025,Рубль,Январь-декабрь,CD
Y48423007,Всего по обследуемым видам экономической деятельности,Ростовская область,Муниципальное образование верхнего уровня,Матвеево-Курганский муниципальный район,60631000,Муниципальный район,Муниципальный район,60631000,Без изменений,2010,2025,2025,Рубль,Январь-декабрь,CD
Y48423007,Всего по обследуемым видам экономической деятельности,Ростовская область,Муниципальное образование верхнего уровня,Миллеровский муниципальный район,60632000,Муниципальный район,Муниципальный район,60632000,Без изменений,2010,2025,2025,Рубль,Январь-декабрь,CD
Y48423007,Всего по обследуемым видам экономической деятельности,Ростовская область,Муниципальное образование верхнего уровня,Милютинский муниципальный район,60633000,Муниципальный район,Муниципальный район,60633000,Без изменений,2010,2025,2025,Рубль,Январь-декабрь,CD
Y48423007,Всего по обследуемым видам экономической деятельности,Ростовская область,Муниципальное образование верхнего уровня,Морозовский муниципальный район,60634000,Муниципальный район,Муниципальный район,60634000,Без изменений,2010,2025,2025,Рубль,Январь-декабрь,CD
Y48423007,Всего по обследуемым видам экономической деятельности,Ростовская область,Муниципальное образование верхнего уровня,Мясниковский муниципальный район,60635000,Муниципальный район,Муниципальный район,60635000,Без изменений,2010,2025,2025,Рубль,Январь-декабрь,CD
Y48423007,Всего по обследуемым видам экономической деятельности,Ростовская область,Муниципальное образование верхнего уровня,Неклиновский муниципальный район,60636000,Муниципальный район,Муниципальный район,60636000,Без изменений,2010,2025,2025,Рубль,Январь-декабрь,CD
Y48423007,Всего по обследуемым видам экономической деятельности,Ростовская область,Муниципальное образование верхнего уровня,Обливский муниципальный район,60640000,Муниципальный район,Муниципальный район,60640000,Без изменений,2010,2025,2025,Рубль,Январь-декабрь,CD
Y48423007,Всего по обследуемым видам экономической деятельности,Ростовская область,Муниципальное образование верхнего уровня,Октябрьский муниципальный район,60641000,Муниципальный район,Муниципальный район,60641000,Без изменений,2010,2025,2025,Рубль,Январь-декабрь,CD
Y48423007,Всего по обследуемым видам экономической деятельности,Ростовская область,Муниципальное образование верхнего уровня,Орловский муниципальный район,60642000,Муниципальный район,Муниципальный район,60642000,Без изменений,2010,2025,2025,Рубль,Январь-декабрь,CD
Y48423007,Всего по обследуемым видам экономической деятельности,Ростовская область,Муниципальное образование верхнего уровня,Песчанокопский муниципальный район,60644000,Муниципальный район,Муниципальный район,60644000,Без изменений,2010,2025,2025,Рубль,Январь-декабрь,CD
Y48423007,Всего по обследуемым видам экономической деятельности,Ростовская область,Муниципальное образование верхнего уровня,Пролетарский муниципальный район,60645000,Муниципальный район,Муниципальный район,60645000,Без изменений,2010,2025,2025,Рубль,Январь-декабрь,CD
Y48423007,Всего по обследуемым видам экономической деятельности,Ростовская область,Муниципальное образование верхнего уровня,Ремонтненский муниципальный район,60647000,Муниципальный район,Муниципальный район,60647000,Без изменений,2010,2025,2025,Рубль,Январь-декабрь,CD
Y48423007,Всего по обследуемым видам экономической деятельности,Ростовская область,Муниципальное образование верхнего уровня,Родионово-Несветайский муниципальный район,60648000,Муниципальный район,Муниципальный район,60648000,Без изменений,2010,2025,2025,Рубль,Январь-декабрь,CD
Y48423007,Всего по обследуемым видам экономической деятельности,Ростовская область,Муниципальное образование верхнего уровня,Сальский муниципальный район,60650000,Муниципальный район,Муниципальный район,60650000,Без изменений,2010,2025,2025,Рубль,Январь-декабрь,CD
Y48423007,Всего по обследуемым видам экономической деятельности,Ростовская область,Муниципальное образование верхнего уровня,Семикаракорский муниципальный район,60651000,Муниципальный район,Муниципальный район,60651000,Без изменений,2010,2025,2025,Рубль,Январь-декабрь,CD
Y48423007,Всего по обследуемым видам экономической деятельности,Ростовская область,Муниципальное образование верхнего уровня,Советский муниципальный район,60652000,Муниципальный район,Муниципальный район,60652000,Без изменений,2010,2025,2025,Рубль,Январь-декабрь,CD
Y48423007,Всего по обследуемым видам экономической деятельности,Ростовская область,Муниципальное образование верхнего уровня,Тарасовский муниципальный район,60653000,Муниципальный район,Муниципальный район,60653000,Без изменений,2010,2025,2025,Рубль,Январь-декабрь,CD
Y48423007,Всего по обследуемым видам экономической деятельности,Ростовская область,Муниципальное образование верхнего уровня,Тацинский муниципальный район,60654000,Муниципальный район,Муниципальный район,60654000,Без изменений,2010,2025,2025,Рубль,Январь-декабрь,CD
Y48423007,Всего по обследуемым видам экономической деятельности,Ростовская область,Муниципальное образование верхнего уровня,Усть-Донецкий муниципальный район,60655000,Муниципальный район,Муниципальный район,60655000,Без изменений,2010,2025,2025,Рубль,Январь-декабрь,CD
Y48423007,Всего по обследуемым видам экономической деятельности,Ростовская область,Муниципальное образование верхнего уровня,Целинский муниципальный район,60656000,Муниципальный район,Муниципальный район,60656000,Без изменений,2010,2025,2025,Рубль,Январь-декабрь,CD
Y48423007,Всего по обследуемым видам экономической деятельности,Ростовская область,Муниципальное образование верхнего уровня,Цимлянский муниципальный район,60657000,Муниципальный район,Муниципальный район,60657000,Без изменений,2010,2025,2025,Рубль,Январь-декабрь,CD
Y48423007,Всего по обследуемым видам экономической деятельности,Ростовская область,Муниципальное образование верхнего уровня,Чертковский муниципальный район,60658000,Муниципальный район,Муниципальный район,60658000,Без изменений,2010,2025,2025,Рубль,Январь-декабрь,CD
Y48423007,Всего по обследуемым видам экономической деятельности,Ростовская область,Муниципальное образование верхнего уровня,Шолоховский муниципальный район,60659000,Муниципальный район,Муниципальный район,60659000,Без изменений,2010,2025,2025,Рубль,Январь-декабрь,CD
Y48423007,Всего по обследуемым видам экономической деятельности,Ростовская область,Муниципальное образование верхнего уровня,город Ростов-на-Дону,60701000,"Городской округ, городской округ с внутригородским делением","Городской округ, городской округ с внутригородским делением",60701000,Без изменений,2010,2025,2025,Рубль,Январь-декабрь,CD
Y48423007,Всего по обследуемым видам экономической деятельности,Ростовская область,Муниципальное образование верхнего уровня,город Азов,60704000,"Городской округ, городской округ с внутригородским делением","Городской округ, городской округ с внутригородским делением",60704000,Без изменений,2010,2025,2025,Рубль,Январь-декабрь,CD
Y48423007,Всего по обследуемым видам экономической деятельности,Ростовская область,Муниципальное образование верхнего уровня,город Батайск,60707000,"Городской округ, городской округ с внутригородским делением","Городской округ, городской округ с внутригородским делением",60707000,Без изменений,2010,2025,2025,Рубль,Январь-декабрь,CD
Y48423007,Всего по обследуемым видам экономической деятельности,Ростовская область,Муниципальное образование верхнего уровня,город Волгодонск,60712000,"Городской округ, городской округ с внутригородским делением","Городской округ, городской округ с внутригородским делением",60712000,Без изменений,2010,2025,2025,Рубль,Январь-декабрь,CD
Y48423007,Всего по обследуемым видам экономической деятельности,Ростовская область,Муниципальное образование верхнего уровня,город Гуково,60715000,"Городской округ, городской округ с внутригородским делением","Городской округ, городской округ с внутригородским делением",60715000,Без изменений,2010,2025,2025,Рубль,Январь-декабрь,CD
Y48423007,Всего по обследуемым видам экономической деятельности,Ростовская область,Муниципальное образование верхнего уровня,город Донецк,60717000,"Городской округ, городской округ с внутригородским делением","Городской округ, городской округ с внутригородским делением",60717000,Без изменений,2010,2025,2025,Рубль,Январь-декабрь,CD
Y48423007,Всего по обследуемым видам экономической деятельности,Ростовская область,Муниципальное образование верхнего уровня,город Зверево,60718000,"Городской округ, городской округ с внутригородским делением","Городской округ, городской округ с внутригородским делением",60718000,Без изменений,2010,2025,2025,Рубль,Январь-декабрь,CD
Y48423007,Всего по обследуемым видам экономической деятельности,Ростовская область,Муниципальное образование верхнего уровня,город Каменск-Шахтинский,60719000,"Городской округ, городской округ с внутригородским делением","Городской округ, городской округ с внутригородским делением",60719000,Без изменений,2010,2025,2025,Рубль,Январь-декабрь,CD
Y48423007,Всего по обследуемым видам экономической деятельности,Ростовская область,Муниципальное образование верхнего уровня,город Новочеркасск,60727000,"Городской округ, городской округ с внутригородским делением","Городской округ, городской округ с внутригородским делением",60727000,Без изменений,2010,2025,2025,Рубль,Январь-декабрь,CD
Y48423007,Всего по обследуемым видам экономической деятельности,Ростовская область,Муниципальное образование верхнего уровня,город Новошахтинск,60730000,"Городской округ, городской округ с внутригородским делением","Городской округ, городской округ с внутригородским делением",60730000,Без изменений,2010,2025,2025,Рубль,Январь-декабрь,CD
Y48423007,Всего по обследуемым видам экономической деятельности,Ростовская область,Муниципальное образование верхнего уровня,город Таганрог,60737000,"Городской округ, городской округ с внутригородским делением","Городской округ, городской округ с внутригородским делением",60737000,Без изменений,2010,2025,2025,Рубль,Январь-декабрь,CD
Y48423007,Всего по обследуемым видам экономической деятельности,Ростовская область,Муниципальное образование верхнего уровня,город Шахты,60740000,"Городской округ, городской округ с внутригородским делением","Городской округ, городской округ с внутригородским делением",60740000,Без изменений,2010,2025,2025,Рубль,Январь-декабрь,CD
Y48423007,Всего по обследуемым видам экономической деятельности,Рязанская область,Муниципальное образование верхнего уровня,Касимовский муниципальный округ,61508000,Муниципальный округ,Муниципальный округ,61508000,"Изменен тип и название, Объединение",2025,2025,2025,Рубль,Январь-декабрь,CD
Y48423007,Всего по обследуемым видам экономической деятельности,Рязанская область,Муниципальное образование верхнего уровня,Кораблинский муниципальный округ,61512000,Муниципальный округ,Муниципальный округ,61512000,Изменен тип и название,2025,2025,2025,Рубль,Январь-декабрь,CD
Y48423007,Всего по обследуемым видам экономической деятельности,Рязанская область,Муниципальное образование верхнего уровня,Михайловский муниципальный округ,61517000,Муниципальный округ,Муниципальный округ,61517000,Изменен тип и название,2025,2025,2025,Рубль,Январь-декабрь,CD
Y48423007,Всего по обследуемым видам экономической деятельности,Рязанская область,Муниципальное образование верхнего уровня,Пителинский муниципальный округ,61523000,Муниципальный округ,Муниципальный округ,61523000,Изменен тип и название,2025,2025,2025,Рубль,Январь-декабрь,CD
Y48423007,Всего по обследуемым видам экономической деятельности,Рязанская область,Муниципальное образование верхнего уровня,Путятинский муниципальный округ,61526000,Муниципальный округ,Муниципальный округ,61526000,Изменен тип и название,2024,2025,2025,Рубль,Январь-декабрь,CD
Y48423007,Всего по обследуемым видам экономической деятельности,Рязанская область,Муниципальное образование верхнего уровня,Ряжский муниципальный округ,61530000,Муниципальный округ,Муниципальный округ,61530000,Изменен тип и название,2024,2025,2025,Рубль,Январь-декабрь,CD
Y48423007,Всего по обследуемым видам экономической деятельности,Рязанская область,Муниципальное образование верхнего уровня,Сасовский муниципальный округ,61542000,Муниципальный округ,Муниципальный округ,61542000,"Изменен тип и название, Объединение",2024,2025,2025,Рубль,Январь-декабрь,CD
Y48423007,Всего по обследуемым видам экономической деятельности,Рязанская область,Муниципальное образование верхнего уровня,Ермишинский муниципальный район,61602000,Муниципальный район,Муниципальный район,61502000,Изменен тип и название,2010,2025,2025,Рубль,Январь-декабрь,CD
Y48423007,Всего по обследуемым видам экономической деятельности,Рязанская область,Муниципальное образование верхнего уровня,Захаровский муниципальный район,61604000,Муниципальный район,Муниципальный район,61504000,Изменен тип и название,2010,2025,2025,Рубль,Январь-декабрь,CD
Y48423007,Всего по обследуемым видам экономической деятельности,Рязанская область,Муниципальное образование верхнего уровня,Кадомский муниципальный район,61606000,Муниципальный район,Муниципальный район,61506000,Изменен тип и название,2010,2025,2025,Рубль,Январь-декабрь,CD
Y48423007,Всего по обследуемым видам экономической деятельности,Рязанская область,Муниципальное образование верхнего уровня,Клепиковский муниципальный район,61610000,Муниципальный район,Муниципальный район,61510000,Изменен тип и название,2010,2025,2025,Рубль,Январь-декабрь,CD
Y48423007,Всего по обследуемым видам экономической деятельности,Рязанская область,Муниципальное образование верхнего уровня,Милославский муниципальный район,61615000,Муниципальный район,Муниципальный район,61515000,Изменен тип и название,2010,2025,2025,Рубль,Январь-декабрь,CD
Y48423007,Всего по обследуемым видам экономической деятельности,Рязанская область,Муниципальное образование верхнего уровня,Александро-Невский муниципальный район,61620000,Муниципальный район,Муниципальный район,61520000,Изменен тип и название,2010,2025,2025,Рубль,Январь-декабрь,CD
Y48423007,Всего по обследуемым видам экономической деятельности,Рязанская область,Муниципальное образование верхнего уровня,Пронский муниципальный район,61625000,Муниципальный район,Муниципальный район,61525000,Изменен тип и название,2010,2025,2025,Рубль,Январь-декабрь,CD
Y48423007,Всего по обследуемым видам экономической деятельности,Рязанская область,Муниципальное образование верхнего уровня,Рыбновский муниципальный район,61627000,Муниципальный район,Муниципальный район,61527000,Изменен тип и название,2010,2025,2025,Рубль,Январь-декабрь,CD
Y48423007,Всего по обследуемым видам экономической деятельности,Рязанская область,Муниципальное образование верхнего уровня,Рязанский муниципальный район,61634000,Муниципальный район,Муниципальный район,61534000,Изменен тип и название,2010,2025,2025,Рубль,Январь-декабрь,CD
Y48423007,Всего по обследуемым видам экономической деятельности,Рязанская область,Муниципальное образование верхнего уровня,Сапожковский муниципальный район,61637000,Муниципальный район,Муниципальный район,61537000,Изменен тип и название,2010,2025,2025,Рубль,Январь-декабрь,CD
Y48423007,Всего по обследуемым видам экономической деятельности,Рязанская область,Муниципальное образование верхнего уровня,Сараевский муниципальный район,61640000,Муниципальный район,Муниципальный район,61540000,Изменен тип и название,2010,2025,2025,Рубль,Январь-декабрь,CD
Y48423007,Всего по обследуемым видам экономической деятельности,Рязанская область,Муниципальное образование верхнего уровня,Скопинский муниципальный район,61644000,Муниципальный район,Муниципальный район,61544000,"Изменен тип и название, Объединение",2010,2025,2025,Рубль,Январь-декабрь,CD
Y48423007,Всего по обследуемым видам экономической деятельности,Рязанская область,Муниципальное образование верхнего уровня,Спасский муниципальный район,61646000,Муниципальный район,Муниципальный район,61546000,Изменен тип и название,2010,2025,2025,Рубль,Январь-декабрь,CD
Y48423007,Всего по обследуемым видам экономической деятельности,Рязанская область,Муниципальное образование верхнего уровня,Старожиловский муниципальный район,61648000,Муниципальный район,Муниципальный район,61548000,Изменен тип и название,2010,2025,2025,Рубль,Январь-декабрь,CD
Y48423007,Всего по обследуемым видам экономической деятельности,Рязанская область,Муниципальное образование верхнего уровня,Ухоловский муниципальный район,61650000,Муниципальный район,Муниципальный район,61550000,Изменен тип и название,2010,2025,2025,Рубль,Январь-декабрь,CD
Y48423007,Всего по обследуемым видам экономической деятельности,Рязанская область,Муниципальное образование верхнего уровня,Чучковский муниципальный район,61653000,Муниципальный район,Муниципальный район,61553000,Изменен тип и название,2010,2025,2025,Рубль,Январь-декабрь,CD
Y48423007,Всего по обследуемым видам экономической деятельности,Рязанская область,Муниципальное образование верхнего уровня,Шацкий муниципальный район,61656000,Муниципальный район,Муниципальный район,61556000,Изменен тип и название,2010,2025,2025,Рубль,Январь-декабрь,CD
Y48423007,Всего по обследуемым видам экономической деятельности,Рязанская область,Муниципальное образование верхнего уровня,Шиловский муниципальный район,61658000,Муниципальный район,Муниципальный район,61658000,Без изменений,2010,2025,2025,Рубль,Январь-декабрь,CD
Y48423007,Всего по обследуемым видам экономической деятельности,Рязанская область,Муниципальное образование верхнего уровня,город Рязань,61701000,"Городской округ, городской округ с внутригородским делением","Городской округ, городской округ с внутригородским делением",61701000,Без изменений,2010,2025,2025,Рубль,Январь-декабрь,CD
Y48423007,Всего по обследуемым видам экономической деятельности,Рязанская область,Муниципальное образование верхнего уровня,Город Скопин,61715000,"Городской округ, городской округ с внутригородским делением","Городской округ, городской округ с внутригородским делением",61544000,"Изменен тип и название, Объединение",2010,2025,2025,Рубль,Январь-декабрь,CD
Y48423007,Всего по обследуемым видам экономической деятельности,Саратовская область,Муниципальное образование верхнего уровня,Муниципальные округа Саратовской области,63500000,Муниципальный округ,Муниципальный округ,CD,CD,CD,CD,2025,Рубль,Январь-декабрь,CD
Y48423007,Всего по обследуемым видам экономической деятельности,Саратовская область,Муниципальное образование верхнего уровня,Муниципальный округ Михайловский,63550000,Муниципальный округ,Муниципальный округ,63550000,Изменен тип и название,2025,2025,2025,Рубль,Январь-декабрь,CD
Y48423007,Всего по обследуемым видам экономической деятельности,Саратовская область,Муниципальное образование верхнего уровня,Александрово-Гайский муниципальный район,63602000,Муниципальный район,Муниципальный район,63602000,Без изменений,2010,2025,2025,Рубль,Январь-декабрь,CD
Y48423007,Всего по обследуемым видам экономической деятельности,Саратовская область,Муниципальное образование верхнего уровня,Аркадакский муниципальный район,63603000,Муниципальный район,Муниципальный район,63603000,Без изменений,2010,2025,2025,Рубль,Январь-декабрь,CD
Y48423007,Всего по обследуемым видам экономической деятельности,Саратовская область,Муниципальное образование верхнего уровня,Аткарский муниципальный район,63604000,Муниципальный район,Муниципальный район,63604000,Без изменений,2010,2025,2025,Рубль,Январь-декабрь,CD
Y48423007,Всего по обследуемым видам экономической деятельности,Саратовская область,Муниципальное образование верхнего уровня,Базарно-Карабулакский муниципальный район,63606000,Муниципальный район,Муниципальный район,63606000,Без изменений,2010,2025,2025,Рубль,Январь-декабрь,CD
Y48423007,Всего по обследуемым видам экономической деятельности,Саратовская область,Муниципальное образование верхнего уровня,Балаковский муниципальный район,63607000,Муниципальный район,Муниципальный район,63607000,Без изменений,2010,2025,2025,Рубль,Январь-декабрь,CD
Y48423007,Всего по обследуемым видам экономической деятельности,Саратовская область,Муниципальное образование верхнего уровня,Балашовский муниципальный район,63608000,Муниципальный район,Муниципальный район,63608000,Без изменений,2010,2025,2025,Рубль,Январь-декабрь,CD
Y48423007,Всего по обследуемым видам экономической деятельности,Саратовская область,Муниципальное образование верхнего уровня,Балтайский муниципальный район,63609000,Муниципальный район,Муниципальный район,63609000,Без изменений,2010,2025,2025,Рубль,Январь-декабрь,CD
Y48423007,Всего по обследуемым видам экономической деятельности,Саратовская область,Муниципальное образование верхнего уровня,Вольский муниципальный район,63611000,Муниципальный район,Муниципальный район,63611000,Без изменений,2010,2025,2025,Рубль,Январь-декабрь,CD
Y48423007,Всего по обследуемым видам экономической деятельности,Саратовская область,Муниципальное образование верхнего уровня,Воскресенский муниципальный район,63612000,Муниципальный район,Муниципальный район,63612000,Без изменений,2010,2025,2025,Рубль,Январь-декабрь,CD
Y48423007,Всего по обследуемым видам экономической деятельности,Саратовская область,Муниципальное образование верхнего уровня,Дергачевский муниципальный район,63613000,Муниципальный район,Муниципальный район,63613000,Без изменений,2010,2025,2025,Рубль,Январь-декабрь,CD
Y48423007,Всего по обследуемым видам экономической деятельности,Саратовская область,Муниципальное образование верхнего уровня,Духовницкий муниципальный район,63614000,Муниципальный район,Муниципальный район,63614000,Без изменений,2010,2025,2025,Рубль,Январь-декабрь,CD
Y48423007,Всего по обследуемым видам экономической деятельности,Саратовская область,Муниципальное образование верхнего уровня,Екатериновский муниципальный район,63616000,Муниципальный район,Муниципальный район,63616000,Без изменений,2010,2025,2025,Рубль,Январь-декабрь,CD
Y48423007,Всего по обследуемым видам экономической деятельности,Саратовская область,Муниципальное образование верхнего уровня,Ершовский муниципальный район,63617000,Муниципальный район,Муниципальный район,63617000,Без изменений,2010,2025,2025,Рубль,Январь-декабрь,CD
Y48423007,Всего по обследуемым видам экономической деятельности,Саратовская область,Муниципальное образование верхнего уровня,Ивантеевский муниципальный район,63619000,Муниципальный район,Муниципальный район,63619000,Без изменений,2010,2025,2025,Рубль,Январь-декабрь,CD
Y48423007,Всего по обследуемым видам экономической деятельности,Саратовская область,Муниципальное образование верхнего уровня,Калининский муниципальный район,63621000,Муниципальный район,Муниципальный район,63621000,Без изменений,2010,2025,2025,Рубль,Январь-декабрь,CD
Y48423007,Всего по обследуемым видам экономической деятельности,Саратовская область,Муниципальное образование верхнего уровня,Красноармейский муниципальный район,63622000,Муниципальный район,Муниципальный район,63622000,Без изменений,2010,2025,2025,Рубль,Январь-декабрь,CD
Y48423007,Всего по обследуемым видам экономической деятельности,Саратовская область,Муниципальное образование верхнего уровня,Краснокутский муниципальный район,63623000,Муниципальный район,Муниципальный район,63623000,Без изменений,2010,2025,2025,Рубль,Январь-декабрь,CD
Y48423007,Всего по обследуемым видам экономической деятельности,Саратовская область,Муниципальное образование верхнего уровня,Краснопартизанский муниципальный район,63624000,Муниципальный район,Муниципальный район,63624000,Без изменений,2010,2025,2025,Рубль,Январь-декабрь,CD
Y48423007,Всего по обследуемым видам экономической деятельности,Саратовская область,Муниципальное образование верхнего уровня,Лысогорский муниципальный район,63625000,Муниципальный район,Муниципальный район,63625000,Без изменений,2010,2025,2025,Рубль,Январь-декабрь,CD
Y48423007,Всего по обследуемым видам экономической деятельности,Саратовская область,Муниципальное образование верхнего уровня,Марксовский муниципальный район,63626000,Муниципальный район,Муниципальный район,63626000,Без изменений,2010,2025,2025,Рубль,Январь-декабрь,CD
Y48423007,Всего по обследуемым видам экономической деятельности,Саратовская область,Муниципальное образование верхнего уровня,Новобурасский муниципальный район,63629000,Муниципальный район,Муниципальный район,63629000,Без изменений,2010,2025,2025,Рубль,Январь-декабрь,CD
Y48423007,Всего по обследуемым видам экономической деятельности,Саратовская область,Муниципальное образование верхнего уровня,Новоузенский муниципальный район,63630000,Муниципальный район,Муниципальный район,63630000,Без изменений,2010,2025,2025,Рубль,Январь-декабрь,CD
Y48423007,Всего по обследуемым видам экономической деятельности,Саратовская область,Муниципальное образование верхнего уровня,Озинский муниципальный район,63632000,Муниципальный район,Муниципальный район,63632000,Без изменений,2010,2025,2025,Рубль,Январь-декабрь,CD
Y48423007,Всего по обследуемым видам экономической деятельности,Саратовская область,Муниципальное образование верхнего уровня,Перелюбский муниципальный район,63634000,Муниципальный район,Муниципальный район,63634000,Без изменений,2010,2025,2025,Рубль,Январь-декабрь,CD
Y48423007,Всего по обследуемым видам экономической деятельности,Саратовская область,Муниципальное образование верхнего уровня,Петровский муниципальный район,63635000,Муниципальный район,Муниципальный район,63635000,Без изменений,2010,2025,2025,Рубль,Январь-декабрь,CD
Y48423007,Всего по обследуемым видам экономической деятельности,Саратовская область,Муниципальное образование верхнего уровня,Питерский муниципальный район,63636000,Муниципальный район,Муниципальный район,63636000,Без изменений,2010,2025,2025,Рубль,Январь-декабрь,CD
Y48423007,Всего по обследуемым видам экономической деятельности,Саратовская область,Муниципальное образование верхнего уровня,Пугачевский муниципальный район,63637000,Муниципальный район,Муниципальный район,63637000,Без изменений,2010,2025,2025,Рубль,Январь-декабрь,CD
Y48423007,Всего по обследуемым видам экономической деятельности,Саратовская область,Муниципальное образование верхнего уровня,Ровенский муниципальный район,63639000,Муниципальный район,Муниципальный район,63639000,Без изменений,2010,2025,2025,Рубль,Январь-декабрь,CD
Y48423007,Всего по обследуемым видам экономической деятельности,Саратовская область,Муниципальное образование верхнего уровня,Романовский муниципальный район,63640000,Муниципальный район,Муниципальный район,63640000,Без изменений,2010,2025,2025,Рубль,Январь-декабрь,CD
Y48423007,Всего по обследуемым видам экономической деятельности,Саратовская область,Муниципальное образование верхнего уровня,Ртищевский муниципальный район,63641000,Муниципальный район,Муниципальный район,63641000,Без изменений,2010,2025,2025,Рубль,Январь-декабрь,CD
Y48423007,Всего по обследуемым видам экономической деятельности,Саратовская область,Муниципальное образование верхнего уровня,Самойловский муниципальный район,63642000,Муниципальный район,Муниципальный район,63642000,Без изменений,2010,2025,2025,Рубль,Январь-декабрь,CD
Y48423007,Всего по обследуемым видам экономической деятельности,Саратовская область,Муниципальное образование верхнего уровня,Советский муниципальный район,63644000,Муниципальный район,Муниципальный район,63644000,Без изменений,2010,2025,2025,Рубль,Январь-декабрь,CD
Y48423007,Всего по обследуемым видам экономической деятельности,Саратовская область,Муниципальное образование верхнего уровня,Татищевский муниципальный район,63646000,Муниципальный район,Муниципальный район,63646000,Без изменений,2010,2025,2025,Рубль,Январь-декабрь,CD
Y48423007,Всего по обследуемым видам экономической деятельности,Саратовская область,Муниципальное образование верхнего уровня,Турковский муниципальный район,63647000,Муниципальный район,Муниципальный район,63647000,Без изменений,2010,2025,2025,Рубль,Январь-декабрь,CD
Y48423007,Всего по обследуемым видам экономической деятельности,Саратовская область,Муниципальное образование верхнего уровня,Федоровский муниципальный район,63648000,Муниципальный район,Муниципальный район,63648000,Без изменений,2010,2025,2025,Рубль,Январь-декабрь,CD
Y48423007,Всего по обследуемым видам экономической деятельности,Саратовская область,Муниципальное образование верхнего уровня,Хвалынский муниципальный район,63649000,Муниципальный район,Муниципальный район,63649000,Без изменений,2010,2025,2025,Рубль,Январь-декабрь,CD
Y48423007,Всего по обследуемым видам экономической деятельности,Саратовская область,Муниципальное образование верхнего уровня,Энгельсский муниципальный район,63650000,Муниципальный район,Муниципальный район,63650000,Без изменений,2010,2025,2025,Рубль,Январь-декабрь,CD
Y48423007,Всего по обследуемым видам экономической деятельности,Саратовская область,Муниципальное образование верхнего уровня,Городские округа Саратовской области,63700000,"Городской округ, городской округ с внутригородским делением","Городской округ, городской округ с внутригородским делением",CD,CD,CD,CD,2025,Рубль,Январь-декабрь,CD
Y48423007,Всего по обследуемым видам экономической деятельности,Саратовская область,Муниципальное образование верхнего уровня,город Саратов,63701000,"Городской округ, городской округ с внутригородским делением","Городской округ, городской округ с внутригородским делением",63701000,Объединение,2010,2025,2025,Рубль,Январь-декабрь,CD
Y48423007,Всего по обследуемым видам экономической деятельности,Саратовская область,Муниципальное образование верхнего уровня,город Шиханы,63746000,"Городской округ, городской округ с внутригородским делением","Городской округ, городской округ с внутригородским делением",63746000,Без изменений,2010,2025,2025,Рубль,Январь-декабрь,CD
Y48423007,Всего по обследуемым видам экономической деятельности,Сахалинская область,Муниципальное образование верхнего уровня,Александровск-Сахалинский,64504000,"Городской округ, городской округ с внутригородским делением",Муниципальный округ,64504000,Изменен тип и название,2025,2025,2025,Рубль,Январь-декабрь,mun_type в исходных данных не соответствует oktmo
Y48423007,Всего по обследуемым видам экономической деятельности,Сахалинская область,Муниципальное образование верхнего уровня,Анивский,64508000,"Городской округ, городской округ с внутригородским делением",Муниципальный округ,64508000,Изменен тип,2025,2025,2025,Рубль,Январь-декабрь,mun_type в исходных данных не соответствует oktmo
Y48423007,Всего по обследуемым видам экономической деятельности,Сахалинская область,Муниципальное образование верхнего уровня,Долинский,64512000,"Городской округ, городской округ с внутригородским делением",Муниципальный округ,64512000,Изменен тип,2025,2025,2025,Рубль,Январь-декабрь,mun_type в исходных данных не соответствует oktmo
Y48423007,Всего по обследуемым видам экономической деятельности,Сахалинская область,Муниципальное образование верхнего уровня,Корсаковский,64516000,"Городской округ, городской округ с внутригородским делением",Муниципальный округ,64516000,Изменен тип,2025,2025,2025,Рубль,Январь-декабрь,mun_type в исходных данных не соответствует oktmo
Y48423007,Всего по обследуемым видам экономической деятельности,Сахалинская область,Муниципальное образование верхнего уровня,Курильский,64520000,"Городской округ, городской округ с внутригородским делением",Муниципальный округ,64520000,Изменен тип,2025,2025,2025,Рубль,Январь-декабрь,mun_type в исходных данных не соответствует oktmo
Y48423007,Всего по обследуемым видам экономической деятельности,Сахалинская область,Муниципальное образование верхнего уровня,Макаровский,64524000,"Городской округ, городской округ с внутригородским делением",Муниципальный округ,64524000,Изменен тип,2025,2025,2025,Рубль,Январь-декабрь,mun_type в исходных данных не соответствует oktmo
Y48423007,Всего по обследуемым видам экономической деятельности,Сахалинская область,Муниципальное образование верхнего уровня,Невельский,64528000,"Городской округ, городской округ с внутригородским делением",Муниципальный округ,64528000,Изменен тип,2025,2025,2025,Рубль,Январь-декабрь,mun_type в исходных данных не соответствует oktmo
Y48423007,Всего по обследуемым видам экономической деятельности,Сахалинская область,Муниципальное образование верхнего уровня,Ногликский,64532000,"Городской округ, городской округ с внутригородским делением",Муниципальный округ,64532000,Изменен тип,2025,2025,2025,Рубль,Январь-декабрь,mun_type в исходных данных не соответствует oktmo
Y48423007,Всего по обследуемым видам экономической деятельности,Сахалинская область,Муниципальное образование верхнего уровня,Охинский,64536000,"Городской округ, городской округ с внутригородским делением",Муниципальный округ,64536000,Изменен тип,2025,2025,2025,Рубль,Январь-декабрь,mun_type в исходных данных не соответствует oktmo
Y48423007,Всего по обследуемым видам экономической деятельности,Сахалинская область,Муниципальное образование верхнего уровня,Поронайский,64540000,"Городской округ, городской округ с внутригородским делением",Муниципальный округ,64540000,Изменен тип,2025,2025,2025,Рубль,Январь-декабрь,mun_type в исходных данных не соответствует oktmo
Y48423007,Всего по обследуемым видам экономической деятельности,Сахалинская область,Муниципальное образование верхнего уровня,Северо-Курильский,64543000,"Городской округ, городской округ с внутригородским делением",Муниципальный округ,64543000,Изменен тип,2025,2025,2025,Рубль,Январь-декабрь,mun_type в исходных данных не соответствует oktmo
Y48423007,Всего по обследуемым видам экономической деятельности,Сахалинская область,Муниципальное образование верхнего уровня,Смирныховский,64546000,"Городской округ, городской округ с внутригородским делением",Муниципальный округ,64546000,Изменен тип,2025,2025,2025,Рубль,Январь-декабрь,mun_type в исходных данных не соответствует oktmo
Y48423007,Всего по обследуемым видам экономической деятельности,Сахалинская область,Муниципальное образование верхнего уровня,Томаринский,64548000,"Городской округ, городской округ с внутригородским делением",Муниципальный округ,64548000,Изменен тип,2025,2025,2025,Рубль,Январь-декабрь,mun_type в исходных данных не соответствует oktmo
Y48423007,Всего по обследуемым видам экономической деятельности,Сахалинская область,Муниципальное образование верхнего уровня,Тымовский,64550000,"Городской округ, городской округ с внутригородским делением",Муниципальный округ,64550000,Изменен тип,2025,2025,2025,Рубль,Январь-декабрь,mun_type в исходных данных не соответствует oktmo
Y48423007,Всего по обследуемым видам экономической деятельности,Сахалинская область,Муниципальное образование верхнего уровня,Углегорский,64552000,"Городской округ, городской округ с внутригородским делением",Муниципальный округ,64552000,Изменен тип,2025,2025,2025,Рубль,Январь-декабрь,mun_type в исходных данных не соответствует oktmo
Y48423007,Всего по обследуемым видам экономической деятельности,Сахалинская область,Муниципальное образование верхнего уровня,Холмский,64554000,"Городской округ, городской округ с внутригородским делением",Муниципальный округ,64554000,Изменен тип,2025,2025,2025,Рубль,Январь-декабрь,mun_type в исходных данных не соответствует oktmo
Y48423007,Всего по обследуемым видам экономической деятельности,Сахалинская область,Муниципальное образование верхнего уровня,Южно-Курильский,64556000,"Городской округ, городской округ с внутригородским делением",Муниципальный округ,64556000,Изменен тип,2025,2025,2025,Рубль,Январь-декабрь,mun_type в исходных данных не соответствует oktmo
Y48423007,Всего по обследуемым видам экономической деятельности,Сахалинская область,Муниципальное образование верхнего уровня,город Южно-Сахалинск,64701000,"Городской округ, городской округ с внутригородским делением","Городской округ, городской округ с внутригородским делением",64701000,Без изменений,2010,2025,2025,Рубль,Январь-декабрь,CD
Y48423007,Всего по обследуемым видам экономической деятельности,Свердловская область,Муниципальное образование верхнего уровня,Артемовский,65502000,Муниципальный округ,Муниципальный округ,65502000,Изменен тип,2025,2025,2025,Рубль,Январь-декабрь,CD
Y48423007,Всего по обследуемым видам экономической деятельности,Свердловская область,Муниципальное образование верхнего уровня,Артинский,65503000,Муниципальный округ,Муниципальный округ,65503000,Изменен тип,2025,2025,2025,Рубль,Январь-декабрь,CD
Y48423007,Всего по обследуемым видам экономической деятельности,Свердловская область,Муниципальное образование верхнего уровня,Асбестовский,65504000,Муниципальный округ,Муниципальный округ,65504000,Изменен тип,2025,2025,2025,Рубль,Январь-декабрь,CD
Y48423007,Всего по обследуемым видам экономической деятельности,Свердловская область,Муниципальное образование верхнего уровня,Ачитский,65505000,Муниципальный округ,Муниципальный округ,65505000,Изменен тип,2025,2025,2025,Рубль,Январь-декабрь,CD
Y48423007,Всего по обследуемым видам экономической деятельности,Свердловская область,Муниципальное образование верхнего уровня,Белоярский,65506000,Муниципальный округ,Муниципальный округ,65506000,Изменен тип,2025,2025,2025,Рубль,Январь-декабрь,CD
Y48423007,Всего по обследуемым видам экономической деятельности,Свердловская область,Муниципальное образование верхнего уровня,Березовский,65507000,Муниципальный округ,Муниципальный округ,65507000,Изменен тип,2025,2025,2025,Рубль,Январь-декабрь,CD
Y48423007,Всего по обследуемым видам экономической деятельности,Свердловская область,Муниципальное образование верхнего уровня,Бисертский,65508000,Муниципальный округ,Муниципальный округ,65508000,Изменен тип,2025,2025,2025,Рубль,Январь-декабрь,CD
Y48423007,Всего по обследуемым видам экономической деятельности,Свердловская область,Муниципальное образование верхнего уровня,Верхнесалдинский,65509000,Муниципальный округ,Муниципальный округ,65509000,Изменен тип,2025,2025,2025,Рубль,Январь-декабрь,CD
Y48423007,Всего по обследуемым видам экономической деятельности,Свердловская область,Муниципальное образование верхнего уровня,Волчанский,65510000,Муниципальный округ,Муниципальный округ,65510000,Изменен тип,2025,2025,2025,Рубль,Январь-декабрь,CD
Y48423007,Всего по обследуемым видам экономической деятельности,Свердловская область,Муниципальное образование верхнего уровня,Гаринский,65511000,Муниципальный округ,Муниципальный округ,65511000,Изменен тип,2025,2025,2025,Рубль,Январь-декабрь,CD
Y48423007,Всего по обследуемым видам экономической деятельности,Свердловская область,Муниципальное образование верхнего уровня,Горноуральский,65512000,Муниципальный округ,Муниципальный округ,65512000,Изменен тип,2025,2025,2025,Рубль,Январь-декабрь,CD
Y48423007,Всего по обследуемым видам экономической деятельности,Свердловская область,Муниципальное образование верхнего уровня,город Нижний Тагил,65513000,Муниципальный округ,Муниципальный округ,65513000,Изменен тип,2025,2025,2025,Рубль,Январь-декабрь,CD
Y48423007,Всего по обследуемым видам экономической деятельности,Свердловская область,Муниципальное образование верхнего уровня,Богданович,65514000,Муниципальный округ,Муниципальный округ,65514000,Изменен тип,2025,2025,2025,Рубль,Январь-декабрь,CD
Y48423007,Всего по обследуемым видам экономической деятельности,Свердловская область,Муниципальное образование верхнего уровня,Верхний Тагил,65515000,Муниципальный округ,Муниципальный округ,65515000,Изменен тип,2025,2025,2025,Рубль,Январь-декабрь,CD
Y48423007,Всего по обследуемым видам экономической деятельности,Свердловская область,Муниципальное образование верхнего уровня,Верхотурский,65516000,Муниципальный округ,Муниципальный округ,65516000,Изменен тип,2025,2025,2025,Рубль,Январь-декабрь,CD
Y48423007,Всего по обследуемым видам экономической деятельности,Свердловская область,Муниципальное образование верхнего уровня,Дегтярск,65517000,Муниципальный округ,Муниципальный округ,65517000,Изменен тип,2025,2025,2025,Рубль,Январь-декабрь,CD
Y48423007,Всего по обследуемым видам экономической деятельности,Свердловская область,Муниципальное образование верхнего уровня,Заречный,65518000,Муниципальный округ,Муниципальный округ,65518000,Изменен тип,2025,2025,2025,Рубль,Январь-декабрь,CD
Y48423007,Всего по обследуемым видам экономической деятельности,Свердловская область,Муниципальное образование верхнего уровня,Карпинск,65519000,Муниципальный округ,Муниципальный округ,65519000,Изменен тип,2025,2025,2025,Рубль,Январь-декабрь,CD
Y48423007,Всего по обследуемым видам экономической деятельности,Свердловская область,Муниципальное образование верхнего уровня,Краснотурьинск,65520000,Муниципальный округ,Муниципальный округ,65520000,Изменен тип,2025,2025,2025,Рубль,Январь-декабрь,CD
Y48423007,Всего по обследуемым видам экономической деятельности,Свердловская область,Муниципальное образование верхнего уровня,Красноуральск,65521000,Муниципальный округ,Муниципальный округ,65521000,Изменен тип,2025,2025,2025,Рубль,Январь-декабрь,CD
Y48423007,Всего по обследуемым видам экономической деятельности,Свердловская область,Муниципальное образование верхнего уровня,Нижняя Салда,65522000,Муниципальный округ,Муниципальный округ,65522000,Изменен тип,2025,2025,2025,Рубль,Январь-декабрь,CD
Y48423007,Всего по обследуемым видам экономической деятельности,Свердловская область,Муниципальное образование верхнего уровня,Пелым,65523000,Муниципальный округ,Муниципальный округ,65523000,Изменен тип,2025,2025,2025,Рубль,Январь-декабрь,CD
Y48423007,Всего по обследуемым видам экономической деятельности,Свердловская область,Муниципальное образование верхнего уровня,Первоуральск,65524000,Муниципальный округ,Муниципальный округ,65524000,Изменен тип,2025,2025,2025,Рубль,Январь-декабрь,CD
Y48423007,Всего по обследуемым видам экономической деятельности,Свердловская область,Муниципальное образование верхнего уровня,Ревда,65525000,Муниципальный округ,Муниципальный округ,65525000,Изменен тип,2025,2025,2025,Рубль,Январь-декабрь,CD
Y48423007,Всего по обследуемым видам экономической деятельности,Свердловская область,Муниципальное образование верхнего уровня,Среднеуральск,65526000,Муниципальный округ,Муниципальный округ,65526000,Изменен тип,2025,2025,2025,Рубль,Январь-декабрь,CD
Y48423007,Всего по обследуемым видам экономической деятельности,Свердловская область,Муниципальное образование верхнего уровня,Староуткинск,65527000,Муниципальный округ,Муниципальный округ,65527000,Изменен тип,2025,2025,2025,Рубль,Январь-декабрь,CD
Y48423007,Всего по обследуемым видам экономической деятельности,Свердловская область,Муниципальное образование верхнего уровня,Сухой Лог,65528000,Муниципальный округ,Муниципальный округ,65528000,Изменен тип,2025,2025,2025,Рубль,Январь-декабрь,CD
Y48423007,Всего по обследуемым видам экономической деятельности,Свердловская область,Муниципальное образование верхнего уровня,Ивдельский,65529000,Муниципальный округ,Муниципальный округ,65529000,Изменен тип,2025,2025,2025,Рубль,Январь-декабрь,CD
Y48423007,Всего по обследуемым видам экономической деятельности,Свердловская область,Муниципальное образование верхнего уровня,Ирбитский,65530000,Муниципальный округ,Муниципальный округ,65530000,Изменен тип и название,2025,2025,2025,Рубль,Январь-декабрь,CD
Y48423007,Всего по обследуемым видам экономической деятельности,Свердловская область,Муниципальное образование верхнего уровня,Каменский,65531000,Муниципальный округ,Муниципальный округ,65531000,Изменен тип,2025,2025,2025,Рубль,Январь-декабрь,CD
Y48423007,Всего по обследуемым видам экономической деятельности,Свердловская область,Муниципальное образование верхнего уровня,Качканарский,65532000,Муниципальный округ,Муниципальный округ,65532000,Изменен тип,2025,2025,2025,Рубль,Январь-декабрь,CD
Y48423007,Всего по обследуемым видам экономической деятельности,Свердловская область,Муниципальное образование верхнего уровня,Кировградский,65533000,Муниципальный округ,Муниципальный округ,65533000,Изменен тип,2025,2025,2025,Рубль,Январь-декабрь,CD
Y48423007,Всего по обследуемым видам экономической деятельности,Свердловская область,Муниципальное образование верхнего уровня,Кушвинский,65534000,Муниципальный округ,Муниципальный округ,65534000,Изменен тип,2025,2025,2025,Рубль,Январь-декабрь,CD
Y48423007,Всего по обследуемым видам экономической деятельности,Свердловская область,Муниципальное образование верхнего уровня,Малышевский,65535000,Муниципальный округ,Муниципальный округ,65535000,Изменен тип,2025,2025,2025,Рубль,Январь-декабрь,CD
Y48423007,Всего по обследуемым видам экономической деятельности,Свердловская область,Муниципальное образование верхнего уровня,Махнёвский,65536000,Муниципальный округ,Муниципальный округ,65536000,Изменен тип и название,2025,2025,2025,Рубль,Январь-декабрь,CD
Y48423007,Всего по обследуемым видам экономической деятельности,Свердловская область,Муниципальное образование верхнего уровня,Алапаевское,65537000,Муниципальный округ,Муниципальный округ,65537000,Изменен тип,2025,2025,2025,Рубль,Январь-декабрь,CD
Y48423007,Всего по обследуемым видам экономической деятельности,Свердловская область,Муниципальное образование верхнего уровня,город Алапаевск,65538000,Муниципальный округ,Муниципальный округ,65538000,Изменен тип,2025,2025,2025,Рубль,Январь-декабрь,CD
Y48423007,Всего по обследуемым видам экономической деятельности,Свердловская область,Муниципальное образование верхнего уровня,Красноуфимский округ,65539000,Муниципальный округ,Муниципальный округ,65539000,Изменен тип,2025,2025,2025,Рубль,Январь-декабрь,CD
Y48423007,Всего по обследуемым видам экономической деятельности,Свердловская область,Муниципальное образование верхнего уровня,Невьянский,65541000,Муниципальный округ,Муниципальный округ,65541000,Изменен тип,2025,2025,2025,Рубль,Январь-декабрь,CD
Y48423007,Всего по обследуемым видам экономической деятельности,Свердловская область,Муниципальное образование верхнего уровня,Нижнетуринский,65543000,Муниципальный округ,Муниципальный округ,65543000,Изменен тип,2025,2025,2025,Рубль,Январь-декабрь,CD
Y48423007,Всего по обследуемым видам экономической деятельности,Свердловская область,Муниципальное образование верхнего уровня,Новолялинский,65544000,Муниципальный округ,Муниципальный округ,65544000,Изменен тип,2025,2025,2025,Рубль,Январь-декабрь,CD
Y48423007,Всего по обследуемым видам экономической деятельности,Свердловская область,Муниципальное образование верхнего уровня,Полевской,65545000,Муниципальный округ,Муниципальный округ,65545000,Изменен тип,2025,2025,2025,Рубль,Январь-декабрь,CD
Y48423007,Всего по обследуемым видам экономической деятельности,Свердловская область,Муниципальное образование верхнего уровня,Пышминский,65546000,Муниципальный округ,Муниципальный округ,65546000,Изменен тип,2025,2025,2025,Рубль,Январь-декабрь,CD
Y48423007,Всего по обследуемым видам экономической деятельности,Свердловская область,Муниципальное образование верхнего уровня,Режевской,65547000,Муниципальный округ,Муниципальный округ,65547000,Изменен тип,2025,2025,2025,Рубль,Январь-декабрь,CD
Y48423007,Всего по обследуемым видам экономической деятельности,Свердловская область,Муниципальное образование верхнего уровня,Североуральский,65548000,Муниципальный округ,Муниципальный округ,65548000,Изменен тип,2025,2025,2025,Рубль,Январь-декабрь,CD
Y48423007,Всего по обследуемым видам экономической деятельности,Свердловская область,Муниципальное образование верхнего уровня,Серовский,65549000,Муниципальный округ,Муниципальный округ,65549000,Изменен тип,2025,2025,2025,Рубль,Январь-декабрь,CD
Y48423007,Всего по обследуемым видам экономической деятельности,Свердловская область,Муниципальное образование верхнего уровня,Сосьвинский,65551000,Муниципальный округ,Муниципальный округ,65551000,Изменен тип,2025,2025,2025,Рубль,Январь-декабрь,CD
Y48423007,Всего по обследуемым видам экономической деятельности,Свердловская область,Муниципальное образование верхнего уровня,Сысертский,65552000,Муниципальный округ,Муниципальный округ,65552000,Изменен тип,2025,2025,2025,Рубль,Январь-декабрь,CD
Y48423007,Всего по обследуемым видам экономической деятельности,Свердловская область,Муниципальное образование верхнего уровня,Тавдинский,65553000,Муниципальный округ,Муниципальный округ,65553000,Изменен тип,2025,2025,2025,Рубль,Январь-декабрь,CD
Y48423007,Всего по обследуемым видам экономической деятельности,Свердловская область,Муниципальное образование верхнего уровня,Талицкий,65554000,Муниципальный округ,Муниципальный округ,65554000,Изменен тип,2025,2025,2025,Рубль,Январь-декабрь,CD
Y48423007,Всего по обследуемым видам экономической деятельности,Свердловская область,Муниципальное образование верхнего уровня,Тугулымский,65555000,Муниципальный округ,Муниципальный округ,65555000,Изменен тип,2025,2025,2025,Рубль,Январь-декабрь,CD
Y48423007,Всего по обследуемым видам экономической деятельности,Свердловская область,Муниципальное образование верхнего уровня,Туринский,65556000,Муниципальный округ,Муниципальный округ,65556000,Изменен тип,2025,2025,2025,Рубль,Январь-декабрь,CD
Y48423007,Всего по обследуемым видам экономической деятельности,Свердловская область,Муниципальное образование верхнего уровня,Шалинский,65557000,Муниципальный округ,Муниципальный округ,65557000,Изменен тип,2025,2025,2025,Рубль,Январь-декабрь,CD
Y48423007,Всего по обследуемым видам экономической деятельности,Свердловская область,Муниципальное образование верхнего уровня,Байкаловский муниципальный район,65608000,Муниципальный район,Муниципальный район,65608000,Без изменений,2010,2025,2025,Рубль,Январь-декабрь,CD
Y48423007,Всего по обследуемым видам экономической деятельности,Свердловская область,Муниципальное образование верхнего уровня,Камышловский муниципальный район,65623000,Муниципальный район,Муниципальный район,65623000,Без изменений,2010,2025,2025,Рубль,Январь-декабрь,CD
Y48423007,Всего по обследуемым видам экономической деятельности,Свердловская область,Муниципальное образование верхнего уровня,Нижнесергинский муниципальный район,65628000,Муниципальный район,Муниципальный район,65628000,Без изменений,2010,2025,2025,Рубль,Январь-декабрь,CD
Y48423007,Всего по обследуемым видам экономической деятельности,Свердловская область,Муниципальное образование верхнего уровня,Слободо-Туринский муниципальный район,65639000,Муниципальный район,Муниципальный район,65639000,Без изменений,2010,2025,2025,Рубль,Январь-декабрь,CD
Y48423007,Всего по обследуемым видам экономической деятельности,Свердловская область,Муниципальное образование верхнего уровня,Таборинский муниципальный район,65645000,Муниципальный район,Муниципальный район,65645000,Без изменений,2010,2025,2025,Рубль,Январь-декабрь,CD
Y48423007,Всего по обследуемым видам экономической деятельности,Свердловская область,Муниципальное образование верхнего уровня,город Екатеринбург,65701000,"Городской округ, городской округ с внутригородским делением","Городской округ, городской округ с внутригородским делением",65701000,Без изменений,2010,2025,2025,Рубль,Январь-декабрь,CD
Y48423007,Всего по обследуемым видам экономической деятельности,Свердловская область,Муниципальное образование верхнего уровня,Арамильский,65729000,"Городской округ, городской округ с внутригородским делением","Городской округ, городской округ с внутригородским делением",65729000,Без изменений,2010,2025,2025,Рубль,Январь-декабрь,CD
Y48423007,Всего по обследуемым видам экономической деятельности,Свердловская область,Муниципальное образование верхнего уровня,Верхняя Пышма,65732000,"Городской округ, городской округ с внутригородским делением","Городской округ, городской округ с внутригородским делением",65732000,Без изменений,2010,2025,2025,Рубль,Январь-декабрь,CD
Y48423007,Всего по обследуемым видам экономической деятельности,Свердловская область,Муниципальное образование верхнего уровня,Верхняя Тура,65734000,"Городской округ, городской округ с внутригородским делением","Городской округ, городской округ с внутригородским делением",65734000,Без изменений,2010,2025,2025,Рубль,Январь-декабрь,CD
Y48423007,Всего по обследуемым видам экономической деятельности,Свердловская область,Муниципальное образование верхнего уровня,город Ирбит,65739000,"Городской округ, городской округ с внутригородским делением","Городской округ, городской округ с внутригородским делением",65739000,Без изменений,2010,2025,2025,Рубль,Январь-декабрь,CD
Y48423007,Всего по обследуемым видам экономической деятельности,Свердловская область,Муниципальное образование верхнего уровня,Каменск-Уральский,65740000,"Городской округ, городской округ с внутригородским делением","Городской округ, городской округ с внутригородским делением",65740000,Без изменений,2010,2025,2025,Рубль,Январь-декабрь,CD
Y48423007,Всего по обследуемым видам экономической деятельности,Свердловская область,Муниципальное образование верхнего уровня,Камышловский,65741000,"Городской округ, городской округ с внутригородским делением","Городской округ, городской округ с внутригородским делением",65741000,Без изменений,2010,2025,2025,Рубль,Январь-декабрь,CD
Y48423007,Всего по обследуемым видам экономической деятельности,Свердловская область,Муниципальное образование верхнего уровня,Красноуфимск,65747000,"Городской округ, городской округ с внутригородским делением","Городской округ, городской округ с внутригородским делением",65747000,Без изменений,2010,2025,2025,Рубль,Январь-декабрь,CD
Y48423007,Всего по обследуемым видам экономической деятельности,Свердловская область,Муниципальное образование верхнего уровня,Верхнее Дуброво,65760000,"Городской округ, городской округ с внутригородским делением","Городской округ, городской округ с внутригородским делением",65760000,Без изменений,2010,2025,2025,Рубль,Январь-декабрь,CD
Y48423007,Всего по обследуемым видам экономической деятельности,Свердловская область,Муниципальное образование верхнего уровня,Верх-Нейвинский,65761000,"Городской округ, городской округ с внутригородским делением","Городской округ, городской округ с внутригородским делением",65761000,Без изменений,2010,2025,2025,Рубль,Январь-декабрь,CD
Y48423007,Всего по обследуемым видам экономической деятельности,Свердловская область,Муниципальное образование верхнего уровня,Рефтинский,65763000,"Городской округ, городской округ с внутригородским делением","Городской округ, городской округ с внутригородским делением",65763000,Без изменений,2010,2025,2025,Рубль,Январь-декабрь,CD
Y48423007,Всего по обследуемым видам экономической деятельности,Смоленская область,Муниципальное образование верхнего уровня,Велижский муниципальный округ,66503000,Муниципальный округ,Муниципальный округ,66503000,Изменен тип и название,2025,2025,2025,Рубль,Январь-декабрь,CD
Y48423007,Всего по обследуемым видам экономической деятельности,Смоленская область,Муниципальное образование верхнего уровня,Вяземский муниципальный округ,66505000,Муниципальный округ,Муниципальный округ,66505000,Изменен тип и название,2025,2025,2025,Рубль,Январь-декабрь,CD
Y48423007,Всего по обследуемым видам экономической деятельности,Смоленская область,Муниципальное образование верхнего уровня,Гагаринский муниципальный округ,66508000,Муниципальный округ,Муниципальный округ,66508000,Изменен тип и название,2025,2025,2025,Рубль,Январь-декабрь,CD
Y48423007,Всего по обследуемым видам экономической деятельности,Смоленская область,Муниципальное образование верхнего уровня,Глинковский муниципальный округ,66509000,Муниципальный округ,Муниципальный округ,66509000,Изменен тип и название,2025,2025,2025,Рубль,Январь-декабрь,CD
Y48423007,Всего по обследуемым видам экономической деятельности,Смоленская область,Муниципальное образование верхнего уровня,Демидовский муниципальный округ,66511000,Муниципальный округ,Муниципальный округ,66511000,Изменен тип и название,2025,2025,2025,Рубль,Январь-декабрь,CD
Y48423007,Всего по обследуемым видам экономической деятельности,Смоленская область,Муниципальное образование верхнего уровня,Дорогобужский муниципальный округ,66514000,Муниципальный округ,Муниципальный округ,66514000,Изменен тип и название,2025,2025,2025,Рубль,Январь-декабрь,CD
Y48423007,Всего по обследуемым видам экономической деятельности,Смоленская область,Муниципальное образование верхнего уровня,Духовщинский муниципальный округ,66516000,Муниципальный округ,Муниципальный округ,66516000,Изменен тип и название,2025,2025,2025,Рубль,Январь-декабрь,CD
Y48423007,Всего по обследуемым видам экономической деятельности,Смоленская область,Муниципальное образование верхнего уровня,Ельнинский муниципальный округ,66519000,Муниципальный округ,Муниципальный округ,66519000,Изменен тип и название,2025,2025,2025,Рубль,Январь-декабрь,CD
Y48423007,Всего по обследуемым видам экономической деятельности,Смоленская область,Муниципальное образование верхнего уровня,Ершичский муниципальный округ,66521000,Муниципальный округ,Муниципальный округ,66521000,Изменен тип и название,2025,2025,2025,Рубль,Январь-декабрь,CD
Y48423007,Всего по обследуемым видам экономической деятельности,Смоленская область,Муниципальное образование верхнего уровня,Кардымовский муниципальный округ,66523000,Муниципальный округ,Муниципальный округ,66523000,Изменен тип и название,2025,2025,2025,Рубль,Январь-декабрь,CD
Y48423007,Всего по обследуемым видам экономической деятельности,Смоленская область,Муниципальное образование верхнего уровня,Краснинский муниципальный округ,66524000,Муниципальный округ,Муниципальный округ,66524000,Изменен тип и название,2025,2025,2025,Рубль,Январь-декабрь,CD
Y48423007,Всего по обследуемым видам экономической деятельности,Смоленская область,Муниципальное образование верхнего уровня,Монастырщинский муниципальный округ,66527000,Муниципальный округ,Муниципальный округ,66527000,Изменен тип и название,2025,2025,2025,Рубль,Январь-декабрь,CD
Y48423007,Всего по обследуемым видам экономической деятельности,Смоленская область,Муниципальное образование верхнего уровня,Новодугинский муниципальный округ,66530000,Муниципальный округ,Муниципальный округ,66530000,Изменен тип и название,2025,2025,2025,Рубль,Январь-декабрь,CD
Y48423007,Всего по обследуемым видам экономической деятельности,Смоленская область,Муниципальное образование верхнего уровня,Починковский муниципальный округ,66533000,Муниципальный округ,Муниципальный округ,66533000,Изменен тип и название,2025,2025,2025,Рубль,Январь-декабрь,CD
Y48423007,Всего по обследуемым видам экономической деятельности,Смоленская область,Муниципальное образование верхнего уровня,Рославльский муниципальный округ,66536000,Муниципальный округ,Муниципальный округ,66536000,Изменен тип и название,2025,2025,2025,Рубль,Январь-декабрь,CD
Y48423007,Всего по обследуемым видам экономической деятельности,Смоленская область,Муниципальное образование верхнего уровня,Руднянский муниципальный округ,66538000,Муниципальный округ,Муниципальный округ,66538000,Изменен тип и название,2025,2025,2025,Рубль,Январь-декабрь,CD
Y48423007,Всего по обследуемым видам экономической деятельности,Смоленская область,Муниципальное образование верхнего уровня,Сафоновский муниципальный округ,66541000,Муниципальный округ,Муниципальный округ,66541000,Изменен тип и название,2025,2025,2025,Рубль,Январь-декабрь,CD
Y48423007,Всего по обследуемым видам экономической деятельности,Смоленская область,Муниципальное образование верхнего уровня,Смоленский муниципальный округ,66544000,Муниципальный округ,Муниципальный округ,66544000,Изменен тип и название,2025,2025,2025,Рубль,Январь-декабрь,CD
Y48423007,Всего по обследуемым видам экономической деятельности,Смоленская область,Муниципальное образование верхнего уровня,Сычевский муниципальный округ,66546000,Муниципальный округ,Муниципальный округ,66546000,Изменен тип и название,2025,2025,2025,Рубль,Январь-декабрь,CD
Y48423007,Всего по обследуемым видам экономической деятельности,Смоленская область,Муниципальное образование верхнего уровня,Темкинский муниципальный округ,66548000,Муниципальный округ,Муниципальный округ,66548000,Изменен тип и название,2025,2025,2025,Рубль,Январь-декабрь,CD
Y48423007,Всего по обследуемым видам экономической деятельности,Смоленская область,Муниципальное образование верхнего уровня,Угранский муниципальный округ,66550000,Муниципальный округ,Муниципальный округ,66550000,Изменен тип и название,2025,2025,2025,Рубль,Январь-декабрь,CD
Y48423007,Всего по обследуемым видам экономической деятельности,Смоленская область,Муниципальное образование верхнего уровня,Хиславичский муниципальный округ,66552000,Муниципальный округ,Муниципальный округ,66552000,Изменен тип и название,2025,2025,2025,Рубль,Январь-декабрь,CD
Y48423007,Всего по обследуемым видам экономической деятельности,Смоленская область,Муниципальное образование верхнего уровня,Холм-Жирковский муниципальный округ,66554000,Муниципальный округ,Муниципальный округ,66554000,Изменен тип и название,2025,2025,2025,Рубль,Январь-декабрь,CD
Y48423007,Всего по обследуемым видам экономической деятельности,Смоленская область,Муниципальное образование верхнего уровня,Шумячский муниципальный округ,66556000,Муниципальный округ,Муниципальный округ,66556000,Изменен тип и название,2025,2025,2025,Рубль,Январь-декабрь,CD
Y48423007,Всего по обследуемым видам экономической деятельности,Смоленская область,Муниципальное образование верхнего уровня,Ярцевский муниципальный округ,66558000,Муниципальный округ,Муниципальный округ,66558000,Изменен тип и название,2025,2025,2025,Рубль,Январь-декабрь,CD
Y48423007,Всего по обследуемым видам экономической деятельности,Смоленская область,Муниципальное образование верхнего уровня,город Смоленск,66701000,"Городской округ, городской округ с внутригородским делением","Городской округ, городской округ с внутригородским делением",66701000,Без изменений,2010,2025,2025,Рубль,Январь-декабрь,CD
Y48423007,Всего по обследуемым видам экономической деятельности,Смоленская область,Муниципальное образование верхнего уровня,город Десногорск,66710000,"Городской округ, городской округ с внутригородским делением","Городской округ, городской округ с внутригородским делением",66710000,Без изменений,2010,2025,2025,Рубль,Январь-декабрь,CD
Y48423007,Всего по обследуемым видам экономической деятельности,Севастополь,Муниципальное образование верхнего уровня,Балаклавский муниципальный округ,67302000,Внутригородская территория города федерального значения,Внутригородская территория города федерального значения,67302000,Без изменений,2010,2025,2025,Рубль,Январь-декабрь,CD
Y48423007,Всего по обследуемым видам экономической деятельности,Севастополь,Муниципальное образование верхнего уровня,город Инкерман,67304000,Внутригородская территория города федерального значения,Внутригородская территория города федерального значения,67304000,Без изменений,2010,2025,2025,Рубль,Январь-декабрь,CD
Y48423007,Всего по обследуемым видам экономической деятельности,Севастополь,Муниципальное образование верхнего уровня,Орлиновский муниципальный округ,67306000,Внутригородская территория города федерального значения,Внутригородская территория города федерального значения,67306000,Без изменений,2010,2025,2025,Рубль,Январь-декабрь,CD
Y48423007,Всего по обследуемым видам экономической деятельности,Севастополь,Муниципальное образование верхнего уровня,Терновский муниципальный округ,67308000,Внутригородская территория города федерального значения,Внутригородская территория города федерального значения,67308000,Без изменений,2010,2025,2025,Рубль,Январь-декабрь,CD
Y48423007,Всего по обследуемым видам экономической деятельности,Севастополь,Муниципальное образование верхнего уровня,Гагаринский муниципальный округ,67310000,Внутригородская территория города федерального значения,Внутригородская территория города федерального значения,67310000,Без изменений,2010,2025,2025,Рубль,Январь-декабрь,CD
Y48423007,Всего по обследуемым видам экономической деятельности,Севастополь,Муниципальное образование верхнего уровня,Ленинский муниципальный округ,67312000,Внутригородская территория города федерального значения,Внутригородская территория города федерального значения,67312000,Без изменений,2010,2025,2025,Рубль,Январь-декабрь,CD
Y48423007,Всего по обследуемым видам экономической деятельности,Севастополь,Муниципальное образование верхнего уровня,Нахимовский муниципальный округ,67314000,Внутригородская территория города федерального значения,Внутригородская территория города федерального значения,67314000,Без изменений,2010,2025,2025,Рубль,Январь-декабрь,CD
Y48423007,Всего по обследуемым видам экономической деятельности,Севастополь,Муниципальное образование верхнего уровня,Верхнесадовский муниципальный округ,67316000,Внутригородская территория города федерального значения,Внутригородская территория города федерального значения,67316000,Без изменений,2010,2025,2025,Рубль,Январь-декабрь,CD
Y48423007,Всего по обследуемым видам экономической деятельности,Севастополь,Муниципальное образование верхнего уровня,Андреевский муниципальный округ,67318000,Внутригородская территория города федерального значения,Внутригородская территория города федерального значения,67318000,Без изменений,2010,2025,2025,Рубль,Январь-декабрь,CD
Y48423007,Всего по обследуемым видам экономической деятельности,Севастополь,Муниципальное образование верхнего уровня,Качинский муниципальный округ,67320000,Внутригородская территория города федерального значения,Внутригородская территория города федерального значения,67320000,Без изменений,2010,2025,2025,Рубль,Январь-декабрь,CD
Y48423007,Всего по обследуемым видам экономической деятельности,Тамбовская область,Муниципальное образование верхнего уровня,Бондарский муниципальный округ,68502000,Муниципальный округ,Муниципальный округ,68502000,Изменен тип и название,2024,2025,2025,Рубль,Январь-декабрь,CD
Y48423007,Всего по обследуемым видам экономической деятельности,Тамбовская область,Муниципальное образование верхнего уровня,Гавриловский муниципальный округ,68503000,Муниципальный округ,Муниципальный округ,68503000,Изменен тип и название,2024,2025,2025,Рубль,Январь-декабрь,CD
Y48423007,Всего по обследуемым видам экономической деятельности,Тамбовская область,Муниципальное образование верхнего уровня,Жердевский муниципальный округ,68504000,Муниципальный округ,Муниципальный округ,68504000,Изменен тип и название,2024,2025,2025,Рубль,Январь-декабрь,CD
Y48423007,Всего по обследуемым видам экономической деятельности,Тамбовская область,Муниципальное образование верхнего уровня,Знаменский муниципальный округ,68506000,Муниципальный округ,Муниципальный округ,68506000,Изменен тип и название,2024,2025,2025,Рубль,Январь-декабрь,CD
Y48423007,Всего по обследуемым видам экономической деятельности,Тамбовская область,Муниципальное образование верхнего уровня,Инжавинский муниципальный округ,68508000,Муниципальный округ,Муниципальный округ,68508000,Изменен тип и название,2024,2025,2025,Рубль,Январь-декабрь,CD
Y48423007,Всего по обследуемым видам экономической деятельности,Тамбовская область,Муниципальное образование верхнего уровня,Кирсановский муниципальный округ,68510000,Муниципальный округ,Муниципальный округ,68510000,Изменен тип и название,2024,2025,2025,Рубль,Январь-декабрь,CD
Y48423007,Всего по обследуемым видам экономической деятельности,Тамбовская область,Муниципальное образование верхнего уровня,Мичуринский муниципальный округ,68512000,Муниципальный округ,Муниципальный округ,68512000,Изменен тип и название,2024,2025,2025,Рубль,Январь-декабрь,CD
Y48423007,Всего по обследуемым видам экономической деятельности,Тамбовская область,Муниципальное образование верхнего уровня,Мордовский муниципальный округ,68514000,Муниципальный округ,Муниципальный округ,68514000,Изменен тип и название,2024,2025,2025,Рубль,Январь-декабрь,CD
Y48423007,Всего по обследуемым видам экономической деятельности,Тамбовская область,Муниципальное образование верхнего уровня,Моршанский муниципальный округ,68516000,Муниципальный округ,Муниципальный округ,68516000,Изменен тип и название,2024,2025,2025,Рубль,Январь-декабрь,CD
Y48423007,Всего по обследуемым видам экономической деятельности,Тамбовская область,Муниципальное образование верхнего уровня,Мучкапский муниципальный округ,68518000,Муниципальный округ,Муниципальный округ,68518000,Изменен тип и название,2024,2025,2025,Рубль,Январь-декабрь,CD
Y48423007,Всего по обследуемым видам экономической деятельности,Тамбовская область,Муниципальное образование верхнего уровня,Никифоровский муниципальный округ,68520000,Муниципальный округ,Муниципальный округ,68520000,Изменен тип и название,2024,2025,2025,Рубль,Январь-декабрь,CD
Y48423007,Всего по обследуемым видам экономической деятельности,Тамбовская область,Муниципальное образование верхнего уровня,Первомайский муниципальный округ,68522000,Муниципальный округ,Муниципальный округ,68522000,Изменен тип и название,2024,2025,2025,Рубль,Январь-декабрь,CD
Y48423007,Всего по обследуемым видам экономической деятельности,Тамбовская область,Муниципальное образование верхнего уровня,Петровский муниципальный округ,68524000,Муниципальный округ,Муниципальный округ,68524000,Изменен тип и название,2024,2025,2025,Рубль,Январь-декабрь,CD
Y48423007,Всего по обследуемым видам экономической деятельности,Тамбовская область,Муниципальное образование верхнего уровня,Пичаевский муниципальный округ,68526000,Муниципальный округ,Муниципальный округ,68526000,Изменен тип и название,2024,2025,2025,Рубль,Январь-декабрь,CD
Y48423007,Всего по обследуемым видам экономической деятельности,Тамбовская область,Муниципальное образование верхнего уровня,Рассказовский муниципальный округ,68528000,Муниципальный округ,Муниципальный округ,68528000,Изменен тип и название,2024,2025,2025,Рубль,Январь-декабрь,CD
Y48423007,Всего по обследуемым видам экономической деятельности,Тамбовская область,Муниципальное образование верхнего уровня,Ржаксинский муниципальный округ,68530000,Муниципальный округ,Муниципальный округ,68530000,Изменен тип и название,2024,2025,2025,Рубль,Январь-декабрь,CD
Y48423007,Всего по обследуемым видам экономической деятельности,Тамбовская область,Муниципальное образование верхнего уровня,Сампурский муниципальный округ,68532000,Муниципальный округ,Муниципальный округ,68532000,Изменен тип и название,2024,2025,2025,Рубль,Январь-декабрь,CD
Y48423007,Всего по обследуемым видам экономической деятельности,Тамбовская область,Муниципальное образование верхнего уровня,Сосновский муниципальный округ,68534000,Муниципальный округ,Муниципальный округ,68534000,Изменен тип и название,2024,2025,2025,Рубль,Январь-декабрь,CD
Y48423007,Всего по обследуемым видам экономической деятельности,Тамбовская область,Муниципальное образование верхнего уровня,Староюрьевский муниципальный округ,68536000,Муниципальный округ,Муниципальный округ,68536000,Изменен тип и название,2024,2025,2025,Рубль,Январь-декабрь,CD
Y48423007,Всего по обследуемым видам экономической деятельности,Тамбовская область,Муниципальное образование верхнего уровня,Тамбовский муниципальный округ,68540000,Муниципальный округ,Муниципальный округ,68540000,"Изменен тип и название, Выделение",2024,2025,2025,Рубль,Январь-декабрь,CD
Y48423007,Всего по обследуемым видам экономической деятельности,Тамбовская область,Муниципальное образование верхнего уровня,Токарёвский муниципальный округ,68542000,Муниципальный округ,Муниципальный округ,68542000,Изменен тип и название,2024,2025,2025,Рубль,Январь-декабрь,CD
Y48423007,Всего по обследуемым видам экономической деятельности,Тамбовская область,Муниципальное образование верхнего уровня,Уваровский муниципальный округ,68544000,Муниципальный округ,Муниципальный округ,68544000,Изменен тип и название,2024,2025,2025,Рубль,Январь-декабрь,CD
Y48423007,Всего по обследуемым видам экономической деятельности,Тамбовская область,Муниципальное образование верхнего уровня,Умётский муниципальный округ,68546000,Муниципальный округ,Муниципальный округ,68546000,Изменен тип и название,2024,2025,2025,Рубль,Январь-декабрь,CD
Y48423007,Всего по обследуемым видам экономической деятельности,Тамбовская область,Муниципальное образование верхнего уровня,город Тамбов,68701000,"Городской округ, городской округ с внутригородским делением","Городской округ, городской округ с внутригородским делением",68701000,Присоединение,2010,2025,2025,Рубль,Январь-декабрь,CD
Y48423007,Всего по обследуемым видам экономической деятельности,Тамбовская область,Муниципальное образование верхнего уровня,город Кирсанов,68705000,"Городской округ, городской округ с внутригородским делением","Городской округ, городской округ с внутригородским делением",68705000,Без изменений,2010,2025,2025,Рубль,Январь-декабрь,CD
Y48423007,Всего по обследуемым видам экономической деятельности,Тамбовская область,Муниципальное образование верхнего уровня,город Котовск,68710000,"Городской округ, городской округ с внутригородским делением","Городской округ, городской округ с внутригородским делением",68710000,Без изменений,2010,2025,2025,Рубль,Январь-декабрь,CD
Y48423007,Всего по обследуемым видам экономической деятельности,Тамбовская область,Муниципальное образование верхнего уровня,город Мичуринск,68715000,"Городской округ, городской округ с внутригородским делением","Городской округ, городской округ с внутригородским делением",68715000,Без изменений,2010,2025,2025,Рубль,Январь-декабрь,CD
Y48423007,Всего по обследуемым видам экономической деятельности,Тамбовская область,Муниципальное образование верхнего уровня,город Моршанск,68720000,"Городской округ, городской округ с внутригородским делением","Городской округ, городской округ с внутригородским делением",68720000,Без изменений,2010,2025,2025,Рубль,Январь-декабрь,CD
Y48423007,Всего по обследуемым видам экономической деятельности,Тамбовская область,Муниципальное образование верхнего уровня,город Рассказово,68725000,"Городской округ, городской округ с внутригородским делением","Городской округ, городской округ с внутригородским делением",68725000,Без изменений,2010,2025,2025,Рубль,Январь-декабрь,CD
Y48423007,Всего по обследуемым видам экономической деятельности,Тамбовская область,Муниципальное образование верхнего уровня,город Уварово,68730000,"Городской округ, городской округ с внутригородским делением","Городской округ, городской округ с внутригородским делением",68730000,Без изменений,2010,2025,2025,Рубль,Январь-декабрь,CD
Y48423007,Всего по обследуемым видам экономической деятельности,Томская область,Муниципальное образование верхнего уровня,Александровский муниципальный район,69604000,Муниципальный район,Муниципальный район,69604000,Без изменений,2010,2025,2025,Рубль,Январь-декабрь,CD
Y48423007,Всего по обследуемым видам экономической деятельности,Томская область,Муниципальное образование верхнего уровня,Асиновский муниципальный район,69608000,Муниципальный район,Муниципальный район,69608000,Без изменений,2010,2025,2025,Рубль,Январь-декабрь,CD
Y48423007,Всего по обследуемым видам экономической деятельности,Томская область,Муниципальное образование верхнего уровня,Бакчарский муниципальный район,69612000,Муниципальный район,Муниципальный район,69612000,Без изменений,2010,2025,2025,Рубль,Январь-декабрь,CD
Y48423007,Всего по обследуемым видам экономической деятельности,Томская область,Муниципальное образование верхнего уровня,Верхнекетский муниципальный район,69616000,Муниципальный район,Муниципальный район,69616000,Без изменений,2010,2025,2025,Рубль,Январь-декабрь,CD
Y48423007,Всего по обследуемым видам экономической деятельности,Томская область,Муниципальное образование верхнего уровня,Зырянский муниципальный район,69620000,Муниципальный район,Муниципальный район,69620000,Без изменений,2010,2025,2025,Рубль,Январь-декабрь,CD
Y48423007,Всего по обследуемым видам экономической деятельности,Томская область,Муниципальное образование верхнего уровня,Каргасокский муниципальный район,69624000,Муниципальный район,Муниципальный район,69624000,Без изменений,2010,2025,2025,Рубль,Январь-декабрь,CD
Y48423007,Всего по обследуемым видам экономической деятельности,Томская область,Муниципальное образование верхнего уровня,Кожевниковский муниципальный район,69628000,Муниципальный район,Муниципальный район,69628000,Без изменений,2010,2025,2025,Рубль,Январь-декабрь,CD
Y48423007,Всего по обследуемым видам экономической деятельности,Томская область,Муниципальное образование верхнего уровня,Колпашевский муниципальный район,69632000,Муниципальный район,Муниципальный район,69632000,Без изменений,2010,2025,2025,Рубль,Январь-декабрь,CD
Y48423007,Всего по обследуемым видам экономической деятельности,Томская область,Муниципальное образование верхнего уровня,Кривошеинский муниципальный район,69636000,Муниципальный район,Муниципальный район,69636000,Без изменений,2010,2025,2025,Рубль,Январь-декабрь,CD
Y48423007,Всего по обследуемым видам экономической деятельности,Томская область,Муниципальное образование верхнего уровня,Молчановский муниципальный район,69640000,Муниципальный район,Муниципальный район,69640000,Без изменений,2010,2025,2025,Рубль,Январь-декабрь,CD
Y48423007,Всего по обследуемым видам экономической деятельности,Томская область,Муниципальное образование верхнего уровня,Парабельский муниципальный район,69644000,Муниципальный район,Муниципальный район,69644000,Без изменений,2010,2025,2025,Рубль,Январь-декабрь,CD
Y48423007,Всего по обследуемым видам экономической деятельности,Томская область,Муниципальное образование верхнего уровня,Первомайский муниципальный район,69648000,Муниципальный район,Муниципальный район,69648000,Без изменений,2010,2025,2025,Рубль,Январь-декабрь,CD
Y48423007,Всего по обследуемым видам экономической деятельности,Томская область,Муниципальное образование верхнего уровня,Тегульдетский муниципальный район,69652000,Муниципальный район,Муниципальный район,69652000,Без изменений,2010,2025,2025,Рубль,Январь-декабрь,CD
Y48423007,Всего по обследуемым видам экономической деятельности,Томская область,Муниципальное образование верхнего уровня,Томский муниципальный район,69654000,Муниципальный район,Муниципальный район,69654000,Без изменений,2010,2025,2025,Рубль,Январь-декабрь,CD
Y48423007,Всего по обследуемым видам экономической деятельности,Томская область,Муниципальное образование верхнего уровня,Чаинский муниципальный район,69656000,Муниципальный район,Муниципальный район,69656000,Без изменений,2010,2025,2025,Рубль,Январь-декабрь,CD
Y48423007,Всего по обследуемым видам экономической деятельности,Томская область,Муниципальное образование верхнего уровня,Шегарский муниципальный район,69658000,Муниципальный район,Муниципальный район,69658000,Без изменений,2010,2025,2025,Рубль,Январь-декабрь,CD
Y48423007,Всего по обследуемым видам экономической деятельности,Томская область,Муниципальное образование верхнего уровня,город Томск,69701000,"Городской округ, городской округ с внутригородским делением","Городской округ, городской округ с внутригородским делением",69701000,Без изменений,2010,2025,2025,Рубль,Январь-декабрь,CD
Y48423007,Всего по обследуемым видам экономической деятельности,Томская область,Муниципальное образование верхнего уровня,Город Кедровый,69707000,"Городской округ, городской округ с внутригородским делением","Городской округ, городской округ с внутригородским делением",69507000,Изменен тип,2010,2025,2025,Рубль,Январь-декабрь,CD
Y48423007,Всего по обследуемым видам экономической деятельности,Томская область,Муниципальное образование верхнего уровня,город Стрежевой,69710000,"Городской округ, городской округ с внутригородским делением","Городской округ, городской округ с внутригородским делением",69710000,Без изменений,2010,2025,2025,Рубль,Январь-декабрь,CD
Y48423007,Всего по обследуемым видам экономической деятельности,Тульская область,Муниципальное образование верхнего уровня,Ефремовский муниципальный округ,70505000,Муниципальный округ,Муниципальный округ,70505000,Изменен тип и название,2025,2025,2025,Рубль,Январь-декабрь,CD
Y48423007,Всего по обследуемым видам экономической деятельности,Тульская область,Муниципальное образование верхнего уровня,Арсеньевский муниципальный район,70604000,Муниципальный район,Муниципальный район,70604000,Без изменений,2010,2025,2025,Рубль,Январь-декабрь,CD
Y48423007,Всего по обследуемым видам экономической деятельности,Тульская область,Муниципальное образование верхнего уровня,Белевский муниципальный район,70606000,Муниципальный район,Муниципальный район,70606000,Без изменений,2010,2025,2025,Рубль,Январь-декабрь,CD
Y48423007,Всего по обследуемым видам экономической деятельности,Тульская область,Муниципальное образование верхнего уровня,Богородицкий муниципальный район,70608000,Муниципальный район,Муниципальный район,70608000,Без изменений,2010,2025,2025,Рубль,Январь-декабрь,CD
Y48423007,Всего по обследуемым видам экономической деятельности,Тульская область,Муниципальное образование верхнего уровня,Веневский муниципальный район,70612000,Муниципальный район,Муниципальный район,70504000,Изменен тип и название,2010,2025,2025,Рубль,Январь-декабрь,CD
Y48423007,Всего по обследуемым видам экономической деятельности,Тульская область,Муниципальное образование верхнего уровня,Воловский муниципальный район,70616000,Муниципальный район,Муниципальный район,70506000,Изменен тип и название,2010,2025,2025,Рубль,Январь-декабрь,CD
Y48423007,Всего по обследуемым видам экономической деятельности,Тульская область,Муниципальное образование верхнего уровня,Дубенский муниципальный район,70618000,Муниципальный район,Муниципальный район,70507000,Изменен тип и название,2010,2025,2025,Рубль,Январь-декабрь,CD
Y48423007,Всего по обследуемым видам экономической деятельности,Тульская область,Муниципальное образование верхнего уровня,Заокский муниципальный район,70622000,Муниципальный район,Муниципальный район,70622000,Без изменений,2010,2025,2025,Рубль,Январь-декабрь,CD
Y48423007,Всего по обследуемым видам экономической деятельности,Тульская область,Муниципальное образование верхнего уровня,Каменский муниципальный район,70624000,Муниципальный район,Муниципальный район,70624000,Без изменений,2010,2025,2025,Рубль,Январь-декабрь,CD
Y48423007,Всего по обследуемым видам экономической деятельности,Тульская область,Муниципальное образование верхнего уровня,Кимовский муниципальный район,70626000,Муниципальный район,Муниципальный район,70626000,Без изменений,2010,2025,2025,Рубль,Январь-декабрь,CD
Y48423007,Всего по обследуемым видам экономической деятельности,Тульская область,Муниципальное образование верхнего уровня,Киреевский муниципальный район,70628000,Муниципальный район,Муниципальный район,70628000,Без изменений,2010,2025,2025,Рубль,Январь-декабрь,CD
Y48423007,Всего по обследуемым видам экономической деятельности,Тульская область,Муниципальное образование верхнего уровня,Куркинский муниципальный район,70630000,Муниципальный район,Муниципальный район,70512000,Изменен тип и название,2010,2025,2025,Рубль,Январь-декабрь,CD
Y48423007,Всего по обследуемым видам экономической деятельности,Тульская область,Муниципальное образование верхнего уровня,Одоевский муниципальный район,70636000,Муниципальный район,Муниципальный район,70636000,Без изменений,2010,2025,2025,Рубль,Январь-декабрь,CD
Y48423007,Всего по обследуемым видам экономической деятельности,Тульская область,Муниципальное образование верхнего уровня,Плавский муниципальный район,70638000,Муниципальный район,Муниципальный район,70514000,Изменен тип и название,2010,2025,2025,Рубль,Январь-декабрь,CD
Y48423007,Всего по обследуемым видам экономической деятельности,Тульская область,Муниципальное образование верхнего уровня,Суворовский муниципальный район,70640000,Муниципальный район,Муниципальный район,70640000,Без изменений,2010,2025,2025,Рубль,Январь-декабрь,CD
Y48423007,Всего по обследуемым видам экономической деятельности,Тульская область,Муниципальное образование верхнего уровня,Тепло-Огаревский муниципальный район,70642000,Муниципальный район,Муниципальный район,70642000,Без изменений,2010,2025,2025,Рубль,Январь-декабрь,CD
Y48423007,Всего по обследуемым видам экономической деятельности,Тульская область,Муниципальное образование верхнего уровня,Узловский муниципальный район,70644000,Муниципальный район,Муниципальный район,70644000,Без изменений,2010,2025,2025,Рубль,Январь-декабрь,CD
Y48423007,Всего по обследуемым видам экономической деятельности,Тульская область,Муниципальное образование верхнего уровня,Чернский муниципальный район,70646000,Муниципальный район,Муниципальный район,70646000,Без изменений,2010,2025,2025,Рубль,Январь-декабрь,CD
Y48423007,Всего по обследуемым видам экономической деятельности,Тульская область,Муниципальное образование верхнего уровня,Щекинский муниципальный район,70648000,Муниципальный район,Муниципальный район,70648000,Без изменений,2010,2025,2025,Рубль,Январь-декабрь,CD
Y48423007,Всего по обследуемым видам экономической деятельности,Тульская область,Муниципальное образование верхнего уровня,Ясногорский муниципальный район,70650000,Муниципальный район,Муниципальный район,70650000,Без изменений,2010,2025,2025,Рубль,Январь-декабрь,CD
Y48423007,Всего по обследуемым видам экономической деятельности,Тульская область,Муниципальное образование верхнего уровня,город Тула,70701000,"Городской округ, городской округ с внутригородским делением","Городской округ, городской округ с внутригородским делением",70701000,Объединение,2010,2025,2025,Рубль,Январь-декабрь,CD
Y48423007,Всего по обследуемым видам экономической деятельности,Тульская область,Муниципальное образование верхнего уровня,рабочий поселок Новогуровский,70702000,"Городской округ, городской округ с внутригородским делением","Городской округ, городской округ с внутригородским делением",70702000,Без изменений,2010,2025,2025,Рубль,Январь-декабрь,CD
Y48423007,Всего по обследуемым видам экономической деятельности,Тульская область,Муниципальное образование верхнего уровня,город Алексин,70706000,"Городской округ, городской округ с внутригородским делением","Городской округ, городской округ с внутригородским делением",70706000,Изменен тип и название,2015,2025,2025,Рубль,Январь-декабрь,CD
Y48423007,Всего по обследуемым видам экономической деятельности,Тульская область,Муниципальное образование верхнего уровня,город Донской,70712000,"Городской округ, городской округ с внутригородским делением","Городской округ, городской округ с внутригородским делением",70712000,Без изменений,2010,2025,2025,Рубль,Январь-декабрь,CD
Y48423007,Всего по обследуемым видам экономической деятельности,Тульская область,Муниципальное образование верхнего уровня,город Новомосковск,70724000,"Городской округ, городской округ с внутригородским делением","Городской округ, городской округ с внутригородским делением",70724000,Без изменений,2010,2025,2025,Рубль,Январь-декабрь,CD
Y48423007,Всего по обследуемым видам экономической деятельности,Тульская область,Муниципальное образование верхнего уровня,Славный,70730000,"Городской округ, городской округ с внутригородским делением","Городской округ, городской округ с внутригородским делением",70730000,Без изменений,2010,2025,2025,Рубль,Январь-декабрь,CD
Y48423007,Всего по обследуемым видам экономической деятельности,Тюменская область,Муниципальное образование верхнего уровня,Голышмановский муниципальный округ,71518000,Муниципальный округ,Муниципальный округ,71518000,Объединение,2025,2025,2025,Рубль,Январь-декабрь,CD
Y48423007,Всего по обследуемым видам экономической деятельности,Тюменская область,Муниципальное образование верхнего уровня,Заводоуковский муниципальный округ,71522000,Муниципальный округ,Муниципальный округ,71522000,Изменен тип,2025,2025,2025,Рубль,Январь-декабрь,CD
Y48423007,Всего по обследуемым видам экономической деятельности,Тюменская область без автономных округов,Муниципальное образование верхнего уровня,Абатский муниципальный район,71603000,Муниципальный район,Муниципальный район,71503000,Изменен тип и название,2010,2025,2025,Рубль,Январь-декабрь,CD
Y48423007,Всего по обследуемым видам экономической деятельности,Тюменская область без автономных округов,Муниципальное образование верхнего уровня,Армизонский муниципальный район,71605000,Муниципальный район,Муниципальный район,71505000,Изменен тип и название,2010,2025,2025,Рубль,Январь-декабрь,CD
Y48423007,Всего по обследуемым видам экономической деятельности,Тюменская область без автономных округов,Муниципальное образование верхнего уровня,Аромашевский муниципальный район,71607000,Муниципальный район,Муниципальный район,71507000,Изменен тип и название,2010,2025,2025,Рубль,Январь-декабрь,CD
Y48423007,Всего по обследуемым видам экономической деятельности,Тюменская область без автономных округов,Муниципальное образование верхнего уровня,Бердюжский муниципальный район,71610000,Муниципальный район,Муниципальный район,71510000,Изменен тип и название,2010,2025,2025,Рубль,Январь-декабрь,CD
Y48423007,Всего по обследуемым видам экономической деятельности,Тюменская область без автономных округов,Муниципальное образование верхнего уровня,Вагайский муниципальный район,71613000,Муниципальный район,Муниципальный район,71513000,Изменен тип и название,2010,2025,2025,Рубль,Январь-декабрь,CD
Y48423007,Всего по обследуемым видам экономической деятельности,Тюменская область без автономных округов,Муниципальное образование верхнего уровня,Викуловский муниципальный район,71615000,Муниципальный район,Муниципальный район,71515000,Изменен тип и название,2010,2025,2025,Рубль,Январь-декабрь,CD
Y48423007,Всего по обследуемым видам экономической деятельности,Тюменская область без автономных округов,Муниципальное образование верхнего уровня,Исетский муниципальный район,71624000,Муниципальный район,Муниципальный район,71524000,Изменен тип и название,2010,2025,2025,Рубль,Январь-декабрь,CD
Y48423007,Всего по обследуемым видам экономической деятельности,Тюменская область без автономных округов,Муниципальное образование верхнего уровня,Ишимский муниципальный район,71626000,Муниципальный район,Муниципальный район,71526000,Изменен тип и название,2010,2025,2025,Рубль,Январь-декабрь,CD
Y48423007,Всего по обследуемым видам экономической деятельности,Тюменская область без автономных округов,Муниципальное образование верхнего уровня,Казанский муниципальный район,71630000,Муниципальный район,Муниципальный район,71530000,Изменен тип и название,2010,2025,2025,Рубль,Январь-декабрь,CD
Y48423007,Всего по обследуемым видам экономической деятельности,Тюменская область без автономных округов,Муниципальное образование верхнего уровня,Нижнетавдинский муниципальный район,71632000,Муниципальный район,Муниципальный район,71532000,Изменен тип и название,2010,2025,2025,Рубль,Январь-декабрь,CD
Y48423007,Всего по обследуемым видам экономической деятельности,Тюменская область без автономных округов,Муниципальное образование верхнего уровня,Омутинский муниципальный район,71634000,Муниципальный район,Муниципальный район,71534000,Изменен тип и название,2010,2025,2025,Рубль,Январь-декабрь,CD
Y48423007,Всего по обследуемым видам экономической деятельности,Тюменская область без автономных округов,Муниципальное образование верхнего уровня,Сладковский муниципальный район,71636000,Муниципальный район,Муниципальный район,71536000,Изменен тип и название,2010,2025,2025,Рубль,Январь-декабрь,CD
Y48423007,Всего по обследуемым видам экономической деятельности,Тюменская область без автономных округов,Муниципальное образование верхнего уровня,Сорокинский муниципальный район,71638000,Муниципальный район,Муниципальный район,71538000,Изменен тип и название,2010,2025,2025,Рубль,Январь-декабрь,CD
Y48423007,Всего по обследуемым видам экономической деятельности,Тюменская область без автономных округов,Муниципальное образование верхнего уровня,Тобольский муниципальный район,71642000,Муниципальный район,Муниципальный район,71542000,Изменен тип и название,2010,2025,2025,Рубль,Январь-декабрь,CD
Y48423007,Всего по обследуемым видам экономической деятельности,Тюменская область без автономных округов,Муниципальное образование верхнего уровня,Тюменский муниципальный район,71644000,Муниципальный район,Муниципальный район,71544000,Изменен тип и название,2010,2025,2025,Рубль,Январь-декабрь,CD
Y48423007,Всего по обследуемым видам экономической деятельности,Тюменская область без автономных округов,Муниципальное образование верхнего уровня,Уватский муниципальный район,71648000,Муниципальный район,Муниципальный район,71548000,Изменен тип и название,2010,2025,2025,Рубль,Январь-декабрь,CD
Y48423007,Всего по обследуемым видам экономической деятельности,Тюменская область без автономных округов,Муниципальное образование верхнего уровня,Упоровский муниципальный район,71650000,Муниципальный район,Муниципальный район,71550000,Изменен тип и название,2010,2025,2025,Рубль,Январь-декабрь,CD
Y48423007,Всего по обследуемым видам экономической деятельности,Тюменская область без автономных округов,Муниципальное образование верхнего уровня,Юргинский муниципальный район,71653000,Муниципальный район,Муниципальный район,71553000,Изменен тип и название,2010,2025,2025,Рубль,Январь-декабрь,CD
Y48423007,Всего по обследуемым видам экономической деятельности,Тюменская область без автономных округов,Муниципальное образование верхнего уровня,Ялуторовский муниципальный район,71656000,Муниципальный район,Муниципальный район,71556000,Изменен тип и название,2010,2025,2025,Рубль,Январь-декабрь,CD
Y48423007,Всего по обследуемым видам экономической деятельности,Тюменская область без автономных округов,Муниципальное образование верхнего уровня,Ярковский муниципальный район,71658000,Муниципальный район,Муниципальный район,71558000,Изменен тип и название,2010,2025,2025,Рубль,Январь-декабрь,CD
Y48423007,Всего по обследуемым видам экономической деятельности,Тюменская область,Муниципальное образование верхнего уровня,город Тюмень,71701000,"Городской округ, городской округ с внутригородским делением","Городской округ, городской округ с внутригородским делением",71701000,Без изменений,2010,2025,2025,Рубль,Январь-декабрь,CD
Y48423007,Всего по обследуемым видам экономической деятельности,Тюменская область,Муниципальное образование верхнего уровня,город Ишим,71705000,"Городской округ, городской округ с внутригородским делением","Городской округ, городской округ с внутригородским делением",71705000,Без изменений,2010,2025,2025,Рубль,Январь-декабрь,CD
Y48423007,Всего по обследуемым видам экономической деятельности,Тюменская область,Муниципальное образование верхнего уровня,город Тобольск,71710000,"Городской округ, городской округ с внутригородским делением","Городской округ, городской округ с внутригородским делением",71710000,Без изменений,2010,2025,2025,Рубль,Январь-декабрь,CD
Y48423007,Всего по обследуемым видам экономической деятельности,Тюменская область,Муниципальное образование верхнего уровня,город Ялуторовск,71715000,"Городской округ, городской округ с внутригородским делением","Городской округ, городской округ с внутригородским делением",71715000,Без изменений,2010,2025,2025,Рубль,Январь-декабрь,CD
Y48423007,Всего по обследуемым видам экономической деятельности,Ханты-Мансийский автономный округ — Югра,Муниципальное образование верхнего уровня,Белоярский муниципальный район,71811000,Муниципальный район,Муниципальный район,71811000,Без изменений,2010,2025,2025,Рубль,Январь-декабрь,CD
Y48423007,Всего по обследуемым видам экономической деятельности,Ханты-Мансийский автономный округ — Югра,Муниципальное образование верхнего уровня,Березовский муниципальный район,71812000,Муниципальный район,Муниципальный район,71812000,Без изменений,2010,2025,2025,Рубль,Январь-декабрь,CD
Y48423007,Всего по обследуемым видам экономической деятельности,Ханты-Мансийский автономный округ — Югра,Муниципальное образование верхнего уровня,Кондинский муниципальный район,71816000,Муниципальный район,Муниципальный район,71816000,Без изменений,2010,2025,2025,Рубль,Январь-декабрь,CD
Y48423007,Всего по обследуемым видам экономической деятельности,Ханты-Мансийский автономный округ — Югра,Муниципальное образование верхнего уровня,Нефтеюганский муниципальный район,71818000,Муниципальный район,Муниципальный район,71818000,Без изменений,2010,2025,2025,Рубль,Январь-декабрь,CD
Y48423007,Всего по обследуемым видам экономической деятельности,Ханты-Мансийский автономный округ — Югра,Муниципальное образование верхнего уровня,Нижневартовский муниципальный район,71819000,Муниципальный район,Муниципальный район,71819000,Без изменений,2010,2025,2025,Рубль,Январь-декабрь,CD
Y48423007,Всего по обследуемым видам экономической деятельности,Ханты-Мансийский автономный округ — Югра,Муниципальное образование верхнего уровня,Октябрьский муниципальный район,71821000,Муниципальный район,Муниципальный район,71821000,Без изменений,2010,2025,2025,Рубль,Январь-декабрь,CD
Y48423007,Всего по обследуемым видам экономической деятельности,Ханты-Мансийский автономный округ — Югра,Муниципальное образование верхнего уровня,Советский муниципальный район,71824000,Муниципальный район,Муниципальный район,71824000,Без изменений,2010,2025,2025,Рубль,Январь-декабрь,CD
Y48423007,Всего по обследуемым видам экономической деятельности,Ханты-Мансийский автономный округ — Югра,Муниципальное образование верхнего уровня,Сургутский муниципальный район,71826000,Муниципальный район,Муниципальный район,71826000,Без изменений,2010,2025,2025,Рубль,Январь-декабрь,CD
Y48423007,Всего по обследуемым видам экономической деятельности,Ханты-Мансийский автономный округ — Югра,Муниципальное образование верхнего уровня,Ханты-Мансийский муниципальный район,71829000,Муниципальный район,Муниципальный район,71829000,Без изменений,2010,2025,2025,Рубль,Январь-декабрь,CD
Y48423007,Всего по обследуемым видам экономической деятельности,Ханты-Мансийский автономный округ — Югра,Муниципальное образование верхнего уровня,Ханты-Мансийск,71871000,"Городской округ, городской округ с внутригородским делением","Городской округ, городской округ с внутригородским делением",71871000,Без изменений,2010,2025,2025,Рубль,Январь-декабрь,CD
Y48423007,Всего по обследуемым видам экономической деятельности,Ханты-Мансийский автономный округ — Югра,Муниципальное образование верхнего уровня,Лангепас,71872000,"Городской округ, городской округ с внутригородским делением","Городской округ, городской округ с внутригородским делением",71872000,Без изменений,2010,2025,2025,Рубль,Январь-декабрь,CD
Y48423007,Всего по обследуемым видам экономической деятельности,Ханты-Мансийский автономный округ — Югра,Муниципальное образование верхнего уровня,Мегион,71873000,"Городской округ, городской округ с внутригородским делением","Городской округ, городской округ с внутригородским делением",71873000,Без изменений,2010,2025,2025,Рубль,Январь-декабрь,CD
Y48423007,Всего по обследуемым видам экономической деятельности,Ханты-Мансийский автономный округ — Югра,Муниципальное образование верхнего уровня,Нефтеюганск,71874000,"Городской округ, городской округ с внутригородским делением","Городской округ, городской округ с внутригородским делением",71874000,Без изменений,2010,2025,2025,Рубль,Январь-декабрь,CD
Y48423007,Всего по обследуемым видам экономической деятельности,Ханты-Мансийский автономный округ — Югра,Муниципальное образование верхнего уровня,Нижневартовск,71875000,"Городской округ, городской округ с внутригородским делением","Городской округ, городской округ с внутригородским делением",71875000,Без изменений,2010,2025,2025,Рубль,Январь-декабрь,CD
Y48423007,Всего по обследуемым видам экономической деятельности,Ханты-Мансийский автономный округ — Югра,Муниципальное образование верхнего уровня,Сургут,71876000,"Городской округ, городской округ с внутригородским делением","Городской округ, городской округ с внутригородским делением",71876000,Без изменений,2010,2025,2025,Рубль,Январь-декабрь,CD
Y48423007,Всего по обследуемым видам экономической деятельности,Ханты-Мансийский автономный округ — Югра,Муниципальное образование верхнего уровня,Радужный,71877000,"Городской округ, городской округ с внутригородским делением","Городской округ, городской округ с внутригородским делением",71877000,Без изменений,2010,2025,2025,Рубль,Январь-декабрь,CD
Y48423007,Всего по обследуемым видам экономической деятельности,Ханты-Мансийский автономный округ — Югра,Муниципальное образование верхнего уровня,Урай,71878000,"Городской округ, городской округ с внутригородским делением","Городской округ, городской округ с внутригородским делением",71878000,Без изменений,2010,2025,2025,Рубль,Январь-декабрь,CD
Y48423007,Всего по обследуемым видам экономической деятельности,Ханты-Мансийский автономный округ — Югра,Муниципальное образование верхнего уровня,Нягань,71879000,"Городской округ, городской округ с внутригородским делением","Городской округ, городской округ с внутригородским делением",71879000,Без изменений,2010,2025,2025,Рубль,Январь-декабрь,CD
Y48423007,Всего по обследуемым видам экономической деятельности,Ханты-Мансийский автономный округ — Югра,Муниципальное образование верхнего уровня,Когалым,71883000,"Городской округ, городской округ с внутригородским делением","Городской округ, городской округ с внутригородским делением",71883000,Без изменений,2010,2025,2025,Рубль,Январь-декабрь,CD
Y48423007,Всего по обследуемым видам экономической деятельности,Ханты-Мансийский автономный округ — Югра,Муниципальное образование верхнего уровня,Покачи,71884000,"Городской округ, городской округ с внутригородским делением","Городской округ, городской округ с внутригородским делением",71884000,Без изменений,2010,2025,2025,Рубль,Январь-декабрь,CD
Y48423007,Всего по обследуемым видам экономической деятельности,Ханты-Мансийский автономный округ — Югра,Муниципальное образование верхнего уровня,Пыть-Ях,71885000,"Городской округ, городской округ с внутригородским делением","Городской округ, городской округ с внутригородским делением",71885000,Без изменений,2010,2025,2025,Рубль,Январь-декабрь,CD
Y48423007,Всего по обследуемым видам экономической деятельности,Ханты-Мансийский автономный округ — Югра,Муниципальное образование верхнего уровня,Югорск,71887000,"Городской округ, городской округ с внутригородским делением","Городской округ, городской округ с внутригородским делением",71887000,Без изменений,2010,2025,2025,Рубль,Январь-декабрь,CD
Y48423007,Всего по обследуемым видам экономической деятельности,Ямало-Ненецкий автономный округ,Муниципальное образование верхнего уровня,Муниципальный округ Красноселькупский район,71933000,Муниципальный округ,Муниципальный округ,71933000,Изменен тип и название,2022,2025,2025,Рубль,Январь-декабрь,CD
Y48423007,Всего по обследуемым видам экономической деятельности,Ямало-Ненецкий автономный округ,Муниципальное образование верхнего уровня,Муниципальный округ Надымский район,71936000,Муниципальный округ,Муниципальный округ,71936000,Изменен тип и название,2021,2025,2025,Рубль,Январь-декабрь,CD
Y48423007,Всего по обследуемым видам экономической деятельности,Ямало-Ненецкий автономный округ,Муниципальное образование верхнего уровня,Муниципальный округ Приуральский район,71938000,Муниципальный округ,Муниципальный округ,71939000,"Изменен тип и название, Выделение, Присоединение, Объединение",2022,2025,2025,Рубль,Январь-декабрь,CD
Y48423007,Всего по обследуемым видам экономической деятельности,Ямало-Ненецкий автономный округ,Муниципальное образование верхнего уровня,Муниципальный округ Пуровский район,71940000,Муниципальный округ,Муниципальный округ,71940000,Изменен тип и название,2021,2025,2025,Рубль,Январь-декабрь,CD
Y48423007,Всего по обследуемым видам экономической деятельности,Ямало-Ненецкий автономный округ,Муниципальное образование верхнего уровня,Муниципальный округ Тазовский район,71943000,Муниципальный округ,Муниципальный округ,71943000,Изменен тип и название,2021,2025,2025,Рубль,Январь-декабрь,CD
Y48423007,Всего по обследуемым видам экономической деятельности,Ямало-Ненецкий автономный округ,Муниципальное образование верхнего уровня,Муниципальный округ Шурышкарский район,71946000,Муниципальный округ,Муниципальный округ,71946000,Изменен тип и название,2023,2025,2025,Рубль,Январь-декабрь,CD
Y48423007,Всего по обследуемым видам экономической деятельности,Ямало-Ненецкий автономный округ,Муниципальное образование верхнего уровня,Муниципальный округ Ямальский район,71948000,Муниципальный округ,Муниципальный округ,71948000,Изменен тип и название,2022,2025,2025,Рубль,Январь-декабрь,CD
Y48423007,Всего по обследуемым видам экономической деятельности,Ямало-Ненецкий автономный округ,Муниципальное образование верхнего уровня,город Салехард,71951000,"Городской округ, городской округ с внутригородским делением","Городской округ, городской округ с внутригородским делением",71951000,Без изменений,2010,2025,2025,Рубль,Январь-декабрь,CD
Y48423007,Всего по обследуемым видам экономической деятельности,Ямало-Ненецкий автономный округ,Муниципальное образование верхнего уровня,город Губкинский,71952000,"Городской округ, городской округ с внутригородским делением","Городской округ, городской округ с внутригородским делением",71952000,Присоединение,2010,2025,2025,Рубль,Январь-декабрь,CD
Y48423007,Всего по обследуемым видам экономической деятельности,Ямало-Ненецкий автономный округ,Муниципальное образование верхнего уровня,Город Лабытнанги,71953000,"Городской округ, городской округ с внутригородским делением","Городской округ, городской округ с внутригородским делением",71939000,"Изменен тип и название, Выделение, Присоединение, Объединение",2010,2025,2025,Рубль,Январь-декабрь,CD
Y48423007,Всего по обследуемым видам экономической деятельности,Ямало-Ненецкий автономный округ,Муниципальное образование верхнего уровня,город Муравленко,71955000,"Городской округ, городской округ с внутригородским делением","Городской округ, городской округ с внутригородским делением",71955000,Без изменений,2010,2025,2025,Рубль,Январь-декабрь,CD
Y48423007,Всего по обследуемым видам экономической деятельности,Ямало-Ненецкий автономный округ,Муниципальное образование верхнего уровня,город Новый Уренгой,71956000,"Городской округ, городской округ с внутригородским делением","Городской округ, городской округ с внутригородским делением",71956000,Без изменений,2010,2025,2025,Рубль,Январь-декабрь,CD
Y48423007,Всего по обследуемым видам экономической деятельности,Ямало-Ненецкий автономный округ,Муниципальное образование верхнего уровня,город Ноябрьск,71958000,"Городской округ, городской округ с внутригородским делением","Городской округ, городской округ с внутригородским делением",71958000,Без изменений,2010,2025,2025,Рубль,Январь-декабрь,CD
Y48423007,Всего по обследуемым видам экономической деятельности,Ульяновская область,Муниципальное образование верхнего уровня,Базарносызганский муниципальный район,73602000,Муниципальный район,Муниципальный район,73502000,Изменен тип и название,2010,2025,2025,Рубль,Январь-декабрь,CD
Y48423007,Всего по обследуемым видам экономической деятельности,Ульяновская область,Муниципальное образование верхнего уровня,Барышский муниципальный район,73604000,Муниципальный район,Муниципальный район,73604000,Без изменений,2010,2025,2025,Рубль,Январь-декабрь,CD
Y48423007,Всего по обследуемым видам экономической деятельности,Ульяновская область,Муниципальное образование верхнего уровня,Вешкаймский муниципальный район,73607000,Муниципальный район,Муниципальный район,73607000,Без изменений,2010,2025,2025,Рубль,Январь-декабрь,CD
Y48423007,Всего по обследуемым видам экономической деятельности,Ульяновская область,Муниципальное образование верхнего уровня,Инзенский муниципальный район,73610000,Муниципальный район,Муниципальный район,73610000,Без изменений,2010,2025,2025,Рубль,Январь-декабрь,CD
Y48423007,Всего по обследуемым видам экономической деятельности,Ульяновская область,Муниципальное образование верхнего уровня,Карсунский муниципальный район,73614000,Муниципальный район,Муниципальный район,73614000,Без изменений,2010,2025,2025,Рубль,Январь-декабрь,CD
Y48423007,Всего по обследуемым видам экономической деятельности,Ульяновская область,Муниципальное образование верхнего уровня,Кузоватовский муниципальный район,73616000,Муниципальный район,Муниципальный район,73616000,Без изменений,2010,2025,2025,Рубль,Январь-декабрь,CD
Y48423007,Всего по обследуемым видам экономической деятельности,Ульяновская область,Муниципальное образование верхнего уровня,Майнский муниципальный район,73620000,Муниципальный район,Муниципальный район,73620000,Без изменений,2010,2025,2025,Рубль,Январь-декабрь,CD
Y48423007,Всего по обследуемым видам экономической деятельности,Ульяновская область,Муниципальное образование верхнего уровня,Мелекесский муниципальный район,73622000,Муниципальный район,Муниципальный район,73622000,Без изменений,2010,2025,2025,Рубль,Январь-декабрь,CD
Y48423007,Всего по обследуемым видам экономической деятельности,Ульяновская область,Муниципальное образование верхнего уровня,Николаевский муниципальный район,73625000,Муниципальный район,Муниципальный район,73625000,Без изменений,2010,2025,2025,Рубль,Январь-декабрь,CD
Y48423007,Всего по обследуемым видам экономической деятельности,Ульяновская область,Муниципальное образование верхнего уровня,Новомалыклинский муниципальный район,73627000,Муниципальный район,Муниципальный район,73627000,Без изменений,2010,2025,2025,Рубль,Январь-декабрь,CD
Y48423007,Всего по обследуемым видам экономической деятельности,Ульяновская область,Муниципальное образование верхнего уровня,Новоспасский муниципальный район,73629000,Муниципальный район,Муниципальный район,73629000,Без изменений,2010,2025,2025,Рубль,Январь-декабрь,CD
Y48423007,Всего по обследуемым видам экономической деятельности,Ульяновская область,Муниципальное образование верхнего уровня,Павловский муниципальный район,73632000,Муниципальный район,Муниципальный район,73532000,Изменен тип и название,2010,2025,2025,Рубль,Январь-декабрь,CD
Y48423007,Всего по обследуемым видам экономической деятельности,Ульяновская область,Муниципальное образование верхнего уровня,Радищевский муниципальный район,73634000,Муниципальный район,Муниципальный район,73634000,Без изменений,2010,2025,2025,Рубль,Январь-декабрь,CD
Y48423007,Всего по обследуемым видам экономической деятельности,Ульяновская область,Муниципальное образование верхнего уровня,Сенгилеевский муниципальный район,73636000,Муниципальный район,Муниципальный район,73636000,Без изменений,2010,2025,2025,Рубль,Январь-декабрь,CD
Y48423007,Всего по обследуемым видам экономической деятельности,Ульяновская область,Муниципальное образование верхнего уровня,Старокулаткинский муниципальный район,73639000,Муниципальный район,Муниципальный район,73639000,Без изменений,2010,2025,2025,Рубль,Январь-декабрь,CD
Y48423007,Всего по обследуемым видам экономической деятельности,Ульяновская область,Муниципальное образование верхнего уровня,Старомайнский муниципальный район,73642000,Муниципальный район,Муниципальный район,73542000,Изменен тип и название,2010,2025,2025,Рубль,Январь-декабрь,CD
Y48423007,Всего по обследуемым видам экономической деятельности,Ульяновская область,Муниципальное образование верхнего уровня,Сурский муниципальный район,73644000,Муниципальный район,Муниципальный район,73644000,Без изменений,2010,2025,2025,Рубль,Январь-декабрь,CD
Y48423007,Всего по обследуемым видам экономической деятельности,Ульяновская область,Муниципальное образование верхнего уровня,Тереньгульский муниципальный район,73648000,Муниципальный район,Муниципальный район,73648000,Без изменений,2010,2025,2025,Рубль,Январь-декабрь,CD
Y48423007,Всего по обследуемым видам экономической деятельности,Ульяновская область,Муниципальное образование верхнего уровня,Ульяновский муниципальный район,73652000,Муниципальный район,Муниципальный район,73652000,Без изменений,2010,2025,2025,Рубль,Январь-декабрь,CD
Y48423007,Всего по обследуемым видам экономической деятельности,Ульяновская область,Муниципальное образование верхнего уровня,Цильнинский муниципальный район,73654000,Муниципальный район,Муниципальный район,73654000,Без изменений,2010,2025,2025,Рубль,Январь-декабрь,CD
Y48423007,Всего по обследуемым видам экономической деятельности,Ульяновская область,Муниципальное образование верхнего уровня,Чердаклинский муниципальный район,73656000,Муниципальный район,Муниципальный район,73656000,Без изменений,2010,2025,2025,Рубль,Январь-декабрь,CD
Y48423007,Всего по обследуемым видам экономической деятельности,Ульяновская область,Муниципальное образование верхнего уровня,город Ульяновск,73701000,"Городской округ, городской округ с внутригородским делением","Городской округ, городской округ с внутригородским делением",73701000,Без изменений,2010,2025,2025,Рубль,Январь-декабрь,CD
Y48423007,Всего по обследуемым видам экономической деятельности,Ульяновская область,Муниципальное образование верхнего уровня,город Димитровград,73705000,"Городской округ, городской округ с внутригородским делением","Городской округ, городской округ с внутригородским делением",73705000,Без изменений,2010,2025,2025,Рубль,Январь-декабрь,CD
Y48423007,Всего по обследуемым видам экономической деятельности,Ульяновская область,Муниципальное образование верхнего уровня,город Новоульяновск,73715000,"Городской округ, городской округ с внутригородским делением","Городской округ, городской округ с внутригородским делением",73715000,Без изменений,2010,2025,2025,Рубль,Январь-декабрь,CD
Y48423007,Всего по обследуемым видам экономической деятельности,Челябинская область,Муниципальное образование верхнего уровня,Коркинский муниципальный округ,75533000,Муниципальный округ,Муниципальный округ,75533000,Изменен тип и название,2023,2025,2025,Рубль,Январь-декабрь,CD
Y48423007,Всего по обследуемым видам экономической деятельности,Челябинская область,Муниципальное образование верхнего уровня,Нязепетровский муниципальный округ,75544000,Муниципальный округ,Муниципальный округ,75544000,Изменен тип и название,2025,2025,2025,Рубль,Январь-декабрь,CD
Y48423007,Всего по обследуемым видам экономической деятельности,Челябинская область,Муниципальное образование верхнего уровня,Пластовский муниципальный округ,75548000,Муниципальный округ,Муниципальный округ,75548000,Изменен тип и название,2025,2025,2025,Рубль,Январь-декабрь,CD
Y48423007,Всего по обследуемым видам экономической деятельности,Челябинская область,Муниципальное образование верхнего уровня,Саткинский муниципальный округ,75549000,Муниципальный округ,Муниципальный округ,75549000,Изменен тип и название,2025,2025,2025,Рубль,Январь-декабрь,CD
Y48423007,Всего по обследуемым видам экономической деятельности,Челябинская область,Муниципальное образование верхнего уровня,Агаповский муниципальный район,75603000,Муниципальный район,Муниципальный район,75503000,Изменен тип и название,2010,2025,2025,Рубль,Январь-декабрь,CD
Y48423007,Всего по обследуемым видам экономической деятельности,Челябинская область,Муниципальное образование верхнего уровня,Аргаяшский муниципальный район,75606000,Муниципальный район,Муниципальный район,75506000,Изменен тип и название,2010,2025,2025,Рубль,Январь-декабрь,CD
Y48423007,Всего по обследуемым видам экономической деятельности,Челябинская область,Муниципальное образование верхнего уровня,Ашинский муниципальный район,75609000,Муниципальный район,Муниципальный район,75509000,Изменен тип и название,2010,2025,2025,Рубль,Январь-декабрь,CD
Y48423007,Всего по обследуемым видам экономической деятельности,Челябинская область,Муниципальное образование верхнего уровня,Брединский муниципальный район,75612000,Муниципальный район,Муниципальный район,75512000,Изменен тип и название,2010,2025,2025,Рубль,Январь-декабрь,CD
Y48423007,Всего по обследуемым видам экономической деятельности,Челябинская область,Муниципальное образование верхнего уровня,Варненский муниципальный район,75614000,Муниципальный район,Муниципальный район,75514000,Изменен тип и название,2010,2025,2025,Рубль,Январь-декабрь,CD
Y48423007,Всего по обследуемым видам экономической деятельности,Челябинская область,Муниципальное образование верхнего уровня,Верхнеуральский муниципальный район,75617000,Муниципальный район,Муниципальный район,75517000,Изменен тип и название,2010,2025,2025,Рубль,Январь-декабрь,CD
Y48423007,Всего по обследуемым видам экономической деятельности,Челябинская область,Муниципальное образование верхнего уровня,Еманжелинский муниципальный район,75619000,Муниципальный район,Муниципальный район,75519000,Изменен тип и название,2010,2025,2025,Рубль,Январь-декабрь,CD
Y48423007,Всего по обследуемым видам экономической деятельности,Челябинская область,Муниципальное образование верхнего уровня,Еткульский муниципальный район,75620000,Муниципальный район,Муниципальный район,75520000,Изменен тип и название,2010,2025,2025,Рубль,Январь-декабрь,CD
Y48423007,Всего по обследуемым видам экономической деятельности,Челябинская область,Муниципальное образование верхнего уровня,Карталинский муниципальный район,75623000,Муниципальный район,Муниципальный район,75523000,Изменен тип и название,2010,2025,2025,Рубль,Январь-декабрь,CD
Y48423007,Всего по обследуемым видам экономической деятельности,Челябинская область,Муниципальное образование верхнего уровня,Каслинский муниципальный район,75626000,Муниципальный район,Муниципальный район,75526000,Изменен тип и название,2010,2025,2025,Рубль,Январь-декабрь,CD
Y48423007,Всего по обследуемым видам экономической деятельности,Челябинская область,Муниципальное образование верхнего уровня,Катав-Ивановский муниципальный район,75629000,Муниципальный район,Муниципальный район,75529000,Изменен тип и название,2010,2025,2025,Рубль,Январь-декабрь,CD
Y48423007,Всего по обследуемым видам экономической деятельности,Челябинская область,Муниципальное образование верхнего уровня,Кизильский муниципальный район,75632000,Муниципальный район,Муниципальный район,75532000,Изменен тип и название,2010,2025,2025,Рубль,Январь-декабрь,CD
Y48423007,Всего по обследуемым видам экономической деятельности,Челябинская область,Муниципальное образование верхнего уровня,Красноармейский муниципальный район,75634000,Муниципальный район,Муниципальный район,75534000,Изменен тип и название,2010,2025,2025,Рубль,Январь-декабрь,CD
Y48423007,Всего по обследуемым видам экономической деятельности,Челябинская область,Муниципальное образование верхнего уровня,Кунашакский муниципальный район,75636000,Муниципальный район,Муниципальный район,75536000,Изменен тип и название,2010,2025,2025,Рубль,Январь-декабрь,CD
Y48423007,Всего по обследуемым видам экономической деятельности,Челябинская область,Муниципальное образование верхнего уровня,Кусинский муниципальный район,75638000,Муниципальный район,Муниципальный район,75538000,"Изменен тип и название, Выделение",2010,2025,2025,Рубль,Январь-декабрь,CD
Y48423007,Всего по обследуемым видам экономической деятельности,Челябинская область,Муниципальное образование верхнего уровня,Нагайбакский муниципальный район,75642000,Муниципальный район,Муниципальный район,75542000,Изменен тип и название,2010,2025,2025,Рубль,Январь-декабрь,CD
Y48423007,Всего по обследуемым видам экономической деятельности,Челябинская область,Муниципальное образование верхнего уровня,Октябрьский муниципальный район,75647000,Муниципальный район,Муниципальный район,75547000,Изменен тип и название,2010,2025,2025,Рубль,Январь-декабрь,CD
Y48423007,Всего по обследуемым видам экономической деятельности,Челябинская область,Муниципальное образование верхнего уровня,Сосновский муниципальный район,75652000,Муниципальный район,Муниципальный район,75552000,Изменен тип и название,2010,2025,2025,Рубль,Январь-декабрь,CD
Y48423007,Всего по обследуемым видам экономической деятельности,Челябинская область,Муниципальное образование верхнего уровня,Троицкий муниципальный район,75654000,Муниципальный район,Муниципальный район,75554000,Изменен тип и название,2010,2025,2025,Рубль,Январь-декабрь,CD
Y48423007,Всего по обследуемым видам экономической деятельности,Челябинская область,Муниципальное образование верхнего уровня,Увельский муниципальный район,75655000,Муниципальный район,Муниципальный район,75555000,Изменен тип и название,2010,2025,2025,Рубль,Январь-декабрь,CD
Y48423007,Всего по обследуемым видам экономической деятельности,Челябинская область,Муниципальное образование верхнего уровня,Уйский муниципальный район,75656000,Муниципальный район,Муниципальный район,75556000,Изменен тип и название,2010,2025,2025,Рубль,Январь-декабрь,CD
Y48423007,Всего по обследуемым видам экономической деятельности,Челябинская область,Муниципальное образование верхнего уровня,Чебаркульский муниципальный район,75657000,Муниципальный район,Муниципальный район,75557000,Изменен тип и название,2010,2025,2025,Рубль,Январь-декабрь,CD
Y48423007,Всего по обследуемым видам экономической деятельности,Челябинская область,Муниципальное образование верхнего уровня,Чесменский муниципальный район,75659000,Муниципальный район,Муниципальный район,75559000,Изменен тип и название,2010,2025,2025,Рубль,Январь-декабрь,CD
Y48423007,Всего по обследуемым видам экономической деятельности,Челябинская область,Муниципальное образование верхнего уровня,Челябинский,75701000,"Городской округ, городской округ с внутригородским делением","Городской округ, городской округ с внутригородским делением",75701000,Без изменений,2010,2025,2025,Рубль,Январь-декабрь,CD
Y48423007,Всего по обследуемым видам экономической деятельности,Челябинская область,Муниципальное образование верхнего уровня,Верхнеуфалейский,75706000,"Городской округ, городской округ с внутригородским делением","Городской округ, городской округ с внутригородским делением",75706000,Без изменений,2010,2025,2025,Рубль,Январь-декабрь,CD
Y48423007,Всего по обследуемым видам экономической деятельности,Челябинская область,Муниципальное образование верхнего уровня,Златоустовский,75712000,"Городской округ, городской округ с внутригородским делением","Городской округ, городской округ с внутригородским делением",75712000,Присоединение,2010,2025,2025,Рубль,Январь-декабрь,CD
Y48423007,Всего по обследуемым видам экономической деятельности,Челябинская область,Муниципальное образование верхнего уровня,Карабашский,75715000,"Городской округ, городской округ с внутригородским делением","Городской округ, городской округ с внутригородским делением",75715000,Без изменений,2010,2025,2025,Рубль,Январь-декабрь,CD
Y48423007,Всего по обследуемым видам экономической деятельности,Челябинская область,Муниципальное образование верхнего уровня,Копейский,75728000,"Городской округ, городской округ с внутригородским делением","Городской округ, городской округ с внутригородским делением",75728000,Без изменений,2010,2025,2025,Рубль,Январь-декабрь,CD
Y48423007,Всего по обследуемым видам экономической деятельности,Челябинская область,Муниципальное образование верхнего уровня,Кыштымский,75734000,"Городской округ, городской округ с внутригородским делением","Городской округ, городской округ с внутригородским делением",75734000,Без изменений,2010,2025,2025,Рубль,Январь-декабрь,CD
Y48423007,Всего по обследуемым видам экономической деятельности,Челябинская область,Муниципальное образование верхнего уровня,Магнитогорский,75738000,"Городской округ, городской округ с внутригородским делением","Городской округ, городской округ с внутригородским делением",75738000,Без изменений,2010,2025,2025,Рубль,Январь-декабрь,CD
Y48423007,Всего по обследуемым видам экономической деятельности,Челябинская область,Муниципальное образование верхнего уровня,Миасский,75742000,"Городской округ, городской округ с внутригородским делением","Городской округ, городской округ с внутригородским делением",75742000,Без изменений,2010,2025,2025,Рубль,Январь-декабрь,CD
Y48423007,Всего по обследуемым видам экономической деятельности,Челябинская область,Муниципальное образование верхнего уровня,Троицкий,75752000,"Городской округ, городской округ с внутригородским делением","Городской округ, городской округ с внутригородским делением",75752000,Без изменений,2010,2025,2025,Рубль,Январь-декабрь,CD
Y48423007,Всего по обследуемым видам экономической деятельности,Челябинская область,Муниципальное образование верхнего уровня,Усть-Катавский,75755000,"Городской округ, городской округ с внутригородским делением","Городской округ, городской округ с внутригородским делением",75755000,Без изменений,2010,2025,2025,Рубль,Январь-декабрь,CD
Y48423007,Всего по обследуемым видам экономической деятельности,Челябинская область,Муниципальное образование верхнего уровня,Чебаркульский,75758000,"Городской округ, городской округ с внутригородским делением","Городской округ, городской округ с внутригородским делением",75758000,Без изменений,2010,2025,2025,Рубль,Январь-декабрь,CD
Y48423007,Всего по обследуемым видам экономической деятельности,Челябинская область,Муниципальное образование верхнего уровня,Локомотивный,75759000,"Городской округ, городской округ с внутригородским делением","Городской округ, городской округ с внутригородским делением",75759000,Без изменений,2010,2025,2025,Рубль,Январь-декабрь,CD
Y48423007,Всего по обследуемым видам экономической деятельности,Челябинская область,Муниципальное образование верхнего уровня,Южноуральский,75764000,"Городской округ, городской округ с внутригородским делением","Городской округ, городской округ с внутригородским делением",75764000,Без изменений,2010,2025,2025,Рубль,Январь-декабрь,CD
Y48423007,Всего по обследуемым видам экономической деятельности,Забайкальский край,Муниципальное образование верхнего уровня,Акшинский муниципальный округ,76503000,Муниципальный округ,Муниципальный округ,76503000,Изменен тип и название,2023,2025,2025,Рубль,Январь-декабрь,CD
Y48423007,Всего по обследуемым видам экономической деятельности,Забайкальский край,Муниципальное образование верхнего уровня,Александрово-Заводский муниципальный округ,76504000,Муниципальный округ,Муниципальный округ,76504000,Изменен тип и название,2023,2025,2025,Рубль,Январь-декабрь,CD
Y48423007,Всего по обследуемым видам экономической деятельности,Забайкальский край,Муниципальное образование верхнего уровня,Балейский муниципальный округ,76506000,Муниципальный округ,Муниципальный округ,76506000,"Изменен тип и название, Объединение",2025,2025,2025,Рубль,Январь-декабрь,CD
Y48423007,Всего по обследуемым видам экономической деятельности,Забайкальский край,Муниципальное образование верхнего уровня,Газимуро-Заводский муниципальный округ,76510000,Муниципальный округ,Муниципальный округ,76510000,Изменен тип и название,2024,2025,2025,Рубль,Январь-декабрь,CD
Y48423007,Всего по обследуемым видам экономической деятельности,Забайкальский край,Муниципальное образование верхнего уровня,Забайкальский муниципальный округ,76512000,Муниципальный округ,Муниципальный округ,76512000,Изменен тип и название,2025,2025,2025,Рубль,Январь-декабрь,CD
Y48423007,Всего по обследуемым видам экономической деятельности,Забайкальский край,Муниципальное образование верхнего уровня,Каларский муниципальный округ,76515000,Муниципальный округ,Муниципальный округ,76515000,Изменен тип и название,2021,2025,2025,Рубль,Январь-декабрь,CD
Y48423007,Всего по обследуемым видам экономической деятельности,Забайкальский край,Муниципальное образование верхнего уровня,Калганский муниципальный округ,76518000,Муниципальный округ,Муниципальный округ,76518000,Изменен тип и название,2024,2025,2025,Рубль,Январь-декабрь,CD
Y48423007,Всего по обследуемым видам экономической деятельности,Забайкальский край,Муниципальное образование верхнего уровня,Краснокаменский муниципальный округ,76521000,Муниципальный округ,Муниципальный округ,76521000,Изменен тип и название,2025,2025,2025,Рубль,Январь-декабрь,CD
Y48423007,Всего по обследуемым видам экономической деятельности,Забайкальский край,Муниципальное образование верхнего уровня,Могочинский муниципальный округ,76526000,Муниципальный округ,Муниципальный округ,76526000,Изменен тип и название,2024,2025,2025,Рубль,Январь-декабрь,CD
Y48423007,Всего по обследуемым видам экономической деятельности,Забайкальский край,Муниципальное образование верхнего уровня,Нерчинско-Заводский муниципальный округ,76530000,Муниципальный округ,Муниципальный округ,76530000,Изменен тип и название,2023,2025,2025,Рубль,Январь-декабрь,CD
Y48423007,Всего по обследуемым видам экономической деятельности,Забайкальский край,Муниципальное образование верхнего уровня,Ононский муниципальный округ,76534000,Муниципальный округ,Муниципальный округ,76534000,Изменен тип и название,2024,2025,2025,Рубль,Январь-декабрь,CD
Y48423007,Всего по обследуемым видам экономической деятельности,Забайкальский край,Муниципальное образование верхнего уровня,Петровск-Забайкальский муниципальный округ,76536000,Муниципальный округ,Муниципальный округ,76536000,"Изменен тип и название, Объединение",2025,2025,2025,Рубль,Январь-декабрь,CD
Y48423007,Всего по обследуемым видам экономической деятельности,Забайкальский край,Муниципальное образование верхнего уровня,Приаргунский муниципальный округ,76538000,Муниципальный округ,Муниципальный округ,76538000,Изменен тип и название,2021,2025,2025,Рубль,Январь-декабрь,CD
Y48423007,Всего по обследуемым видам экономической деятельности,Забайкальский край,Муниципальное образование верхнего уровня,Тунгокоченский муниципальный округ,76544000,Муниципальный округ,Муниципальный округ,76544000,Изменен тип и название,2023,2025,2025,Рубль,Январь-декабрь,CD
Y48423007,Всего по обследуемым видам экономической деятельности,Забайкальский край,Муниципальное образование верхнего уровня,Улётовский муниципальный округ,76546000,Муниципальный округ,Муниципальный округ,76546000,Изменен тип и название,2025,2025,2025,Рубль,Январь-декабрь,CD
Y48423007,Всего по обследуемым видам экономической деятельности,Забайкальский край,Муниципальное образование верхнего уровня,Шелопугинский муниципальный округ,76552000,Муниципальный округ,Муниципальный округ,76552000,Изменен тип и название,2025,2025,2025,Рубль,Январь-декабрь,CD
Y48423007,Всего по обследуемым видам экономической деятельности,Забайкальский край,Муниципальное образование верхнего уровня,Агинский муниципальный район,76602000,Муниципальный район,Муниципальный район,76502000,Изменен тип и название,2012,2025,2025,Рубль,Январь-декабрь,CD
Y48423007,Всего по обследуемым видам экономической деятельности,Забайкальский край,Муниципальное образование верхнего уровня,Борзинский муниципальный район,76609000,Муниципальный район,Муниципальный район,76509000,Изменен тип и название,2010,2025,2025,Рубль,Январь-декабрь,CD
Y48423007,Всего по обследуемым видам экономической деятельности,Забайкальский край,Муниципальное образование верхнего уровня,Дульдургинский муниципальный район,76611000,Муниципальный район,Муниципальный район,76511000,Изменен тип и название,2012,2025,2025,Рубль,Январь-декабрь,CD
Y48423007,Всего по обследуемым видам экономической деятельности,Забайкальский край,Муниципальное образование верхнего уровня,Карымский муниципальный район,76620000,Муниципальный район,Муниципальный район,76520000,Изменен тип и название,2010,2025,2025,Рубль,Январь-декабрь,CD
Y48423007,Всего по обследуемым видам экономической деятельности,Забайкальский край,Муниципальное образование верхнего уровня,Красночикойский муниципальный район,76622000,Муниципальный район,Муниципальный район,76522000,Изменен тип и название,2010,2025,2025,Рубль,Январь-декабрь,CD
Y48423007,Всего по обследуемым видам экономической деятельности,Забайкальский край,Муниципальное образование верхнего уровня,Кыринский муниципальный район,76624000,Муниципальный район,Муниципальный район,76524000,Изменен тип и название,2010,2025,2025,Рубль,Январь-декабрь,CD
Y48423007,Всего по обследуемым видам экономической деятельности,Забайкальский край,Муниципальное образование верхнего уровня,Могойтуйский муниципальный район,76625000,Муниципальный район,Муниципальный район,76525000,Изменен тип и название,2012,2025,2025,Рубль,Январь-декабрь,CD
Y48423007,Всего по обследуемым видам экономической деятельности,Забайкальский край,Муниципальное образование верхнего уровня,Нерчинский муниципальный район,76628000,Муниципальный район,Муниципальный район,76528000,Изменен тип и название,2010,2025,2025,Рубль,Январь-декабрь,CD
Y48423007,Всего по обследуемым видам экономической деятельности,Забайкальский край,Муниципальное образование верхнего уровня,Оловяннинский муниципальный район,76632000,Муниципальный район,Муниципальный район,76532000,Изменен тип и название,2010,2025,2025,Рубль,Январь-декабрь,CD
Y48423007,Всего по обследуемым видам экономической деятельности,Забайкальский край,Муниципальное образование верхнего уровня,Сретенский муниципальный район,76640000,Муниципальный район,Муниципальный район,76640000,Без изменений,2010,2025,2025,Рубль,Январь-декабрь,CD
Y48423007,Всего по обследуемым видам экономической деятельности,Забайкальский край,Муниципальное образование верхнего уровня,Тунгиро-Олёкминский муниципальный район,76642000,Муниципальный район,Муниципальный район,76642000,Без изменений,2010,2025,2025,Рубль,Январь-декабрь,CD
Y48423007,Всего по обследуемым видам экономической деятельности,Забайкальский край,Муниципальное образование верхнего уровня,Хилокский муниципальный район,76647000,Муниципальный район,Муниципальный район,76547000,Изменен тип и название,2010,2025,2025,Рубль,Январь-декабрь,CD
Y48423007,Всего по обследуемым видам экономической деятельности,Забайкальский край,Муниципальное образование верхнего уровня,Чернышевский муниципальный район,76648000,Муниципальный район,Муниципальный район,76548000,Изменен тип и название,2010,2025,2025,Рубль,Январь-декабрь,CD
Y48423007,Всего по обследуемым видам экономической деятельности,Забайкальский край,Муниципальное образование верхнего уровня,Читинский муниципальный район,76650000,Муниципальный район,Муниципальный район,76550000,Изменен тип и название,2010,2025,2025,Рубль,Январь-декабрь,CD
Y48423007,Всего по обследуемым видам экономической деятельности,Забайкальский край,Муниципальное образование верхнего уровня,Шилкинский муниципальный район,76654000,Муниципальный район,Муниципальный район,76654000,Без изменений,2010,2025,2025,Рубль,Январь-декабрь,CD
Y48423007,Всего по обследуемым видам экономической деятельности,Забайкальский край,Муниципальное образование верхнего уровня,город Чита,76701000,"Городской округ, городской округ с внутригородским делением","Городской округ, городской округ с внутригородским делением",76701000,Без изменений,2010,2025,2025,Рубль,Январь-декабрь,CD
Y48423007,Всего по обследуемым видам экономической деятельности,Забайкальский край,Муниципальное образование верхнего уровня,поселок Агинское,76702000,"Городской округ, городской округ с внутригородским делением","Городской округ, городской округ с внутригородским делением",76702000,Без изменений,2010,2025,2025,Рубль,Январь-декабрь,CD
Y48423007,Всего по обследуемым видам экономической деятельности,Чукотский автономный округ,Муниципальное образование верхнего уровня,муниципальный округ Певек,77505000,Муниципальный округ,Муниципальный округ,77505000,Изменен тип и название,2025,2025,2025,Рубль,Январь-декабрь,CD
Y48423007,Всего по обследуемым видам экономической деятельности,Чукотский автономный округ,Муниципальное образование верхнего уровня,Провиденский муниципальный округ,77510000,Муниципальный округ,Муниципальный округ,77510000,Изменен тип и название,2025,2025,2025,Рубль,Январь-декабрь,CD
Y48423007,Всего по обследуемым видам экономической деятельности,Чукотский автономный округ,Муниципальное образование верхнего уровня,муниципальный округ Эгвекинот,77515000,Муниципальный округ,Муниципальный округ,77515000,Изменен тип и название,2025,2025,2025,Рубль,Январь-декабрь,CD
Y48423007,Всего по обследуемым видам экономической деятельности,Чукотский автономный округ,Муниципальное образование верхнего уровня,Анадырский муниципальный район,77603000,Муниципальный район,Муниципальный район,77503000,Изменен тип и название,2010,2025,2025,Рубль,Январь-декабрь,CD
Y48423007,Всего по обследуемым видам экономической деятельности,Чукотский автономный округ,Муниципальное образование верхнего уровня,Билибинский муниципальный район,77609000,Муниципальный район,Муниципальный район,77609000,Без изменений,2010,2025,2025,Рубль,Январь-декабрь,CD
Y48423007,Всего по обследуемым видам экономической деятельности,Чукотский автономный округ,Муниципальное образование верхнего уровня,Чукотский муниципальный район,77633000,Муниципальный район,Муниципальный район,77633000,Без изменений,2010,2025,2025,Рубль,Январь-декабрь,CD
Y48423007,Всего по обследуемым видам экономической деятельности,Чукотский автономный округ,Муниципальное образование верхнего уровня,Анадырь,77701000,"Городской округ, городской округ с внутригородским делением","Городской округ, городской округ с внутригородским делением",77701000,Без изменений,2010,2025,2025,Рубль,Январь-декабрь,CD
Y48423007,Всего по обследуемым видам экономической деятельности,Ярославская область,Муниципальное образование верхнего уровня,Переславль-Залесский муниципальный округ,78532000,Муниципальный округ,Муниципальный округ,78532000,"Изменен тип и название, Объединение",2025,2025,2025,Рубль,Январь-декабрь,CD
Y48423007,Всего по обследуемым видам экономической деятельности,Ярославская область,Муниципальное образование верхнего уровня,Большесельский муниципальный район,78603000,Муниципальный район,Муниципальный район,78503000,Изменен тип и название,2010,2025,2025,Рубль,Январь-декабрь,CD
Y48423007,Всего по обследуемым видам экономической деятельности,Ярославская область,Муниципальное образование верхнего уровня,Борисоглебский муниципальный район,78606000,Муниципальный район,Муниципальный район,78506000,Изменен тип и название,2010,2025,2025,Рубль,Январь-декабрь,CD
Y48423007,Всего по обследуемым видам экономической деятельности,Ярославская область,Муниципальное образование верхнего уровня,Брейтовский муниципальный район,78609000,Муниципальный район,Муниципальный район,78509000,Изменен тип и название,2010,2025,2025,Рубль,Январь-декабрь,CD
Y48423007,Всего по обследуемым видам экономической деятельности,Ярославская область,Муниципальное образование верхнего уровня,Гаврилов-Ямский муниципальный район,78612000,Муниципальный район,Муниципальный район,78512000,Изменен тип и название,2010,2025,2025,Рубль,Январь-декабрь,CD
Y48423007,Всего по обследуемым видам экономической деятельности,Ярославская область,Муниципальное образование верхнего уровня,Даниловский муниципальный район,78615000,Муниципальный район,Муниципальный район,78515000,Изменен тип и название,2010,2025,2025,Рубль,Январь-декабрь,CD
Y48423007,Всего по обследуемым видам экономической деятельности,Ярославская область,Муниципальное образование верхнего уровня,Любимский муниципальный район,78618000,Муниципальный район,Муниципальный район,78518000,Изменен тип и название,2010,2025,2025,Рубль,Январь-декабрь,CD
Y48423007,Всего по обследуемым видам экономической деятельности,Ярославская область,Муниципальное образование верхнего уровня,Мышкинский муниципальный район,78621000,Муниципальный район,Муниципальный район,78521000,Изменен тип и название,2010,2025,2025,Рубль,Январь-декабрь,CD
Y48423007,Всего по обследуемым видам экономической деятельности,Ярославская область,Муниципальное образование верхнего уровня,Некоузский муниципальный район,78623000,Муниципальный район,Муниципальный район,78523000,Изменен тип и название,2010,2025,2025,Рубль,Январь-декабрь,CD
Y48423007,Всего по обследуемым видам экономической деятельности,Ярославская область,Муниципальное образование верхнего уровня,Некрасовский муниципальный район,78626000,Муниципальный район,Муниципальный район,78526000,Изменен тип и название,2010,2025,2025,Рубль,Январь-декабрь,CD
Y48423007,Всего по обследуемым видам экономической деятельности,Ярославская область,Муниципальное образование верхнего уровня,Первомайский муниципальный район,78629000,Муниципальный район,Муниципальный район,78529000,Изменен тип и название,2010,2025,2025,Рубль,Январь-декабрь,CD
Y48423007,Всего по обследуемым видам экономической деятельности,Ярославская область,Муниципальное образование верхнего уровня,Пошехонский муниципальный район,78634000,Муниципальный район,Муниципальный район,78534000,Изменен тип и название,2010,2025,2025,Рубль,Январь-декабрь,CD
Y48423007,Всего по обследуемым видам экономической деятельности,Ярославская область,Муниципальное образование верхнего уровня,Ростовский муниципальный район,78637000,Муниципальный район,Муниципальный район,78537000,Изменен тип и название,2010,2025,2025,Рубль,Январь-декабрь,CD
Y48423007,Всего по обследуемым видам экономической деятельности,Ярославская область,Муниципальное образование верхнего уровня,Рыбинский муниципальный район,78640000,Муниципальный район,Муниципальный район,78540000,Изменен тип и название,2010,2025,2025,Рубль,Январь-декабрь,CD
Y48423007,Всего по обследуемым видам экономической деятельности,Ярославская область,Муниципальное образование верхнего уровня,Тутаевский муниципальный район,78643000,Муниципальный район,Муниципальный район,78543000,Изменен тип и название,2010,2025,2025,Рубль,Январь-декабрь,CD
Y48423007,Всего по обследуемым видам экономической деятельности,Ярославская область,Муниципальное образование верхнего уровня,Угличский муниципальный район,78646000,Муниципальный район,Муниципальный район,78546000,Изменен тип и название,2010,2025,2025,Рубль,Январь-декабрь,CD
Y48423007,Всего по обследуемым видам экономической деятельности,Ярославская область,Муниципальное образование верхнего уровня,Ярославский муниципальный район,78650000,Муниципальный район,Муниципальный район,78550000,Изменен тип и название,2010,2025,2025,Рубль,Январь-декабрь,CD
Y48423007,Всего по обследуемым видам экономической деятельности,Ярославская область,Муниципальное образование верхнего уровня,город Ярославль,78701000,"Городской округ, городской округ с внутригородским делением","Городской округ, городской округ с внутригородским делением",78701000,Без изменений,2010,2025,2025,Рубль,Январь-декабрь,CD
Y48423007,Всего по обследуемым видам экономической деятельности,Ярославская область,Муниципальное образование верхнего уровня,город Рыбинск,78715000,"Городской округ, городской округ с внутригородским делением","Городской округ, городской округ с внутригородским делением",78715000,Без изменений,2010,2025,2025,Рубль,Январь-декабрь,CD
Y48423007,Всего по обследуемым видам экономической деятельности,Республика Адыгея,Муниципальное образование верхнего уровня,Гиагинский муниципальный район,79605000,Муниципальный район,Муниципальный район,79605000,Без изменений,2010,2025,2025,Рубль,Январь-декабрь,CD
Y48423007,Всего по обследуемым видам экономической деятельности,Республика Адыгея,Муниципальное образование верхнего уровня,Кошехабльский муниципальный район,79615000,Муниципальный район,Муниципальный район,79615000,Без изменений,2010,2025,2025,Рубль,Январь-декабрь,CD
Y48423007,Всего по обследуемым видам экономической деятельности,Республика Адыгея,Муниципальное образование верхнего уровня,Красногвардейский муниципальный район,79618000,Муниципальный район,Муниципальный район,79618000,Без изменений,2010,2025,2025,Рубль,Январь-декабрь,CD
Y48423007,Всего по обследуемым видам экономической деятельности,Республика Адыгея,Муниципальное образование верхнего уровня,Майкопский муниципальный район,79622000,Муниципальный район,Муниципальный район,79622000,Без изменений,2010,2025,2025,Рубль,Январь-декабрь,CD
Y48423007,Всего по обследуемым видам экономической деятельности,Республика Адыгея,Муниципальное образование верхнего уровня,Тахтамукайский муниципальный район,79630000,Муниципальный район,Муниципальный район,79630000,Без изменений,2010,2025,2025,Рубль,Январь-декабрь,CD
Y48423007,Всего по обследуемым видам экономической деятельности,Республика Адыгея,Муниципальное образование верхнего уровня,Теучежский муниципальный район,79633000,Муниципальный район,Муниципальный район,79633000,Без изменений,2010,2025,2025,Рубль,Январь-декабрь,CD
Y48423007,Всего по обследуемым видам экономической деятельности,Республика Адыгея,Муниципальное образование верхнего уровня,Шовгеновский муниципальный район,79640000,Муниципальный район,Муниципальный район,79640000,Без изменений,2010,2025,2025,Рубль,Январь-декабрь,CD
Y48423007,Всего по обследуемым видам экономической деятельности,Республика Адыгея,Муниципальное образование верхнего уровня,город Майкоп,79701000,"Городской округ, городской округ с внутригородским делением","Городской округ, городской округ с внутригородским делением",79701000,Без изменений,2010,2025,2025,Рубль,Январь-декабрь,CD
Y48423007,Всего по обследуемым видам экономической деятельности,Республика Адыгея,Муниципальное образование верхнего уровня,город Адыгейск,79703000,"Городской округ, городской округ с внутригородским делением","Городской округ, городской округ с внутригородским делением",79703000,Без изменений,2010,2025,2025,Рубль,Январь-декабрь,CD
Y48423007,Всего по обследуемым видам экономической деятельности,Республика Башкортостан,Муниципальное образование верхнего уровня,Абзелиловский муниципальный район,80601000,Муниципальный район,Муниципальный район,80601000,Без изменений,2010,2025,2025,Рубль,Январь-декабрь,CD
Y48423007,Всего по обследуемым видам экономической деятельности,Республика Башкортостан,Муниципальное образование верхнего уровня,Альшеевский муниципальный район,80602000,Муниципальный район,Муниципальный район,80602000,Без изменений,2010,2025,2025,Рубль,Январь-декабрь,CD
Y48423007,Всего по обследуемым видам экономической деятельности,Республика Башкортостан,Муниципальное образование верхнего уровня,Архангельский муниципальный район,80603000,Муниципальный район,Муниципальный район,80603000,Без изменений,2010,2025,2025,Рубль,Январь-декабрь,CD
Y48423007,Всего по обследуемым видам экономической деятельности,Республика Башкортостан,Муниципальное образование верхнего уровня,Аскинский муниципальный район,80604000,Муниципальный район,Муниципальный район,80604000,Без изменений,2010,2025,2025,Рубль,Январь-декабрь,CD
Y48423007,Всего по обследуемым видам экономической деятельности,Республика Башкортостан,Муниципальное образование верхнего уровня,Аургазинский муниципальный район,80605000,Муниципальный район,Муниципальный район,80605000,Без изменений,2010,2025,2025,Рубль,Январь-декабрь,CD
Y48423007,Всего по обследуемым видам экономической деятельности,Республика Башкортостан,Муниципальное образование верхнего уровня,Баймакский муниципальный район,80606000,Муниципальный район,Муниципальный район,80606000,Без изменений,2010,2025,2025,Рубль,Январь-декабрь,CD
Y48423007,Всего по обследуемым видам экономической деятельности,Республика Башкортостан,Муниципальное образование верхнего уровня,Бакалинский муниципальный район,80607000,Муниципальный район,Муниципальный район,80607000,Без изменений,2010,2025,2025,Рубль,Январь-декабрь,CD
Y48423007,Всего по обследуемым видам экономической деятельности,Республика Башкортостан,Муниципальное образование верхнего уровня,Балтачевский муниципальный район,80608000,Муниципальный район,Муниципальный район,80608000,Без изменений,2010,2025,2025,Рубль,Январь-декабрь,CD
Y48423007,Всего по обследуемым видам экономической деятельности,Республика Башкортостан,Муниципальное образование верхнего уровня,Белебеевский муниципальный район,80609000,Муниципальный район,Муниципальный район,80609000,Без изменений,2010,2025,2025,Рубль,Январь-декабрь,CD
Y48423007,Всего по обследуемым видам экономической деятельности,Республика Башкортостан,Муниципальное образование верхнего уровня,Белокатайский муниципальный район,80610000,Муниципальный район,Муниципальный район,80610000,Без изменений,2010,2025,2025,Рубль,Январь-декабрь,CD
Y48423007,Всего по обследуемым видам экономической деятельности,Республика Башкортостан,Муниципальное образование верхнего уровня,Белорецкий муниципальный район,80611000,Муниципальный район,Муниципальный район,80611000,Без изменений,2010,2025,2025,Рубль,Январь-декабрь,CD
Y48423007,Всего по обследуемым видам экономической деятельности,Республика Башкортостан,Муниципальное образование верхнего уровня,Бижбулякский муниципальный район,80612000,Муниципальный район,Муниципальный район,80612000,Без изменений,2010,2025,2025,Рубль,Январь-декабрь,CD
Y48423007,Всего по обследуемым видам экономической деятельности,Республика Башкортостан,Муниципальное образование верхнего уровня,Бирский муниципальный район,80613000,Муниципальный район,Муниципальный район,80613000,Без изменений,2010,2025,2025,Рубль,Январь-декабрь,CD
Y48423007,Всего по обследуемым видам экономической деятельности,Республика Башкортостан,Муниципальное образование верхнего уровня,Благоварский муниципальный район,80614000,Муниципальный район,Муниципальный район,80614000,Без изменений,2010,2025,2025,Рубль,Январь-декабрь,CD
Y48423007,Всего по обследуемым видам экономической деятельности,Республика Башкортостан,Муниципальное образование верхнего уровня,Благовещенский муниципальный район,80615000,Муниципальный район,Муниципальный район,80615000,Без изменений,2010,2025,2025,Рубль,Январь-декабрь,CD
Y48423007,Всего по обследуемым видам экономической деятельности,Республика Башкортостан,Муниципальное образование верхнего уровня,Буздякский муниципальный район,80617000,Муниципальный район,Муниципальный район,80617000,Без изменений,2010,2025,2025,Рубль,Январь-декабрь,CD
Y48423007,Всего по обследуемым видам экономической деятельности,Республика Башкортостан,Муниципальное образование верхнего уровня,Бураевский муниципальный район,80618000,Муниципальный район,Муниципальный район,80618000,Без изменений,2010,2025,2025,Рубль,Январь-декабрь,CD
Y48423007,Всего по обследуемым видам экономической деятельности,Республика Башкортостан,Муниципальное образование верхнего уровня,Бурзянский муниципальный район,80619000,Муниципальный район,Муниципальный район,80619000,Без изменений,2010,2025,2025,Рубль,Январь-декабрь,CD
Y48423007,Всего по обследуемым видам экономической деятельности,Республика Башкортостан,Муниципальное образование верхнего уровня,Гафурийский муниципальный район,80621000,Муниципальный район,Муниципальный район,80621000,Без изменений,2010,2025,2025,Рубль,Январь-декабрь,CD
Y48423007,Всего по обследуемым видам экономической деятельности,Республика Башкортостан,Муниципальное образование верхнего уровня,Давлекановский муниципальный район,80622000,Муниципальный район,Муниципальный район,80622000,Без изменений,2010,2025,2025,Рубль,Январь-декабрь,CD
Y48423007,Всего по обследуемым видам экономической деятельности,Республика Башкортостан,Муниципальное образование верхнего уровня,Дуванский муниципальный район,80623000,Муниципальный район,Муниципальный район,80623000,Без изменений,2010,2025,2025,Рубль,Январь-декабрь,CD
Y48423007,Всего по обследуемым видам экономической деятельности,Республика Башкортостан,Муниципальное образование верхнего уровня,Дюртюлинский муниципальный район,80624000,Муниципальный район,Муниципальный район,80624000,Без изменений,2010,2025,2025,Рубль,Январь-декабрь,CD
Y48423007,Всего по обследуемым видам экономической деятельности,Республика Башкортостан,Муниципальное образование верхнего уровня,Ермекеевский муниципальный район,80625000,Муниципальный район,Муниципальный район,80625000,Без изменений,2010,2025,2025,Рубль,Январь-декабрь,CD
Y48423007,Всего по обследуемым видам экономической деятельности,Республика Башкортостан,Муниципальное образование верхнего уровня,Зианчуринский муниципальный район,80626000,Муниципальный район,Муниципальный район,80626000,Без изменений,2010,2025,2025,Рубль,Январь-декабрь,CD
Y48423007,Всего по обследуемым видам экономической деятельности,Республика Башкортостан,Муниципальное образование верхнего уровня,Зилаирский муниципальный район,80627000,Муниципальный район,Муниципальный район,80627000,Без изменений,2010,2025,2025,Рубль,Январь-декабрь,CD
Y48423007,Всего по обследуемым видам экономической деятельности,Республика Башкортостан,Муниципальное образование верхнего уровня,Иглинский муниципальный район,80628000,Муниципальный район,Муниципальный район,80628000,Без изменений,2010,2025,2025,Рубль,Январь-декабрь,CD
Y48423007,Всего по обследуемым видам экономической деятельности,Республика Башкортостан,Муниципальное образование верхнего уровня,Илишевский муниципальный район,80630000,Муниципальный район,Муниципальный район,80630000,Без изменений,2010,2025,2025,Рубль,Январь-декабрь,CD
Y48423007,Всего по обследуемым видам экономической деятельности,Республика Башкортостан,Муниципальное образование верхнего уровня,Ишимбайский муниципальный район,80631000,Муниципальный район,Муниципальный район,80631000,Без изменений,2010,2025,2025,Рубль,Январь-декабрь,CD
Y48423007,Всего по обследуемым видам экономической деятельности,Республика Башкортостан,Муниципальное образование верхнего уровня,Калтасинский муниципальный район,80633000,Муниципальный район,Муниципальный район,80633000,Без изменений,2010,2025,2025,Рубль,Январь-декабрь,CD
Y48423007,Всего по обследуемым видам экономической деятельности,Республика Башкортостан,Муниципальное образование верхнего уровня,Караидельский муниципальный район,80634000,Муниципальный район,Муниципальный район,80634000,Без изменений,2010,2025,2025,Рубль,Январь-декабрь,CD
Y48423007,Всего по обследуемым видам экономической деятельности,Республика Башкортостан,Муниципальное образование верхнего уровня,Кармаскалинский муниципальный район,80635000,Муниципальный район,Муниципальный район,80635000,Без изменений,2010,2025,2025,Рубль,Январь-декабрь,CD
Y48423007,Всего по обследуемым видам экономической деятельности,Республика Башкортостан,Муниципальное образование верхнего уровня,Кигинский муниципальный район,80636000,Муниципальный район,Муниципальный район,80636000,Без изменений,2010,2025,2025,Рубль,Январь-декабрь,CD
Y48423007,Всего по обследуемым видам экономической деятельности,Республика Башкортостан,Муниципальное образование верхнего уровня,Краснокамский муниципальный район,80637000,Муниципальный район,Муниципальный район,80637000,Без изменений,2010,2025,2025,Рубль,Январь-декабрь,CD
Y48423007,Всего по обследуемым видам экономической деятельности,Республика Башкортостан,Муниципальное образование верхнего уровня,Кугарчинский муниципальный район,80638000,Муниципальный район,Муниципальный район,80638000,Без изменений,2010,2025,2025,Рубль,Январь-декабрь,CD
Y48423007,Всего по обследуемым видам экономической деятельности,Республика Башкортостан,Муниципальное образование верхнего уровня,Куюргазинский муниципальный район,80639000,Муниципальный район,Муниципальный район,80639000,Без изменений,2010,2025,2025,Рубль,Январь-декабрь,CD
Y48423007,Всего по обследуемым видам экономической деятельности,Республика Башкортостан,Муниципальное образование верхнего уровня,Кушнаренковский муниципальный район,80640000,Муниципальный район,Муниципальный район,80640000,Без изменений,2010,2025,2025,Рубль,Январь-декабрь,CD
Y48423007,Всего по обследуемым видам экономической деятельности,Республика Башкортостан,Муниципальное образование верхнего уровня,Мелеузовский муниципальный район,80641000,Муниципальный район,Муниципальный район,80641000,Без изменений,2010,2025,2025,Рубль,Январь-декабрь,CD
Y48423007,Всего по обследуемым видам экономической деятельности,Республика Башкортостан,Муниципальное образование верхнего уровня,Мечетлинский муниципальный район,80642000,Муниципальный район,Муниципальный район,80642000,Без изменений,2010,2025,2025,Рубль,Январь-декабрь,CD
Y48423007,Всего по обследуемым видам экономической деятельности,Республика Башкортостан,Муниципальное образование верхнего уровня,Мишкинский муниципальный район,80643000,Муниципальный район,Муниципальный район,80643000,Без изменений,2010,2025,2025,Рубль,Январь-декабрь,CD
Y48423007,Всего по обследуемым видам экономической деятельности,Республика Башкортостан,Муниципальное образование верхнего уровня,Миякинский муниципальный район,80644000,Муниципальный район,Муниципальный район,80644000,Без изменений,2010,2025,2025,Рубль,Январь-декабрь,CD
Y48423007,Всего по обследуемым видам экономической деятельности,Республика Башкортостан,Муниципальное образование верхнего уровня,Нуримановский муниципальный район,80645000,Муниципальный район,Муниципальный район,80645000,Без изменений,2010,2025,2025,Рубль,Январь-декабрь,CD
Y48423007,Всего по обследуемым видам экономической деятельности,Республика Башкортостан,Муниципальное образование верхнего уровня,Салаватский муниципальный район,80647000,Муниципальный район,Муниципальный район,80647000,Без изменений,2010,2025,2025,Рубль,Январь-декабрь,CD
Y48423007,Всего по обследуемым видам экономической деятельности,Республика Башкортостан,Муниципальное образование верхнего уровня,Стерлибашевский муниципальный район,80648000,Муниципальный район,Муниципальный район,80648000,Без изменений,2010,2025,2025,Рубль,Январь-декабрь,CD
Y48423007,Всего по обследуемым видам экономической деятельности,Республика Башкортостан,Муниципальное образование верхнего уровня,Стерлитамакский муниципальный район,80649000,Муниципальный район,Муниципальный район,80649000,Без изменений,2010,2025,2025,Рубль,Январь-декабрь,CD
Y48423007,Всего по обследуемым видам экономической деятельности,Республика Башкортостан,Муниципальное образование верхнего уровня,Татышлинский муниципальный район,80650000,Муниципальный район,Муниципальный район,80650000,Без изменений,2010,2025,2025,Рубль,Январь-декабрь,CD
Y48423007,Всего по обследуемым видам экономической деятельности,Республика Башкортостан,Муниципальное образование верхнего уровня,Туймазинский муниципальный район,80651000,Муниципальный район,Муниципальный район,80651000,Без изменений,2010,2025,2025,Рубль,Январь-декабрь,CD
Y48423007,Всего по обследуемым видам экономической деятельности,Республика Башкортостан,Муниципальное образование верхнего уровня,Уфимский муниципальный район,80652000,Муниципальный район,Муниципальный район,80652000,Без изменений,2010,2025,2025,Рубль,Январь-декабрь,CD
Y48423007,Всего по обследуемым видам экономической деятельности,Республика Башкортостан,Муниципальное образование верхнего уровня,Учалинский муниципальный район,80653000,Муниципальный район,Муниципальный район,80653000,Без изменений,2010,2025,2025,Рубль,Январь-декабрь,CD
Y48423007,Всего по обследуемым видам экономической деятельности,Республика Башкортостан,Муниципальное образование верхнего уровня,Федоровский муниципальный район,80654000,Муниципальный район,Муниципальный район,80654000,Без изменений,2010,2025,2025,Рубль,Январь-декабрь,CD
Y48423007,Всего по обследуемым видам экономической деятельности,Республика Башкортостан,Муниципальное образование верхнего уровня,Хайбуллинский муниципальный район,80655000,Муниципальный район,Муниципальный район,80655000,Без изменений,2010,2025,2025,Рубль,Январь-декабрь,CD
Y48423007,Всего по обследуемым видам экономической деятельности,Республика Башкортостан,Муниципальное образование верхнего уровня,Чекмагушевский муниципальный район,80656000,Муниципальный район,Муниципальный район,80656000,Без изменений,2010,2025,2025,Рубль,Январь-декабрь,CD
Y48423007,Всего по обследуемым видам экономической деятельности,Республика Башкортостан,Муниципальное образование верхнего уровня,Чишминский муниципальный район,80657000,Муниципальный район,Муниципальный район,80657000,Без изменений,2010,2025,2025,Рубль,Январь-декабрь,CD
Y48423007,Всего по обследуемым видам экономической деятельности,Республика Башкортостан,Муниципальное образование верхнего уровня,Шаранский муниципальный район,80658000,Муниципальный район,Муниципальный район,80658000,Без изменений,2010,2025,2025,Рубль,Январь-декабрь,CD
Y48423007,Всего по обследуемым видам экономической деятельности,Республика Башкортостан,Муниципальное образование верхнего уровня,Янаульский муниципальный район,80659000,Муниципальный район,Муниципальный район,80659000,Без изменений,2010,2025,2025,Рубль,Январь-декабрь,CD
Y48423007,Всего по обследуемым видам экономической деятельности,Республика Башкортостан,Муниципальное образование верхнего уровня,город Уфа,80701000,"Городской округ, городской округ с внутригородским делением","Городской округ, городской округ с внутригородским делением",80701000,Без изменений,2010,2025,2025,Рубль,Январь-декабрь,CD
Y48423007,Всего по обследуемым видам экономической деятельности,Республика Башкортостан,Муниципальное образование верхнего уровня,город Агидель,80703000,"Городской округ, городской округ с внутригородским делением","Городской округ, городской округ с внутригородским делением",80703000,Без изменений,2010,2025,2025,Рубль,Январь-декабрь,CD
Y48423007,Всего по обследуемым видам экономической деятельности,Республика Башкортостан,Муниципальное образование верхнего уровня,город Кумертау,80723000,"Городской округ, городской округ с внутригородским делением","Городской округ, городской округ с внутригородским делением",80723000,Без изменений,2010,2025,2025,Рубль,Январь-декабрь,CD
Y48423007,Всего по обследуемым видам экономической деятельности,Республика Башкортостан,Муниципальное образование верхнего уровня,город Нефтекамск,80727000,"Городской округ, городской округ с внутригородским делением","Городской округ, городской округ с внутригородским делением",80727000,Без изменений,2010,2025,2025,Рубль,Январь-декабрь,CD
Y48423007,Всего по обследуемым видам экономической деятельности,Республика Башкортостан,Муниципальное образование верхнего уровня,город Октябрьский,80735000,"Городской округ, городской округ с внутригородским делением","Городской округ, городской округ с внутригородским делением",80735000,Без изменений,2010,2025,2025,Рубль,Январь-декабрь,CD
Y48423007,Всего по обследуемым видам экономической деятельности,Республика Башкортостан,Муниципальное образование верхнего уровня,город Салават,80739000,"Городской округ, городской округ с внутригородским делением","Городской округ, городской округ с внутригородским делением",80739000,Без изменений,2010,2025,2025,Рубль,Январь-декабрь,CD
Y48423007,Всего по обследуемым видам экономической деятельности,Республика Башкортостан,Муниципальное образование верхнего уровня,город Сибай,80743000,"Городской округ, городской округ с внутригородским делением","Городской округ, городской округ с внутригородским делением",80743000,Без изменений,2010,2025,2025,Рубль,Январь-декабрь,CD
Y48423007,Всего по обследуемым видам экономической деятельности,Республика Башкортостан,Муниципальное образование верхнего уровня,город Стерлитамак,80745000,"Городской округ, городской округ с внутригородским делением","Городской округ, городской округ с внутригородским делением",80745000,Без изменений,2010,2025,2025,Рубль,Январь-декабрь,CD
Y48423007,Всего по обследуемым видам экономической деятельности,Республика Дагестан,Муниципальное образование верхнего уровня,Агульский муниципальный район,82601000,Муниципальный район,Муниципальный район,82601000,Без изменений,2010,2025,2025,Рубль,Январь-декабрь,CD
Y48423007,Всего по обследуемым видам экономической деятельности,Республика Дагестан,Муниципальное образование верхнего уровня,Акушинский муниципальный район,82603000,Муниципальный район,Муниципальный район,82603000,Без изменений,2010,2025,2025,Рубль,Январь-декабрь,CD
Y48423007,Всего по обследуемым видам экономической деятельности,Республика Дагестан,Муниципальное образование верхнего уровня,Ахвахский муниципальный район,82605000,Муниципальный район,Муниципальный район,82605000,Без изменений,2010,2025,2025,Рубль,Январь-декабрь,CD
Y48423007,Всего по обследуемым видам экономической деятельности,Республика Дагестан,Муниципальное образование верхнего уровня,Ахтынский муниципальный район,82606000,Муниципальный район,Муниципальный район,82606000,Без изменений,2010,2025,2025,Рубль,Январь-декабрь,CD
Y48423007,Всего по обследуемым видам экономической деятельности,Республика Дагестан,Муниципальное образование верхнего уровня,Ботлихский муниципальный район,82609000,Муниципальный район,Муниципальный район,82609000,Без изменений,2010,2025,2025,Рубль,Январь-декабрь,CD
Y48423007,Всего по обследуемым видам экономической деятельности,Республика Дагестан,Муниципальное образование верхнего уровня,Буйнакский муниципальный район,82611000,Муниципальный район,Муниципальный район,82611000,Без изменений,2010,2025,2025,Рубль,Январь-декабрь,CD
Y48423007,Всего по обследуемым видам экономической деятельности,Республика Дагестан,Муниципальное образование верхнего уровня,Гергебильский муниципальный район,82613000,Муниципальный район,Муниципальный район,82613000,Без изменений,2010,2025,2025,Рубль,Январь-декабрь,CD
Y48423007,Всего по обследуемым видам экономической деятельности,Республика Дагестан,Муниципальное образование верхнего уровня,Гумбетовский муниципальный район,82615000,Муниципальный район,Муниципальный район,82615000,Без изменений,2010,2025,2025,Рубль,Январь-декабрь,CD
Y48423007,Всего по обследуемым видам экономической деятельности,Республика Дагестан,Муниципальное образование верхнего уровня,Гунибский муниципальный район,82616000,Муниципальный район,Муниципальный район,82616000,Без изменений,2010,2025,2025,Рубль,Январь-декабрь,CD
Y48423007,Всего по обследуемым видам экономической деятельности,Республика Дагестан,Муниципальное образование верхнего уровня,Дахадаевский муниципальный район,82618000,Муниципальный район,Муниципальный район,82618000,Без изменений,2010,2025,2025,Рубль,Январь-декабрь,CD
Y48423007,Всего по обследуемым видам экономической деятельности,Республика Дагестан,Муниципальное образование верхнего уровня,Дербентский муниципальный район,82620000,Муниципальный район,Муниципальный район,82620000,Без изменений,2010,2025,2025,Рубль,Январь-декабрь,CD
Y48423007,Всего по обследуемым видам экономической деятельности,Республика Дагестан,Муниципальное образование верхнего уровня,Докузпаринский муниципальный район,82621000,Муниципальный район,Муниципальный район,82621000,Без изменений,2010,2025,2025,Рубль,Январь-декабрь,CD
Y48423007,Всего по обследуемым видам экономической деятельности,Республика Дагестан,Муниципальное образование верхнего уровня,Казбековский муниципальный район,82622000,Муниципальный район,Муниципальный район,82622000,Без изменений,2010,2025,2025,Рубль,Январь-декабрь,CD
Y48423007,Всего по обследуемым видам экономической деятельности,Республика Дагестан,Муниципальное образование верхнего уровня,Кайтагский муниципальный район,82623000,Муниципальный район,Муниципальный район,82623000,Без изменений,2010,2025,2025,Рубль,Январь-декабрь,CD
Y48423007,Всего по обследуемым видам экономической деятельности,Республика Дагестан,Муниципальное образование верхнего уровня,Каякентский муниципальный район,82624000,Муниципальный район,Муниципальный район,82624000,Без изменений,2010,2025,2025,Рубль,Январь-декабрь,CD
Y48423007,Всего по обследуемым видам экономической деятельности,Республика Дагестан,Муниципальное образование верхнего уровня,Кизилюртовский муниципальный район,82626000,Муниципальный район,Муниципальный район,82626000,Без изменений,2010,2025,2025,Рубль,Январь-декабрь,CD
Y48423007,Всего по обследуемым видам экономической деятельности,Республика Дагестан,Муниципальное образование верхнего уровня,Кизлярский муниципальный район,82627000,Муниципальный район,Муниципальный район,82627000,Без изменений,2010,2025,2025,Рубль,Январь-декабрь,CD
Y48423007,Всего по обследуемым видам экономической деятельности,Республика Дагестан,Муниципальное образование верхнего уровня,Кулинский муниципальный район,82629000,Муниципальный район,Муниципальный район,82629000,Без изменений,2010,2025,2025,Рубль,Январь-декабрь,CD
Y48423007,Всего по обследуемым видам экономической деятельности,Республика Дагестан,Муниципальное образование верхнего уровня,Курахский муниципальный район,82630000,Муниципальный район,Муниципальный район,82630000,Без изменений,2010,2025,2025,Рубль,Январь-декабрь,CD
Y48423007,Всего по обследуемым видам экономической деятельности,Республика Дагестан,Муниципальное образование верхнего уровня,Лакский муниципальный район,82632000,Муниципальный район,Муниципальный район,82632000,Без изменений,2010,2025,2025,Рубль,Январь-декабрь,CD
Y48423007,Всего по обследуемым видам экономической деятельности,Республика Дагестан,Муниципальное образование верхнего уровня,Левашинский муниципальный район,82634000,Муниципальный район,Муниципальный район,82634000,Без изменений,2010,2025,2025,Рубль,Январь-декабрь,CD
Y48423007,Всего по обследуемым видам экономической деятельности,Республика Дагестан,Муниципальное образование верхнего уровня,Карабудахкентский муниципальный район,82635000,Муниципальный район,Муниципальный район,82635000,Без изменений,2010,2025,2025,Рубль,Январь-декабрь,CD
Y48423007,Всего по обследуемым видам экономической деятельности,Республика Дагестан,Муниципальное образование верхнего уровня,Кумторкалинский муниципальный район,82636000,Муниципальный район,Муниципальный район,82636000,Без изменений,2010,2025,2025,Рубль,Январь-декабрь,CD
Y48423007,Всего по обследуемым видам экономической деятельности,Республика Дагестан,Муниципальное образование верхнего уровня,Магарамкентский муниципальный район,82637000,Муниципальный район,Муниципальный район,82637000,Без изменений,2010,2025,2025,Рубль,Январь-декабрь,CD
Y48423007,Всего по обследуемым видам экономической деятельности,Республика Дагестан,Муниципальное образование верхнего уровня,Новолакский муниципальный район,82639000,Муниципальный район,Муниципальный район,82639000,Без изменений,2010,2025,2025,Рубль,Январь-декабрь,CD
Y48423007,Всего по обследуемым видам экономической деятельности,Республика Дагестан,Муниципальное образование верхнего уровня,Ногайский муниципальный район,82640000,Муниципальный район,Муниципальный район,82640000,Без изменений,2010,2025,2025,Рубль,Январь-декабрь,CD
Y48423007,Всего по обследуемым видам экономической деятельности,Республика Дагестан,Муниципальное образование верхнего уровня,Рутульский муниципальный район,82642000,Муниципальный район,Муниципальный район,82642000,Без изменений,2010,2025,2025,Рубль,Январь-декабрь,CD
Y48423007,Всего по обследуемым видам экономической деятельности,Республика Дагестан,Муниципальное образование верхнего уровня,Сергокалинский муниципальный район,82644000,Муниципальный район,Муниципальный район,82644000,Без изменений,2010,2025,2025,Рубль,Январь-декабрь,CD
Y48423007,Всего по обследуемым видам экономической деятельности,Республика Дагестан,Муниципальное образование верхнего уровня,Шамильский муниципальный район,82646000,Муниципальный район,Муниципальный район,82646000,Без изменений,2010,2025,2025,Рубль,Январь-декабрь,CD
Y48423007,Всего по обследуемым видам экономической деятельности,Республика Дагестан,Муниципальное образование верхнего уровня,Сулейман-Стальский муниципальный район,82647000,Муниципальный район,Муниципальный район,82647000,Без изменений,2010,2025,2025,Рубль,Январь-декабрь,CD
Y48423007,Всего по обследуемым видам экономической деятельности,Республика Дагестан,Муниципальное образование верхнего уровня,Табасаранский муниципальный район,82648000,Муниципальный район,Муниципальный район,82648000,Без изменений,2010,2025,2025,Рубль,Январь-декабрь,CD
Y48423007,Всего по обследуемым видам экономической деятельности,Республика Дагестан,Муниципальное образование верхнего уровня,Тарумовский муниципальный район,82649000,Муниципальный район,Муниципальный район,82649000,Без изменений,2010,2025,2025,Рубль,Январь-декабрь,CD
Y48423007,Всего по обследуемым видам экономической деятельности,Республика Дагестан,Муниципальное образование верхнего уровня,Тляратинский муниципальный район,82651000,Муниципальный район,Муниципальный район,82651000,Без изменений,2010,2025,2025,Рубль,Январь-декабрь,CD
Y48423007,Всего по обследуемым видам экономической деятельности,Республика Дагестан,Муниципальное образование верхнего уровня,Унцукульский муниципальный район,82653000,Муниципальный район,Муниципальный район,82653000,Без изменений,2010,2025,2025,Рубль,Январь-декабрь,CD
Y48423007,Всего по обследуемым видам экономической деятельности,Республика Дагестан,Муниципальное образование верхнего уровня,Хасавюртовский муниципальный район,82654000,Муниципальный район,Муниципальный район,82654000,Без изменений,2010,2025,2025,Рубль,Январь-декабрь,CD
Y48423007,Всего по обследуемым видам экономической деятельности,Республика Дагестан,Муниципальное образование верхнего уровня,Хивский муниципальный район,82655000,Муниципальный район,Муниципальный район,82655000,Без изменений,2010,2025,2025,Рубль,Январь-декабрь,CD
Y48423007,Всего по обследуемым видам экономической деятельности,Республика Дагестан,Муниципальное образование верхнего уровня,Хунзахский муниципальный район,82656000,Муниципальный район,Муниципальный район,82656000,Без изменений,2010,2025,2025,Рубль,Январь-декабрь,CD
Y48423007,Всего по обследуемым видам экономической деятельности,Республика Дагестан,Муниципальное образование верхнего уровня,Цумадинский муниципальный район,82657000,Муниципальный район,Муниципальный район,82657000,Без изменений,2010,2025,2025,Рубль,Январь-декабрь,CD
Y48423007,Всего по обследуемым видам экономической деятельности,Республика Дагестан,Муниципальное образование верхнего уровня,Цунтинский муниципальный район,82658000,Муниципальный район,Муниципальный район,82658000,Без изменений,2010,2025,2025,Рубль,Январь-декабрь,CD
Y48423007,Всего по обследуемым видам экономической деятельности,Республика Дагестан,Муниципальное образование верхнего уровня,Чародинский муниципальный район,82659000,Муниципальный район,Муниципальный район,82659000,Без изменений,2010,2025,2025,Рубль,Январь-декабрь,CD
Y48423007,Всего по обследуемым видам экономической деятельности,Республика Дагестан,Муниципальное образование верхнего уровня,Городские округа Республики Дагестан,82700000,"Городской округ, городской округ с внутригородским делением","Городской округ, городской округ с внутригородским делением",CD,CD,CD,CD,2025,Рубль,Январь-декабрь,CD
Y48423007,Всего по обследуемым видам экономической деятельности,Республика Дагестан,Муниципальное образование верхнего уровня,город Махачкала,82701000,"Городской округ, городской округ с внутригородским делением","Городской округ, городской округ с внутригородским делением",82701000,Без изменений,2010,2025,2025,Рубль,Январь-декабрь,CD
Y48423007,Всего по обследуемым видам экономической деятельности,Республика Дагестан,Муниципальное образование нижнего уровня,Ленинский район,82701365,"Городской округ, городской округ с внутригородским делением",Внутригородской район,CD,CD,CD,CD,2025,Рубль,Январь-декабрь,mun_type в исходных данных не соответствует oktmo
Y48423007,Всего по обследуемым видам экономической деятельности,Республика Дагестан,Муниципальное образование нижнего уровня,Советский район,82701370,"Городской округ, городской округ с внутригородским делением",Внутригородской район,CD,CD,CD,CD,2025,Рубль,Январь-декабрь,mun_type в исходных данных не соответствует oktmo
Y48423007,Всего по обследуемым видам экономической деятельности,Республика Дагестан,Муниципальное образование верхнего уровня,город Буйнакск,82705000,"Городской округ, городской округ с внутригородским делением","Городской округ, городской округ с внутригородским делением",82705000,Без изменений,2010,2025,2025,Рубль,Январь-декабрь,CD
Y48423007,Всего по обследуемым видам экономической деятельности,Республика Дагестан,Муниципальное образование верхнего уровня,город Дагестанские Огни,82708000,"Городской округ, городской округ с внутригородским делением","Городской округ, городской округ с внутригородским делением",82708000,Без изменений,2010,2025,2025,Рубль,Январь-декабрь,CD
Y48423007,Всего по обследуемым видам экономической деятельности,Республика Дагестан,Муниципальное образование верхнего уровня,город Дербент,82710000,"Городской округ, городской округ с внутригородским делением","Городской округ, городской округ с внутригородским делением",82710000,Без изменений,2010,2025,2025,Рубль,Январь-декабрь,CD
Y48423007,Всего по обследуемым видам экономической деятельности,Республика Дагестан,Муниципальное образование верхнего уровня,город Избербаш,82715000,"Городской округ, городской округ с внутригородским делением","Городской округ, городской округ с внутригородским делением",82715000,Без изменений,2010,2025,2025,Рубль,Январь-декабрь,CD
Y48423007,Всего по обследуемым видам экономической деятельности,Республика Дагестан,Муниципальное образование верхнего уровня,город Каспийск,82720000,"Городской округ, городской округ с внутригородским делением","Городской округ, городской округ с внутригородским делением",82720000,Без изменений,2010,2025,2025,Рубль,Январь-декабрь,CD
Y48423007,Всего по обследуемым видам экономической деятельности,Республика Дагестан,Муниципальное образование верхнего уровня,город Кизилюрт,82725000,"Городской округ, городской округ с внутригородским делением","Городской округ, городской округ с внутригородским делением",82725000,Без изменений,2010,2025,2025,Рубль,Январь-декабрь,CD
Y48423007,Всего по обследуемым видам экономической деятельности,Республика Дагестан,Муниципальное образование верхнего уровня,город Кизляр,82730000,"Городской округ, городской округ с внутригородским делением","Городской округ, городской округ с внутригородским делением",82730000,Без изменений,2010,2025,2025,Рубль,Январь-декабрь,CD
Y48423007,Всего по обследуемым видам экономической деятельности,Республика Дагестан,Муниципальное образование верхнего уровня,город Хасавюрт,82735000,"Городской округ, городской округ с внутригородским делением","Городской округ, городской округ с внутригородским делением",82735000,Без изменений,2010,2025,2025,Рубль,Январь-декабрь,CD
Y48423007,Всего по обследуемым видам экономической деятельности,Республика Дагестан,Муниципальное образование верхнего уровня,город Южно-Сухокумск,82738000,"Городской округ, городской округ с внутригородским делением","Городской округ, городской округ с внутригородским делением",82738000,Без изменений,2010,2025,2025,Рубль,Январь-декабрь,CD
Y48423007,Всего по обследуемым видам экономической деятельности,Кабардино-Балкарская Республика,Муниципальное образование верхнего уровня,Баксанский муниципальный район,83610000,Муниципальный район,Муниципальный район,83610000,Без изменений,2010,2025,2025,Рубль,Январь-декабрь,CD
Y48423007,Всего по обследуемым видам экономической деятельности,Кабардино-Балкарская Республика,Муниципальное образование верхнего уровня,Зольский муниципальный район,83615000,Муниципальный район,Муниципальный район,83615000,Без изменений,2010,2025,2025,Рубль,Январь-декабрь,CD
Y48423007,Всего по обследуемым видам экономической деятельности,Кабардино-Балкарская Республика,Муниципальное образование верхнего уровня,Лескенский муниципальный район,83618000,Муниципальный район,Муниципальный район,83618000,Без изменений,2010,2025,2025,Рубль,Январь-декабрь,CD
Y48423007,Всего по обследуемым видам экономической деятельности,Кабардино-Балкарская Республика,Муниципальное образование верхнего уровня,Майский муниципальный район,83620000,Муниципальный район,Муниципальный район,83620000,Без изменений,2010,2025,2025,Рубль,Январь-декабрь,CD
Y48423007,Всего по обследуемым видам экономической деятельности,Кабардино-Балкарская Республика,Муниципальное образование верхнего уровня,Прохладненский муниципальный район,83625000,Муниципальный район,Муниципальный район,83625000,Без изменений,2010,2025,2025,Рубль,Январь-декабрь,CD
Y48423007,Всего по обследуемым видам экономической деятельности,Кабардино-Балкарская Республика,Муниципальное образование верхнего уровня,Черекский муниципальный район,83630000,Муниципальный район,Муниципальный район,83630000,Без изменений,2010,2025,2025,Рубль,Январь-декабрь,CD
Y48423007,Всего по обследуемым видам экономической деятельности,Кабардино-Балкарская Республика,Муниципальное образование верхнего уровня,Терский муниципальный район,83635000,Муниципальный район,Муниципальный район,83635000,Без изменений,2010,2025,2025,Рубль,Январь-декабрь,CD
Y48423007,Всего по обследуемым видам экономической деятельности,Кабардино-Балкарская Республика,Муниципальное образование верхнего уровня,Урванский муниципальный район,83640000,Муниципальный район,Муниципальный район,83640000,Без изменений,2010,2025,2025,Рубль,Январь-декабрь,CD
Y48423007,Всего по обследуемым видам экономической деятельности,Кабардино-Балкарская Республика,Муниципальное образование верхнего уровня,Чегемский муниципальный район,83645000,Муниципальный район,Муниципальный район,83645000,Без изменений,2010,2025,2025,Рубль,Январь-декабрь,CD
Y48423007,Всего по обследуемым видам экономической деятельности,Кабардино-Балкарская Республика,Муниципальное образование верхнего уровня,Эльбрусский муниципальный район,83648000,Муниципальный район,Муниципальный район,83648000,Без изменений,2010,2025,2025,Рубль,Январь-декабрь,CD
Y48423007,Всего по обследуемым видам экономической деятельности,Кабардино-Балкарская Республика,Муниципальное образование верхнего уровня,Нальчик,83701000,"Городской округ, городской округ с внутригородским делением","Городской округ, городской округ с внутригородским делением",83701000,Без изменений,2010,2025,2025,Рубль,Январь-декабрь,CD
Y48423007,Всего по обследуемым видам экономической деятельности,Кабардино-Балкарская Республика,Муниципальное образование верхнего уровня,Баксан,83703000,"Городской округ, городской округ с внутригородским делением","Городской округ, городской округ с внутригородским делением",83703000,Без изменений,2010,2025,2025,Рубль,Январь-декабрь,CD
Y48423007,Всего по обследуемым видам экономической деятельности,Кабардино-Балкарская Республика,Муниципальное образование верхнего уровня,Прохладный,83710000,"Городской округ, городской округ с внутригородским делением","Городской округ, городской округ с внутригородским делением",83710000,Без изменений,2010,2025,2025,Рубль,Январь-декабрь,CD
Y48423007,Всего по обследуемым видам экономической деятельности,Республика Алтай,Муниципальное образование верхнего уровня,Кош-Агачский муниципальный район,84610000,Муниципальный район,Муниципальный район,84610000,Без изменений,2010,2025,2025,Рубль,Январь-декабрь,CD
Y48423007,Всего по обследуемым видам экономической деятельности,Республика Алтай,Муниципальное образование верхнего уровня,Майминский муниципальный район,84615000,Муниципальный район,Муниципальный район,84615000,Без изменений,2010,2025,2025,Рубль,Январь-декабрь,CD
Y48423007,Всего по обследуемым видам экономической деятельности,Республика Алтай,Муниципальное образование верхнего уровня,Онгудайский муниципальный район,84620000,Муниципальный район,Муниципальный район,84620000,Без изменений,2010,2025,2025,Рубль,Январь-декабрь,CD
Y48423007,Всего по обследуемым видам экономической деятельности,Республика Алтай,Муниципальное образование верхнего уровня,Турочакский муниципальный район,84625000,Муниципальный район,Муниципальный район,84525000,Изменен тип и название,2010,2025,2025,Рубль,Январь-декабрь,CD
Y48423007,Всего по обследуемым видам экономической деятельности,Республика Алтай,Муниципальное образование верхнего уровня,Улаганский муниципальный район,84630000,Муниципальный район,Муниципальный район,84630000,Без изменений,2010,2025,2025,Рубль,Январь-декабрь,CD
Y48423007,Всего по обследуемым видам экономической деятельности,Республика Алтай,Муниципальное образование верхнего уровня,Усть-Канский муниципальный район,84635000,Муниципальный район,Муниципальный район,84635000,Без изменений,2010,2025,2025,Рубль,Январь-декабрь,CD
Y48423007,Всего по обследуемым видам экономической деятельности,Республика Алтай,Муниципальное образование верхнего уровня,Усть-Коксинский муниципальный район,84640000,Муниципальный район,Муниципальный район,84640000,Без изменений,2010,2025,2025,Рубль,Январь-декабрь,CD
Y48423007,Всего по обследуемым видам экономической деятельности,Республика Алтай,Муниципальное образование верхнего уровня,Чемальский муниципальный район,84643000,Муниципальный район,Муниципальный район,84643000,Без изменений,2010,2025,2025,Рубль,Январь-декабрь,CD
Y48423007,Всего по обследуемым видам экономической деятельности,Республика Алтай,Муниципальное образование верхнего уровня,Чойский муниципальный район,84645000,Муниципальный район,Муниципальный район,84545000,Изменен тип и название,2010,2025,2025,Рубль,Январь-декабрь,CD
Y48423007,Всего по обследуемым видам экономической деятельности,Республика Алтай,Муниципальное образование верхнего уровня,Шебалинский муниципальный район,84650000,Муниципальный район,Муниципальный район,84650000,Без изменений,2010,2025,2025,Рубль,Январь-декабрь,CD
Y48423007,Всего по обследуемым видам экономической деятельности,Республика Алтай,Муниципальное образование верхнего уровня,город Горно-Алтайск,84701000,"Городской округ, городской округ с внутригородским делением","Городской округ, городской округ с внутригородским делением",84701000,Без изменений,2010,2025,2025,Рубль,Январь-декабрь,CD
Y48423007,Всего по обследуемым видам экономической деятельности,Республика Калмыкия,Муниципальное образование верхнего уровня,Городовиковский муниципальный район,85605000,Муниципальный район,Муниципальный район,85605000,Без изменений,2010,2025,2025,Рубль,Январь-декабрь,CD
Y48423007,Всего по обследуемым видам экономической деятельности,Республика Калмыкия,Муниципальное образование верхнего уровня,Ики-Бурульский муниципальный район,85610000,Муниципальный район,Муниципальный район,85610000,Без изменений,2010,2025,2025,Рубль,Январь-декабрь,CD
Y48423007,Всего по обследуемым видам экономической деятельности,Республика Калмыкия,Муниципальное образование верхнего уровня,Лаганский муниципальный район,85615000,Муниципальный район,Муниципальный район,85615000,Без изменений,2010,2025,2025,Рубль,Январь-декабрь,CD
Y48423007,Всего по обследуемым видам экономической деятельности,Республика Калмыкия,Муниципальное образование верхнего уровня,Малодербетовский муниципальный район,85620000,Муниципальный район,Муниципальный район,85620000,Без изменений,2010,2025,2025,Рубль,Январь-декабрь,CD
Y48423007,Всего по обследуемым видам экономической деятельности,Республика Калмыкия,Муниципальное образование верхнего уровня,Октябрьский муниципальный район,85623000,Муниципальный район,Муниципальный район,85623000,Без изменений,2010,2025,2025,Рубль,Январь-декабрь,CD
Y48423007,Всего по обследуемым видам экономической деятельности,Республика Калмыкия,Муниципальное образование верхнего уровня,Кетченеровский муниципальный район,85625000,Муниципальный район,Муниципальный район,85625000,Без изменений,2010,2025,2025,Рубль,Январь-декабрь,CD
Y48423007,Всего по обследуемым видам экономической деятельности,Республика Калмыкия,Муниципальное образование верхнего уровня,Приютненский муниципальный район,85628000,Муниципальный район,Муниципальный район,85628000,Без изменений,2010,2025,2025,Рубль,Январь-декабрь,CD
Y48423007,Всего по обследуемым видам экономической деятельности,Республика Калмыкия,Муниципальное образование верхнего уровня,Сарпинский муниципальный район,85632000,Муниципальный район,Муниципальный район,85632000,Без изменений,2010,2025,2025,Рубль,Январь-декабрь,CD
Y48423007,Всего по обследуемым видам экономической деятельности,Республика Калмыкия,Муниципальное образование верхнего уровня,Целинный муниципальный район,85637000,Муниципальный район,Муниципальный район,85637000,Без изменений,2010,2025,2025,Рубль,Январь-декабрь,CD
Y48423007,Всего по обследуемым видам экономической деятельности,Республика Калмыкия,Муниципальное образование верхнего уровня,Черноземельский муниципальный район,85642000,Муниципальный район,Муниципальный район,85642000,Без изменений,2010,2025,2025,Рубль,Январь-декабрь,CD
Y48423007,Всего по обследуемым видам экономической деятельности,Республика Калмыкия,Муниципальное образование верхнего уровня,Юстинский муниципальный район,85646000,Муниципальный район,Муниципальный район,85646000,Без изменений,2010,2025,2025,Рубль,Январь-декабрь,CD
Y48423007,Всего по обследуемым видам экономической деятельности,Республика Калмыкия,Муниципальное образование верхнего уровня,Яшалтинский муниципальный район,85650000,Муниципальный район,Муниципальный район,85650000,Без изменений,2010,2025,2025,Рубль,Январь-декабрь,CD
Y48423007,Всего по обследуемым видам экономической деятельности,Республика Калмыкия,Муниципальное образование верхнего уровня,Яшкульский муниципальный район,85654000,Муниципальный район,Муниципальный район,85654000,Без изменений,2010,2025,2025,Рубль,Январь-декабрь,CD
Y48423007,Всего по обследуемым видам экономической деятельности,Республика Калмыкия,Муниципальное образование верхнего уровня,город Элиста,85701000,"Городской округ, городской округ с внутригородским делением","Городской округ, городской округ с внутригородским делением",85701000,Без изменений,2010,2025,2025,Рубль,Январь-декабрь,CD
Y48423007,Всего по обследуемым видам экономической деятельности,Республика Карелия,Муниципальное образование верхнего уровня,Беломорский муниципальный округ,86504000,Муниципальный округ,Муниципальный округ,86504000,Изменен тип и название,2024,2025,2025,Рубль,Январь-декабрь,CD
Y48423007,Всего по обследуемым видам экономической деятельности,Республика Карелия,Муниципальное образование верхнего уровня,Сортавальский муниципальный округ,86510000,Муниципальный округ,Муниципальный округ,86510000,Изменен тип и название,2025,2025,2025,Рубль,Январь-декабрь,CD
Y48423007,Всего по обследуемым видам экономической деятельности,Республика Карелия,Муниципальное образование верхнего уровня,Питкярантский муниципальный округ,86533000,Муниципальный округ,Муниципальный округ,86533000,Изменен тип и название,2024,2025,2025,Рубль,Январь-декабрь,CD
Y48423007,Всего по обследуемым видам экономической деятельности,Республика Карелия,Муниципальное образование верхнего уровня,Сегежский муниципальный округ,86545000,Муниципальный округ,Муниципальный округ,86545000,Изменен тип и название,2024,2025,2025,Рубль,Январь-декабрь,CD
Y48423007,Всего по обследуемым видам экономической деятельности,Республика Карелия,Муниципальное образование верхнего уровня,Суоярвский муниципальный округ,86550000,Муниципальный округ,Муниципальный округ,86550000,Изменен тип и название,2023,2025,2025,Рубль,Январь-декабрь,CD
Y48423007,Всего по обследуемым видам экономической деятельности,Республика Карелия,Муниципальное образование верхнего уровня,Калевальский муниципальный район,86609000,Муниципальный район,Муниципальный район,86609000,Без изменений,2010,2025,2025,Рубль,Январь-декабрь,CD
Y48423007,Всего по обследуемым видам экономической деятельности,Республика Карелия,Муниципальное образование верхнего уровня,Кемский муниципальный район,86612000,Муниципальный район,Муниципальный район,86512000,Изменен тип и название,2010,2025,2025,Рубль,Январь-декабрь,CD
Y48423007,Всего по обследуемым видам экономической деятельности,Республика Карелия,Муниципальное образование верхнего уровня,Кондопожский муниципальный район,86615000,Муниципальный район,Муниципальный район,86615000,Без изменений,2010,2025,2025,Рубль,Январь-декабрь,CD
Y48423007,Всего по обследуемым видам экономической деятельности,Республика Карелия,Муниципальное образование верхнего уровня,Лахденпохский муниципальный район,86618000,Муниципальный район,Муниципальный район,86518000,Изменен тип и название,2010,2025,2025,Рубль,Январь-декабрь,CD
Y48423007,Всего по обследуемым видам экономической деятельности,Республика Карелия,Муниципальное образование верхнего уровня,Лоухский муниципальный район,86621000,Муниципальный район,Муниципальный район,86621000,Без изменений,2010,2025,2025,Рубль,Январь-декабрь,CD
Y48423007,Всего по обследуемым видам экономической деятельности,Республика Карелия,Муниципальное образование верхнего уровня,Медвежьегорский муниципальный район,86624000,Муниципальный район,Муниципальный район,86524000,Изменен тип и название,2010,2025,2025,Рубль,Январь-декабрь,CD
Y48423007,Всего по обследуемым видам экономической деятельности,Республика Карелия,Муниципальное образование верхнего уровня,Муезерский муниципальный район,86627000,Муниципальный район,Муниципальный район,86527000,Изменен тип и название,2010,2025,2025,Рубль,Январь-декабрь,CD
Y48423007,Всего по обследуемым видам экономической деятельности,Республика Карелия,Муниципальное образование верхнего уровня,Олонецкий муниципальный район,86630000,Муниципальный район,Муниципальный район,86630000,Без изменений,2010,2025,2025,Рубль,Январь-декабрь,CD
Y48423007,Всего по обследуемым видам экономической деятельности,Республика Карелия,Муниципальное образование верхнего уровня,Прионежский муниципальный район,86636000,Муниципальный район,Муниципальный район,86636000,Без изменений,2010,2025,2025,Рубль,Январь-декабрь,CD
Y48423007,Всего по обследуемым видам экономической деятельности,Республика Карелия,Муниципальное образование верхнего уровня,Пряжинский муниципальный район,86639000,Муниципальный район,Муниципальный район,86639000,Без изменений,2010,2025,2025,Рубль,Январь-декабрь,CD
Y48423007,Всего по обследуемым видам экономической деятельности,Республика Карелия,Муниципальное образование верхнего уровня,Пудожский муниципальный район,86642000,Муниципальный район,Муниципальный район,86642000,Без изменений,2010,2025,2025,Рубль,Январь-декабрь,CD
Y48423007,Всего по обследуемым видам экономической деятельности,Республика Карелия,Муниципальное образование верхнего уровня,Петрозаводский,86701000,"Городской округ, городской округ с внутригородским делением","Городской округ, городской округ с внутригородским делением",86701000,Без изменений,2010,2025,2025,Рубль,Январь-декабрь,CD
Y48423007,Всего по обследуемым видам экономической деятельности,Республика Карелия,Муниципальное образование верхнего уровня,Костомукшский,86706000,"Городской округ, городской округ с внутригородским делением","Городской округ, городской округ с внутригородским делением",86506000,Изменен тип и название,2010,2025,2025,Рубль,Январь-декабрь,CD
Y48423007,Всего по обследуемым видам экономической деятельности,Республика Коми,Муниципальное образование верхнего уровня,Муниципальный округ Княжпогостский,87508000,Муниципальный округ,Муниципальный округ,87508000,Изменен тип и название,2025,2025,2025,Рубль,Январь-декабрь,CD
Y48423007,Всего по обследуемым видам экономической деятельности,Республика Коми,Муниципальное образование верхнего уровня,Муниципальный округ Воркута,87510000,Муниципальный округ,Муниципальный округ,87510000,Изменен тип и название,2025,2025,2025,Рубль,Январь-декабрь,CD
Y48423007,Всего по обследуемым видам экономической деятельности,Республика Коми,Муниципальное образование верхнего уровня,Муниципальный округ Вуктыл,87512000,Муниципальный округ,Муниципальный округ,87512000,Изменен тип и название,2024,2025,2025,Рубль,Январь-декабрь,CD
Y48423007,Всего по обследуемым видам экономической деятельности,Республика Коми,Муниципальное образование верхнего уровня,Муниципальный округ Инта,87515000,Муниципальный округ,Муниципальный округ,87515000,Изменен тип и название,2025,2025,2025,Рубль,Январь-декабрь,CD
Y48423007,Всего по обследуемым видам экономической деятельности,Республика Коми,Муниципальное образование верхнего уровня,Муниципальный округ Усинск,87523000,Муниципальный округ,Муниципальный округ,87523000,Изменен тип и название,2024,2025,2025,Рубль,Январь-декабрь,CD
Y48423007,Всего по обследуемым видам экономической деятельности,Республика Коми,Муниципальное образование верхнего уровня,Муниципальный округ Ухта,87525000,Муниципальный округ,Муниципальный округ,87525000,Изменен тип и название,2024,2025,2025,Рубль,Январь-декабрь,CD
Y48423007,Всего по обследуемым видам экономической деятельности,Республика Коми,Муниципальное образование верхнего уровня,Ижемский муниципальный район,87604000,Муниципальный район,Муниципальный район,87604000,Без изменений,2010,2025,2025,Рубль,Январь-декабрь,CD
Y48423007,Всего по обследуемым видам экономической деятельности,Республика Коми,Муниципальное образование верхнего уровня,Койгородский муниципальный район,87612000,Муниципальный район,Муниципальный район,87612000,Без изменений,2010,2025,2025,Рубль,Январь-декабрь,CD
Y48423007,Всего по обследуемым видам экономической деятельности,Республика Коми,Муниципальное образование верхнего уровня,Корткеросский муниципальный район,87616000,Муниципальный район,Муниципальный район,87616000,Без изменений,2010,2025,2025,Рубль,Январь-декабрь,CD
Y48423007,Всего по обследуемым видам экономической деятельности,Республика Коми,Муниципальное образование верхнего уровня,Муниципальный район Печора,87620000,Муниципальный район,Муниципальный район,87620000,Без изменений,2010,2025,2025,Рубль,Январь-декабрь,CD
Y48423007,Всего по обследуемым видам экономической деятельности,Республика Коми,Муниципальное образование верхнего уровня,Прилузский муниципальный район,87624000,Муниципальный район,Муниципальный район,87624000,Без изменений,2010,2025,2025,Рубль,Январь-декабрь,CD
Y48423007,Всего по обследуемым видам экономической деятельности,Республика Коми,Муниципальное образование верхнего уровня,Муниципальный район Сосногорск,87626000,Муниципальный район,Муниципальный район,87626000,Без изменений,2010,2025,2025,Рубль,Январь-декабрь,CD
Y48423007,Всего по обследуемым видам экономической деятельности,Республика Коми,Муниципальное образование верхнего уровня,Сыктывдинский муниципальный район,87628000,Муниципальный район,Муниципальный район,87628000,Без изменений,2010,2025,2025,Рубль,Январь-декабрь,CD
Y48423007,Всего по обследуемым видам экономической деятельности,Республика Коми,Муниципальное образование верхнего уровня,Сысольский муниципальный район,87632000,Муниципальный район,Муниципальный район,87632000,Без изменений,2010,2025,2025,Рубль,Январь-декабрь,CD
Y48423007,Всего по обследуемым видам экономической деятельности,Республика Коми,Муниципальное образование верхнего уровня,Троицко-Печорский муниципальный район,87636000,Муниципальный район,Муниципальный район,87636000,Без изменений,2010,2025,2025,Рубль,Январь-декабрь,CD
Y48423007,Всего по обследуемым видам экономической деятельности,Республика Коми,Муниципальное образование верхнего уровня,Удорский муниципальный район,87640000,Муниципальный район,Муниципальный район,87640000,Без изменений,2010,2025,2025,Рубль,Январь-декабрь,CD
Y48423007,Всего по обследуемым видам экономической деятельности,Республика Коми,Муниципальное образование верхнего уровня,Усть-Вымский муниципальный район,87644000,Муниципальный район,Муниципальный район,87644000,Без изменений,2010,2025,2025,Рубль,Январь-декабрь,CD
Y48423007,Всего по обследуемым видам экономической деятельности,Республика Коми,Муниципальное образование верхнего уровня,Усть-Куломский муниципальный район,87648000,Муниципальный район,Муниципальный район,87648000,Без изменений,2010,2025,2025,Рубль,Январь-декабрь,CD
Y48423007,Всего по обследуемым видам экономической деятельности,Республика Коми,Муниципальное образование верхнего уровня,Усть-Цилемский муниципальный район,87652000,Муниципальный район,Муниципальный район,87652000,Без изменений,2010,2025,2025,Рубль,Январь-декабрь,CD
Y48423007,Всего по обследуемым видам экономической деятельности,Республика Коми,Муниципальное образование верхнего уровня,Сыктывкар,87701000,"Городской округ, городской округ с внутригородским делением","Городской округ, городской округ с внутригородским делением",87701000,Без изменений,2010,2025,2025,Рубль,Январь-декабрь,CD
Y48423007,Всего по обследуемым видам экономической деятельности,Республика Марий Эл,Муниципальное образование верхнего уровня,Килемарский муниципальный округ,88516000,Муниципальный округ,Муниципальный округ,88516000,Изменен тип и название,2025,2025,2025,Рубль,Январь-декабрь,CD
Y48423007,Всего по обследуемым видам экономической деятельности,Республика Марий Эл,Муниципальное образование верхнего уровня,Волжский муниципальный район,88604000,Муниципальный район,Муниципальный район,88504000,Изменен тип и название,2010,2025,2025,Рубль,Январь-декабрь,CD
Y48423007,Всего по обследуемым видам экономической деятельности,Республика Марий Эл,Муниципальное образование верхнего уровня,Горномарийский муниципальный район,88608000,Муниципальный район,Муниципальный район,88608000,Без изменений,2010,2025,2025,Рубль,Январь-декабрь,CD
Y48423007,Всего по обследуемым видам экономической деятельности,Республика Марий Эл,Муниципальное образование верхнего уровня,Звениговский муниципальный район,88612000,Муниципальный район,Муниципальный район,88612000,Без изменений,2010,2025,2025,Рубль,Январь-декабрь,CD
Y48423007,Всего по обследуемым видам экономической деятельности,Республика Марий Эл,Муниципальное образование верхнего уровня,Куженерский муниципальный район,88620000,Муниципальный район,Муниципальный район,88620000,Без изменений,2010,2025,2025,Рубль,Январь-декабрь,CD
Y48423007,Всего по обследуемым видам экономической деятельности,Республика Марий Эл,Муниципальное образование верхнего уровня,Мари-Турекский муниципальный район,88624000,Муниципальный район,Муниципальный район,88624000,Без изменений,2010,2025,2025,Рубль,Январь-декабрь,CD
Y48423007,Всего по обследуемым видам экономической деятельности,Республика Марий Эл,Муниципальное образование верхнего уровня,Медведевский муниципальный район,88628000,Муниципальный район,Муниципальный район,88628000,Без изменений,2010,2025,2025,Рубль,Январь-декабрь,CD
Y48423007,Всего по обследуемым видам экономической деятельности,Республика Марий Эл,Муниципальное образование верхнего уровня,Моркинский муниципальный район,88632000,Муниципальный район,Муниципальный район,88632000,Без изменений,2010,2025,2025,Рубль,Январь-декабрь,CD
Y48423007,Всего по обследуемым видам экономической деятельности,Республика Марий Эл,Муниципальное образование верхнего уровня,Новоторъяльский муниципальный район,88636000,Муниципальный район,Муниципальный район,88536000,Изменен тип и название,2010,2025,2025,Рубль,Январь-декабрь,CD
Y48423007,Всего по обследуемым видам экономической деятельности,Республика Марий Эл,Муниципальное образование верхнего уровня,Оршанский муниципальный район,88640000,Муниципальный район,Муниципальный район,88640000,Без изменений,2010,2025,2025,Рубль,Январь-декабрь,CD
Y48423007,Всего по обследуемым видам экономической деятельности,Республика Марий Эл,Муниципальное образование верхнего уровня,Параньгинский муниципальный район,88644000,Муниципальный район,Муниципальный район,88644000,Без изменений,2010,2025,2025,Рубль,Январь-декабрь,CD
Y48423007,Всего по обследуемым видам экономической деятельности,Республика Марий Эл,Муниципальное образование верхнего уровня,Сернурский муниципальный район,88648000,Муниципальный район,Муниципальный район,88548000,Изменен тип и название,2010,2025,2025,Рубль,Январь-декабрь,CD
Y48423007,Всего по обследуемым видам экономической деятельности,Республика Марий Эл,Муниципальное образование верхнего уровня,Советский муниципальный район,88652000,Муниципальный район,Муниципальный район,88652000,Без изменений,2010,2025,2025,Рубль,Январь-декабрь,CD
Y48423007,Всего по обследуемым видам экономической деятельности,Республика Марий Эл,Муниципальное образование верхнего уровня,Юринский муниципальный район,88656000,Муниципальный район,Муниципальный район,88656000,Без изменений,2010,2025,2025,Рубль,Январь-декабрь,CD
Y48423007,Всего по обследуемым видам экономической деятельности,Республика Марий Эл,Муниципальное образование верхнего уровня,город Йошкар-Ола,88701000,"Городской округ, городской округ с внутригородским делением","Городской округ, городской округ с внутригородским делением",88701000,Без изменений,2010,2025,2025,Рубль,Январь-декабрь,CD
Y48423007,Всего по обследуемым видам экономической деятельности,Республика Марий Эл,Муниципальное образование верхнего уровня,город Волжск,88705000,"Городской округ, городской округ с внутригородским делением","Городской округ, городской округ с внутригородским делением",88705000,Без изменений,2010,2025,2025,Рубль,Январь-декабрь,CD
Y48423007,Всего по обследуемым видам экономической деятельности,Республика Марий Эл,Муниципальное образование верхнего уровня,город Козьмодемьянск,88715000,"Городской округ, городской округ с внутригородским делением","Городской округ, городской округ с внутригородским делением",88715000,Без изменений,2010,2025,2025,Рубль,Январь-декабрь,CD
Y48423007,Всего по обследуемым видам экономической деятельности,Республика Мордовия,Муниципальное образование верхнего уровня,Ардатовский муниципальный район,89603000,Муниципальный район,Муниципальный район,89603000,Без изменений,2010,2025,2025,Рубль,Январь-декабрь,CD
Y48423007,Всего по обследуемым видам экономической деятельности,Республика Мордовия,Муниципальное образование верхнего уровня,Атюрьевский муниципальный район,89605000,Муниципальный район,Муниципальный район,89605000,Без изменений,2010,2025,2025,Рубль,Январь-декабрь,CD
Y48423007,Всего по обследуемым видам экономической деятельности,Республика Мордовия,Муниципальное образование верхнего уровня,Атяшевский муниципальный район,89607000,Муниципальный район,Муниципальный район,89607000,Без изменений,2010,2025,2025,Рубль,Январь-декабрь,CD
Y48423007,Всего по обследуемым видам экономической деятельности,Республика Мордовия,Муниципальное образование верхнего уровня,Большеберезниковский муниципальный район,89610000,Муниципальный район,Муниципальный район,89610000,Без изменений,2010,2025,2025,Рубль,Январь-декабрь,CD
Y48423007,Всего по обследуемым видам экономической деятельности,Республика Мордовия,Муниципальное образование верхнего уровня,Большеигнатовский муниципальный район,89613000,Муниципальный район,Муниципальный район,89613000,Без изменений,2010,2025,2025,Рубль,Январь-декабрь,CD
Y48423007,Всего по обследуемым видам экономической деятельности,Республика Мордовия,Муниципальное образование верхнего уровня,Дубенский муниципальный район,89616000,Муниципальный район,Муниципальный район,89616000,Без изменений,2010,2025,2025,Рубль,Январь-декабрь,CD
Y48423007,Всего по обследуемым видам экономической деятельности,Республика Мордовия,Муниципальное образование верхнего уровня,Ельниковский муниципальный район,89618000,Муниципальный район,Муниципальный район,89618000,Без изменений,2010,2025,2025,Рубль,Январь-декабрь,CD
Y48423007,Всего по обследуемым видам экономической деятельности,Республика Мордовия,Муниципальное образование верхнего уровня,Зубово-Полянский муниципальный район,89621000,Муниципальный район,Муниципальный район,89621000,Без изменений,2010,2025,2025,Рубль,Январь-декабрь,CD
Y48423007,Всего по обследуемым видам экономической деятельности,Республика Мордовия,Муниципальное образование верхнего уровня,Инсарский муниципальный район,89624000,Муниципальный район,Муниципальный район,89624000,Без изменений,2010,2025,2025,Рубль,Январь-декабрь,CD
Y48423007,Всего по обследуемым видам экономической деятельности,Республика Мордовия,Муниципальное образование верхнего уровня,Ичалковский муниципальный район,89626000,Муниципальный район,Муниципальный район,89626000,Без изменений,2010,2025,2025,Рубль,Январь-декабрь,CD
Y48423007,Всего по обследуемым видам экономической деятельности,Республика Мордовия,Муниципальное образование верхнего уровня,Кадошкинский муниципальный район,89628000,Муниципальный район,Муниципальный район,89628000,Без изменений,2010,2025,2025,Рубль,Январь-декабрь,CD
Y48423007,Всего по обследуемым видам экономической деятельности,Республика Мордовия,Муниципальное образование верхнего уровня,Ковылкинский муниципальный район,89629000,Муниципальный район,Муниципальный район,89629000,Без изменений,2010,2025,2025,Рубль,Январь-декабрь,CD
Y48423007,Всего по обследуемым видам экономической деятельности,Республика Мордовия,Муниципальное образование верхнего уровня,Кочкуровский муниципальный район,89631000,Муниципальный район,Муниципальный район,89631000,Без изменений,2010,2025,2025,Рубль,Январь-декабрь,CD
Y48423007,Всего по обследуемым видам экономической деятельности,Республика Мордовия,Муниципальное образование верхнего уровня,Краснослободский муниципальный район,89634000,Муниципальный район,Муниципальный район,89634000,Без изменений,2010,2025,2025,Рубль,Январь-декабрь,CD
Y48423007,Всего по обследуемым видам экономической деятельности,Республика Мордовия,Муниципальное образование верхнего уровня,Лямбирский муниципальный район,89637000,Муниципальный район,Муниципальный район,89637000,Без изменений,2010,2025,2025,Рубль,Январь-декабрь,CD
Y48423007,Всего по обследуемым видам экономической деятельности,Республика Мордовия,Муниципальное образование верхнего уровня,Ромодановский муниципальный район,89640000,Муниципальный район,Муниципальный район,89640000,Без изменений,2010,2025,2025,Рубль,Январь-декабрь,CD
Y48423007,Всего по обследуемым видам экономической деятельности,Республика Мордовия,Муниципальное образование верхнего уровня,Рузаевский муниципальный район,89643000,Муниципальный район,Муниципальный район,89643000,Без изменений,2010,2025,2025,Рубль,Январь-декабрь,CD
Y48423007,Всего по обследуемым видам экономической деятельности,Республика Мордовия,Муниципальное образование верхнего уровня,Старошайговский муниципальный район,89646000,Муниципальный район,Муниципальный район,89646000,Без изменений,2010,2025,2025,Рубль,Январь-декабрь,CD
Y48423007,Всего по обследуемым видам экономической деятельности,Республика Мордовия,Муниципальное образование верхнего уровня,Темниковский муниципальный район,89649000,Муниципальный район,Муниципальный район,89649000,Без изменений,2010,2025,2025,Рубль,Январь-декабрь,CD
Y48423007,Всего по обследуемым видам экономической деятельности,Республика Мордовия,Муниципальное образование верхнего уровня,Теньгушевский муниципальный район,89651000,Муниципальный район,Муниципальный район,89651000,Без изменений,2010,2025,2025,Рубль,Январь-декабрь,CD
Y48423007,Всего по обследуемым видам экономической деятельности,Республика Мордовия,Муниципальное образование верхнего уровня,Торбеевский муниципальный район,89654000,Муниципальный район,Муниципальный район,89654000,Без изменений,2010,2025,2025,Рубль,Январь-декабрь,CD
Y48423007,Всего по обследуемым видам экономической деятельности,Республика Мордовия,Муниципальное образование верхнего уровня,Чамзинский муниципальный район,89657000,Муниципальный район,Муниципальный район,89657000,Без изменений,2010,2025,2025,Рубль,Январь-декабрь,CD
Y48423007,Всего по обследуемым видам экономической деятельности,Республика Мордовия,Муниципальное образование верхнего уровня,Саранск,89701000,"Городской округ, городской округ с внутригородским делением","Городской округ, городской округ с внутригородским делением",89701000,Без изменений,2010,2025,2025,Рубль,Январь-декабрь,CD
Y48423007,Всего по обследуемым видам экономической деятельности,Республика Северная Осетия — Алания,Муниципальное образование верхнего уровня,Алагирский муниципальный район,90605000,Муниципальный район,Муниципальный район,90605000,Без изменений,2010,2025,2025,Рубль,Январь-декабрь,CD
Y48423007,Всего по обследуемым видам экономической деятельности,Республика Северная Осетия — Алания,Муниципальное образование верхнего уровня,Ардонский муниципальный район,90610000,Муниципальный район,Муниципальный район,90610000,Без изменений,2010,2025,2025,Рубль,Январь-декабрь,CD
Y48423007,Всего по обследуемым видам экономической деятельности,Республика Северная Осетия — Алания,Муниципальное образование верхнего уровня,Дигорский муниципальный район,90615000,Муниципальный район,Муниципальный район,90615000,Без изменений,2010,2025,2025,Рубль,Январь-декабрь,CD
Y48423007,Всего по обследуемым видам экономической деятельности,Республика Северная Осетия — Алания,Муниципальное образование верхнего уровня,Ирафский муниципальный район,90620000,Муниципальный район,Муниципальный район,90620000,Без изменений,2010,2025,2025,Рубль,Январь-декабрь,CD
Y48423007,Всего по обследуемым видам экономической деятельности,Республика Северная Осетия — Алания,Муниципальное образование верхнего уровня,Кировский муниципальный район,90625000,Муниципальный район,Муниципальный район,90625000,Без изменений,2010,2025,2025,Рубль,Январь-декабрь,CD
Y48423007,Всего по обследуемым видам экономической деятельности,Республика Северная Осетия — Алания,Муниципальное образование верхнего уровня,Моздокский муниципальный район,90630000,Муниципальный район,Муниципальный район,90630000,Без изменений,2010,2025,2025,Рубль,Январь-декабрь,CD
Y48423007,Всего по обследуемым видам экономической деятельности,Республика Северная Осетия — Алания,Муниципальное образование верхнего уровня,Правобережный муниципальный район,90635000,Муниципальный район,Муниципальный район,90635000,Без изменений,2010,2025,2025,Рубль,Январь-декабрь,CD
Y48423007,Всего по обследуемым видам экономической деятельности,Республика Северная Осетия — Алания,Муниципальное образование верхнего уровня,Пригородный муниципальный район,90640000,Муниципальный район,Муниципальный район,90640000,Без изменений,2010,2025,2025,Рубль,Январь-декабрь,CD
Y48423007,Всего по обследуемым видам экономической деятельности,Республика Северная Осетия — Алания,Муниципальное образование верхнего уровня,Городские округа Республики Северная Осетия-Алания,90700000,"Городской округ, городской округ с внутригородским делением","Городской округ, городской округ с внутригородским делением",CD,CD,CD,CD,2025,Рубль,Январь-декабрь,CD
Y48423007,Всего по обследуемым видам экономической деятельности,Республика Северная Осетия — Алания,Муниципальное образование верхнего уровня,город Владикавказ,90701000,"Городской округ, городской округ с внутригородским делением","Городской округ, городской округ с внутригородским делением",90701000,Без изменений,2010,2025,2025,Рубль,Январь-декабрь,CD
Y48423007,Всего по обследуемым видам экономической деятельности,Карачаево-Черкесская Республика,Муниципальное образование верхнего уровня,Абазинский муниципальный район,91601000,Муниципальный район,Муниципальный район,91601000,Без изменений,2010,2025,2025,Рубль,Январь-декабрь,CD
Y48423007,Всего по обследуемым видам экономической деятельности,Карачаево-Черкесская Республика,Муниципальное образование верхнего уровня,Адыге-Хабльский муниципальный район,91603000,Муниципальный район,Муниципальный район,91603000,Без изменений,2010,2025,2025,Рубль,Январь-декабрь,CD
Y48423007,Всего по обследуемым видам экономической деятельности,Карачаево-Черкесская Республика,Муниципальное образование верхнего уровня,Зеленчукский муниципальный район,91610000,Муниципальный район,Муниципальный район,91610000,Без изменений,2010,2025,2025,Рубль,Январь-декабрь,CD
Y48423007,Всего по обследуемым видам экономической деятельности,Карачаево-Черкесская Республика,Муниципальное образование верхнего уровня,Карачаевский муниципальный район,91615000,Муниципальный район,Муниципальный район,91615000,Без изменений,2010,2025,2025,Рубль,Январь-декабрь,CD
Y48423007,Всего по обследуемым видам экономической деятельности,Карачаево-Черкесская Республика,Муниципальное образование верхнего уровня,Малокарачаевский муниципальный район,91620000,Муниципальный район,Муниципальный район,91620000,Без изменений,2010,2025,2025,Рубль,Январь-декабрь,CD
Y48423007,Всего по обследуемым видам экономической деятельности,Карачаево-Черкесская Республика,Муниципальное образование верхнего уровня,Ногайский муниципальный район,91623000,Муниципальный район,Муниципальный район,91623000,Без изменений,2010,2025,2025,Рубль,Январь-декабрь,CD
Y48423007,Всего по обследуемым видам экономической деятельности,Карачаево-Черкесская Республика,Муниципальное образование верхнего уровня,Прикубанский муниципальный район,91625000,Муниципальный район,Муниципальный район,91625000,Без изменений,2010,2025,2025,Рубль,Январь-декабрь,CD
Y48423007,Всего по обследуемым видам экономической деятельности,Карачаево-Черкесская Республика,Муниципальное образование верхнего уровня,Урупский муниципальный район,91630000,Муниципальный район,Муниципальный район,91630000,Без изменений,2010,2025,2025,Рубль,Январь-декабрь,CD
Y48423007,Всего по обследуемым видам экономической деятельности,Карачаево-Черкесская Республика,Муниципальное образование верхнего уровня,Усть-Джегутинский муниципальный район,91635000,Муниципальный район,Муниципальный район,91635000,Без изменений,2010,2025,2025,Рубль,Январь-декабрь,CD
Y48423007,Всего по обследуемым видам экономической деятельности,Карачаево-Черкесская Республика,Муниципальное образование верхнего уровня,Хабезский муниципальный район,91640000,Муниципальный район,Муниципальный район,91640000,Без изменений,2010,2025,2025,Рубль,Январь-декабрь,CD
Y48423007,Всего по обследуемым видам экономической деятельности,Карачаево-Черкесская Республика,Муниципальное образование верхнего уровня,Черкесский,91701000,"Городской округ, городской округ с внутригородским делением","Городской округ, городской округ с внутригородским делением",91701000,Без изменений,2010,2025,2025,Рубль,Январь-декабрь,CD
Y48423007,Всего по обследуемым видам экономической деятельности,Карачаево-Черкесская Республика,Муниципальное образование верхнего уровня,Карачаевский,91705000,"Городской округ, городской округ с внутригородским делением","Городской округ, городской округ с внутригородским делением",91705000,Без изменений,2010,2025,2025,Рубль,Январь-декабрь,CD
Y48423007,Всего по обследуемым видам экономической деятельности,Республика Татарстан,Муниципальное образование верхнего уровня,Агрызский муниципальный район,92601000,Муниципальный район,Муниципальный район,92601000,Без изменений,2010,2025,2025,Рубль,Январь-декабрь,CD
Y48423007,Всего по обследуемым видам экономической деятельности,Республика Татарстан,Муниципальное образование верхнего уровня,Азнакаевский муниципальный район,92602000,Муниципальный район,Муниципальный район,92602000,Без изменений,2010,2025,2025,Рубль,Январь-декабрь,CD
Y48423007,Всего по обследуемым видам экономической деятельности,Республика Татарстан,Муниципальное образование верхнего уровня,Аксубаевский муниципальный район,92604000,Муниципальный район,Муниципальный район,92604000,Без изменений,2010,2025,2025,Рубль,Январь-декабрь,CD
Y48423007,Всего по обследуемым видам экономической деятельности,Республика Татарстан,Муниципальное образование верхнего уровня,Актанышский муниципальный район,92605000,Муниципальный район,Муниципальный район,92605000,Без изменений,2010,2025,2025,Рубль,Январь-декабрь,CD
Y48423007,Всего по обследуемым видам экономической деятельности,Республика Татарстан,Муниципальное образование верхнего уровня,Алексеевский муниципальный район,92606000,Муниципальный район,Муниципальный район,92606000,Без изменений,2010,2025,2025,Рубль,Январь-декабрь,CD
Y48423007,Всего по обследуемым видам экономической деятельности,Республика Татарстан,Муниципальное образование верхнего уровня,Алькеевский муниципальный район,92607000,Муниципальный район,Муниципальный район,92607000,Без изменений,2010,2025,2025,Рубль,Январь-декабрь,CD
Y48423007,Всего по обследуемым видам экономической деятельности,Республика Татарстан,Муниципальное образование верхнего уровня,Альметьевский муниципальный район,92608000,Муниципальный район,Муниципальный район,92608000,Без изменений,2010,2025,2025,Рубль,Январь-декабрь,CD
Y48423007,Всего по обследуемым видам экономической деятельности,Республика Татарстан,Муниципальное образование верхнего уровня,Апастовский муниципальный район,92610000,Муниципальный район,Муниципальный район,92610000,Без изменений,2010,2025,2025,Рубль,Январь-декабрь,CD
Y48423007,Всего по обследуемым видам экономической деятельности,Республика Татарстан,Муниципальное образование верхнего уровня,Арский муниципальный район,92612000,Муниципальный район,Муниципальный район,92612000,Без изменений,2010,2025,2025,Рубль,Январь-декабрь,CD
Y48423007,Всего по обследуемым видам экономической деятельности,Республика Татарстан,Муниципальное образование верхнего уровня,Атнинский муниципальный район,92613000,Муниципальный район,Муниципальный район,92613000,Без изменений,2010,2025,2025,Рубль,Январь-декабрь,CD
Y48423007,Всего по обследуемым видам экономической деятельности,Республика Татарстан,Муниципальное образование верхнего уровня,Бавлинский муниципальный район,92614000,Муниципальный район,Муниципальный район,92614000,Без изменений,2010,2025,2025,Рубль,Январь-декабрь,CD
Y48423007,Всего по обследуемым видам экономической деятельности,Республика Татарстан,Муниципальное образование верхнего уровня,Балтасинский муниципальный район,92615000,Муниципальный район,Муниципальный район,92615000,Без изменений,2010,2025,2025,Рубль,Январь-декабрь,CD
Y48423007,Всего по обследуемым видам экономической деятельности,Республика Татарстан,Муниципальное образование верхнего уровня,Бугульминский муниципальный район,92617000,Муниципальный район,Муниципальный район,92617000,Без изменений,2010,2025,2025,Рубль,Январь-декабрь,CD
Y48423007,Всего по обследуемым видам экономической деятельности,Республика Татарстан,Муниципальное образование верхнего уровня,Буинский муниципальный район,92618000,Муниципальный район,Муниципальный район,92618000,Без изменений,2010,2025,2025,Рубль,Январь-декабрь,CD
Y48423007,Всего по обследуемым видам экономической деятельности,Республика Татарстан,Муниципальное образование верхнего уровня,Верхнеуслонский муниципальный район,92620000,Муниципальный район,Муниципальный район,92620000,Без изменений,2010,2025,2025,Рубль,Январь-декабрь,CD
Y48423007,Всего по обследуемым видам экономической деятельности,Республика Татарстан,Муниципальное образование верхнего уровня,Высокогорский муниципальный район,92622000,Муниципальный район,Муниципальный район,92622000,Без изменений,2010,2025,2025,Рубль,Январь-декабрь,CD
Y48423007,Всего по обследуемым видам экономической деятельности,Республика Татарстан,Муниципальное образование верхнего уровня,Дрожжановский муниципальный район,92624000,Муниципальный район,Муниципальный район,92624000,Без изменений,2010,2025,2025,Рубль,Январь-декабрь,CD
Y48423007,Всего по обследуемым видам экономической деятельности,Республика Татарстан,Муниципальное образование верхнего уровня,Елабужский муниципальный район,92626000,Муниципальный район,Муниципальный район,92626000,Без изменений,2010,2025,2025,Рубль,Январь-декабрь,CD
Y48423007,Всего по обследуемым видам экономической деятельности,Республика Татарстан,Муниципальное образование верхнего уровня,Заинский муниципальный район,92627000,Муниципальный район,Муниципальный район,92627000,Без изменений,2010,2025,2025,Рубль,Январь-декабрь,CD
Y48423007,Всего по обследуемым видам экономической деятельности,Республика Татарстан,Муниципальное образование верхнего уровня,Зеленодольский муниципальный район,92628000,Муниципальный район,Муниципальный район,92628000,Без изменений,2010,2025,2025,Рубль,Январь-декабрь,CD
Y48423007,Всего по обследуемым видам экономической деятельности,Республика Татарстан,Муниципальное образование верхнего уровня,Кайбицкий муниципальный район,92629000,Муниципальный район,Муниципальный район,92629000,Без изменений,2010,2025,2025,Рубль,Январь-декабрь,CD
Y48423007,Всего по обследуемым видам экономической деятельности,Республика Татарстан,Муниципальное образование верхнего уровня,Камско-Устьинский муниципальный район,92630000,Муниципальный район,Муниципальный район,92630000,Без изменений,2010,2025,2025,Рубль,Январь-декабрь,CD
Y48423007,Всего по обследуемым видам экономической деятельности,Республика Татарстан,Муниципальное образование верхнего уровня,Спасский муниципальный район,92632000,Муниципальный район,Муниципальный район,92632000,Без изменений,2010,2025,2025,Рубль,Январь-декабрь,CD
Y48423007,Всего по обследуемым видам экономической деятельности,Республика Татарстан,Муниципальное образование верхнего уровня,Кукморский муниципальный район,92633000,Муниципальный район,Муниципальный район,92633000,Без изменений,2010,2025,2025,Рубль,Январь-декабрь,CD
Y48423007,Всего по обследуемым видам экономической деятельности,Республика Татарстан,Муниципальное образование верхнего уровня,Лаишевский муниципальный район,92634000,Муниципальный район,Муниципальный район,92634000,Без изменений,2010,2025,2025,Рубль,Январь-декабрь,CD
Y48423007,Всего по обследуемым видам экономической деятельности,Республика Татарстан,Муниципальное образование верхнего уровня,Лениногорский муниципальный район,92636000,Муниципальный район,Муниципальный район,92636000,Без изменений,2010,2025,2025,Рубль,Январь-декабрь,CD
Y48423007,Всего по обследуемым видам экономической деятельности,Республика Татарстан,Муниципальное образование верхнего уровня,Мамадышский муниципальный район,92638000,Муниципальный район,Муниципальный район,92638000,Без изменений,2010,2025,2025,Рубль,Январь-декабрь,CD
Y48423007,Всего по обследуемым видам экономической деятельности,Республика Татарстан,Муниципальное образование верхнего уровня,Менделеевский муниципальный район,92639000,Муниципальный район,Муниципальный район,92639000,Без изменений,2010,2025,2025,Рубль,Январь-декабрь,CD
Y48423007,Всего по обследуемым видам экономической деятельности,Республика Татарстан,Муниципальное образование верхнего уровня,Мензелинский муниципальный район,92640000,Муниципальный район,Муниципальный район,92640000,Без изменений,2010,2025,2025,Рубль,Январь-декабрь,CD
Y48423007,Всего по обследуемым видам экономической деятельности,Республика Татарстан,Муниципальное образование верхнего уровня,Муслюмовский муниципальный район,92642000,Муниципальный район,Муниципальный район,92642000,Без изменений,2010,2025,2025,Рубль,Январь-декабрь,CD
Y48423007,Всего по обследуемым видам экономической деятельности,Республика Татарстан,Муниципальное образование верхнего уровня,Нижнекамский муниципальный район,92644000,Муниципальный район,Муниципальный район,92644000,Без изменений,2010,2025,2025,Рубль,Январь-декабрь,CD
Y48423007,Всего по обследуемым видам экономической деятельности,Республика Татарстан,Муниципальное образование верхнего уровня,Новошешминский муниципальный район,92645000,Муниципальный район,Муниципальный район,92645000,Без изменений,2010,2025,2025,Рубль,Январь-декабрь,CD
Y48423007,Всего по обследуемым видам экономической деятельности,Республика Татарстан,Муниципальное образование верхнего уровня,Нурлатский муниципальный район,92646000,Муниципальный район,Муниципальный район,92646000,Без изменений,2010,2025,2025,Рубль,Январь-декабрь,CD
Y48423007,Всего по обследуемым видам экономической деятельности,Республика Татарстан,Муниципальное образование верхнего уровня,Пестречинский муниципальный район,92648000,Муниципальный район,Муниципальный район,92648000,Без изменений,2010,2025,2025,Рубль,Январь-декабрь,CD
Y48423007,Всего по обследуемым видам экономической деятельности,Республика Татарстан,Муниципальное образование верхнего уровня,Рыбно-Слободский муниципальный район,92650000,Муниципальный район,Муниципальный район,92650000,Без изменений,2010,2025,2025,Рубль,Январь-декабрь,CD
Y48423007,Всего по обследуемым видам экономической деятельности,Республика Татарстан,Муниципальное образование верхнего уровня,Сабинский муниципальный район,92652000,Муниципальный район,Муниципальный район,92652000,Без изменений,2010,2025,2025,Рубль,Январь-декабрь,CD
Y48423007,Всего по обследуемым видам экономической деятельности,Республика Татарстан,Муниципальное образование верхнего уровня,Сармановский муниципальный район,92653000,Муниципальный район,Муниципальный район,92653000,Без изменений,2010,2025,2025,Рубль,Январь-декабрь,CD
Y48423007,Всего по обследуемым видам экономической деятельности,Республика Татарстан,Муниципальное образование верхнего уровня,Ютазинский муниципальный район,92654000,Муниципальный район,Муниципальный район,92654000,Без изменений,2010,2025,2025,Рубль,Январь-декабрь,CD
Y48423007,Всего по обследуемым видам экономической деятельности,Республика Татарстан,Муниципальное образование верхнего уровня,Тетюшский муниципальный район,92655000,Муниципальный район,Муниципальный район,92655000,Без изменений,2010,2025,2025,Рубль,Январь-декабрь,CD
Y48423007,Всего по обследуемым видам экономической деятельности,Республика Татарстан,Муниципальное образование верхнего уровня,Тюлячинский муниципальный район,92656000,Муниципальный район,Муниципальный район,92656000,Без изменений,2010,2025,2025,Рубль,Январь-декабрь,CD
Y48423007,Всего по обследуемым видам экономической деятельности,Республика Татарстан,Муниципальное образование верхнего уровня,Тукаевский муниципальный район,92657000,Муниципальный район,Муниципальный район,92657000,Без изменений,2010,2025,2025,Рубль,Январь-декабрь,CD
Y48423007,Всего по обследуемым видам экономической деятельности,Республика Татарстан,Муниципальное образование верхнего уровня,Черемшанский муниципальный район,92658000,Муниципальный район,Муниципальный район,92658000,Без изменений,2010,2025,2025,Рубль,Январь-декабрь,CD
Y48423007,Всего по обследуемым видам экономической деятельности,Республика Татарстан,Муниципальное образование верхнего уровня,Чистопольский муниципальный район,92659000,Муниципальный район,Муниципальный район,92659000,Без изменений,2010,2025,2025,Рубль,Январь-декабрь,CD
Y48423007,Всего по обследуемым видам экономической деятельности,Республика Татарстан,Муниципальное образование верхнего уровня,город Казань,92701000,"Городской округ, городской округ с внутригородским делением","Городской округ, городской округ с внутригородским делением",92701000,Без изменений,2010,2025,2025,Рубль,Январь-декабрь,CD
Y48423007,Всего по обследуемым видам экономической деятельности,Республика Татарстан,Муниципальное образование верхнего уровня,город Набережные Челны,92730000,"Городской округ, городской округ с внутригородским делением","Городской округ, городской округ с внутригородским делением",92730000,Без изменений,2010,2025,2025,Рубль,Январь-декабрь,CD
Y48423007,Всего по обследуемым видам экономической деятельности,Республика Тыва,Муниципальное образование верхнего уровня,Бай-Тайгинский муниципальный район,93605000,Муниципальный район,Муниципальный район,93605000,Без изменений,2010,2025,2025,Рубль,Январь-декабрь,CD
Y48423007,Всего по обследуемым видам экономической деятельности,Республика Тыва,Муниципальное образование верхнего уровня,Барун-Хемчикский муниципальный район,93610000,Муниципальный район,Муниципальный район,93610000,Без изменений,2010,2025,2025,Рубль,Январь-декабрь,CD
Y48423007,Всего по обследуемым видам экономической деятельности,Республика Тыва,Муниципальное образование верхнего уровня,Дзун-Хемчикский муниципальный район,93615000,Муниципальный район,Муниципальный район,93615000,Без изменений,2010,2025,2025,Рубль,Январь-декабрь,CD
Y48423007,Всего по обследуемым видам экономической деятельности,Республика Тыва,Муниципальное образование верхнего уровня,Каа-Хемский муниципальный район,93620000,Муниципальный район,Муниципальный район,93620000,Без изменений,2010,2025,2025,Рубль,Январь-декабрь,CD
Y48423007,Всего по обследуемым видам экономической деятельности,Республика Тыва,Муниципальное образование верхнего уровня,Кызылский муниципальный район,93622000,Муниципальный район,Муниципальный район,93622000,Без изменений,2010,2025,2025,Рубль,Январь-декабрь,CD
Y48423007,Всего по обследуемым видам экономической деятельности,Республика Тыва,Муниципальное образование верхнего уровня,Монгун-Тайгинский муниципальный район,93625000,Муниципальный район,Муниципальный район,93625000,Без изменений,2010,2025,2025,Рубль,Январь-декабрь,CD
Y48423007,Всего по обследуемым видам экономической деятельности,Республика Тыва,Муниципальное образование верхнего уровня,Овюрский муниципальный район,93630000,Муниципальный район,Муниципальный район,93630000,Без изменений,2010,2025,2025,Рубль,Январь-декабрь,CD
Y48423007,Всего по обследуемым видам экономической деятельности,Республика Тыва,Муниципальное образование верхнего уровня,Пий-Хемский муниципальный район,93635000,Муниципальный район,Муниципальный район,93635000,Без изменений,2010,2025,2025,Рубль,Январь-декабрь,CD
Y48423007,Всего по обследуемым видам экономической деятельности,Республика Тыва,Муниципальное образование верхнего уровня,Сут-Хольский муниципальный район,93638000,Муниципальный район,Муниципальный район,93638000,Без изменений,2010,2025,2025,Рубль,Январь-декабрь,CD
Y48423007,Всего по обследуемым видам экономической деятельности,Республика Тыва,Муниципальное образование верхнего уровня,Тандинский муниципальный район,93640000,Муниципальный район,Муниципальный район,93640000,Без изменений,2010,2025,2025,Рубль,Январь-декабрь,CD
Y48423007,Всего по обследуемым видам экономической деятельности,Республика Тыва,Муниципальное образование верхнего уровня,Тере-Хольский муниципальный район,93643000,Муниципальный район,Муниципальный район,93643000,Без изменений,2010,2025,2025,Рубль,Январь-декабрь,CD
Y48423007,Всего по обследуемым видам экономической деятельности,Республика Тыва,Муниципальное образование верхнего уровня,Тес-Хемский муниципальный район,93645000,Муниципальный район,Муниципальный район,93645000,Без изменений,2010,2025,2025,Рубль,Январь-декабрь,CD
Y48423007,Всего по обследуемым видам экономической деятельности,Республика Тыва,Муниципальное образование верхнего уровня,Тоджинский муниципальный район,93650000,Муниципальный район,Муниципальный район,93650000,Без изменений,2010,2025,2025,Рубль,Январь-декабрь,CD
Y48423007,Всего по обследуемым видам экономической деятельности,Республика Тыва,Муниципальное образование верхнего уровня,Улуг-Хемский муниципальный район,93654000,Муниципальный район,Муниципальный район,93654000,Без изменений,2010,2025,2025,Рубль,Январь-декабрь,CD
Y48423007,Всего по обследуемым видам экономической деятельности,Республика Тыва,Муниципальное образование верхнего уровня,Чаа-Хольский муниципальный район,93656000,Муниципальный район,Муниципальный район,93656000,Без изменений,2010,2025,2025,Рубль,Январь-декабрь,CD
Y48423007,Всего по обследуемым видам экономической деятельности,Республика Тыва,Муниципальное образование верхнего уровня,Чеди-Хольский муниципальный район,93657000,Муниципальный район,Муниципальный район,93657000,Без изменений,2010,2025,2025,Рубль,Январь-декабрь,CD
Y48423007,Всего по обследуемым видам экономической деятельности,Республика Тыва,Муниципальное образование верхнего уровня,Эрзинский муниципальный район,93658000,Муниципальный район,Муниципальный район,93658000,Без изменений,2010,2025,2025,Рубль,Январь-декабрь,CD
Y48423007,Всего по обследуемым видам экономической деятельности,Республика Тыва,Муниципальное образование верхнего уровня,город Кызыл,93701000,"Городской округ, городской округ с внутригородским делением","Городской округ, городской округ с внутригородским делением",93701000,Без изменений,2010,2025,2025,Рубль,Январь-декабрь,CD
Y48423007,Всего по обследуемым видам экономической деятельности,Республика Тыва,Муниципальное образование верхнего уровня,город Ак-Довурак,93703000,"Городской округ, городской округ с внутригородским делением","Городской округ, городской округ с внутригородским делением",93703000,Без изменений,2010,2025,2025,Рубль,Январь-декабрь,CD
Y48423007,Всего по обследуемым видам экономической деятельности,Удмуртская Республика,Муниципальное образование верхнего уровня,Муниципальный округ Алнашский район,94502000,Муниципальный округ,Муниципальный округ,94502000,Изменен тип и название,2022,2025,2025,Рубль,Январь-декабрь,CD
Y48423007,Всего по обследуемым видам экономической деятельности,Удмуртская Республика,Муниципальное образование верхнего уровня,Муниципальный округ Балезинский район,94504000,Муниципальный округ,Муниципальный округ,94504000,Изменен тип и название,2022,2025,2025,Рубль,Январь-декабрь,CD
Y48423007,Всего по обследуемым видам экономической деятельности,Удмуртская Республика,Муниципальное образование верхнего уровня,Муниципальный округ Вавожский район,94506000,Муниципальный округ,Муниципальный округ,94506000,Изменен тип и название,2022,2025,2025,Рубль,Январь-декабрь,CD
Y48423007,Всего по обследуемым видам экономической деятельности,Удмуртская Республика,Муниципальное образование верхнего уровня,Муниципальный округ Воткинский район,94508000,Муниципальный округ,Муниципальный округ,94508000,Изменен тип и название,2022,2025,2025,Рубль,Январь-декабрь,CD
Y48423007,Всего по обследуемым видам экономической деятельности,Удмуртская Республика,Муниципальное образование верхнего уровня,Муниципальный округ Глазовский район,94510000,Муниципальный округ,Муниципальный округ,94510000,Изменен тип и название,2022,2025,2025,Рубль,Январь-декабрь,CD
Y48423007,Всего по обследуемым видам экономической деятельности,Удмуртская Республика,Муниципальное образование верхнего уровня,Муниципальный округ Граховский район,94512000,Муниципальный округ,Муниципальный округ,94512000,Изменен тип и название,2022,2025,2025,Рубль,Январь-декабрь,CD
Y48423007,Всего по обследуемым видам экономической деятельности,Удмуртская Республика,Муниципальное образование верхнего уровня,Муниципальный округ Дебёсский район,94514000,Муниципальный округ,Муниципальный округ,94514000,Изменен тип и название,2022,2025,2025,Рубль,Январь-декабрь,CD
Y48423007,Всего по обследуемым видам экономической деятельности,Удмуртская Республика,Муниципальное образование верхнего уровня,Муниципальный округ Завьяловский район,94516000,Муниципальный округ,Муниципальный округ,94516000,Изменен тип и название,2022,2025,2025,Рубль,Январь-декабрь,CD
Y48423007,Всего по обследуемым видам экономической деятельности,Удмуртская Республика,Муниципальное образование верхнего уровня,Муниципальный округ Игринский район,94518000,Муниципальный округ,Муниципальный округ,94518000,Изменен тип и название,2022,2025,2025,Рубль,Январь-декабрь,CD
Y48423007,Всего по обследуемым видам экономической деятельности,Удмуртская Республика,Муниципальное образование верхнего уровня,Муниципальный округ Камбарский район,94520000,Муниципальный округ,Муниципальный округ,94520000,Изменен тип и название,2022,2025,2025,Рубль,Январь-декабрь,CD
Y48423007,Всего по обследуемым видам экономической деятельности,Удмуртская Республика,Муниципальное образование верхнего уровня,Муниципальный округ Каракулинский район,94522000,Муниципальный округ,Муниципальный округ,94522000,Изменен тип и название,2022,2025,2025,Рубль,Январь-декабрь,CD
Y48423007,Всего по обследуемым видам экономической деятельности,Удмуртская Республика,Муниципальное образование верхнего уровня,Муниципальный округ Кезский район,94524000,Муниципальный округ,Муниципальный округ,94524000,Изменен тип и название,2022,2025,2025,Рубль,Январь-декабрь,CD
Y48423007,Всего по обследуемым видам экономической деятельности,Удмуртская Республика,Муниципальное образование верхнего уровня,Муниципальный округ Кизнерский район,94526000,Муниципальный округ,Муниципальный округ,94526000,Изменен тип и название,2022,2025,2025,Рубль,Январь-декабрь,CD
Y48423007,Всего по обследуемым видам экономической деятельности,Удмуртская Республика,Муниципальное образование верхнего уровня,Муниципальный округ Киясовский район,94528000,Муниципальный округ,Муниципальный округ,94528000,Изменен тип и название,2022,2025,2025,Рубль,Январь-декабрь,CD
Y48423007,Всего по обследуемым видам экономической деятельности,Удмуртская Республика,Муниципальное образование верхнего уровня,Муниципальный округ Красногорский район,94530000,Муниципальный округ,Муниципальный округ,94530000,Изменен тип и название,2022,2025,2025,Рубль,Январь-декабрь,CD
Y48423007,Всего по обследуемым видам экономической деятельности,Удмуртская Республика,Муниципальное образование верхнего уровня,Муниципальный округ Малопургинский район,94533000,Муниципальный округ,Муниципальный округ,94533000,Изменен тип и название,2022,2025,2025,Рубль,Январь-декабрь,CD
Y48423007,Всего по обследуемым видам экономической деятельности,Удмуртская Республика,Муниципальное образование верхнего уровня,Муниципальный округ Можгинский район,94535000,Муниципальный округ,Муниципальный округ,94535000,Изменен тип и название,2022,2025,2025,Рубль,Январь-декабрь,CD
Y48423007,Всего по обследуемым видам экономической деятельности,Удмуртская Республика,Муниципальное образование верхнего уровня,Муниципальный округ Сарапульский район,94537000,Муниципальный округ,Муниципальный округ,94537000,Изменен тип и название,2022,2025,2025,Рубль,Январь-декабрь,CD
Y48423007,Всего по обследуемым видам экономической деятельности,Удмуртская Республика,Муниципальное образование верхнего уровня,Муниципальный округ Селтинский район,94539000,Муниципальный округ,Муниципальный округ,94539000,Изменен тип и название,2022,2025,2025,Рубль,Январь-декабрь,CD
Y48423007,Всего по обследуемым видам экономической деятельности,Удмуртская Республика,Муниципальное образование верхнего уровня,Муниципальный округ Сюмсинский район,94541000,Муниципальный округ,Муниципальный округ,94541000,Изменен тип и название,2022,2025,2025,Рубль,Январь-декабрь,CD
Y48423007,Всего по обследуемым видам экономической деятельности,Удмуртская Республика,Муниципальное образование верхнего уровня,Муниципальный округ Увинский район,94544000,Муниципальный округ,Муниципальный округ,94544000,Изменен тип и название,2022,2025,2025,Рубль,Январь-декабрь,CD
Y48423007,Всего по обследуемым видам экономической деятельности,Удмуртская Республика,Муниципальное образование верхнего уровня,Муниципальный округ Шарканский район,94546000,Муниципальный округ,Муниципальный округ,94546000,Изменен тип и название,2022,2025,2025,Рубль,Январь-декабрь,CD
Y48423007,Всего по обследуемым видам экономической деятельности,Удмуртская Республика,Муниципальное образование верхнего уровня,Муниципальный округ Юкаменский район,94548000,Муниципальный округ,Муниципальный округ,94548000,Изменен тип и название,2022,2025,2025,Рубль,Январь-декабрь,CD
Y48423007,Всего по обследуемым видам экономической деятельности,Удмуртская Республика,Муниципальное образование верхнего уровня,Муниципальный округ Якшур-Бодьинский район,94550000,Муниципальный округ,Муниципальный округ,94550000,Изменен тип и название,2022,2025,2025,Рубль,Январь-декабрь,CD
Y48423007,Всего по обследуемым видам экономической деятельности,Удмуртская Республика,Муниципальное образование верхнего уровня,Муниципальный округ Ярский район,94552000,Муниципальный округ,Муниципальный округ,94552000,Изменен тип и название,2022,2025,2025,Рубль,Январь-декабрь,CD
Y48423007,Всего по обследуемым видам экономической деятельности,Удмуртская Республика,Муниципальное образование верхнего уровня,город Ижевск,94701000,"Городской округ, городской округ с внутригородским делением","Городской округ, городской округ с внутригородским делением",94701000,Без изменений,2010,2025,2025,Рубль,Январь-декабрь,CD
Y48423007,Всего по обследуемым видам экономической деятельности,Удмуртская Республика,Муниципальное образование верхнего уровня,город Воткинск,94710000,"Городской округ, городской округ с внутригородским делением","Городской округ, городской округ с внутригородским делением",94710000,Без изменений,2010,2025,2025,Рубль,Январь-декабрь,CD
Y48423007,Всего по обследуемым видам экономической деятельности,Удмуртская Республика,Муниципальное образование верхнего уровня,город Глазов,94720000,"Городской округ, городской округ с внутригородским делением","Городской округ, городской округ с внутригородским делением",94720000,Без изменений,2010,2025,2025,Рубль,Январь-декабрь,CD
Y48423007,Всего по обследуемым видам экономической деятельности,Удмуртская Республика,Муниципальное образование верхнего уровня,город Можга,94730000,"Городской округ, городской округ с внутригородским делением","Городской округ, городской округ с внутригородским делением",94730000,Без изменений,2010,2025,2025,Рубль,Январь-декабрь,CD
Y48423007,Всего по обследуемым видам экономической деятельности,Удмуртская Республика,Муниципальное образование верхнего уровня,город Сарапул,94740000,"Городской округ, городской округ с внутригородским делением","Городской округ, городской округ с внутригородским делением",94740000,Без изменений,2010,2025,2025,Рубль,Январь-декабрь,CD
Y48423007,Всего по обследуемым видам экономической деятельности,Республика Хакасия,Муниципальное образование верхнего уровня,Алтайский муниципальный район,95605000,Муниципальный район,Муниципальный район,95605000,Без изменений,2010,2025,2025,Рубль,Январь-декабрь,CD
Y48423007,Всего по обследуемым видам экономической деятельности,Республика Хакасия,Муниципальное образование верхнего уровня,Аскизский муниципальный район,95608000,Муниципальный район,Муниципальный район,95608000,Без изменений,2010,2025,2025,Рубль,Январь-декабрь,CD
Y48423007,Всего по обследуемым видам экономической деятельности,Республика Хакасия,Муниципальное образование верхнего уровня,Бейский муниципальный район,95612000,Муниципальный район,Муниципальный район,95612000,Без изменений,2010,2025,2025,Рубль,Январь-декабрь,CD
Y48423007,Всего по обследуемым видам экономической деятельности,Республика Хакасия,Муниципальное образование верхнего уровня,Боградский муниципальный район,95615000,Муниципальный район,Муниципальный район,95615000,Без изменений,2010,2025,2025,Рубль,Январь-декабрь,CD
Y48423007,Всего по обследуемым видам экономической деятельности,Республика Хакасия,Муниципальное образование верхнего уровня,Орджоникидзевский муниципальный район,95620000,Муниципальный район,Муниципальный район,95620000,Без изменений,2010,2025,2025,Рубль,Январь-декабрь,CD
Y48423007,Всего по обследуемым видам экономической деятельности,Республика Хакасия,Муниципальное образование верхнего уровня,Таштыпский муниципальный район,95625000,Муниципальный район,Муниципальный район,95625000,Без изменений,2010,2025,2025,Рубль,Январь-декабрь,CD
Y48423007,Всего по обследуемым видам экономической деятельности,Республика Хакасия,Муниципальное образование верхнего уровня,Усть-Абаканский муниципальный район,95630000,Муниципальный район,Муниципальный район,95630000,Без изменений,2010,2025,2025,Рубль,Январь-декабрь,CD
Y48423007,Всего по обследуемым видам экономической деятельности,Республика Хакасия,Муниципальное образование верхнего уровня,Ширинский муниципальный район,95635000,Муниципальный район,Муниципальный район,95635000,Без изменений,2010,2025,2025,Рубль,Январь-декабрь,CD
Y48423007,Всего по обследуемым видам экономической деятельности,Республика Хакасия,Муниципальное образование верхнего уровня,город Абакан,95701000,"Городской округ, городской округ с внутригородским делением","Городской округ, городской округ с внутригородским делением",95701000,Без изменений,2010,2025,2025,Рубль,Январь-декабрь,CD
Y48423007,Всего по обследуемым видам экономической деятельности,Республика Хакасия,Муниципальное образование верхнего уровня,город Абаза,95702000,"Городской округ, городской округ с внутригородским делением","Городской округ, городской округ с внутригородским делением",95702000,Без изменений,2010,2025,2025,Рубль,Январь-декабрь,CD
Y48423007,Всего по обследуемым видам экономической деятельности,Республика Хакасия,Муниципальное образование верхнего уровня,город Саяногорск,95708000,"Городской округ, городской округ с внутригородским делением","Городской округ, городской округ с внутригородским делением",95708000,Без изменений,2010,2025,2025,Рубль,Январь-декабрь,CD
Y48423007,Всего по обследуемым видам экономической деятельности,Республика Хакасия,Муниципальное образование верхнего уровня,город Сорск,95709000,"Городской округ, городской округ с внутригородским делением","Городской округ, городской округ с внутригородским делением",95709000,Без изменений,2010,2025,2025,Рубль,Январь-декабрь,CD
Y48423007,Всего по обследуемым видам экономической деятельности,Республика Хакасия,Муниципальное образование верхнего уровня,город Черногорск,95715000,"Городской округ, городской округ с внутригородским делением","Городской округ, городской округ с внутригородским делением",95715000,Без изменений,2010,2025,2025,Рубль,Январь-декабрь,CD
Y48423007,Всего по обследуемым видам экономической деятельности,Чеченская Республика,Муниципальное образование верхнего уровня,Ачхой-Мартановский муниципальный район,96602000,Муниципальный район,Муниципальный район,96602000,"Выделение, Присоединение",2010,2025,2025,Рубль,Январь-декабрь,CD
Y48423007,Всего по обследуемым видам экономической деятельности,Чеченская Республика,Муниципальное образование верхнего уровня,Веденский муниципальный район,96604000,Муниципальный район,Муниципальный район,96604000,Без изменений,2010,2025,2025,Рубль,Январь-декабрь,CD
Y48423007,Всего по обследуемым видам экономической деятельности,Чеченская Республика,Муниципальное образование верхнего уровня,Грозненский муниципальный район,96607000,Муниципальный район,Муниципальный район,96607000,Выделение,2010,2025,2025,Рубль,Январь-декабрь,CD
Y48423007,Всего по обследуемым видам экономической деятельности,Чеченская Республика,Муниципальное образование верхнего уровня,Гудермесский муниципальный район,96610000,Муниципальный район,Муниципальный район,96610000,Выделение,2010,2025,2025,Рубль,Январь-декабрь,CD
Y48423007,Всего по обследуемым видам экономической деятельности,Чеченская Республика,Муниципальное образование верхнего уровня,Итум-Калинский муниципальный район,96611000,Муниципальный район,Муниципальный район,96611000,Без изменений,2010,2025,2025,Рубль,Январь-декабрь,CD
Y48423007,Всего по обследуемым видам экономической деятельности,Чеченская Республика,Муниципальное образование верхнего уровня,Курчалоевский муниципальный район,96612000,Муниципальный район,Муниципальный район,96612000,Присоединение,2010,2025,2025,Рубль,Январь-декабрь,CD
Y48423007,Всего по обследуемым видам экономической деятельности,Чеченская Республика,Муниципальное образование верхнего уровня,Надтеречный муниципальный район,96616000,Муниципальный район,Муниципальный район,96616000,Без изменений,2010,2025,2025,Рубль,Январь-декабрь,CD
Y48423007,Всего по обследуемым видам экономической деятельности,Чеченская Республика,Муниципальное образование верхнего уровня,Наурский муниципальный район,96622000,Муниципальный район,Муниципальный район,96622000,Без изменений,2010,2025,2025,Рубль,Январь-декабрь,CD
Y48423007,Всего по обследуемым видам экономической деятельности,Чеченская Республика,Муниципальное образование верхнего уровня,Ножай-Юртовский муниципальный район,96625000,Муниципальный район,Муниципальный район,96625000,Без изменений,2010,2025,2025,Рубль,Январь-декабрь,CD
Y48423007,Всего по обследуемым видам экономической деятельности,Чеченская Республика,Муниципальное образование верхнего уровня,Шатойский муниципальный район,96628000,Муниципальный район,Муниципальный район,96628000,Присоединение,2010,2025,2025,Рубль,Январь-декабрь,CD
Y48423007,Всего по обследуемым видам экономической деятельности,Чеченская Республика,Муниципальное образование верхнего уровня,Серноводский муниципальный район,96631000,Муниципальный район,Муниципальный район,96631000,Присоединение,2010,2025,2025,Рубль,Январь-декабрь,CD
Y48423007,Всего по обследуемым видам экономической деятельности,Чеченская Республика,Муниципальное образование верхнего уровня,Урус-Мартановский муниципальный район,96634000,Муниципальный район,Муниципальный район,96634000,Присоединение,2010,2025,2025,Рубль,Январь-декабрь,CD
Y48423007,Всего по обследуемым видам экономической деятельности,Чеченская Республика,Муниципальное образование верхнего уровня,Шалинский муниципальный район,96637000,Муниципальный район,Муниципальный район,96637000,Без изменений,2010,2025,2025,Рубль,Январь-декабрь,CD
Y48423007,Всего по обследуемым видам экономической деятельности,Чеченская Республика,Муниципальное образование верхнего уровня,Шелковской муниципальный район,96640000,Муниципальный район,Муниципальный район,96640000,Без изменений,2010,2025,2025,Рубль,Январь-декабрь,CD
Y48423007,Всего по обследуемым видам экономической деятельности,Чеченская Республика,Муниципальное образование верхнего уровня,Шаройский муниципальный район,96691000,Муниципальный район,Муниципальный район,96691000,Без изменений,2010,2025,2025,Рубль,Январь-декабрь,CD
Y48423007,Всего по обследуемым видам экономической деятельности,Чеченская Республика,Муниципальное образование верхнего уровня,город Грозный,96701000,"Городской округ, городской округ с внутригородским делением","Городской округ, городской округ с внутригородским делением",96701000,Присоединение,2010,2025,2025,Рубль,Январь-декабрь,CD
Y48423007,Всего по обследуемым видам экономической деятельности,Чеченская Республика,Муниципальное образование верхнего уровня,город Аргун,96702000,"Городской округ, городской округ с внутригородским делением","Городской округ, городской округ с внутригородским делением",96702000,Присоединение,2010,2025,2025,Рубль,Январь-декабрь,CD
Y48423007,Всего по обследуемым видам экономической деятельности,Чувашская Республика,Муниципальное образование верхнего уровня,Алатырский муниципальный округ,97503000,Муниципальный округ,Муниципальный округ,97503000,"Изменен тип и название, Объединение",2023,2025,2025,Рубль,Январь-декабрь,CD
Y48423007,Всего по обследуемым видам экономической деятельности,Чувашская Республика,Муниципальное образование верхнего уровня,Аликовский муниципальный округ,97505000,Муниципальный округ,Муниципальный округ,97505000,Изменен тип и название,2023,2025,2025,Рубль,Январь-декабрь,CD
Y48423007,Всего по обследуемым видам экономической деятельности,Чувашская Республика,Муниципальное образование верхнего уровня,Батыревский муниципальный округ,97507000,Муниципальный округ,Муниципальный округ,97507000,Изменен тип и название,2023,2025,2025,Рубль,Январь-декабрь,CD
Y48423007,Всего по обследуемым видам экономической деятельности,Чувашская Республика,Муниципальное образование верхнего уровня,Вурнарский муниципальный округ,97510000,Муниципальный округ,Муниципальный округ,97510000,Изменен тип и название,2023,2025,2025,Рубль,Январь-декабрь,CD
Y48423007,Всего по обследуемым видам экономической деятельности,Чувашская Республика,Муниципальное образование верхнего уровня,Ибресинский муниципальный округ,97513000,Муниципальный округ,Муниципальный округ,97513000,Изменен тип и название,2023,2025,2025,Рубль,Январь-декабрь,CD
Y48423007,Всего по обследуемым видам экономической деятельности,Чувашская Республика,Муниципальное образование верхнего уровня,Канашский муниципальный округ,97516000,Муниципальный округ,Муниципальный округ,97516000,"Изменен тип и название, Объединение",2023,2025,2025,Рубль,Январь-декабрь,CD
Y48423007,Всего по обследуемым видам экономической деятельности,Чувашская Республика,Муниципальное образование верхнего уровня,Козловский муниципальный округ,97519000,Муниципальный округ,Муниципальный округ,97519000,Изменен тип и название,2023,2025,2025,Рубль,Январь-декабрь,CD
Y48423007,Всего по обследуемым видам экономической деятельности,Чувашская Республика,Муниципальное образование верхнего уровня,Комсомольский муниципальный округ,97521000,Муниципальный округ,Муниципальный округ,97521000,Изменен тип и название,2023,2025,2025,Рубль,Январь-декабрь,CD
Y48423007,Всего по обследуемым видам экономической деятельности,Чувашская Республика,Муниципальное образование верхнего уровня,Красноармейский муниципальный округ,97524000,Муниципальный округ,Муниципальный округ,97524000,Изменен тип и название,2022,2025,2025,Рубль,Январь-декабрь,CD
Y48423007,Всего по обследуемым видам экономической деятельности,Чувашская Республика,Муниципальное образование верхнего уровня,Красночетайский муниципальный округ,97526000,Муниципальный округ,Муниципальный округ,97526000,Изменен тип и название,2023,2025,2025,Рубль,Январь-декабрь,CD
Y48423007,Всего по обследуемым видам экономической деятельности,Чувашская Республика,Муниципальное образование верхнего уровня,Мариинско-Посадский муниципальный округ,97529000,Муниципальный округ,Муниципальный округ,97529000,Изменен тип и название,2023,2025,2025,Рубль,Январь-декабрь,CD
Y48423007,Всего по обследуемым видам экономической деятельности,Чувашская Республика,Муниципальное образование верхнего уровня,Моргаушский муниципальный округ,97532000,Муниципальный округ,Муниципальный округ,97532000,Изменен тип и название,2023,2025,2025,Рубль,Январь-декабрь,CD
Y48423007,Всего по обследуемым видам экономической деятельности,Чувашская Республика,Муниципальное образование верхнего уровня,Порецкий муниципальный округ,97535000,Муниципальный округ,Муниципальный округ,97535000,Изменен тип и название,2023,2025,2025,Рубль,Январь-декабрь,CD
Y48423007,Всего по обследуемым видам экономической деятельности,Чувашская Республика,Муниципальное образование верхнего уровня,Урмарский муниципальный округ,97538000,Муниципальный округ,Муниципальный округ,97538000,Изменен тип и название,2023,2025,2025,Рубль,Январь-декабрь,CD
Y48423007,Всего по обследуемым видам экономической деятельности,Чувашская Республика,Муниципальное образование верхнего уровня,Цивильский муниципальный округ,97541000,Муниципальный округ,Муниципальный округ,97541000,Изменен тип и название,2023,2025,2025,Рубль,Январь-декабрь,CD
Y48423007,Всего по обследуемым видам экономической деятельности,Чувашская Республика,Муниципальное образование верхнего уровня,Чебоксарский муниципальный округ,97544000,Муниципальный округ,Муниципальный округ,97544000,Изменен тип и название,2023,2025,2025,Рубль,Январь-декабрь,CD
Y48423007,Всего по обследуемым видам экономической деятельности,Чувашская Республика,Муниципальное образование верхнего уровня,Шемуршинский муниципальный округ,97547000,Муниципальный округ,Муниципальный округ,97547000,Изменен тип и название,2023,2025,2025,Рубль,Январь-декабрь,CD
Y48423007,Всего по обследуемым видам экономической деятельности,Чувашская Республика,Муниципальное образование верхнего уровня,Шумерлинский муниципальный округ,97550000,Муниципальный округ,Муниципальный округ,97550000,"Изменен тип и название, Объединение",2022,2025,2025,Рубль,Январь-декабрь,CD
Y48423007,Всего по обследуемым видам экономической деятельности,Чувашская Республика,Муниципальное образование верхнего уровня,Ядринский муниципальный округ,97553000,Муниципальный округ,Муниципальный округ,97553000,Изменен тип и название,2023,2025,2025,Рубль,Январь-декабрь,CD
Y48423007,Всего по обследуемым видам экономической деятельности,Чувашская Республика,Муниципальное образование верхнего уровня,Яльчикский муниципальный округ,97555000,Муниципальный округ,Муниципальный округ,97555000,Изменен тип и название,2023,2025,2025,Рубль,Январь-декабрь,CD
Y48423007,Всего по обследуемым видам экономической деятельности,Чувашская Республика,Муниципальное образование верхнего уровня,Янтиковский муниципальный округ,97558000,Муниципальный округ,Муниципальный округ,97558000,Изменен тип и название,2023,2025,2025,Рубль,Январь-декабрь,CD
Y48423007,Всего по обследуемым видам экономической деятельности,Чувашская Республика,Муниципальное образование верхнего уровня,город Чебоксары,97701000,"Городской округ, городской округ с внутригородским делением","Городской округ, городской округ с внутригородским делением",97701000,Без изменений,2010,2025,2025,Рубль,Январь-декабрь,CD
Y48423007,Всего по обследуемым видам экономической деятельности,Чувашская Республика,Муниципальное образование верхнего уровня,город Новочебоксарск,97710000,"Городской округ, городской округ с внутригородским делением","Городской округ, городской округ с внутригородским делением",97710000,Без изменений,2010,2025,2025,Рубль,Январь-декабрь,CD
Y48423007,Всего по обследуемым видам экономической деятельности,Республика Саха (Якутия),Муниципальное образование верхнего уровня,Абыйский муниципальный район,98601000,Муниципальный район,Муниципальный район,98601000,Без изменений,2010,2025,2025,Рубль,Январь-декабрь,CD
Y48423007,Всего по обследуемым видам экономической деятельности,Республика Саха (Якутия),Муниципальное образование верхнего уровня,Алданский муниципальный район,98603000,Муниципальный район,Муниципальный район,98603000,Без изменений,2010,2025,2025,Рубль,Январь-декабрь,CD
Y48423007,Всего по обследуемым видам экономической деятельности,Республика Саха (Якутия),Муниципальное образование верхнего уровня,Таттинский муниципальный район,98604000,Муниципальный район,Муниципальный район,98604000,Без изменений,2010,2025,2025,Рубль,Январь-декабрь,CD
Y48423007,Всего по обследуемым видам экономической деятельности,Республика Саха (Якутия),Муниципальное образование верхнего уровня,Аллаиховский муниципальный район,98606000,Муниципальный район,Муниципальный район,98606000,Без изменений,2010,2025,2025,Рубль,Январь-декабрь,CD
Y48423007,Всего по обследуемым видам экономической деятельности,Республика Саха (Якутия),Муниципальное образование верхнего уровня,Амгинский муниципальный район,98608000,Муниципальный район,Муниципальный район,98608000,Без изменений,2010,2025,2025,Рубль,Январь-декабрь,CD
Y48423007,Всего по обследуемым видам экономической деятельности,Республика Саха (Якутия),Муниципальное образование верхнего уровня,Анабарский национальный (долгано-эвенкийский) муниципальный район,98610000,Муниципальный район,Муниципальный район,98610000,Без изменений,2010,2025,2025,Рубль,Январь-декабрь,CD
Y48423007,Всего по обследуемым видам экономической деятельности,Республика Саха (Якутия),Муниципальное образование верхнего уровня,Булунский муниципальный район,98612000,Муниципальный район,Муниципальный район,98612000,Без изменений,2010,2025,2025,Рубль,Январь-декабрь,CD
Y48423007,Всего по обследуемым видам экономической деятельности,Республика Саха (Якутия),Муниципальное образование верхнего уровня,Верхневилюйский муниципальный район,98614000,Муниципальный район,Муниципальный район,98614000,Без изменений,2010,2025,2025,Рубль,Январь-декабрь,CD
Y48423007,Всего по обследуемым видам экономической деятельности,Республика Саха (Якутия),Муниципальное образование верхнего уровня,Верхнеколымский муниципальный район,98615000,Муниципальный район,Муниципальный район,98615000,Без изменений,2010,2025,2025,Рубль,Январь-декабрь,CD
Y48423007,Всего по обследуемым видам экономической деятельности,Республика Саха (Якутия),Муниципальное образование верхнего уровня,Верхоянский муниципальный район,98616000,Муниципальный район,Муниципальный район,98616000,Без изменений,2010,2025,2025,Рубль,Январь-декабрь,CD
Y48423007,Всего по обследуемым видам экономической деятельности,Республика Саха (Якутия),Муниципальное образование верхнего уровня,Вилюйский муниципальный район,98618000,Муниципальный район,Муниципальный район,98618000,Без изменений,2010,2025,2025,Рубль,Январь-декабрь,CD
Y48423007,Всего по обследуемым видам экономической деятельности,Республика Саха (Якутия),Муниципальное образование верхнего уровня,Горный муниципальный район,98620000,Муниципальный район,Муниципальный район,98620000,Без изменений,2010,2025,2025,Рубль,Январь-декабрь,CD
Y48423007,Всего по обследуемым видам экономической деятельности,Республика Саха (Якутия),Муниципальное образование верхнего уровня,Жиганский национальный эвенкийский муниципальный район,98622000,Муниципальный район,Муниципальный район,98622000,Без изменений,2010,2025,2025,Рубль,Январь-декабрь,CD
Y48423007,Всего по обследуемым видам экономической деятельности,Республика Саха (Якутия),Муниципальное образование верхнего уровня,Кобяйский муниципальный район,98624000,Муниципальный район,Муниципальный район,98624000,Без изменений,2010,2025,2025,Рубль,Январь-декабрь,CD
Y48423007,Всего по обследуемым видам экономической деятельности,Республика Саха (Якутия),Муниципальное образование верхнего уровня,Нюрбинский муниципальный район,98626000,Муниципальный район,Муниципальный район,98626000,Без изменений,2010,2025,2025,Рубль,Январь-декабрь,CD
Y48423007,Всего по обследуемым видам экономической деятельности,Республика Саха (Якутия),Муниципальное образование верхнего уровня,Ленский муниципальный район,98627000,Муниципальный район,Муниципальный район,98627000,Без изменений,2010,2025,2025,Рубль,Январь-декабрь,CD
Y48423007,Всего по обследуемым видам экономической деятельности,Республика Саха (Якутия),Муниципальное образование верхнего уровня,Мегино-Кангаласский муниципальный район,98629000,Муниципальный район,Муниципальный район,98629000,Без изменений,2010,2025,2025,Рубль,Январь-декабрь,CD
Y48423007,Всего по обследуемым видам экономической деятельности,Республика Саха (Якутия),Муниципальное образование верхнего уровня,Мирнинский муниципальный район,98631000,Муниципальный район,Муниципальный район,98631000,Без изменений,2010,2025,2025,Рубль,Январь-декабрь,CD
Y48423007,Всего по обследуемым видам экономической деятельности,Республика Саха (Якутия),Муниципальное образование верхнего уровня,Момский муниципальный район,98633000,Муниципальный район,Муниципальный район,98633000,Без изменений,2010,2025,2025,Рубль,Январь-декабрь,CD
Y48423007,Всего по обследуемым видам экономической деятельности,Республика Саха (Якутия),Муниципальное образование верхнего уровня,Намский муниципальный район,98635000,Муниципальный район,Муниципальный район,98635000,Без изменений,2010,2025,2025,Рубль,Январь-декабрь,CD
Y48423007,Всего по обследуемым видам экономической деятельности,Республика Саха (Якутия),Муниципальное образование верхнего уровня,Нижнеколымский муниципальный район,98637000,Муниципальный район,Муниципальный район,98637000,Без изменений,2010,2025,2025,Рубль,Январь-декабрь,CD
Y48423007,Всего по обследуемым видам экономической деятельности,Республика Саха (Якутия),Муниципальное образование верхнего уровня,Оймяконский муниципальный район,98639000,Муниципальный район,Муниципальный район,98639000,Без изменений,2010,2025,2025,Рубль,Январь-декабрь,CD
Y48423007,Всего по обследуемым видам экономической деятельности,Республика Саха (Якутия),Муниципальное образование верхнего уровня,Олекминский муниципальный район,98641000,Муниципальный район,Муниципальный район,98641000,Без изменений,2010,2025,2025,Рубль,Январь-декабрь,CD
Y48423007,Всего по обследуемым видам экономической деятельности,Республика Саха (Якутия),Муниципальное образование верхнего уровня,Оленекский эвенкийский национальный муниципальный район,98642000,Муниципальный район,Муниципальный район,98642000,Без изменений,2010,2025,2025,Рубль,Январь-декабрь,CD
Y48423007,Всего по обследуемым видам экономической деятельности,Республика Саха (Якутия),Муниципальное образование верхнего уровня,Хангаласский муниципальный район,98644000,Муниципальный район,Муниципальный район,98644000,Без изменений,2010,2025,2025,Рубль,Январь-декабрь,CD
Y48423007,Всего по обследуемым видам экономической деятельности,Республика Саха (Якутия),Муниципальное образование верхнего уровня,Среднеколымский муниципальный район,98646000,Муниципальный район,Муниципальный район,98646000,Без изменений,2010,2025,2025,Рубль,Январь-декабрь,CD
Y48423007,Всего по обследуемым видам экономической деятельности,Республика Саха (Якутия),Муниципальное образование верхнего уровня,Сунтарский муниципальный район,98648000,Муниципальный район,Муниципальный район,98648000,Без изменений,2010,2025,2025,Рубль,Январь-декабрь,CD
Y48423007,Всего по обследуемым видам экономической деятельности,Республика Саха (Якутия),Муниципальное образование верхнего уровня,Томпонский муниципальный район,98650000,Муниципальный район,Муниципальный район,98650000,Без изменений,2010,2025,2025,Рубль,Январь-декабрь,CD
Y48423007,Всего по обследуемым видам экономической деятельности,Республика Саха (Якутия),Муниципальное образование верхнего уровня,Усть-Алданский муниципальный район,98652000,Муниципальный район,Муниципальный район,98652000,Без изменений,2010,2025,2025,Рубль,Январь-декабрь,CD
Y48423007,Всего по обследуемым видам экономической деятельности,Республика Саха (Якутия),Муниципальное образование верхнего уровня,Усть-Майский муниципальный район,98654000,Муниципальный район,Муниципальный район,98654000,Без изменений,2010,2025,2025,Рубль,Январь-декабрь,CD
Y48423007,Всего по обследуемым видам экономической деятельности,Республика Саха (Якутия),Муниципальное образование верхнего уровня,Усть-Янский муниципальный район,98656000,Муниципальный район,Муниципальный район,98656000,Без изменений,2010,2025,2025,Рубль,Январь-декабрь,CD
Y48423007,Всего по обследуемым видам экономической деятельности,Республика Саха (Якутия),Муниципальное образование верхнего уровня,Чурапчинский муниципальный район,98658000,Муниципальный район,Муниципальный район,98658000,Без изменений,2010,2025,2025,Рубль,Январь-декабрь,CD
Y48423007,Всего по обследуемым видам экономической деятельности,Республика Саха (Якутия),Муниципальное образование верхнего уровня,Эвено-Бытантайский национальный муниципальный район,98659000,Муниципальный район,Муниципальный район,98659000,Без изменений,2010,2025,2025,Рубль,Январь-декабрь,CD
Y48423007,Всего по обследуемым видам экономической деятельности,Республика Саха (Якутия),Муниципальное образование верхнего уровня,Нерюнгринский муниципальный район,98660000,Муниципальный район,Муниципальный район,98660000,Без изменений,2010,2025,2025,Рубль,Январь-декабрь,CD
Y48423007,Всего по обследуемым видам экономической деятельности,Республика Саха (Якутия),Муниципальное образование верхнего уровня,город Якутск,98701000,"Городской округ, городской округ с внутригородским делением","Городской округ, городской округ с внутригородским делением",98701000,Без изменений,2010,2025,2025,Рубль,Январь-декабрь,CD
Y48423007,Всего по обследуемым видам экономической деятельности,Республика Саха (Якутия),Муниципальное образование верхнего уровня,Жатай,98702000,"Городской округ, городской округ с внутригородским делением","Городской округ, городской округ с внутригородским делением",98702000,Без изменений,2010,2025,2025,Рубль,Январь-декабрь,CD
Y48423007,Всего по обследуемым видам экономической деятельности,Еврейская автономная область,Муниципальное образование верхнего уровня,Биробиджанский муниципальный район,99605000,Муниципальный район,Муниципальный район,99605000,Без изменений,2010,2025,2025,Рубль,Январь-декабрь,CD
Y48423007,Всего по обследуемым видам экономической деятельности,Еврейская автономная область,Муниципальное образование верхнего уровня,Ленинский муниципальный район,99610000,Муниципальный район,Муниципальный район,99610000,Без изменений,2010,2025,2025,Рубль,Январь-декабрь,CD
Y48423007,Всего по обследуемым видам экономической деятельности,Еврейская автономная область,Муниципальное образование верхнего уровня,Облученский муниципальный район,99620000,Муниципальный район,Муниципальный район,99620000,Без изменений,2010,2025,2025,Рубль,Январь-декабрь,CD
Y48423007,Всего по обследуемым видам экономической деятельности,Еврейская автономная область,Муниципальное образование верхнего уровня,Октябрьский муниципальный район,99625000,Муниципальный район,Муниципальный район,99625000,Без изменений,2010,2025,2025,Рубль,Январь-декабрь,CD
Y48423007,Всего по обследуемым видам экономической деятельности,Еврейская автономная область,Муниципальное образование верхнего уровня,Смидовичский муниципальный район,99630000,Муниципальный район,Муниципальный район,99630000,Без изменений,2010,2025,2025,Рубль,Январь-декабрь,CD
Y48423007,Всего по обследуемым видам экономической деятельности,Еврейская автономная область,Муниципальное образование верхнего уровня,город Биробиджан,99701000,"Городской округ, городской округ с внутригородским делением","Городской округ, городской округ с внутригородским делением",99701000,Без изменений,2010,2025,2025,Рубль,Январь-декабрь,CD
